Row 1: (b_0, B_0, b_1, B_1)=(0, 3/4, 0, 1/2).
  592 leaves; largest upper integer 9997553.
  ((((((((((((((9730326, 9906014), ((9437189, 9837443), (9644616, (9901438,
  (9797692, 9729234))))), (((9827192, (9922560, 9659679)), 9905409), ((9902553,
  9806730), 9853332))), 9974898), (((((9620399, (9638454, 9857920)), (9747695,
  (9759981, 9979447))), ((9827827, ((9889999, 9810972), (9967216, 9882635))),
  (9955122, (((9954584, 9928045), ((9878957, 9934397), 9984734)), (9948090,
  ((9980526, 9951931), 9900153)))))), ((((9708822, 9836898), (9656667, 9691355)),
  ((9836335, 9964411), (9651382, 9686069))), (((9936446, (9801635, 9670888)),
  9835727), ((9929148, 9798401), 9830442)))), (((9296545, 9987971), (9348686,
  (9851717, 8883289))), 9882696))), (((((9690953, 9418477), 9677049), ((9699179,
  9317730), 9758080)), 9361468), (((9922972, 9541493), (9540186, 9133890)),
  9273722))), 8403265), (((((((9913239, ((9837169, (9891096, 9903170)), (9761536,
  9981003))), (((8648396, 9940571), (8623646, 9885850)), (((((9913843, 9969282),
  (9876018, 9931457)), (9969663, 9938253)), ((((9929558, 9788774), 9959956),
  9995435), 9927884)), (((9979256, 9957423), 9948215), ((9966975, 9945141),
  9863633))))), ((9807988, ((9716081, 9935548), (9687047, 9906513))), ((9969384,
  9933640), (((9966756, 9910254), 9949997), ((9937722, 9886484), 9918740))))),
  (((((9808737, 9936813), 9997553), ((9759001, 9887078), 9985942)), (((9901550,
  9770803), 9808099), ((9851814, 9721068), 9796488))), ((((9730331, 9858407),
  (9712937, 9841013)), (9980547, 9978577)), (((9823144, 9692397), (9805750,
  9675003)), 9837762)))), (((9418641, (9935327, 8865378)), (9254867, 9921250)),
  9966339)), ((((9975298, 9593818), (9630174, 9223878)), (((9955908, 9970456),
  9617512), (9680811, 9274515))), 9417558)), 8114884)), ((((9754719, 8415356),
  ((9902143, 9699576), 8631969)), 7700373), (((((9507809, 8979913), (9563307,
  9035411)), 9849061), 8805131), 7718884))), ((((((((9784486, ((9699257,
  9918724), (9668034, 9887501))), ((9941146, 9902583), (((9996418, 9899348),
  (9983023, 9885953)), (9996797, 9899727)))), ((9703073, ((9650690, 9870156),
  (9640398, 9859865))), (9910500, ((9979452, 9880222), (9969161, 9865253))))),
  (((((9733983, 9862059), (9641649, 9676337)), ((9713898, 9841974), (9635358,
  9670046))), ((((9794836, 9664089), (9787850, 9657103)), 9820709), ((9806711,
  9675964), 9814418))), ((((9703649, 9831725), (9698223, 9826299)), ((9633536,
  9668224), (9633699, 9668387))), (((9796462, 9665715), (9791036, 9660289)),
  9841423)))), 9950545), ((((((9914139, 9825255), (9922739, 9844116)), 9674562),
  (9751385, 9345089)), ((((9929723, 9857438), (9935574, 9867459)), 9670956),
  (9774271, 9367975))), 9460761)), 7973687), (((((9628996, 9101100), 9895234),
  ((9655032, 9127136), 9917768)), 8894856), 7766209))), (((((((((9670054,
  ((9634012, 9853479), (9629930, 9849396))), (9877482, ((9962775, 9857892),
  (9958692, 9853810)))), ((9653851, (9641365, 9860831)), (9861279, ((9956035,
  9851153), (9954294, 9849411))))), (((((9695355, 9823431), (9693919, 9821996)),
  ((9634761, 9669448), (9636214, 9670902))), (((9788168, 9657421), (9786732,
  9655986)), 9832638)), (((9707200, 9835276), (9651055, 9685742)), (((9786131,
  9655384), (9786026, 9655279)), 9830115)))), 9756268), ((((9662453, ((9634925,
  9854391), (9631391, 9850857))), (9869881, ((9963687, 9858805), (9960153,
  9855271)))), ((((9703748, 9831824), (9650821, 9685508)), ((9702263, 9830339),
  (9651481, 9686168))), (((9796561, 9665814), 9829880), ((9795076, 9664329),
  9830541)))), 9695209)), ((((((9957520, 9890628), 9672641), ((9960446, 9897667),
  9675567)), ((9788373, 9382077), (9797958, 9391662))), 9424991), (((((9963454,
  9903115), (9966221, 9907457)), 9693063), (9816557, 9410261)), 9419404))),
  7889942), ((((((9671121, 9143225), (9682005, 9154109)), 9941650), 8913421),
  (((9699062, 9171166), 9951548), 8924453)), 7798467))), (((((((((9647587,
  ((9629390, 9848856), (9628251, 9847718))), (9855015, ((9958152, 9853270),
  (9957014, 9852131)))), ((9640567, (9635420, 9854886)), (9847994, ((9956384,
  9851501), (9956064, 9851181))))), (((((9701747, 9829823), (9701729, 9829805)),
  ((9652481, 9687168), (9653584, 9688271))), (((9794560, 9663813), (9794542,
  9663795)), 9841862)), (((9709571, 9837647), (9661839, 9696527)), (((9794785,
  9664038), (9795163, 9664416)), 9840899)))), 9673878), ((((9646313, ((9632918,
  9852385), (9631650, 9851117))), (9853740, ((9961681, 9856798), (9960413,
  9855530)))), ((((9708381, 9836457), (9661973, 9696661)), ((9708016, 9836092),
  (9662498, 9697185))), (((9801194, 9670447), 9841033), ((9800829, 9670082),
  9841558)))), 9643161)), (((((((9968679, 9910997), (9970840, 9913936)),
  9693023), (9821859, 9415563)), (((9979119, 9922105), 9694240), (9825839,
  9419543))), 9433355), (((((9980560, 9924522), (9981939, 9926531)), 9703329),
  (9834953, 9428657)), 9429670))), 7844344), ((((((9706086, 9178190), (9710923,
  9183027)), 9962751), 8940246), 9995861), 7799832))), (((((((((9639395,
  ((9631009, 9850475), (9630706, 9850172))), (9846822, ((9959772, 9854889),
  (9959468, 9854586)))), ((9636205, (9634702, 9854168)), (9843632, ((9959356,
  9854473), (9959353, 9854470))))), (((((9708032, 9836108), (9708228, 9836304)),
  ((9663147, 9697835), (9663814, 9698501))), (((9800845, 9670098), (9801041,
  9670294)), 9847621)), (((9712487, 9840563), (9668177, 9702865)), (((9801319,
  9670572), (9801630, 9670883)), 9847237)))), 9632749), ((((9639482, ((9633655,
  9853122), (9633160, 9852627))), (9846909, ((9962418, 9857535), (9961923,
  9857040)))), ((((9712043, 9840119), (9668320, 9703007)), ((9711966, 9840042),
  (9668638, 9703325))), (((9804856, 9674109), 9847379), ((9804779, 9674032),
  9847698)))), 9617357)), (((((((9983183, 9928209), (9984283, 9929622)),
  9703119), (9837075, 9430779)), (((9988560, 9933762), 9703681), (9838836,
  9432540))), 9436723), (((((9989273, 9934896), (9989967, 9935862)), 9708326),
  9994050), 9434666))), 7820552), 9992221)), (((((((((9636167, ((9632938,
  9852405), (9632859, 9852325))), (9843594, ((9961701, 9856818), (9961622,
  9856739)))), ((9634659, (9634967, 9854433)), (9842087, ((9961620, 9856737),
  (9961661, 9856778))))), (((((9712049, 9840125), (9712202, 9840278)), ((9669004,
  9703692), (9669369, 9704057))), (((9804862, 9674115), (9805015, 9674268)),
  9850838)), (((9714421, 9842497), (9671614, 9706301)), (((9805196, 9674449),
  (9805384, 9674637)), 9850674)))), 9612224), ((((9636405, ((9634498, 9853964),
  (9634287, 9853754))), (9843832, ((9963261, 9858378), (9963050, 9858167)))),
  ((((9714240, 9842316), 9994591), 9994610), (((9807053, 9676306), 9850765),
  9994610))), 9604521)), (((((((9990596, 9936679), 9995424), 9708177), 9990632),
  9993898), 9438220), 9991601)), 7808401), 9986366))


Row 2: (b_0, B_0, b_1, B_1)=(0, 3/4, 1/2, 5/8).
  507 leaves; largest upper integer 9997807.
  ((((((((((((((9869780, (8938232, ((9895255, 9978486), (9964316, (9910387,
  9980232))))), (9967085, (9035084, (((9782458, 9947545), (9960659, ((9910474,
  9766243), (9934874, 9794232)))), ((9816886, 9978515), (9995238, ((9954744,
  9816649), (9965845, 9837661)))))))), ((((9913543, (9631006, 9814899)),
  (9978610, (9696200, 9875346))), (((9918829, 9868973), (9844565, 9740457)),
  ((9981805, 9925103), (9900011, 9794310)))), ((((9656714, 9917332), (9674169,
  9934787)), ((9737013, 9916159), (9720677, 9899823))), ((((9974537, 9956081),
  9988454), (((9995603, (9860232, 9897282)), 9956954), (((9908213, 9770173),
  (9904541, 9795132)), 9931110))), ((9940093, 9845434), (9923757, 9848342)))))),
  9982776), (((((9082686, 9877261), (9127566, 9901222)), ((9094824, (((9826428,
  9985412), (((9465673, 9956422), (9471825, 9968351)), ((9954451, 9857287),
  (9972742, 9874572)))), ((9865244, ((9878061, 9962041), (9876352, 9960332))),
  (((9498871, 9994859), (9510640, (9933629, 9856822))), (((9973991, 9947993),
  9886815), ((9972283, 9945821), 9901318)))))), (9139704, (((9878411, (9879751,
  9963732)), (9889205, (9890959, 9974939))), ((((9519667, (9934839, 9871969)),
  (9517808, (9938147, 9886190))), (((9972856, 9945883), 9916269), ((9975682,
  9948349), 9929030))), ((9518244, (9948345, 9902407)), (((9980443, 9952856),
  (9986889, 9959122)), 9943731))))))), ((((9689481, 9950099), (9710258,
  9889404)), ((9701989, 9962607), (9725882, 9905027))), ((((((9985314, (9870286,
  9907336)), 9956097), (((9897925, 9818963), (9914595, 9841732)), 9930282)),
  ((((9878025, 9915075), (9875535, 9912585)), 9959825), (((9922334, 9862342),
  (9919844, 9876977)), 9934010))), ((9909150, 9836567), (9913338, 9840756))),
  (((((9877469, 9914518), 9961540), ((9888043, 9925093), 9972505)), ((((9919536,
  9884089), (9921777, 9885172)), 9935725), ((9932352, 9909786), 9946689))),
  (9928962, 9856380))))), (((8545998, (9858303, 8806980)), (8598139, (9910444,
  8865202))), ((9858303, 8829743), (9910444, 8887965))))), ((((((((9641135,
  9782415), 9961980), ((9705742, 9837127), (9642040, 9701800))), (9982423,
  ((9805295, 9657590), 9850358))), (9711722, 9450318)), (((((9742475, 9872470),
  9812017), ((9642924, 9772919), 9723478)), 9964373), (9561256, 9290237))),
  9763028), ((((((9647916, 9777912), 9868199), ((9680391, 9810387), 9850768)),
  (9969429, (9991540, 9684282))), (9641188, 9370201)), 9848815))), 8403265),
  (((((((9161469, 9931169), (9173607, (((9913411, ((9908155, 9992135), (9913826,
  9997807))), (((9540982, (9967621, 9921539)), (9553326, (9972418, 9939624))),
  (((((9939336, 9951243), (9948599, 9965648)), 9976093), 9962478), ((((9954555,
  9972606), 9974734), 9975221), 9982943)))), ((9865935, 9980742), (((9505865,
  9982017), 9981290), ((9964033, 9931226), (9906043, 9878839))))))), (9985440,
  (9053426, (((9762375, 9879975), (9941261, 9967896)), (9928929, (9874737,
  9903349)))))), (((((9726793, (9979548, 9967016)), (9750820, 9929965)),
  ((9640996, 9901615), 9986784)), ((((((9904984, 9942034), 9990002), ((9892452,
  9929502), 9950225)), (((9949293, 9919257), 9964187), ((9936761, 9913903),
  9924410))), (9953900, 9881318)), (((9958749, 9889704), 9986890), (9821351,
  9748768)))), ((9933212, 9925978), (((9916273, 9890457), (9854783, 9828968)),
  9975985)))), (((8668095, (9980400, 8850898)), (8539821, (9852057, 8672887))),
  ((9980400, 8873661), (9821501, 8695651)))), ((((((9982962, 9806711), (9882000,
  9748528)), 9953802), (9663239, 9392252)), ((9963250, 9796763), (9645298,
  9374311))), 9851540)), 8114884)), ((((9902972, 8708258), (9974355, 8805136)),
  7857950), ((((9958700, 9975830), 9655338), 8886179), 7838082))),
  (((((((9878317, (8946304, (((9879988, 9967909), (9830312, 9918233)), (9787763,
  9875684)))), (9727354, (8795340, 9952289))), ((((9817426, 9832752), 9955257),
  ((((9811762, 9785946), 9986564), 9882758), (9948758, 9806291))), (9910275,
  9960281))), 9978598), ((((9906464, 9739978), (9654934, 9383947)), ((9807581,
  9641094), (9607292, 9336305))), 9613514)), 7973687), (((((9519813, 9121669),
  9685729), ((9513350, 9115206), 9697458)), 8924643), 7858629))),
  ((((((((9664749, (8732735, 9891955)), (9617649, (8685635, 9858128))),
  ((9854872, 9904878), (9824030, 9874036))), 9771503), (((9586659, (8654645,
  9845229)), (9813935, 9863941)), 9705662)), (((((9768204, 9601717), (9746608,
  9580122)), ((9589338, 9318351), (9579396, 9308409))), 9470439), (((9742977,
  9576490), (9581854, 9310867)), 9427356))), 7889942), ((((((9512459, 9114315),
  (9511866, 9113722)), 9713441), 8909818), (((9518527, 9120383), 9718009),
  8902725)), 7845083))), ((((((((9545097, 9981598), (9520108, 9956608)),
  ((9787155, 9837161), (9771116, 9821122))), 9681833), (((9504301, 9940801),
  (9754716, 9804722)), 9648543)), (((((9723339, 9556852), (9571090, 9300103)),
  ((9712424, 9545938), (9565149, 9294162))), 9417453), (((9710931, 9544444),
  (9566096, 9295109)), 9395310))), 7844344), ((((((9515076, 9116932), (9513185,
  9115041)), 9724803), 8906146), (((9515771, 9117627), 9725506), 8899969)),
  7825398))), ((((((9982412, ((9734056, 9784062), (9721604, 9771610))), 9636817),
  ((9960944, (9713297, 9763303)), 9620089)), (((((9700998, 9534511), (9560161,
  9289174)), ((9695522, 9529035), (9556957, 9285970))), 9390464), (((9688557,
  9522071), (9557366, 9286379)), 9372936))), 7820552), ((((((9513141, 9114997),
  (9511785, 9113641)), 9728174), 8900849), (((9512887, 9114743), 9727939),
  8897085)), 7811959))), ((((((9950689, ((9702860, 9752866), (9696584,
  9746590))), 9614281), ((9939884, (9692404, 9742410)), 9605897)), (((((9679684,
  9513198), (9554263, 9283276)), ((9674342, 9507856), 9995746)), 9364063),
  (((9670774, 9504287), 9993144), 9355153))), 7808401), 9993048))


Row 3: (b_0, B_0, b_1, B_1)=(0, 3/4, 5/8, 3/4).
  1891 leaves; largest upper integer 9996498.
  ((((((((((((((9951843, (8927020, (((9754284, ((9875663, 9983231), (9892980,
  (9911487, 9974578)))), (9739582, (((9954195, 9700851), (9970849, 9713993)),
  (9990598, 9731659)))), ((9789707, ((9909544, (9928046, 9990216)), (9917865,
  (9936366, 9994948)))), (9775592, (((9977493, ((9940993, 9842099), (9952366,
  9853994))), 9754298), ((9994551, ((9961153, 9866054), (9966323, 9878089))),
  9778386))))))), ((8967798, 9875807), (8971882, (((9800145, ((9922459, (9940959,
  ((9933527, 9972601), (9935648, 9974722)))), (9926939, (9945440, ((9937743,
  9976817), (9939815, 9978888)))))), (9804476, (((((9944504, 9880511), (9949144,
  9888319)), ((9971112, 9889972), (9975747, 9901262))), 9802211), ((((9953632,
  9898102), (9957973, 9901303)), ((9980231, 9911320), (9984569, 9920641))),
  9825000)))), ((9810118, ((9931324, (9949825, ((9941864, 9980937), (9943892,
  9982966)))), (9935621, (9954122, ((9945900, 9984973), (9947888, 9986962)))))),
  (9824816, (((((9962169, 9905859), (9966224, 9911887)), ((9988763, 9925198),
  (9992816, 9931225))), 9846430), ((((9970140, 9919238), (9973919, 9924063)),
  (((9981679, 9988586), 9938576), ((9985458, 9990017), 9945579))),
  9865868)))))))), (((((9740844, ((9877633, 9950256), (9893237, 9964450))),
  (9856177, ((9980780, 9995328), (9992585, (9832252, 9894940))))), ((9757278,
  (9909612, 9974278)), (9862729, ((9995857, (9835083, 9897770)), ((9825604,
  9919417), (9837603, 9900291)))))), ((((((9948595, (9993488, (9976023,
  9975015))), (9960037, 9984471)), ((9964167, ((9983888, 9982444), (9991527,
  9989650))), (9973938, (9991460, (9981601, 9969366))))), ((((9965685, 9700851),
  (9985913, 9713993)), ((9940924, 9700851), (9960511, 9713993))), ((((9991350,
  9987193), ((9941908, 9830645), 9989227)), 9731659), (9973465, 9731659)))),
  ((((9945611, 9946077), (9911534, 9902058)), ((9957004, 9957192), (9919056,
  9913449))), (((9988621, (9903838, 9709508)), 9945557), ((9918552, 9727817),
  9958780)))), (((((9976459, (((9935411, 9957575), (9940237, 9961452)),
  ((9933098, 9949393), (9935137, 9950318)))), (9980542, (((9942295, 9965367),
  (9944318, 9967616)), ((9936827, 9951046), (9938914, 9953880))))), ((9980253,
  ((9986092, 9971653), (9987894, 9973314))), (9983746, (9991384, 9972843)))),
  ((((((9946083, 9842099), (9950914, 9853994)), 9996083), 9754298), ((((9957980,
  9866054), (9967054, 9878089)), ((9946512, 9866054), (9951854, 9878089))),
  9778386)), ((9975196, 9754298), (9980493, 9778386)))), ((((9960204, 9960326),
  (9921737, 9916129)), ((9963174, 9959601), (9924229, 9914935))), (((9917104,
  9751113), 9959174), ((9921867, 9775870), 9963458)))))), ((((9765105, (9917438,
  9980967)), (9772594, (9924928, 9987360))), ((9868388, (((9828468, 9922282),
  (9831260, 9925073)), ((9840000, 9902688), (9842330, 9905018)))), (9873781,
  (((9833987, 9927801), (9836653, 9930467)), ((9844603, 9907291), (9846820,
  9909508)))))), ((((((9984503, (((9946311, 9969609), (9948279, 9971577)),
  ((9940759, 9958188), (9942580, 9960009)))), (9988368, (((9950223, 9973521),
  (9952144, 9975442)), ((9944379, 9961808), (9946158, 9963587))))), ((9987131,
  (9994769, 9978263)), (9990434, (((9932860, 9944614), (9934502, 9946258)),
  9982689)))), ((((((9977756, 9889972), (9984396, 9901614)), ((9956542, 9889972),
  (9962339, 9901614))), 9802211), ((((9989271, 9912960), (9992276, 9923974)),
  ((9969160, 9912960), (9973047, 9923171))), 9825000)), ((9990697, 9802211),
  (((9995149, (9947299, 9913990)), 9972998), 9825000)))), ((((9992151,
  (((9954046, 9977344), (9955927, 9979225)), ((9947918, 9965346), (9949659,
  9967087)))), (9995858, (((9957790, 9981088), (9959634, 9982932)), ((9951382,
  9968810), (9953088, 9970516))))), ((9993665, (((9936126, 9947882), (9937733,
  9949489)), 9985662)), ((9967623, 9964297), (((9939322, 9951078), (9940895,
  9952651)), 9988570)))), ((((((9994177, 9933329), (9995996, 9939357)),
  ((9974807, 9932413), (9976548, 9941526))), 9846430), (((((9987699, 9981913),
  9946708), ((9989127, 9983687), 9955258)), ((9978271, 9948922), (9979976,
  9956730))), 9866410)), (((((9951724, 9924040), (9953330, 9932886)), 9985561),
  9846430), ((((9954920, 9940435), (9956493, 9947405)), 9988470), 9866410))))),
  (((((9966038, 9964768), (9968830, 9968944)), ((9926625, 9918346), (9928955,
  9922422))), (((9931549, 9800376), (9945357, 9823855)), 9983851)), ((((9971557,
  9971671), (9974223, 9974337)), ((9931228, 9925620), (9933445, 9927837))),
  (((9958632, 9845985), (9965010, 9866410)), (9995276, (9904175,
  9814348))))))))), 9982776), (((((8992117, 9894693), (9014980, 9912347)),
  ((8996201, (((9819723, ((9939839, (9958339, ((9949857, 9988931), (9951808,
  9990882)))), (9943979, (9962480, ((9953740, 9992814), (9955655, 9994728)))))),
  (9838613, (((((9977563, 9926018), (9981075, 9928716)), (((9986997, 9991425),
  9947534), ((9988386, 9992811), 9950232))), 9884387), ((((9984457, 9932232),
  (9987710, 9936496)), (((9989752, 9994175), 9953748), ((9991097, 9995519),
  9958012))), 9895548)))), ((9829004, ((9948045, (9966546, ((9957551, (9974335,
  9980304)), (9959430, (9976214, 9982112))))), (9952039, (9970540, ((9961292,
  (9978075, 9983903)), (9963136, (9979919, 9985678))))))), (9850378,
  (((((9990836, 9941448), (9993838, 9947034)), (((9992421, (9996182, (9967665,
  9964434))), 9962964), ((9993725, ((9968319, 9965191), (9968968, 9965782))),
  9968550))), 9906616), ((((9995666, 9952620), ((9921734, 9986129), 9953926)),
  (((9995008, ((9969611, 9966367), (9970250, 9966948))), 9971864), (((9995642,
  (9967095, 9966734)), ((9970883, 9967525), (9971512, 9968096))), 9973170))),
  9919906)))))), (9015190, (((9837979, (9959813, ((9974462, ((9964963, (9981746,
  9987435)), (9966772, (9983556, 9989175)))), (9978314, (9970340, ((9985348,
  9990898), (9987123, 9992605))))))), (9846658, (9967307, ((9982096, (9973840,
  ((9988882, 9994294), (9990623, 9995968)))), (9985808, (9977272, ((9992348,
  (9966387, 9980004)), (9994055, (9968026, 9981227))))))))), ((9860229,
  ((((((9922979, 9987374), 9954970), ((9924204, 9988598), 9956218)),
  (((((9967719, 9967906), (9968338, 9969051)), ((9972135, 9968663), (9972754,
  9969225))), 9974215), ((((9968952, 9970167), (9969562, 9971009)), ((9973368,
  9969783), (9973977, 9970335))), 9975463))), 9933603), (((((9925410, 9989803),
  9957850), ((9926597, 9990989), 9959840)), (((((9970166, 9971558), (9970766,
  9972102)), ((9974581, 9970884), (9975180, 9971427))), 9977095), (((9971951,
  9973176), (9976365, 9972501)), 9979085))), 9941311))), (9868274, ((((((9927764,
  9992155), (9928913, 9993303)), 9964802), ((((9973117, 9974232), (9977531,
  9973557)), ((9974264, 9975271), (9978678, 9974595))), 9984046)), (((9931153,
  9995543), 9970942), ((((9975393, 9976291), (9979806, 9975615)), ((9976503,
  9977294), (9980916, 9976618))), 9990186))), 9953289))))))), ((((9786716,
  ((9932126, 9993489), (9939049, (9826138, 9936428)))), (9883852, ((((9839259,
  9933072), (9841806, 9935619)), ((9848983, 9911670), (9851091, 9913779))),
  ((9846724, 9940537), (9855149, 9917836))))), ((9799763, ((9945705, (9831763,
  9942054)), (9952096, (9837143, 9947433)))), (9893004, (((9851412, 9945226),
  (9858998, 9921686)), ((9855876, 9949689), (9862645, 9925333)))))),
  ((((((((9947021, 9967011), (((9961460, 9984758), (9963268, 9986566)),
  ((9954776, 9972204), (9956447, 9973876)))), ((9950585, 9970304), (((9965059,
  9988357), (9966832, 9990130)), ((9958102, 9975530), (9959740, 9977168))))),
  (((9970720, 9967142), (((9942452, 9954208), (9943992, 9955748)), 9991416)),
  ((9973752, 9969926), (((9945516, 9957272), (9947024, 9958780)), 9994199)))),
  (((((((9990533, 9985444), 9957856), ((9991917, 9987183), 9960554)), ((9981665,
  9961005), (9983336, 9963385))), 9884957), (((((9993279, 9988905), 9964070),
  ((9994621, 9990610), 9968334)), ((9984991, 9966786), (9986629, 9971052))),
  9900512)), (((((9958049, 9952163), (9959590, 9952881)), 9991315), 9884957),
  ((((9961114, 9954720), (9962622, 9957602)), 9994099), 9902144)))),
  (((((9954080, 9973530), (((9968588, 9991886), (9970327, 9993625)), ((9961361,
  9978789), (9962966, 9980395)))), ((9957508, 9976691), (((9972050, 9995348),
  (9973755, (9986152, 9980429))), ((9964555, 9981983), (9966127, 9983556))))),
  (((9976721, 9972648), (((9948517, 9960272), (9949993, 9961749)), (9995568,
  (9933351, 9937492)))), ((9979627, 9975310), (((9951454, 9963210), (9952899,
  9964655)), ((9934690, 9938831), (9936014, 9940154)))))), (((((((9995943,
  9992298), 9973286), ((((9967420, 9964292), (9968068, 9964882)), 9993969),
  9978336)), ((9988250, 9974912), (9989855, 9976905))), 9911580), (((((((9968711,
  9965467), (9969349, 9966048)), 9995624), 9979928), ((((9969982, 9966624),
  (9970610, 9967195)), ((9967270, 9963140), (9968087, 9963711))), 9981233)),
  ((9991444, 9977960), (9993016, 9978998))), 9924870)), (((((9964114, 9960146),
  (9965591, 9961219)), (9995467, (9941334, 9933455))), 9916029), ((((9967051,
  9962274), (9968496, 9963312)), ((9942672, 9934793), (9943996, 9936117))),
  9929319))))), (((((9976829, 9976943), (9979376, 9979490)), ((9935607, 9930000),
  (9937716, 9932108))), (((9967645, 9884752), (9970191, 9899717)), ((9906366,
  9830575), (9908475, 9846553)))), ((((9981864, 9981978), (9984294, 9984408)),
  ((9939771, 9934163), (9941773, 9936166))), (((9972679, 9913768), (9975110,
  9926996)), ((9910530, 9862323), (9912532, 9874230)))))), (((((((9960869,
  9979788), (9964164, 9982820)), ((((9975444, (9987841, 9982051)), (9977116,
  (9989513, 9983656))), ((9967684, 9985112), (9969224, 9986652))), ((9980411,
  ((9991168, 9985245), (9992807, 9986818))), (9972256, 9989685)))), (((9982470,
  9977912), (9985252, 9980455)), ((((9954328, 9966084), (9955742, 9967498)),
  ((9937322, 9941463), (9938616, 9942756))), ((9958524, 9970280), (9941158,
  9945299))))), ((((9967392, 9985789), (9970555, 9988694)), (((9983639,
  ((9994430, 9988375), ((9964799, 9975541), 9989916))), (9975225, 9992653)),
  ((9986802, (((9966388, 9977130), 9991440), ((9967962, 9978704), 9992948))),
  (9978130, 9995559)))), (((9987972, 9982939), (9990632, 9985364)), (((9961244,
  9973000), (9943642, 9947783)), ((9963904, 9975660), (9946068, 9950209)))))),
  ((((((((((9971234, 9967761), (9971852, 9968323)), ((9968900, 9964277),
  (9969709, 9964838))), 9982278), ((((9972466, 9968880), (9973074, 9969433)),
  ((9970513, 9965395), (9971314, 9965948))), 9983526)), ((9994573, 9980019),
  (9996113, 9981022))), 9937548), (((((((9973678, 9969981), (9974278, 9970525)),
  ((9972111, 9966496), (9972903, 9967039))), 9985158), (((9975462, 9971598),
  (9974476, 9968112)), 9987148)), (((9993227, 9980748), 9982007), ((9994735,
  9982193), 9982975))), 9941745)), (((((9969926, 9964331), (9971340, 9965334)),
  ((9945304, 9937425), (9946598, 9938719))), 9937516), ((((9972738, 9966319),
  (9974122, 9967287)), ((9947877, 9939998), (9949141, 9941262))), 9941713))),
  ((((((((9976627, 9972653), (9975902, 9969167)), ((9977774, 9973691), (9977048,
  9970205))), 9992110), (((9996228, 9983622), ((9968528, 9964196), 9985036)),
  9984861)), (((((9978902, 9974711), (9978176, 9971225)), ((9980012, 9975714),
  (9979286, 9972227))), (9995041, (9993169, 9988280))), ((((9969989, 9965215),
  9986434), ((9971434, 9966217), 9987817)), 9986680))), 9953722), ((((9976842,
  9969172), (9951625, 9943746)), ((9979501, 9970991), (9954050, 9946171))),
  9953690)))), ((((9988982, 9989096), (9945623, 9940015)), ((9993446, 9993560),
  (9949270, 9943662))), ((((9977482, 9929559), (9979798, 9932871)), ((9914483,
  9876181), (9916382, 9878080))), ((9984262, 9943990), (9920029, 9881727)))))))),
  ((9975606, (8415865, (9910444, 8809757))), ((9858303, 8829743), (9910444,
  8887965))))), ((((((((9894856, ((9980364, 9965927), (9988872, 9974406))),
  (9872512, 9972422)), ((9903237, ((9991484, 9976992), (9993640, 9978895))),
  (9881453, 9978489))), ((((((9870144, 9846077), 9959745), ((9875618, 9857906),
  9964557)), 9896016), (9925146, 9771380)), (((((9877920, 9862497), 9966562),
  ((9880004, 9859436), 9968300)), 9902495), (9927984, 9776425)))), (((9880650,
  9936681), (9911196, 9947005)), (((9810515, 9647043), 9797872), ((9815556,
  9654226), 9751433)))), (((((9907161, ((9995626, 9980530), ((9824319, 9887007),
  9982086))), (9884122, 9981072)), ((9910844, (((9826186, 9888873), (9828002,
  9890690)), 9985059)), (9886482, 9983432))), ((((((9881984, 9858908), 9969918),
  ((9883903, 9862571), 9971474)), 9919384), (9930511, 9791944)), (((((9885769,
  9870191), (9887586, 9875923)), 9974447), 9942864), (9932838, 9814100)))),
  (((9914303, 9948990), (9915722, 9950410)), (((9817095, 9668748), 9689090),
  ((9818472, 9689955), 9541495))))), 9980095), ((((((9917626, ((((9829770,
  9892457), (9831489, 9894176)), 9987858), ((9834784, 9897471), 9979452))),
  (9869098, 9966048)), ((9923668, (((9830107, 9892795), 9982959), ((9840826,
  9903513), 9988231))), (9857790, 9954739))), (((((((9889353, 9877721), (9891072,
  9879440)), 9977246), 9952299), ((((9892743, 9881111), (9894367, 9882735)),
  9968840), 9955594)), ((9935079, 9831788), (9915486, 9812195))), (((((9889690,
  9878058), 9972347), ((9900409, 9888777), 9977619)), 9961637), (9904178,
  9800887)))), (((9830075, 9864762), (9826826, 9861514)), 9955090)), (((9857964,
  8829743), (9910444, 8887965)), 9795307)))), 8403265), (((((((9045859, 9931967),
  (9047361, (((9863142, ((9974524, (9993024, ((9980637, ((9995746, (9966183,
  9977435)), ((9969650, 9982431), (9971256, 9983617)))), (9983934, (((9967840,
  9978602), (9969481, 9979750)), ((9972847, 9984783), (9974420, 9985931))))))),
  (9981070, (((9932959, 9984484), (9936001, 9986878)), ((9987166, (((9971105,
  9980879), (9972712, 9981990)), ((9975978, 9987060), (9977519, 9988171)))),
  (9989312, (((9974303, 9983082), (9966489, 9975787)), ((9979044, 9989263),
  (9969137, 9980302))))))))), (9879356, ((((((9933320, ((9967459, 9971735),
  (9968533, 9973099))), 9978127), ((9935415, ((9969589, 9974330), (9970627,
  9975264))), 9986248)), (((((9977595, 9978280), (9978669, 9979248)), ((9982008,
  9977603), (9983081, 9978571))), (9987815, 9994112)), ((((9979725, 9980199),
  (9980763, 9981133)), ((9984137, 9979522), (9985175, 9980456))), (9991119,
  9996052)))), 9969162), (((((9937438, ((9971648, 9976181), (9972650, 9977082))),
  9990062), ((9939391, ((9973635, 9977966), (9967738, 9971875))), 9991291)),
  (((((9981783, 9982050), (9982785, 9982950)), ((9986195, 9981373), (9987197,
  9982273))), (9992699, ((9969607, 9939330), (9970352, 9940928)))), ((((9983770,
  9983834), (9976369, 9976332)), ((9988182, 9983157), (9979114, 9973989))),
  (9993928, ((9971010, 9941371), 9988826))))), 9986600)))), ((9846386, ((9957817,
  (9976318, ((9962835, (9979618, 9982251)), 9992359))), (9892510, (9911010,
  9961268)))), (9862897, (((((9992607, 9964085), (9960088, 9931127)), (((9989140,
  9991924), 9976279), (9971794, 9943320))), 9965867), ((9987508, ((9942155,
  9913646), 9970426)), 9905292))))))), (9945202, (8920379, (((9726095, 9969276),
  (9752243, ((9970799, 9856035), (9925835, 9815771)))), (9957513, (9674772,
  9989988)))))), (((((9809989, ((9958227, (9842282, 9952572)), (9962322,
  (9843319, 9953609)))), (9896397, (((9859266, 9953080), (9865855, 9928543)),
  ((9859268, 9953082), (9865855, 9928543))))), ((9780199, (9932533, 9977448)),
  (9844889, ((9980985, 9971272), 9993164)))), ((((((((9973653, 9991537),
  (9976687, 9994317)), (((9989900, (((9969519, 9980261), 9994441), ((9971060,
  9981802), 9995917))), (9980973, ((9987043, 9979723), (9988456, 9981075)))),
  ((9992934, (((9972584, 9983326), (9974093, 9984835)), ((9966140, 9975728),
  (9967585, 9977173)))), (9983753, ((9989854, 9982412), (9991237, 9983734)))))),
  (((9993231, 9987732), (9995770, 9989791)), (((9966503, 9978259), (9948436,
  9952577)), ((9969042, 9980798), (9950494, 9954635))))), (((9980781, ((9923917,
  9962233), (9923941, 9962258))), (((9995902, (((9975585, 9986327), (9977062,
  9987804)), ((9969014, 9978602), (9970427, 9980015)))), ((9979734, 9978923),
  (((9978144, 9988886), (9966314, 9977056)), ((9970959, 9980547), 9988330)))),
  ((9986389, (9993873, 9985599)), (9986414, (9993897, 9985607))))), ((((9923768,
  9952768), 9989793), (9994515, 9981456)), (((9970076, 9981832), (9950497,
  9954637)), ((9967787, 9979543), (9942159, 9946300)))))), (((((((((9981103,
  9976699), (9980377, 9973212)), ((9982177, 9977667), (9981451, 9974180))),
  ((9994373, 9989164), (9995482, 9990033))), ((((9972863, 9967202), 9989184),
  ((9974276, 9968170), 9990536)), 9988433)), (((((9983232, 9978617), (9984270,
  9979551)), ((9982506, 9975130), (9983544, 9976064))), ((9996498, (9970143,
  9938103)), 9991720)), ((((9975674, 9969121), 9991873), ((9977057, 9970054),
  9993194)), 9990121))), 9969595), ((((9982101, 9972743), (9956418, 9948539)),
  ((9984640, 9974431), (9958477, 9950598))), 9969563)), ((((((((9985290,
  9980468), (9986292, 9981368)), ((9984564, 9976981), (9985566, 9977881))),
  (((9970977, 9940131), (9971722, 9940657)), 9993344)), ((((9987277, 9982252),
  (9976371, 9971246)), ((9986551, 9978765), (9973626, 9965740))), (((9972380,
  9941100), 9988358), 9994905))), (((((9978423, 9970971), (9979693, 9971871)),
  9995059), 9991744), ((((9979705, 9972755), 9992792), 9995068), 9993305))),
  9984862), ((((9985674, 9976055), (9958479, 9950600)), ((9983384, 9975322),
  (9950142, 9942263))), 9971162)))), (((((9995595, (9975331, 9962012)), (9995709,
  (9987690, 9962126))), (9952480, 9946872)), ((((9975332, 9962012), 9981486),
  ((9987691, 9962126), 9981600)), (9952480, 9946873))), (((9987652, 9947066),
  (9923239, 9884937)), ((9987654, 9949551), (9923239, 9884937))))),
  ((((((9950858, 9962814), (((9967030, 9990328), (9933044, 9956342)), ((9952229,
  9969658), 9981946))), (9938153, 9991159)), ((9986911, (9994548, 9969218)),
  (9922399, 9946673))), (((((((9989224, 9986527), 9975429), (9966726, 9942576)),
  ((9979118, 9960597), (9945265, 9928160))), 9952287), ((9994396, 9969711),
  9891712)), (((((9946573, 9940006), 9968417), 9969118), 9934736), (9946572,
  9874588)))), ((((9945329, 9945443), (9884671, 9879063)), ((9881947, 9882061),
  9949392)), (((9936145, 9900300), 9956021), 9977914))))), ((((9659759, 9939119),
  9939721), ((9727769, 9939428), (9641588, 9853247))), ((((((9882921, 9935927),
  9967217), ((9867721, 9891995), 9952486)), (((9954637, 9842455), (9907331,
  9802191)), 9992489)), (9991734, 9984800)), ((9984526, 9924178), (9898344,
  9837996)))))), (((8485821, (9980400, 8795453)), 9969429), ((9980400, 8873661),
  (9852127, 8695651)))), (((((((9918683, (((9843587, 9906274), 9975059),
  (9992040, 9921210))), (9841165, 9938115)), ((9815327, 9954337), (9696394,
  9793344))), ((((((9903170, 9891538), 9964448), ((9878398, 9866766), 9910598)),
  9956652), (9887554, 9784263)), ((9943725, 9853296), 9958222))), (((9727729,
  9762417), 9985405), 9861179)), (((((9707949, 9846960), 9968023), ((9629956,
  9768967), 9900820)), (((9836348, 9745918), 9861337), (9973794, 9794134))),
  (9920482, 9680231))), (((9932276, 8873661), 9701397), 9937823))), 8114884)),
  (((((((9796894, 9418066), 9598078), ((9708110, 9309933), 9623086)), 9092800),
  (((9727339, 9329195), 9667566), 9126377)), 8061774), (((((9749821, 9351677),
  (9714063, 9315919)), 9715690), 9174087), 8050433))), (((((((9796597, (8771773,
  (((9889874, 9970379), (9836432, 9919433)), (9793856, 9879636)))), (9636043,
  (8611220, 9944155))), ((((9871984, 9944031), (9774832, 9849391)), ((((9923887,
  9916953), (9870245, 9863311)), ((9832273, 9771925), 9995448)), ((9826845,
  9819911), 9953073))), (9939678, (9976185, 9888243)))), 9978598), ((((((9932828,
  9852263), 9943391), 9926680), (9828797, 9588547)), ((9883708, 9777022),
  (9714847, 9474597))), 9788500)), 7973687), (((((9689818, 9291674), 9728785),
  ((9626148, 9228004), 9730886)), 9100401), 7973326))), ((((((((9553739,
  (8528915, 9859770)), (9503753, 9973274)), ((9855248, 9958930), (9803686,
  9907368))), 9771503), ((9970068, (9768976, 9872658)), 9705662)), (((((9812640,
  9705954), (9770478, 9663792)), ((9660881, 9420631), (9628839, 9388588))),
  9571904), (((9745985, 9639299), (9612405, 9372154)), 9499337))), 7889942),
  ((((((9594124, 9195980), (9574322, 9176178)), 9735766), 9001640), (((9565520,
  9167376), 9728939), 8964559)), 7889937))), ((((((9928735, ((9725070, 9828752),
  (9698490, 9802172))), 9681833), ((9885229, (9680696, 9784378)), 9648543)),
  (((((9706886, 9600200), (9584257, 9344007)), ((9682024, 9575338), (9567620,
  9327369))), 9460239), (((9665344, 9558658), (9559265, 9319014)), 9418697))),
  7844344), ((((((9546701, 9148557), (9535435, 9137291)), 9727330), 8950234),
  (((9530415, 9132271), 9720552), 8929454)), 7844344))), ((((((9864184,
  ((9658301, 9761983), (9644804, 9748486))), 9636817), ((9842131, (9635795,
  9739477)), 9620089)), (((((9644376, 9537690), (9544826, 9304575)), ((9631731,
  9525045), (9536354, 9296103))), 9397728), (((9623274, 9516588), (9530112,
  9289861)), 9376627))), 7820552), ((((((9520259, 9122115), (9514292, 9116148)),
  9718516), 8921611), (((9511631, 9113487), 9714228), 8910670)), 7820552))),
  ((((((9831512, ((9624484, 9728166), (9617683, 9721365))), 9614281), ((9820409,
  (9613149, 9716831)), 9605897)), (((((9612673, 9505987), (9520912, 9280662)),
  ((9606297, 9499611), (9515373, 9275122))), 9366026), (((9602039, 9495353),
  (9511672, 9271421)), 9355391))), 7808401), ((((((9506369, 9108225), (9503303,
  9105159)), 9712892), 8906581), 9994339), 7808401)))


Row 4: (b_0, B_0, b_1, B_1)=(0, 3/4, 3/4, 1).
  1756 leaves; largest upper integer 9996477.
  ((((((((((((((9928565, (8805504, (((9672999, ((9902978, 9986359), (9909169,
  (9885917, 9984770)))), (9556578, (((9942528, 9700851), (9959016, 9713993)),
  (9980570, 9731659)))), ((9685061, ((9915175, (9894676, 9989283)), (9921028,
  (9899083, 9993673)))), (9592464, (((9920520, (9986436, (9941868, 9853994))),
  9754298), ((9937099, ((9946933, 9866054), (9951846, 9878089))), 9778386))))))),
  (9963724, (8845497, (((9696431, ((9924538, (9903372, (9995826, (9934382,
  9966483)))), (9926449, (9907550, ((9936482, 9968279), (9938556, 9970051)))))),
  (9621333, (((9946481, ((9956610, 9889634), (9961228, 9897442))), 9802211),
  ((9955284, ((9965700, 9907500), (9970030, 9914020))), 9825000)))), ((9707266,
  ((9928028, (9911625, ((9940604, 9971800), (9942627, 9973526)))), (9929353,
  (9915599, ((9944626, 9975229), (9946600, 9976910)))))), (9640265, (((9963521,
  ((9974218, 9918576), (9978268, 9924604))), 9846430), ((9971209, ((9982179,
  9931955), (9985380, 9936938))), 9863067)))))))), (((((9748319, ((9910052,
  9976996), (9911643, 9977025))), (9859383, (((9829190, 9930154), (9837006,
  9909028)), ((9829195, 9930159), (9837007, 9909029))))), ((9750271, (9913595,
  9977052)), (9859387, (((9829198, 9930161), (9837007, 9909029)), ((9829199,
  9930163), (9837007, 9909029)))))), ((((((((9939920, 9967367), (9940996,
  9967668)), (((9949282, 9947995), (9959545, 9957926)), ((9951653, 9954862),
  (9961899, 9963889)))), (((9974259, 9973371), (9974283, 9973384)), (((9955842,
  9955814), (9939498, 9941028)), ((9955866, 9960172), (9939510, 9943378))))),
  ((((9941866, 9967907), (9942586, 9968100)), (((9953982, 9961546), (9964216,
  9965886)), ((9956277, 9968055), (9966502, 9967852)))), (((9974300, 9973391),
  (9974312, 9973397)), (((9955882, 9963142), (9939518, 9944367)), ((9955894,
  9964822), (9939523, 9944091)))))), ((((9968794, 9700851), (9986836, 9713993)),
  ((9968306, 9700851), (9984117, 9713993))), ((((9988272, 9994285), (9994726,
  9995284)), 9731659), (9994546, 9731659)))), ((((9979742, 9987649), (9942682,
  9937075)), ((9979747, 9987654), (9942683, 9937075))), ((((9942225, 9700851),
  (9951869, 9713993)), 9983848), ((9953409, 9731659), 9989797)))), ((((((9943706,
  9968395), (((9958539, 9970360), (9960771, 9971328)), ((9968758, 9968658),
  (9970986, 9969622)))), ((9944538, 9968610), (((9962975, 9975078), (9965152,
  9977169)), ((9971744, 9973368), (9972059, 9975457))))), ((((9974321, 9973401),
  (9974328, 9973403)), (((9955904, 9964171), (9939527, 9941508)), ((9955911,
  9962594), (9939530, 9938023)))), ((9974339, 9973408), (((9955702, 9963304),
  (9955922, 9965108)), ((9939317, 9936849), (9938066, 9937812)))))),
  ((((((9942165, 9842099), (9946568, 9853994)), ((9941652, 9842099), (9946054,
  9853994))), 9754298), ((((9953221, 9866054), (9961890, 9878089)), ((9952708,
  9866054), (9959505, 9878089))), 9778386)), ((9994097, 9754298), (((9993748,
  (9941443, 9876802)), 9979058), 9778386)))), ((((9979749, 9987657), (9942683,
  9937075)), ((9979751, 9983971), (9942683, 9933388))), (((9948880, 9754298),
  9985266), ((9950692, 9778386), 9987076)))))), ((((9751425, (9914749, 9977065)),
  (9752187, (9915511, 9977073))), ((9859389, (((9829200, 9930164), (9829201,
  9930164)), ((9837007, 9909029), (9837007, 9909029)))), (9859389, (((9829201,
  9930165), (9829201, 9930165)), ((9837007, 9909029), (9837007, 9909029)))))),
  (((((((9945181, 9968773), (((9967302, 9979011), (9969425, 9980829)), ((9972146,
  9977297), (9972222, 9979114)))), ((9945692, 9968902), (((9971523, 9982623),
  (9973596, 9984394)), ((9972290, 9980907), (9972351, 9982678))))), (((9974347,
  9973411), (((9955926, 9968068), (9955929, 9971845)), ((9938280, 9940769),
  (9939537, 9944544)))), ((9974352, 9973413), (((9955932, 9973198), (9955935,
  9973203)), ((9939538, 9945896), (9939539, 9945899)))))), ((((((9969485,
  9889972), (9974102, 9901614)), ((9964025, 9889972), (9969542, 9900956))),
  9802211), ((((9978575, 9912960), (9980610, 9923974)), ((9974909, 9911952),
  (9976410, 9921369))), 9825000)), (((((9945847, 9885147), (9951363, 9893921)),
  9988448), 9802211), ((((9957904, 9903045), (9964652, 9912462)), (9993471,
  (9943980, 9894934))), 9825000)))), (((((9946108, 9969005), (((9975643,
  9986142), (9975931, 9987867)), ((9972405, 9984425), (9972454, 9986150)))),
  ((9946454, 9969091), (((9976112, 9989570), (9976277, 9991251)), ((9972499,
  9987853), (9972540, 9989533))))), (((9974357, 9973414), (((9955937, 9973205),
  (9955939, 9973207)), ((9939540, 9945899), (9939541, 9945900)))), ((9974360,
  9973416), (((9955941, 9973209), (9955943, 9973210)), ((9939542, 9945901),
  (9939542, 9945901)))))), ((((((9982088, 9930296), (9983545, 9936324)),
  ((9977888, 9931038), (9979345, 9938352))), 9846430), ((((9984982, 9943675),
  (9986399, 9950789)), ((9980782, 9944740), (9982198, 9952548))), 9866410)),
  (((((9966130, 9922131), (9967587, 9930262)), ((9949741, 9902415), (9949742,
  9910225))), 9846430), ((((9969024, 9938378), (9970440, 9946122)), ((9949742,
  9918340), (9949743, 9926743))), 9866410))))), (((((9979752, 9986274), (9979752,
  9987660)), ((9942683, 9935691), (9942683, 9937075))), (((9957512, 9802211),
  (9968529, 9825000)), (9993895, (9904320, 9803794)))), ((((9979753, 9987660),
  (9979753, 9987660)), ((9942683, 9937075), (9942683, 9937075))), (((9979077,
  9846430), (9982789, 9866410)), ((9913859, 9818241), (9918580, 9832516))))))))),
  9982776), ((((9983795, (8901554, 9865860)), ((8865889, (((9715705, ((9930481,
  (9919476, ((9948550, 9978568), (9950475, 9980205)))), (9931454, (9923255,
  ((9952377, 9981819), (9954255, 9983412)))))), (9654052, (((9978363, ((9986777,
  9938893), (9988153, 9941591))), 9881586), ((9984996, ((9989510, 9945107),
  (9990846, 9949371))), 9890727)))), ((9719159, ((9932301, (9926941, ((9955117,
  9984983), (9955350, 9986533)))), (9933045, (9930532, ((9955568, 9988062),
  (9955773, 9989569)))))), (9665815, (((9990791, ((9992163, 9954323), (9993461,
  9959909))), 9901795), ((9993328, ((9994739, 9961754), (9995998, 9963059))),
  9915085)))))), (8884390, (((9721892, (9934292, ((9934032, ((9955966, 9991056),
  (9956147, 9992521))), (9937441, (9956480, 9995390))))), (9724109, (9935295,
  ((9939086, (9956778, ((9960863, 9986284), (9962247, 9987667)))), (9939561,
  (9957046, ((9963610, 9989030), (9964953, 9989532)))))))), ((9675666,
  (((9995789, (((9981204, 9986727), 9964104), ((9982425, 9987948), 9965352))),
  9928782), ((((9946088, 9924257), (9947271, 9926247)), (((9983626, 9989150),
  9966984), ((9984810, 9990333), 9968974))), 9934979))), (9683711, ((((9949581,
  9931209), (((9985974, 9991497), (9987120, 9992643)), 9973936)), ((9951818,
  9937349), (((9988247, 9993771), (9989357, 9994880)), 9980076))),
  9946956))))))), ((((9753132, ((9916052, 9977078), (9916456, 9977082))),
  (9859390, ((((9829202, 9930165), (9829202, 9930166)), ((9837007, 9909029),
  (9837007, 9909029))), ((9829202, 9930166), (9837007, 9909029))))), ((9753695,
  ((9916769, 9977085), (9917019, 9977087))), (9859391, (((9829203, 9930166),
  (9837007, 9909029)), ((9829203, 9930166), (9837007, 9909029)))))),
  ((((((((9946746, 9969163), (((9976429, 9992909), (9976569, 9994545)),
  ((9972577, 9990006), (9972612, 9990040)))), ((9946995, 9969224), (((9976698,
  9996160), (9976818, (9981684, 9987397))), ((9972643, 9990072), (9972673,
  9990101))))), (((9974363, 9973417), (((9955944, 9973212), (9955945, 9973213)),
  ((9939543, 9945902), (9939543, 9945902)))), ((9974365, 9973417), (((9955947,
  9973214), (9955948, 9973215)), ((9939544, 9945903), (9939544, 9945903)))))),
  ((((((9987795, 9952744), (9989172, 9955367)), ((9983594, 9954681), (9984971,
  9957061))), 9884957), ((((9990528, 9958768), (9991865, 9963114)), ((9986327,
  9960461), (9987664, 9964173))), 9898371)), (((((9971837, 9948673), (9973213,
  9949388)), ((9949744, 9932959), (9949744, 9933701))), 9884957), ((((9974569,
  9951225), (9975906, 9954106)), ((9949745, 9935228), (9949745, 9936335))),
  9902144)))), (((((9947211, 9969276), (((9976930, (9983255, 9988859)), (9977034,
  (9984805, 9988917))), ((9972700, 9990128), (9972725, 9990154)))), ((9947399,
  9969322), (((9977131, (9986334, 9988972)), (9977222, (9987841, 9989023))),
  ((9972749, 9990177), (9972771, 9990199))))), (((9974367, 9973418), (((9955949,
  9973216), (9955950, 9973217)), ((9939544, 9945904), (9939545, 9945904)))),
  ((9974369, 9973419), (((9955951, 9973218), (9955951, 9973219)), ((9939545,
  9945904), (9939545, 9945905)))))), ((((((9993182, 9968174), (9994479,
  9971795)), ((9988981, 9967560), (9990278, 9968632))), 9909439), ((((9995757,
  9973386), ((9987677, 9986660), 9974692)), ((9991556, 9969686), (9992815,
  9970723))), 9922729)), (((((9977058, 9955297), (9977059, 9956368)), ((9949745,
  9937425), (9949746, 9938496))), 9913759), ((((9977060, 9957422), (9977061,
  9958459)), ((9949746, 9939550), (9949746, 9940587))), 9927049))))),
  (((((9979754, 9987661), (9979754, 9987661)), ((9942683, 9937075), (9942683,
  9937075))), (((9982819, 9884420), (9982819, 9899384)), ((9918609, 9846581),
  (9918609, 9860451)))), ((((9979754, 9987661), (9979754, 9987661)), ((9942683,
  9937075), (9942683, 9937075))), (((9982819, 9913435), (9982820, 9924977)),
  ((9918609, 9874166), (9918609, 9882859)))))), (((((((9947565, 9969362),
  (9947712, 9969397)), ((((9977308, (9989328, 9989070)), (9977388, (9990669,
  9989115))), ((9972792, 9990220), (9972811, 9990239))), ((9977536, ((9990745,
  9989157), (9990816, 9989197))), (9972847, 9990275)))), (((9974370, 9973419),
  (9974371, 9973420)), ((((9955952, 9973220), (9955953, 9973221)), ((9939546,
  9945905), (9939546, 9945905))), ((9955954, 9973222), (9939546, 9945905))))),
  ((((9947844, 9969429), (9947962, 9969458)), (((9977667, ((9990884, 9989234),
  (9990948, 9989270))), (9972878, 9990307)), ((9977785, ((9991009, 9989304),
  (9991066, 9989336))), (9972907, 9990335)))), (((9974373, 9973420), (9974374,
  9973420)), (((9955955, 9973223), (9939547, 9945906)), ((9955956, 9973224),
  (9939547, 9945906)))))), ((((((((9988916, 9987900), 9975737), ((9990137,
  9989121), 9976985)), ((9994055, 9971742), (9995275, 9972744))), 9933978),
  (((((9991339, 9990322), 9978617), ((9992522, 9991506), 9980607)), ((9996477,
  9973729), ((9990645, 9986631), 9974697))), 9938175)), (((((9977062, 9959478),
  (9977062, 9960480)), ((9949746, 9941606), (9949747, 9942608))), 9933894),
  ((((9977063, 9961465), (9977063, 9962433)), ((9949747, 9943593), (9949747,
  9944561))), 9938091))), (((((((9993686, 9992670), (9994832, 9993816)),
  9985568), (((9991809, 9986635), (9992955, 9986638)), 9976582)), ((((9995960,
  9994943), ((9967894, 9963596), 9996053)), 9989992), (((9994083, 9986642),
  (9995192, 9986645)), 9978400))), 9950153), ((((9977065, 9964318), (9949748,
  9945699)), ((9977066, 9966136), (9949748, 9945699))), 9950069)))), ((((9979754,
  9987662), (9942683, 9937075)), ((9979755, 9987662), (9942683, 9937075))),
  ((((9982820, 9926536), (9982820, 9929848)), ((9918609, 9882859), (9918609,
  9882859))), ((9982820, 9940647), (9918609, 9882859)))))))), (9912647,
  ((9858303, 8829743), (9910444, 8887965))))), ((((((((9890028, ((9994611,
  9975852), ((9823486, 9886173), 9977958))), (9869537, 9988759)), ((9890028,
  (((9823486, 9886173), 9977958), ((9823486, 9886173), 9977958))), (9872663,
  9991328))), ((((((9895089, 9876405), 9982100), ((9895089, 9883169), 9982101)),
  9923910), (9949829, 9799152)), (((((9895089, 9885597), 9982101), ((9895089,
  9880488), 9982101)), 9926250), (9949829, 9801492)))), (((9901268, 9957299),
  (9924083, 9959892)), (((9843624, 9683570), 9961589), ((9843624, 9685910),
  9961589)))), (((((9890028, (((9823486, 9886173), 9977958), ((9823486, 9886173),
  9977958))), (9872663, 9991328)), ((9890028, (((9823486, 9886173), (9823486,
  9886173)), 9977958)), (9872663, 9991328))), ((((((9895089, 9877986), 9982101),
  ((9895089, 9879731), 9982101)), 9939251), (9949829, 9814492)), (((((9895089,
  9885484), (9895089, 9889399)), 9982101), 9959047), (9949797, 9834289)))),
  (((9925205, 9959892), (9925205, 9959892)), (((9843624, 9698910), 9961589),
  ((9843591, 9718707), 9961556))))), 9982776), ((((((9890028, ((((9823486,
  9886173), (9823486, 9886173)), 9977958), ((9823486, 9886173), 9977958))),
  (9872663, 9991328)), ((9890028, (((9823486, 9886173), 9977958), ((9823486,
  9886173), 9977958))), (9872663, 9991328))), (((((((9895089, 9889430), (9895089,
  9889430)), 9982101), 9962126), ((((9895089, 9889430), (9895089, 9889430)),
  9982101), 9962126)), ((9949829, 9846538), (9949829, 9846538))), (((((9895089,
  9889430), 9982101), ((9895089, 9889430), 9982101)), 9962126), (9949829,
  9846538)))), (((9925205, 9959892), (9925205, 9959892)), ((((9843624, 9739888),
  9961589), ((9843624, 9740333), 9961589)), ((9843624, 9740333), 9961589)))),
  (((9858303, 8829743), (9910444, 8887965)), 9912955)))), 8403265),
  (((((((8917345, 9871688), (8916401, (((9727486, ((9936120, (9940386, ((9957289,
  (9967579, 9989700)), (9957510, (9970127, 9989853))))), (9936810, (9941076,
  ((9957712, (9971828, 9989992)), (9957897, (9972014, 9990120))))))), (9694793,
  (((((9953982, 9944534), (9956075, 9952655)), (((9991521, (9995971, (9967869,
  9966720))), 9987261), ((9993614, ((9968924, 9967670), (9969961, 9968604))),
  9989480))), 9962829), ((((9958097, 9955281), (9960049, 9956511)), (((9995636,
  ((9970981, 9969521), (9971983, 9970421))), 9991060), ((((9967445, 9967509),
  9993080), ((9972968, 9971304), (9969428, 9965214))), 9992289))), 9980267)))),
  ((9714026, ((9921484, (9924456, ((9940861, 9988785), 9969979))), 9987224)),
  (9678334, (((9991766, ((9992619, 9965083), (9960054, 9932125))), 9958347),
  ((9929274, 9987431), 9897772))))))), (9883128, (8788797, (((9593098, 9931719),
  (9567680, ((9955992, 9848515), (9910965, 9808251)))), (9915299, (9488954,
  9975064)))))), (((((9754069, ((9917223, 9977088), (9917393, 9977090))),
  (9859391, (((9829203, 9930167), (9837007, 9909029)), ((9829203, 9930167),
  (9837007, 9909029))))), ((9738436, (9901760, 9961188)), (9841372, ((9984409,
  9986307), 9994548)))), ((((((((9948069, 9969483), (9948166, 9969506)),
  (((9977892, ((9991121, 9989366), (9991173, 9989395))), (9972932, 9990361)),
  ((9977990, (9991270, 9989449)), (9972956, 9990384)))), (((9974374, 9973421),
  (9974375, 9973421)), (((9955957, 9973225), (9939547, 9945906)), ((9955958,
  9973226), (9939548, 9945907))))), (((9948336, 9969547), (((9978078, (9991359,
  9989498)), (9978159, (9991440, 9989543))), ((9972977, 9990405), (9972996,
  9990424)))), (((9974376, 9973421), (9974377, 9973421)), (((9955959, 9973226),
  (9939548, 9945907)), ((9955959, 9973227), (9939548, 9945907)))))),
  (((((((((9968985, 9964580), (9967968, 9963564)), ((9970058, 9965548), (9969041,
  9964531))), 9992305), (((9996283, 9986648), ((9968180, 9960047), 9986651)),
  9980152)), (((((9971113, 9966498), (9972150, 9967432)), ((9970097, 9965482),
  (9971134, 9966416))), 9993993), ((((9968531, 9960997), 9986654), ((9968542,
  9961931), 9986657)), 9981840))), 9966025), ((((9977066, 9967889), (9949748,
  9945700)), ((9977067, 9969576), (9949748, 9945700))), 9965370)),
  ((((((((9973170, 9968349), (9974172, 9969249)), ((9972154, 9967332), (9973156,
  9968232))), 9995617), ((((9975157, 9970132), (9971617, 9964042)), ((9974141,
  9969116), (9970600, 9963025))), (9992464, 9986822))), (((((9968553, 9962848),
  (9968563, 9963748)), 9986662), 9983464), ((((9968573, 9964631), 9993251),
  9986666), 9985024))), 9980302), ((((9977068, 9971200), (9949749, 9945700)),
  ((9977069, 9972760), (9949749, 9945700))), 9966720)))), ((((9979755, 9987662),
  (9942683, 9937075)), ((9979755, 9987662), (9942683, 9937075))), (((9982820,
  9943363), (9918609, 9882859)), ((9982820, 9945848), (9918609, 9882859))))),
  (((((9989782, (((9961028, 9988254), 9990056), ((9955808, 9971113), 9984784))),
  (9923443, 9989265)), ((9993503, (((9938754, 9953898), 9967714), 9985912)),
  (9927042, 9955542))), ((((((9993637, 9969848), (9961072, 9936890)), ((9981906,
  9958393), (9947541, 9925663))), 9947727), ((9988449, 9971516), 9887153)),
  (((((9954183, 9946129), 9975290), 9982350), 9934144), (9952421, 9873570)))),
  ((((9961736, 9969643), (9918757, 9913149)), ((9895446, 9903353), 9984661)),
  (((9959935, 9912852), 9995274), (9994603, 9929481)))))), ((9984514, ((9718902,
  9938368), (9628843, 9848309))), ((((((9867223, 9933130), 9950669), ((9870717,
  9899301), 9954071)), (((9951962, 9837895), (9904110, 9797632)), ((9896557,
  9824313), 9949203))), (9985023, 9980505)), (((9970964, 9928900), 9943152),
  (9912458, 9853608)))))), ((9982602, 9854329), ((9980400, 8873661), (9852127,
  8695651)))), (((((((9890028, (((9823486, 9886173), 9977958), ((9823486,
  9886173), 9977958))), (9872663, 9991328)), ((9856528, ((9963211, 9931354),
  9943068)), (9809573, 9928238))), ((((((9895089, 9889430), 9982101), ((9895089,
  9889430), 9982101)), 9962126), (9949829, 9846538)), ((((9993287, 9935498),
  9947211), 9928626), (9886739, 9783448)))), (((9925205, 9959892), (9819644,
  9854331)), (((9843624, 9740333), 9939300), 9963091))), (((((9736507, 9888007),
  (9694532, 9813197)), ((9648228, 9799729), 9978315)), (((9892150, 9808604),
  9987138), ((9803872, 9720326), 9902406))), (((9712189, 9746876), (9632750,
  9667438)), 9855636))), (((9946428, 8873661), 9912955), 9980714))), 8114884)),
  ((((((((((9787673, 9791633), 9837067), ((9810960, 9814764), 9902594)),
  9903070), (9503503, 9115967)), (((((9812083, 9814764), (9812083, 9814764)),
  9904838), 9903037), (9522822, 9114832))), 9644018), ((((((9812083, 9814764),
  9904835), ((9812083, 9814764), 9874670)), 9903070), (9522822, 9116315)),
  9706750)), 8403265), ((((((((9705788, 9708468), 9957686), 9804517), 9796774),
  (9976481, 9595408)), ((9517309, 9110802), 9972657)), 9600455), 8114884))),
  (((((((9734018, (8639690, (((9847285, 9954104), (9793542, 9903157)),
  9966133))), (9573128, (8478803, 9900587))), ((((9825254, 9928347), 9975258),
  ((((9915957, 9912021), (9861347, 9857877)), ((9843448, 9785001), (9788880,
  9730755))), ((9817156, 9814066), 9960088))), (9907954, (9965292, 9892761)))),
  9978598), ((((((9949085, 9913311), 9959598), 9980570), (9940162, 9715095)),
  ((9893567, 9817658), (9792299, 9567232))), 9828955)), 7973687), (((((9862427,
  9481354), 9928398), ((9739079, 9358006), 9867475)), 9285035), 7973687))),
  ((((((9991532, ((9821992, 9952528), (9769491, 9900029))), 9771503), ((9906662,
  (9734144, 9864682)), 9705662)), (((((9809347, 9733439), (9757895, 9681987)),
  ((9715473, 9490406), (9668415, 9443348))), 9588786), (((9723201, 9647293),
  (9636633, 9411566)), 9505166))), 7889942), ((((((9673814, 9292740), (9633478,
  9252405)), 9830702), 9096421), (((9606091, 9225018), 9789732), 9028699)),
  7889942))), ((((((9865164, ((9689436, 9819975), (9662370, 9792909))), 9681833),
  ((9821556, (9644248, 9774787)), 9648543)), (((((9679385, 9603477), (9596437,
  9371371)), ((9652853, 9576944), (9572067, 9347000))), 9462655), (((9635062,
  9559154), (9555713, 9330646)), 9419666))), 7844344), ((((((9571293, 9190220),
  (9550110, 9169037)), 9767682), 8993900), (((9535861, 9154788), 9744591),
  8958468)), 7844344))), ((((((9800425, ((9621443, 9751982), (9607699,
  9738238))), 9636817), ((9778318, (9598522, 9729062)), 9620089)), (((((9612708,
  9536799), (9535150, 9310083)), ((9599233, 9523325), (9522747, 9297680))),
  9397989), (((9590223, 9514315), (9514451, 9289384)), 9376190))), 7820552),
  ((((((9517905, 9136832), (9507054, 9125981)), 9732657), 8940512), (((9499788,
  9118715), 9720464), 8922395)), 7820552))), ((((((9767655, ((9587004, 9717544),
  (9580078, 9710618))), 9614281), ((9756525, (9575461, 9706001)), 9605897)),
  (((((9578932, 9503024), (9504051, 9278984)), ((9572142, 9496233), (9497794,
  9272727))), 9365244), (((9567608, 9491700), 9992064), 9354267))), 7808401),
  ((((9989117, 9714270), 8913276), ((9979957, 9708013), 8904117)), 7808401)))


Row 5: (b_0, B_0, b_1, B_1)=(3/4, 1, 0, 1/2).
  480 leaves; largest upper integer 9997951.
  ((((((((((((((9696962, 9867819), ((9403824, 9804079), (9644616, 9974936))),
  (((9796952, (9889196, 9626314)), 9867214), ((9869189, 9773366), 9815169))),
  ((9941280, (9367876, 9899119)), 9686169)), (((((9587035, 9973603), (9714331,
  (9741102, 9946083))), ((9827827, ((9851987, 9779476), (9929204, 9844439))),
  (9955122, (((9916572, 9890033), (9972644, 9946722)), 9965966)))), ((((9689943,
  9803534), 9991817), ((9817456, 9931047), 9986532)), (9990510, ((9891136,
  9760205), 9792246)))), (((9462817, 9990340), (9527383, (9857721, 9149003))),
  9863152))), (((((9658710, 9380282), 9639975), ((9665815, 9279567), 9719885)),
  9356833), (((9889608, 9503298), (9506822, 9095694)), 9246407))), 8596976),
  (((((((9879875, ((9818290, (9857732, 9869806)), (9742657, 9947638))),
  (((8648396, 9940571), (8623646, 9885850)), (((((9877292, 9931270), 9969704),
  9974454), ((9995304, 9957239), 9889689)), ((9974199, 9910203), 9961742)))),
  ((9774623, ((9697202, 9902184), (9668167, 9873149))), ((9969384, 9933640),
  (((9928744, 9872242), 9914459), (9977797, 9880544))))), (((((9789858, 9903449),
  9964189), ((9740122, 9853713), 9952578)), (((9863538, 9732607), 9769904),
  ((9813802, 9682872), 9758292))), ((((9711452, 9825043), (9694058, 9807649)),
  9993851), (((9785132, 9654202), 9982993), 9799566)))), (((9560377, (9917768,
  9135549)), (9381330, 9942358)), 9935079)), ((((9941934, 9555623), (9596810,
  9185682)), ((9965627, 9579317), (9647446, 9236319))), 9386299)), 8537912)),
  ((((9716524, 8410721), (9970016, 8604653)), 7723720), ((((9968061, (9529943,
  8997216)), 9810866), 8773871), 7732440))), ((((((((9751121, ((9680378,
  9885360), (9649155, 9854137))), ((9941146, 9902583), (((9958406, 9861153),
  (9945011, 9847758)), (9958785, 9861532)))), ((9669709, ((9631811, 9836792),
  9975548)), (9910500, ((9941440, 9844188), (9931149, 9828211))))), (((((9715104,
  9828695), 9976799), ((9695019, 9808610), 9970508)), (((9972080, 9965094),
  9782514), (9983955, 9776222))), ((((9684770, 9798361), (9679344, 9792935)),
  (9968686, 9968849)), ((9973706, 9968280), 9803228)))), ((9986765, 9870323),
  9746047)), (((((9977376, 9985975), 9636367), (9718021, 9306894)), (((9992959,
  (9902210, 9834095)), 9632761), (9740907, 9329780))), 9429502)), 8182708),
  (((((9595632, 9062905), 9857039), ((9621668, 9088940), 9879573)), 8863597),
  7747069))), (((((((((9636690, 9988985), (9877482, ((9924763, 9819697),
  (9920680, 9815614)))), ((9620487, 9976515), (9861279, ((9918024, 9812957),
  (9916282, 9811216))))), (((((9676476, 9790067), (9675040, 9788631)), 9988728),
  (9985024, 9794443)), (((9688321, 9801912), 9986204), 9988888))), 9801805),
  ((((9629089, 9987472), (9869881, ((9925675, 9820609), (9922141, 9817075)))),
  ((((9684869, 9798460), 9985970), ((9683384, 9796975), 9986630)), (9985436,
  9983951))), 9722967)), ((((((9924155, 9857264), 9634445), ((9927081, 9864302),
  9637371)), ((9755009, 9343882), (9764594, 9353467))), 9393731), (((((9930090,
  9869750), (9932857, 9874093)), 9654868), (9783193, 9372066)), 9388145))),
  7986935), ((((((9637757, 9105029), (9648641, 9115914)), 9903454), 8882162),
  (((9665698, 9132971), 9913352), 8893193)), 7785935))), (((((((((9614223,
  9975730), (9855015, ((9920140, 9815074), (9919002, 9813936)))), ((9607203,
  9970569), (9847994, ((9918372, 9813306), (9918052, 9812986))))), (((((9682868,
  9796459), (9682850, 9796441)), 9997951), 9994366), (((9690692, 9804283),
  (9642960, 9663163)), 9991259))), 9682953), ((((9612948, 9977483), (9853740,
  ((9923669, 9818603), (9922401, 9817335)))), ((((9689502, 9803093), (9643094,
  9663297)), ((9689137, 9802728), (9643619, 9663821))), (9990069, 9989704))),
  9642537)), (((((((9935315, 9877633), (9937476, 9880572)), 9654828), (9788495,
  9377368)), (((9945755, 9888741), 9656045), (9792475, 9381348))), 9402096),
  (((((9947196, 9891158), (9948575, 9893167)), 9665134), (9801589, 9390462)),
  9398410))), 7883562), ((((((9672722, 9139995), (9677559, 9144831)), 9924555),
  8908987), 9995861), 7799004))), (((((((((9606030, 9972118), (9846822,
  ((9921760, 9816694), (9921456, 9816390)))), ((9602840, 9969851), (9843632,
  ((9921344, 9816278), (9921341, 9816275))))), (((((9689153, 9802744), (9689349,
  9802940)), ((9644268, 9664471), (9644935, 9665137))), (9983870, 9809426)),
  (((9693608, 9807199), (9649298, 9669501)), 9994175))), 9622176), ((((9606118,
  9973707), (9846909, ((9924406, 9819340), (9923911, 9818845)))), ((((9693164,
  9806755), (9649440, 9669643)), ((9693087, 9806678), (9649759, 9669961))),
  (9993731, 9993654))), 9601712)), (((((((9949819, 9894845), (9950919, 9896258)),
  9664923), (9803711, 9392583)), (((9955196, 9900398), 9665486), (9805472,
  9394344))), 9405464), (((((9955909, 9901532), (9956602, 9902498)), 9670130),
  9994050), 9403407))), 7830483), 9992221)), (((((((((9602803, 9971165),
  (9843594, ((9923689, 9818623), (9923610, 9818544)))), ((9601295, 9970116),
  (9842087, ((9923608, 9818542), (9923649, 9818583))))), (((((9693170, 9806761),
  (9693323, 9806914)), ((9650125, 9670328), (9650490, 9670693))), 9996711),
  (((9695542, 9809133), (9652735, 9672937)), (9984478, 9812478)))), 9591441),
  ((((9603040, 9972149), (9843832, ((9925249, 9820183), (9925038, 9819972)))),
  ((((9695361, 9808952), 9994591), 9994610), ((9984296, 9812570), 9994610))),
  9581145)), (((((((9957231, 9903315), 9995424), 9669982), 9990632), 9993898),
  9406961), 9991601)), 7803584), 9986366))


Row 6: (b_0, B_0, b_1, B_1)=(3/4, 1, 1/2, 5/8).
  457 leaves; largest upper integer 9998671.
  ((((((((((((((9836416, (8938232, ((9857243, 9945698), (9926304, (9890087,
  9947512))))), (9933721, (9035084, ((9980211, (9941045, (9972870, (9896660,
  9893551)))), ((9778874, 9940503), (9975473, ((9916530, 9913351), (9927631,
  9924447)))))))), ((((9880179, 9966156), (9945246, (9677321, 9841982))),
  (((9880817, 9860181), (9806553, 9737953)), ((9943793, 9919032), (9861999,
  9790744)))), (((9991864, (9655290, 9901423)), ((9718134, 9882795), (9701798,
  9866458))), (((9990412, 9964547), ((9953918, 9918942), 9981868)), ((9902081,
  9829543), (9885745, 9812980)))))), (((8837416, ((9980038, 9136329), ((9731526,
  9972773), 9136242))), (8859119, (((9756915, (9869450, 9509031)), (9781661,
  (9891701, 9514989))), 9136115))), (((9863044, 9152592), (9909455, 9152505)),
  (9973129, 9152378)))), ((((9993474, (9119556, 9867858)), ((9094824, (((9788416,
  9947400), (9985015, ((9916237, 9913053), (9934528, 9931344)))), ((9827232,
  9970039), (((9498871, 9974559), (9510640, 9982617)), ((9958875, 9955690),
  (9957166, 9953982)))))), (9139704, (((9840399, 9973438), (9851193, 9984645)),
  ((((9519906, 9983827), (9523807, 9987135)), ((9957739, 9954555), (9960566,
  9957381))), ((9534602, (9912155, 9978603)), (9971773, 9968588))))))),
  ((((9670601, 9916735), (9691379, 9856040)), ((9683110, 9929243), (9707003,
  9871663))), (((((9963973, 9918085), 9991930), ((9969222, 9921813), (9982240,
  9895815))), ((9871138, 9798372), (9875326, 9802561))), ((((9971155, 9923528),
  (9981730, 9934493)), ((9984173, 9897529), (9994748, 9908494))), (9890950,
  9818184))))), (((8876147, (((9798220, (9913295, 9520812)), (9804876, (9934349,
  9526348))), 9136289)), (8892790, (((9811389, (9939160, 9526396)), (9817881,
  (9946764, 9526424))), 9136190))), ((9985817, 9152552), (9998281, 9152453))))),
  (((((((9979409, 9931740), ((9686863, 9803763), 9977189)), 9992586), (9679480,
  9412122)), (((((9723595, 9839106), 9778653), (9978074, 9690114)), 9926210),
  (9527892, 9252074))), 9785480), (((((9983066, 9834835), ((9661512, 9777022),
  9817404)), 9963709), (9607823, 9332005)), 9821499))), 8596976), (((((((9153459,
  9897805), (9173607, (((9875399, ((9871604, 9954123), (9877276, 9959795))),
  (((9554738, (9929765, (9986764, (9777887, 9970574)))), (9558808, (9934562,
  ((9782960, 9976080), 9975606)))), ((9988969, 9985785), (9994641, 9991456)))),
  ((9827923, 9942730), (((9507279, 9961718), 9960990), ((9925819, 9922634),
  9968439)))))), (9952076, (9053426, ((9957441, (9920962, 9929701)), (9890917,
  9978654))))), (((((9707914, 9954047), (9731941, 9896601)), (9976146, 9953420)),
  (((((9998671, 9951991), (9986139, 9912213)), (((9911079, 9888532), 9925992),
  ((9898547, 9876000), 9886214))), (9915888, 9843122)), ((9974694, 9948695),
  9998595))), ((9899848, 9892614), (((9878261, 9852262), (9816771, 9790772)),
  9937789)))), (((8904957, (((9830559, (9957396, 9526343)), (9789633, (9892562,
  9455974))), 9136340)), (8753550, (9991920, 8960973))), (((((9876880, 9517347),
  9831271), 9925216), 9152604), (9848952, 8949251)))), ((((((9949598, 9773347),
  9968122), 9915606), (9629875, 9354057)), ((9929886, 9758568), (9611934,
  9336116))), 9820280)), 8538108)), ((((9864776, 8703623), (9936160, 8773876)),
  7920853), (((9962233, 9617142), 8854920), 7851638))), (((((((9844953, (8946304,
  (((9841976, 9929714), (9792300, 9880037)), 9965007))), (9693989, (8795340,
  9914094))), ((((9784062, 9799388), 9921892), ((9997866, 9844563), 9967067)),
  (9876911, 9922086))), (((8596753, ((9853538, 8809988), 9942190)), 9893535),
  9946879)), ((((9873100, 9701782), (9621570, 9345751)), ((9774217, 9602899),
  (9573928, 9298110))), 9582255)), 8183195), ((((9980065, 9647534), (9973602,
  9659263)), 8893384), 7844911))), ((((((((9631385, (8732735, 9853759)),
  (9584284, (8685635, 9819933))), ((9821508, 9866682), (9790666, 9835841))),
  9825335), (((9553295, 9984964), (9780571, 9825746)), 9738998)), (((((9734840,
  9563522), (9713244, 9541926)), ((9555974, 9280156), (9546032, 9270213))),
  9439179), (((9709613, 9538295), (9548490, 9272672)), 9396096))), 7986935),
  ((((9985872, 9675246), 8878558), ((9978780, 9679814), 8871466)), 7846835))),
  ((((((((9511733, 9943403), 9980360), ((9753791, 9798966), (9737752, 9782927))),
  9695111), ((9964553, (9721352, 9766527)), 9650733)), (((((9689975, 9518657),
  (9537725, 9261907)), ((9679060, 9507742), (9531785, 9255967))), 9386194),
  (((9677567, 9506249), (9532731, 9256913)), 9364050))), 7883562), ((((9982200,
  9686607), 8874887), ((9976023, 9687311), 8868709)), 7824569))), ((((((9944217,
  ((9700691, 9745866), (9688240, 9733414))), 9628357), ((9922749, (9679933,
  9725108)), 9605856)), (((((9667634, 9496316), (9526797, 9250979)), ((9662158,
  9490840), (9523593, 9247774))), 9359205), (((9655193, 9483875), (9524002,
  9248184)), 9341677))), 7830483), ((((9976903, 9689979), 8869590), ((9973139,
  9689744), 8865826)), 7801857))), ((((((9912493, ((9669496, 9714670), (9663220,
  9708395))), 9594559), ((9901689, (9659040, 9704214)), 9583229)), (((((9646320,
  9475002), (9520899, 9245081)), ((9640978, 9469660), 9995746)), 9332804),
  (((9637410, 9466092), 9993144), 9323893))), 7803584), 9993048))


Row 7: (b_0, B_0, b_1, B_1)=(3/4, 1, 5/8, 3/4).
  2449 leaves; largest upper integer 9998644.
  ((((((((((((((9918479, (8927020, (((9722389, 9986667), (9846857, (((9992403,
  (9996227, 9980205)), ((9965527, 9976379), (((9956323, 9988442), (9960774,
  9992770)), 9988701))), ((9982811, 9992746), (((9969508, (9952630, 9942310)),
  (9978042, (9960929, 9950575))), ((9948336, 9929454), (9956409, 9937487))))))),
  ((9757812, ((9872993, 9979099), (9881314, 9987420))), (9882281, ((((9991171,
  (9943860, 9973941)), ((9945137, 9960823), (9952875, 9968561))), (((9986403,
  (9969058, 9958687)), (9994593, (9977016, 9966638))), ((9964310, 9945368),
  (9972040, 9953090)))), ((((9949833, 9979914), (9952181, 9982262)), ((9955425,
  9971112), (9957607, 9973294))), ((((9960100, 9954472), (9981225, 9970844)),
  ((9962448, 9956776), (9983489, 9973106))), ((9974598, 9955643), (9976779,
  9957824)))))))))), (9963341, (8971882, (((9768250, ((9885908, 9992014),
  (9890389, (9907428, 9965373)))), (9892719, (((((9954493, 9984574), (9956774,
  9986855)), ((9959756, 9975443), (9961877, 9977563))), ((((9964760, 9959046),
  (9985707, 9975324)), ((9967042, 9961314), (9987916, 9977533))), ((9978917,
  9959961), (9981046, 9962090)))), ((((9959027, 9989108), (9961255, 9991336)),
  ((9963972, 9979659), (9966044, 9981730))), ((((9969295, 9963536), (9990092,
  9979709)), ((9971522, 9965680), (9992241, 9981825))), ((9983144, 9964188),
  (9985216, 9966227))))))), ((9778223, ((9894773, (9911813, 9969450)), (9899071,
  (9916110, 9973446)))), (9902692, (((((9963458, 9993539), (9965639, 9995720)),
  ((9968093, 9983779), (9970121, 9985807))), ((((9973726, 9967855), (9994367,
  9983964)), ((9975907, 9970010), (9996470, 9986078))), ((9987265, 9968290),
  (9989293, 9970328)))), ((((9967799, (9944299, 9982124)), (9969937, (9946438,
  9984187))), ((9972129, 9987815), (9974117, 9989804))), ((((9978066, 9972146),
  (((9972017, 9972747), (9973055, 9973789)), 9988167)), ((9980204, 9974261),
  (((9974089, 9974824), (9975118, 9975854)), 9990232))), ((9991301, 9972342),
  (9993289, 9974333))))))))))), (((((9721965, 9986841), (9837298, ((9947416,
  9964063), (9959221, 9972114)))), ((9738399, (9876247, 9940914)), (9843850,
  ((9962493, 9974944), (9965465, 9977464))))), ((((((9912044, 9963637), (9923487,
  9946459)), ((9927616, 9979164), (9937388, 9960226))), ((((9974232, 9959853),
  (9982306, 9967841)), ((9938917, 9911167), (9946157, 9918275))), (((9990143,
  (9985363, 9970249)), 9983238), (9959924, 9931925)))), ((((9909061, 9908065),
  (9874983, 9867915)), ((9920454, 9919180), (9882506, 9875437))), (((9993136,
  (9898808, 9865246)), 9945073), ((9909741, 9876064), 9952319)))), (((((9939909,
  9991454), (9943991, 9995536)), ((9943702, 9966516), (9947195, 9970008))),
  (((((9992815, (9942133, 9948744)), 9979299), 9995500), ((((9944190, 9950801),
  (9946214, 9952824)), 9983076), ((9995360, (9948748, 9927032)), 9968524))),
  ((9966214, 9938181), (9969705, 9941676)))), ((((9923653, 9922315), (9885186,
  9878117)), ((9926623, 9925276), (9887679, 9880610))), (((9912825, 9879104),
  9954913), ((9915777, 9882055), 9957387)))))), ((((9746226, (9884074, 9947603)),
  (9753715, (9891564, 9953996))), ((9849509, (9971121, 9982192)), (9854902,
  (9976515, 9986681)))), ((((((9947952, (9973837, 9968138)), (9951818, (9977703,
  9971716))), ((9950580, 9973393), (9953884, 9976696))), ((((((9948207, 9954806),
  (9950175, 9956782)), 9986739), (((9950730, 9929013), (9952706, 9930989)),
  9972187)), ((((9952118, 9958729), (9954040, 9960651)), 9990320), (((9954653,
  9932936), (9956574, 9934825)), 9975768))), ((9973087, 9945058), (9976394,
  9948364)))), ((((9955600, (9981485, 9975217)), (9959307, (9985192, 9978646))),
  ((9957114, 9979927), (9960277, 9983089))), ((((((9955942, 9962552), (9957823,
  9964434)), 9993821), (((9958457, 9936740), (9960349, 9938632)), 9979260)),
  ((((9959686, 9966296), (9961530, 9968140)), (9995544, (9941741, 9944726))),
  (((9962217, 9940501), (9964064, 9942347)), 9982697))), ((9979624, 9951586),
  (9982787, 9954757))))), (((((9929487, 9928140), (9932279, 9930932)), ((9890074,
  9883005), (9892405, 9885336))), (((9918637, 9884913), (9921432, 9887708)),
  9962110)), ((((9935007, 9933659), (9937672, 9936325)), ((9894677, 9887608),
  (9896894, 9889825))), (((9924151, 9890427), (9926825, 9893101)),
  9966600))))))), (((8717976, (((9673374, ((9992808, 9526434), (9998644,
  9526397))), 9099521), ((9683534, ((((9924123, 9708823), 9994358), ((9928595,
  9708804), 9998548)), 9526409)), 9099434))), (8722719, (((9693485, ((((9933049,
  9708756), (9923654, 9708816)), ((9937388, 9708798), (9927710, 9708858))),
  9526403)), (9703234, ((((9941718, 9708822), (9931756, 9708882)), ((9945969,
  9708761), (9935723, 9708821))), 9526366))), 9099308))), ((((((9960256,
  9526434), (9975338, 9526397)), ((9867717, 9524192), (9878459, 9526397))),
  9152592), (((9988833, 9526409), (9884378, 9526409)), 9152505)), ((((9996506,
  9526403), ((((9921209, 9708882), (9924899, 9708821)), 9956179), 9526366)),
  ((9890021, 9526403), (9895447, 9526366))), 9152378)))), ((((9987660, (9011421,
  9878983)), ((8996201, (((9787828, ((9903288, (9920327, 9977366)), (9907428,
  (9924468, 9981213)))), (9912297, (((((9972055, (9948556, 9986230)), (9974154,
  (9950655, 9988254))), ((9976087, 9991773), (9978037, 9993723))), ((((9982323,
  9976314), (((9976142, 9976878), (9977161, 9977897)), 9992231)), ((9984421,
  9978401), (((9978176, 9978911), (9979185, 9979921)), 9994262))), ((9995259,
  9976258), ((9992909, 9981102), 9978215)))), ((((9976234, (9952734, 9990259)),
  (9978295, (9954795, 9992246))), ((9979970, 9995656), (9981884, (9988014,
  9981320)))), ((((9986501, 9980478), (((9980190, 9980926), (9981191, 9981926)),
  9996279)), ((9988562, 9982535), (((9982186, 9982922), (9983177, 9983913)),
  (9997280, ((9974331, 9933240), 9990187))))), (((9994842, 9982963), 9980160),
  ((9996756, 9984806), 9982084))))))), ((9797109, ((9911495, (9928534, 9984988)),
  (9915488, (9932528, 9988694)))), (9921577, (((((9980337, (9956837, 9994215)),
  (9982361, (9958861, 9996166))), ((9983781, (9989910, 9983146)), (9985659,
  (9991789, 9984954)))), ((((9990604, 9984574), (((9984164, 9984900), (9985146,
  9985882)), (((9975322, 9934226), 9991160), ((9976307, 9935207), 9992127)))),
  ((9992628, 9986593), (((9986124, 9986860), (9987097, 9987833)), (((9977288,
  9936184), 9993089), ((9978263, 9937156), 9994047))))), (((((9972209, 9969759),
  (9973155, 9970705)), 9986632), 9983987), ((((9974097, 9971647), (9975034,
  9972584)), 9988440), 9985871)))), ((((9984367, (9960867, ((9969817, 9980539),
  (9970781, 9981503)))), (9986355, (9962855, ((9971741, 9982463), (9972696,
  9983418))))), ((9987521, (9993651, 9986745)), (9989365, (9995495, 9988519)))),
  ((((9994634, 9988594), (((9988066, 9988801), (9989030, 9989766)), (((9979234,
  9938123), 9994999), ((9980199, 9939085), 9995947)))), (((9995630, (9932854,
  9988419)), 9990576), (((9989990, 9990726), (9990945, 9991681)), (((9981160,
  9940043), 9996889), ((9982115, 9940996), (9973883, 9938265)))))), (((((9975967,
  9973517), (9976896, 9974445)), 9990231), 9987736), ((((9977820, 9975370),
  (9978740, 9976289)), 9992005), 9989581))))))))), (9019064, (((9806084,
  (9923263, ((9936450, 9992330), (9940302, 9995898)))), (9814763, (9930756,
  ((9944084, (9936362, 9974901)), (9947796, (9939794, 9978333)))))), ((9930552,
  (((((9988325, (9964825, ((9973647, 9984370), (9974594, 9985316)))), (9990277,
  (9966778, ((9975536, 9986259), (9976474, 9987197))))), ((9991192, ((9996410,
  (9970004, 9978230)), 9990276)), (9993001, (((9970911, 9979137), (9971814,
  9980039)), 9992017)))), ((((((9933842, 9989388), (9934824, 9990352)), 9992541),
  (((9991896, 9992632), (9992843, 9993579)), (((9983066, 9941945), (9974816,
  9939196)), ((9984013, 9942889), (9975745, 9940123))))), ((((9935803, 9991313),
  (9936777, 9992268)), 9994428), (((9993785, 9994521), (9994723, 9995459)),
  (((9984955, 9943763), (9976669, 9940979)), ((9985893, 9944705), (9977590,
  9941904)))))), (((((9979655, 9977205), (9980566, 9978116)), 9993762), 9991408),
  ((((9981473, 9979023), (9982376, 9979926)), 9995503), 9993217)))), ((((9992212,
  (9968712, ((9977408, 9988130), (9978337, 9989059)))), (9994129, (9970629,
  ((9979262, 9989984), (9980183, 9990905))))), ((9994794, (((9972712, 9980938),
  (9973606, 9981832)), 9993740)), ((9981518, 9979760), (((9974496, 9982722),
  (9975381, 9983607)), 9995446)))), ((((((9937746, 9993220), (9938711, 9994167)),
  9996369), (((9995657, 9996393), (9996586, 9997322)), (((9986827, 9945643),
  (9978505, 9942824)), ((9987756, 9946576), (9979417, 9943740))))), ((((9939672,
  9995110), (9940629, 9996048)), 9998293), ((((9993141, 9989154), (9996581,
  9989890)), ((9994062, 9990057), (((9984407, 9982511), (9984867, 9982971)),
  9990793))), (((9988681, 9947505), (9980324, 9944651)), ((9989602, 9948429),
  (9981227, 9945558)))))), (((((9983274, 9980824), (9984168, 9981718)), (9996366,
  (9971728, 9966069))), 9995010), ((((9985058, 9982608), (9985944, 9983494)),
  ((9972584, 9966924), (9973435, 9967775))), 9996785)))))), (9939231,
  ((((((9920830, 9979248), (9922713, 9981059)), ((9972529, (9982011, 9992733)),
  (9974411, (9983822, 9994544)))), (((9983276, 9981450), (9985017, 9983123)),
  (((9977140, 9985366), (9969819, 9973443)), ((9978881, 9987107), (9971492,
  9975116))))), (((9926425, 9984630), (9978123, ((9985616, 9996338), (9987393,
  (9992397, 9989601))))), (((9986742, 9984779), (9988449, 9986419)), (((9980606,
  9988832), (9973148, 9976772)), ((9982313, 9990539), (9974788, 9978412)))))),
  (((((((9941581, (9975122, 9979786)), (9942528, (9976052, 9980716))), ((9937331,
  9992083), (9938281, 9993016))), ((((9994978, 9990956), (((9985325, 9983429),
  (9985783, 9983887)), 9991692)), ((9995890, 9991851), (((9986239, 9984343),
  (9986695, 9984799)), 9992586))), (((9990518, 9949349), (9982126, 9946460)),
  ((9991430, 9950264), (9983021, 9947358))))), (((9944410, (9977898, 9982562)),
  (9940168, 9994865)), (((((9983663, 9986831), 9992741), ((9984566, 9987735),
  9993627)), (((9987603, 9985707), 9993477), ((9988506, 9986610), 9994363))),
  (((9992338, 9951175), (9983911, 9948251)), ((9993241, 9952081), (9984797,
  9949140)))))), (((((9986825, 9984375), (9987702, 9985252)), ((9974282,
  9968622), (9975124, 9969465))), ((9997666, (9974599, 9944287)), 9981666)),
  (((9989443, 9986993), (9976798, 9971138)), (((9975472, 9945163), (9976340,
  9946034)), 9983339)))), (((((9946275, (9979728, 9984391)), (9948122, (9981539,
  9986203))), ((9942037, 9996694), (9943888, (9979106, 9929275)))),
  ((((((9985465, 9988634), (9986360, 9989529)), 9995386), (((9989405, 9987509),
  (9990300, 9988404)), 9996122)), ((((9987251, 9990419), (9988137, 9991306)),
  (9996259, (9983993, 9984918))), (((9991191, 9989295), (9992077, 9990181)),
  (9996995, (9985229, 9982209))))), (((9995035, 9953880), (9986556, 9950904)),
  ((9996812, 9955661), (9988298, 9952650))))), ((((9991168, 9988718), (9978454,
  9972794)), ((9992876, 9990426), (9980094, 9974434))), (((9978065, 9947764),
  9984995), ((9979772, 9949476), 9986635)))))))))))), ((((9767837, ((9898762,
  9960125), (9905685, 9966000))), (9864973, ((9981667, 9990952), (9986585,
  9995010)))), ((9780884, ((9912341, 9971625), (9918732, 9977005))), (9874125,
  ((9991274, (9831185, 9888322)), (9995737, (9834833, 9891969)))))),
  (((((((9962941, (9988826, 9982005)), (9966505, (9992390, 9985298))), ((9963374,
  9986186), (9966406, 9989218))), ((((((9963356, 9969966), (9965164, 9971774)),
  ((9943429, 9946414), (9945101, 9948086))), (((9965890, 9944129), (9967698,
  9945944)), 9986057)), ((((9966954, 9973565), (9968728, 9975338)), ((9946755,
  9949740), (9948393, 9951378))), (((9969489, 9947746), (9971262, 9949529)),
  9989349))), ((9985884, 9957854), (9988916, 9960886)))), ((((9970001, (9995885,
  9988524)), (9973428, (((9934572, 9957336), (9936277, 9959041)), 9991685))),
  ((9969375, 9992187), (9972280, 9995093))), ((((((9970484, 9977095), (9972223,
  9978834)), ((9950014, 9952999), (9951619, 9954604))), (((9973018, 9951293),
  (9974757, 9953037)), 9992576)), ((((9973946, 9980556), (9975651, 9982262)),
  ((9953208, 9956193), (9954781, 9957766))), (((9976480, 9954762), (9978185,
  9956469)), 9995737))), ((9991884, 9963855), (9994790, 9966761))))),
  (((((9940278, 9938931), (9942825, 9941478)), ((9899057, 9891988), (9901165,
  9894096))), (((9929431, 9895669), (9931978, 9898237)), 9970871)), ((((9945313,
  9943966), (9947743, 9946396)), ((9903220, 9896151), (9905223, 9898154))),
  (((9934466, 9900738), (9936896, 9903172)), 9974928)))), (((((9980084,
  ((((9937966, 9960730), (9939638, 9962402)), 9994782), ((9942933, 9965697),
  (9934778, 9951673)))), (9977906, ((9981300, 9964174), (9984082, 9966717)))),
  ((9986476, (((9946161, 9968925), (9937747, 9954641)), ((9949324, 9972088),
  (9940652, 9957547)))), (9983285, ((9986803, 9969200), (9989462, 9971626))))),
  (((((((9977340, 9983950), (9979012, 9985623)), ((9956337, 9959322), (9957877,
  9960862))), (((9979874, 9958157), (9981546, 9959830)), (9997293, (9950198,
  9926277)))), ((((9980668, 9987278), (9982307, 9988917)), ((9959401, 9962386),
  (9960910, 9963895))), (((9983202, 9961485), (9984841, 9963124)), ((9951722,
  9927802), (9953231, 9929310))))), (((9988613, 9963871), 9969604), ((9991395,
  9966414), 9972386))), (((((9985535, 9992146), (9963878, 9966863)), ((9988698,
  9995309), (9966784, 9969769))), ((((9986463, 9964747), (9988069, 9966353)),
  ((9954723, 9930802), (9956199, 9932278))), ((9991232, 9969516), (9959105,
  9935184)))), (((9994115, 9968898), ((9941266, 9940198), 9971324)), 9977766)))),
  ((((9952431, 9951084), (9909072, 9902003)), ((9956895, 9955548), (9912719,
  9905650))), ((((9939268, 9905544), (9941584, 9907860)), 9978778), ((9946048,
  9912324), 9982425))))))), (((8722719, (((9707185, ((((9950110, 9708793),
  (9939579, 9708853)), ((9954243, 9708814), (9943429, 9708874))), 9526277)),
  (9707201, ((((9958301, 9708787), (9947204, 9708847)), ((9962284, 9708743),
  (9950904, 9708803))), 9526348))), 9099481)), (8722708, (((9707162, ((((9966136,
  9708770), (9954473, 9708830)), ((9968522, 9708791), (9958058, 9708851))),
  9526396)), (9707190, ((((9968539, 9708807), (9961571, 9708867)), ((9968550,
  9708819), (9965013, 9708879))), 9526424))), 9099382))), ((((((((9928479,
  9708853), (9932053, 9708874)), 9962292), 9526277), ((((9935553, 9708847),
  (9938979, 9708803)), 9968182), 9526348)), ((9900584, 9526277), (9905518,
  9526348))), 9152552), (((((((9942276, 9708830), (9945589, 9708851)), 9973768),
  9526396), ((((9948832, 9708867), (9952006, 9708879)), 9979176), 9526424)),
  ((9910167, 9526396), (9914659, 9526424))), 9152453))))), ((((((((9879102,
  ((9949098, 9934662), (9955508, 9941041))), (9856757, 9941627)), ((9884358,
  ((9958120, 9943628), (9960276, 9945531))), (9862574, 9945125))), (((9989130,
  9898813), (9887134, 9783659)), ((9993640, 9903041), (9889972, 9786497)))),
  (((9885683, 9905886), (9893438, 9913641)), ((9987759, 9759676), (9992800,
  9713237)))), (((((9888282, ((9962262, 9947165), (9964181, 9948721))), (9865243,
  9947708)), ((9891965, (9967864, 9951695)), (9867603, 9950068))), ((((9995628,
  (9977589, 9933462)), 9906935), (9892499, 9789024)), (((9981272, 9936435),
  9910618), (9894858, 9791384)))), (((9895424, 9915626), (9896843, 9917046)),
  ((9994339, 9650894), (9995749, 9503332))))), ((((9894394, 9152592), (9898508,
  9152505)), 9849986), ((9906107, 9152378), 9852944))), ((((((9898746, ((9971350,
  9954494), (9974645, 9946087))), (9850219, 9932684)), ((9904789, ((9969968,
  9949595), (9980687, 9954867))), (9838910, 9921375))), (((((9984758, 9939234),
  9914104), ((9988053, 9930828), 9917399)), ((9897067, 9793593), (9877474,
  9774000))), ((((9983377, 9934335), (9994096, 9939607)), 9923441), (9866166,
  9762691)))), (((9811196, 9831398), (9807947, 9828150)), 9916894)), (((9912889,
  9152552), (9918931, 9152453)), 9764048)))), 8596976), (((((((9042300, 9898603),
  (9049943, (((9831247, ((9937973, (9955012, ((9943159, 9981698), (9946456,
  9984996)))), (9944519, (9961559, ((9949688, 9988227), (9951834, 9990373)))))),
  (9955716, ((((((9930067, 9988132), (9981766, ((9989153, (9994157, 9991326)),
  (9990896, (9995900, 9993034))))), ((9933641, 9991567), (9985340, ((9992621,
  (((9983213, 9988418), (9984074, 9989279)), 9994726)), (9994330, (((9984930,
  9990136), (9985782, 9990988)), 9996400)))))), (((9991814, 9989649), (((9984004,
  9992230), (9985678, 9993904)), ((9976411, 9980035), (9978018, 9981642)))),
  ((9995112, 9992813), (((9987335, 9995561), (9988976, (9992459, 9988531))),
  ((9979608, 9983232), (9981182, 9984806)))))), ((((((9949952, (9983334,
  9987998)), (9951765, (9985112, 9989775))), ((9945721, (9980901, 9931073)),
  (9947536, (9982678, 9932853)))), ((((((9989019, 9992188), (9989897, 9993065)),
  ((9984857, 9985783), (9985718, 9986643))), (((9992959, 9991063), (9993837,
  9991941)), ((9986093, 9983074), (9986954, 9983934)))), ((((9990770, 9993939),
  (9991639, 9994808)), ((9986574, 9987499), (9987426, 9988351))), (((9994710,
  9992814), (9995579, 9993683)), ((9987810, 9984790), (9988662, 9985642))))),
  ((((9997694, (9989841, 9994299)), 9957423), (9990023, 9954379)), ((((9990715,
  9995163), (9991584, 9996024)), 9959168), (9991731, 9956090))))), ((((9953561,
  (9986872, 9991536)), (9955339, (9988615, 9993279))), ((9949332, (9984439,
  9934614)), (9951111, (9986182, 9936358)))), ((((((9992504, 9995673), (9993365,
  9996534)), ((9988274, 9989199), (9989117, 9990043))), (((9996444, 9994548),
  ((9989534, 9992997), 9995409)), ((9989510, 9986490), (9990353, 9987334)))),
  ((((9994222, (9989765, 9993074)), (9995074, (9990618, 9993918))), ((9989956,
  9990882), (9990792, 9991717))), ((((9990390, 9993845), 9996265), ((9991242,
  9994689), 9997118)), ((9991193, 9988173), (9992028, 9989008))))), (((((9992449,
  9996880), (9993309, 9997732)), 9960896), (9993422, 9957782)), ((((9994166,
  (9986330, 9972856)), (9995018, (9987174, 9973700))), 9962605), (9995097,
  9959458)))))), (((((9994566, 9992116), (9996240, 9993790)), ((9981717,
  9976058), (9983324, 9977664))), (((9981463, 9951170), (9983137, 9952847)),
  9989865)), (((((9995758, 9989260), 9995448), (((9996580, (9984263, 9985189)),
  9990867), 9997088)), ((9984914, 9979254), (9986488, 9980828))), (((9984794,
  9954506), (9986435, 9956147)), 9993029))))), (((((9937146, 9994933), (9988845,
  ((9996022, (((9986630, 9991836), (9987474, 9992680)), ((9983679, 9987864),
  (9984506, 9988691)))), ((9988884, 9988977), (((9988314, 9993519), (9989149,
  9994355)), ((9985329, 9989514), (9986147, 9990332))))))), ((9940187, ((9967493,
  9985740), 9990675)), (9991886, (((9990542, 9990601), (((9989980, 9995186),
  (9990807, 9996013)), ((9986961, 9991146), (9987771, 9991956)))), (9993439,
  (((9984765, 9989971), 9989177), 9994481)))))), (((((9967638, 9981618),
  (9969245, 9983226)), 9995912), (((9990600, (9994082, 9990121)), (9992207,
  (9995690, 9991695))), ((9982739, 9986364), (9984281, 9987905)))), ((((9970836,
  9984816), 9992120), ((9968339, 9977230), 9987530)), (((9993798, ((9996487,
  (9983729, 9987914)), 9993253)), (9985984, 9994210)), ((9985806, 9989430),
  (9975899, 9979523)))))), ((((((9957100, (9990342, 9995005)), (9958844,
  (9992051, 9996715))), ((9952872, (9987908, 9938084)), (9954615, (9989618,
  9938440)))), ((((((9995922, (9991466, 9994757)), ((9988403, 9992424), (9992309,
  9995592))), ((9991623, 9992548), (9992449, 9993375))), ((((9992090, 9995528),
  (9990404, 9993632)), ((9992934, 9996364), (9991248, 9994468))), ((9992859,
  9989839), (9993685, 9990666)))), (((((9989243, 9993255), (9993149, 9996423)),
  ((9990078, 9994082), (9993984, (9996837, (9990708, 9991190))))), ((9993272,
  9994197), (9994090, 9995016))), ((((9993774, (9996780, (9990803, 9990474))),
  (9992087, 9995299)), ((9994609, ((9991217, 9990888), (9991630, 9991301))),
  (9992923, 9996125))), ((9994508, 9991488), (9995326, 9992307))))),
  (((((9995866, (9988013, 9974540)), (9996710, (9988848, 9975375))), 9964297),
  (9996754, 9961115)), ((((9997550, (9989679, 9976206)), ((9986993, 9970837),
  (9990506, 9977033))), 9965971), ((9997577, (9986145, 9973834)), 9962756))))),
  ((((9960571, (9993743, ((9973681, 9993200), (9974525, 9994036)))), (9956372,
  (9988708, 9993371))), ((9956342, (9991310, 9938440)), (9952143, (9986274,
  9932270)))), (((((((9990909, 9994904), (9994816, ((9991120, 9991602), (9991531,
  9992013)))), ((9991736, 9995723), (9995642, ((9991941, 9992422), 9996376)))),
  ((9994904, 9995830), (9995715, 9996640))), ((((9995440, ((9992042, 9991713),
  (9992453, 9992124))), (9993754, 9996948)), ((9996267, ((9992862, 9992533),
  (9990756, 9990427))), (9994581, ((9991065, 9989215), 9995252)))), ((9996141,
  9993121), (9996951, 9993931)))), ((((9994057, (9989601, 9992458)), (9984917,
  9988086)), ((9988817, 9989743), 9992751)), ((((9990225, 9993230), 9996100),
  (9988857, 9986961)), ((9990054, 9987034), 9993487)))), ((((((9987824, 9971668),
  (9991329, 9977855)), ((9988651, 9972495), (9992147, 9978674))), 9967629),
  (((9986959, 9974649), (9987769, 9975459)), 9964380)), ((((9994001, 9997965),
  9993592), 9961070), (9993178, 9957538)))))), ((((((((9985077, 9986003),
  (9985887, 9986812)), 9992458), (((9984723, 9981704), (9985533, 9982513)),
  9990008)), ((((9986693, 9987618), (9987494, 9988420)), 9994032), (((9986339,
  9983319), (9987141, 9984121)), 9991582))), ((9988045, 9982386), (9989586,
  9983927))), (((9988059, 9957771), (9989666, 9959378)), 9996128)),
  (((((((9988292, 9989217), (9989085, 9990011)), 9995590), (((9987938, 9984918),
  (9988731, 9985712)), 9993140)), (9996546, 9994096)), ((9991111, 9985452),
  (9981205, 9975545))), (((9991257, 9960969), (9983443, 9953155)),
  9997782)))))))), ((9814491, ((9921267, (9938306, 9988560)), 9986196)),
  (9938960, (((((9991838, (9968339, ((9975241, 9985963), 9985163))), (9957798,
  9987879)), ((9989064, (9995194, 9985093)), (9955018, 9970704))), ((((((9938182,
  9992373), 9984560), 9996025), (((9993490, 9994226), (9976094, 9976830)),
  (((9984660, 9942747), (9974980, 9939340)), 9991208))), ((9968065, 9961925),
  (9985056, 9974673))), (((((9978350, 9975900), 9986453), 9988579), 9989280),
  (9974190, 9955233)))), ((9982334, 9979436), (((9977311, (9953819, 9943435)),
  9992969), 9991735)))))))), (9911838, (8920379, (((9694200, 9931264), (9818669,
  ((9962912, 9975210), (9915430, 9927729)))), (9919501, (9730315, 9975165)))))),
  (((((9791110, ((9924863, 9982143), (9928958, 9983181))), (9877517, (((9831454,
  9919716), (9838042, 9895179)), ((9831456, 9919718), (9838043, 9895179))))),
  ((9761320, (9899169, 9944084)), (9826010, ((9947621, 9937908), 9959800)))),
  ((((((9992607, (((9952422, 9975186), (9943495, 9960389)), ((9955456, 9978220),
  (9946275, 9963170)))), (9988424, ((9992061, 9973994), (9994601, 9976053)))),
  (((9944231, 9960427), (((9958424, 9981189), (9959550, 9982314)), ((9948911,
  9965806), (9948936, 9965830)))), (9989461, ((9995634, 9976055), (9993345,
  9967717))))), ((((((9991796, ((9992512, 9979649), (9994053, 9981126))),
  (9969626, 9972611)), ((9994829, ((9995577, (9969768, 9971751)), 9984031)),
  (9972407, 9975392))), (((9994330, 9972614), (9961947, 9938026)), (((9996267,
  9979954), 9975647), (9964728, 9940807)))), ((((9943865, 9942797), 9973692),
  ((9946404, 9945337), 9975750)), 9982904)), ((((((9988051, 9980263), (((9971261,
  9973243), (9972737, 9974720)), 9986873)), ((9989177, 9980819), (((9973820,
  9975802), 9989307), 9987430))), ((9975043, 9978028), (9975067, 9978052))),
  ((((((9972261, 9966032), (9973738, 9967509)), 9982797), 9978616), ((((9974820,
  9968591), 9988488), 9983354), 9979742)), ((9967364, 9943443), (9967388,
  9943467)))), ((((9947438, 9946370), 9975752), ((9945149, 9944081), 9967415)),
  9983942)))), ((((9960286, 9958938), (9915929, 9908860)), ((9960288, 9958940),
  (9915929, 9908861))), (((9949438, 9915714), 9985635), ((9949440, 9915716),
  9985635)))), (((((9966778, (9992663, 9977808)), (9901602, 9953147)), ((9950360,
  9973172), (9885848, 9908661))), ((((((9968926, 9975536), 9990449), 9996412),
  (((9971460, 9949743), 9986109), 9981860)), (9971751, 9957199)), ((9972870,
  9944840), (9908358, 9880329)))), ((((9908779, 9907431), 9978357), (9975634,
  9911380)), (((9897931, 9864207), 9917826), 9939718))))), ((9995076, ((9708890,
  9906064), 9976738)), ((((9976709, 9961411), (((9916519, 9901967), 9969727),
  9954294)), (9953722, 9946604)), ((9946514, 9885982), (9860332, 9799801)))))),
  (((8722684, (((9707201, ((((9968561, 9708830), (9968561, 9708890)), ((9968562,
  9708738), (9968562, 9708798))), 9526343)), (9687273, ((((9944635, 9684904),
  (9941844, 9682173)), 9957890), 9502534))), 9099533)), (8583550, (((9565079,
  (9902128, 9380937)), 9949821), 8924235))), ((((((((9958147, 9708890), 9984326),
  ((9962242, 9708798), 9985363)), 9526343), (9918062, 9526343)), (((((9932258,
  9678750), 9946172), 9946267), 9496320), (9866555, 9474889))), 9152604),
  ((((9891070, 9375691), 9936702), 9883614), 8977306)))), (((((((9899804,
  ((9983448, 9941695), (9958676, 9887846))), (9822286, 9904751)), ((9796448,
  9920973), (9677515, 9759980))), ((((((9866619, 9853526), 9926436), 9992043),
  9918457), (9849542, 9746067)), ((9905714, 9815100), 9920027))), (((9708850,
  9729053), 9952041), 9822984)), (((((9689070, 9813595), 9934659), (9965106,
  9867455)), (((9798336, 9707723), 9823142), 9957990)), (9887118, 9642036))),
  (((9899050, 9152604), 9670138), 9906563))), 8538108)), (((((((9782846,
  9379870), 9579198), ((9674746, 9271770), 9584890)), 9124069), (((9693975,
  9290999), 9629370), 9095118)), 8206616), (((((9716457, 9313481), (9680699,
  9277723)), 9677495), 9142828), 8119878))), (((((((9763232, (8771773,
  (((9851862, 9984520), (9798420, 9931078)), 9971100))), (9602679, (8611220,
  9905960))), ((((9838620, 9910667), 9972413), ((((9885875, 9878758), (9832233,
  9825115)), ((9794261, 9733730), 9957253)), ((9788833, 9781716), 9914878))),
  (9906314, (9937990, 9850047)))), (((8424118, ((9880962, 8773181), 9929013)),
  9863471), (((9868965, 8826251), 9971511), 9905457))), ((((((9899464, 9818899),
  9910027), 9888484), (9795433, 9550351)), ((9850344, 9738826), (9681483,
  9436401))), 9757241)), 8183195), (((((9656454, 9253479), 9690590), ((9592784,
  9189809), 9692690)), 9069142), 8022781))), ((((((((9520374, 9985064), 9964005),
  ((9821884, 9920735), (9770322, 9869173))), 9830521), ((9931873, (9735612,
  9834463)), 9742546)), (((((9779276, 9667758), (9737113, 9625596)), ((9627517,
  9382435), (9595475, 9350393))), 9540645), (((9712621, 9601103), (9579041,
  9333959)), 9468078))), 7986935), ((((((9560760, 9157784), (9540958, 9137983)),
  9697571), 8970381), (((9532156, 9129180), 9690744), 8933299)), 7932203))),
  ((((((9890540, ((9691706, 9790556), (9665126, 9763976))), 9697806), ((9847034,
  (9647332, 9746183)), 9652554)), (((((9673522, 9562005), (9550893, 9305812)),
  ((9648660, 9537142), (9534255, 9289174))), 9428979), (((9631980, 9520463),
  (9525901, 9280819)), 9387437))), 7883562), ((((((9513337, 9110361), (9502071,
  9099095)), 9689134), 8918975), ((9990667, 9682357), 8898194)), 7858792))),
  ((((((9825989, ((9624937, 9723787), (9611440, 9710291))), 9629732), ((9803935,
  (9602430, 9701281)), 9606779)), (((((9611012, 9499494), (9511462, 9266380)),
  ((9598367, 9486849), 9996606)), 9366469), (((9589910, 9478393), 9990364),
  9345368))), 7830483), ((((9982824, 9680321), 8890351), ((9971884, 9676033),
  8879411)), 7818722))), ((((((9793316, ((9591120, 9689970), (9584319,
  9683169))), 9595253), ((9782214, (9579785, 9678636)), 9583694)), (((((9579309,
  9467792), 9981165), ((9572933, 9461415), 9975625)), 9334767), (((9568675,
  9457157), 9971924), 9324132))), 7803584), ((((9967794, 9674696), 8875321),
  9994339), 7797857)))


Row 8: (b_0, B_0, b_1, B_1)=(3/4, 1, 3/4, 1).
  2624 leaves; largest upper integer 9997516.
  ((((((((((((((9895201, (8834245, (((9665602, ((9873359, 9991989), (9878712,
  (9881517, 9970888)))), (9725182, ((((9981784, ((9980560, (9990341, 9987304)),
  (9981835, (9991616, 9988244)))), (((9894415, (9989923, 9980849)), (9896434,
  (9991560, 9982486))), (((((9976561, 9976802), (9977255, 9977496)), 9994610),
  9992778), ((((9977910, 9978151), (9978530, 9978771)), 9995550), 9994053)))),
  ((9985268, (9984011, ((9992760, 9989083), (9993792, 9989837)))), (((9898260,
  (9993034, 9983961)), (9899919, (9994370, 9985296))), (((((9979117, 9979358),
  (9979674, 9979915)), 9996389), 9995197), ((((9980203, 9980444), (9980706,
  9980947)), (9996776, (9971645, 9968787))), 9996229))))), ((9990621, ((9985800,
  ((9994728, 9990519), (9995581, 9991138))), (9987296, (((9969043, 9977352),
  (9969760, 9978068)), 9992219)))), (((9902819, ((9995584, (9974398, 9976659)),
  9987621)), (9905269, (((9975416, 9977678), (9976351, 9978613)), 9989574))),
  (((((9981642, 9981883), (9972327, 9969469)), ((9982494, 9982735), (9972946,
  9970088))), (9997165, ((9974073, 9947238), 9984308))), ((((9983274, 9983515),
  (9983989, 9984230)), ((9973510, 9970652), (9974026, 9971167))), (((9974853,
  9948000), (9975567, 9948700)), 9985388)))))))), ((9679280, ((9882631, (9885436,
  9973250)), (9885625, (9888431, 9975031)))), (9738860, (((9994540, ((9988566,
  (((9970420, 9978728), (9971030, 9979339)), 9993133)), (9989658, (((9971596,
  9979905), (9972122, 9980431)), 9993916)))), (((9907371, (((9977219, 9979481),
  (9978021, 9980283)), 9991244)), (9909190, (((9978766, 9981028), (9979453,
  9981715)), 9992676))), (((((9984651, 9984892), (9985261, 9985502)), ((9974503,
  9971645), (9974941, 9972083))), (((9976229, 9949349), (9976840, 9949949)),
  9986304)), ((((9985827, 9986068), (9986346, 9986587)), ((9975347, 9972489),
  (9975716, 9972858))), (((9977405, 9950492), (9977924, 9951017)), 9987079))))),
  ((((9944433, 9994124), (9945836, 9995528)), ((9990607, (((9972613, 9980919),
  (9973071, 9981379)), 9994592)), (9991440, (((9973501, 9981809), (9973903,
  9982212)), 9995185)))), (((9910781, (((9980105, 9982367), (9980715, 9982976)),
  9993938)), (9912185, (((9981284, 9983546), (9981819, 9984080)), 9995042))),
  (((((9986841, 9987082), (9987302, 9987543)), ((9976071, 9973213), (9976401,
  9973542))), (((9978419, 9951506), (9978880, 9951961)), 9987763)), ((((9987732,
  9987973), (9988134, 9988375)), ((9976707, 9973849), (9976993, 9974135))),
  (((9979310, 9952386), (9979713, 9952759)), 9988356))))))))))), (9930360,
  (8869404, (((9688061, ((9887988, (9890793, 9976422)), (9889899, (9892704,
  9977539)))), (9747641, (((((9947083, (9864465, 9982117)), (9948198, (9865580,
  9982990))), ((9992175, (((9974282, 9982591), (9974639, 9982948)), 9995708)),
  (9992831, (((9974976, 9983285), (9975294, 9983603)), 9996171)))), (((9913432,
  (((9982322, 9984565), (9982797, 9985047)), 9996008)), (9914547, (((9983246,
  9985501), (9983670, 9985929)), 9996890))), (((((9988512, 9988736), (9988858,
  9989099)), ((9977261, 9974386), (9977504, 9974646))), (((9980073, 9953143),
  (9980437, 9953504)), 9988866)), ((((9989200, 9989441), (9989522, 9989763)),
  ((9977748, 9974889), (9977977, 9975118))), (((9980779, 9953843), (9981101,
  9954163)), 9989339))))), ((((9949201, (9866583, 9983774)), (9950109, (9867491,
  9984482))), ((9993418, (((9975596, 9983905), (9975882, 9984190)), 9996586)),
  (9993947, (((9976153, 9984462), (9976411, 9984720)), ((9969460, 9976904),
  (9969642, 9977086)))))), (((9915550, (((9984072, 9986333), (9984454, 9986716)),
  (9997295, (9945681, 9989979)))), (9916458, (((9984817, 9987079), (9985162,
  9987424)), ((9946044, 9990294), (9946357, 9990562))))), (((((9989826, 9990067),
  (9990113, 9990354)), ((9978192, 9975334), (9978395, 9975536))), (((9981404,
  9954466), (9981691, 9954751)), 9989757)), ((((9990384, 9990625), (9990642,
  9990850)), ((9978586, 9975728), (9978768, 9975877))), (((9981962, 9954980),
  (9982187, 9955245)), 9990097)))))))), ((9694176, ((9891477, (9894282,
  9978455)), (9892802, (9895607, 9979220)))), (9753756, (((((9950934, (9868316,
  9985125)), (9951687, (9869069, 9985710))), ((9994427, (((9976656, 9984965),
  (9976890, 9985199)), ((9969815, 9977259), (9969980, 9977424)))), (9994863,
  (((9977114, 9985422), (9977327, 9985635)), ((9970137, 9977581), (9970286,
  9977730)))))), (((9917283, (((9985491, 9987753), (9985804, 9988066)),
  ((9946693, 9990855), (9947013, 9991134)))), (9918036, (((9986104, 9988366),
  (9986390, 9988652)), ((9947318, 9991400), (9947609, 9991653))))), (((((9990887,
  9991103), (9991121, 9991344)), ((9978941, 9976057), (9979105, 9976228))),
  (((9982441, 9955497), (9982681, 9955737)), 9990449)), ((((9991345, 9991572),
  (9991558, 9991790)), ((9979262, 9976391), (9979412, 9976545))), (((9982910,
  9955965), (9983127, 9956183)), 9990766))))), ((((9952378, (9869759, 9986246)),
  (9953012, (9870394, 9986739))), ((9995262, (((9977531, 9985839), (9977726,
  9986034)), ((9970430, 9977874), (9970566, 9978010)))), (9995628, (((9977913,
  9986221), (9978092, 9986400)), ((9970697, 9978142), (9970823, 9978267)))))),
  (((9918726, (((9986664, 9988926), (9986926, 9989188)), ((9947886, 9991894),
  (9948151, 9992124)))), (9919361, (((9987177, 9989439), (9987419, 9989680)),
  ((9948404, 9992344), (9948646, 9992554))))), (((((9991762, 9991997), (9991957,
  9992195)), ((9979555, 9976692), (9979692, 9976831))), (((9983335, 9956390),
  (9983533, 9956587)), 9991052)), ((((9992144, 9992384), (9992323, 9992564)),
  ((9979823, 9976964), (9979949, 9977090))), (((9983721, 9956776), (9983901,
  9956955)), 9991311)))))))))))), (((((9729440, ((9876688, 9943632), (9878279,
  9943661))), (9840504, ((9969051, 9976868), (9969056, 9976868)))), ((9731392,
  (9880231, 9943688)), (9840508, ((9969059, 9976868), (9969060, 9976868))))),
  ((((((9961658, ((9995302, (9933339, 9950233)), ((9933341, 9962156), (9933640,
  9950534)))), (9972769, ((9981400, 9965056), (9981424, 9965068)))), ((9963248,
  (((9934211, 9963027), (9933878, 9950772)), ((9934931, 9963746), (9934071,
  9950966)))), (9972797, ((9981440, 9965076), (9981453, 9965081))))),
  (((((((9977052, 9987989), (9977691, 9988628)), ((9964176, 9967161), (9964359,
  9967344))), (((9986946, 9967309), (9987585, 9967947)), ((9959779, 9937999),
  (9959961, 9938181)))), (((9978766, 9989703), (9964660, 9967645)), (((9988152,
  9968515), (9988660, 9969023)), ((9960121, 9938341), (9960262, 9938482))))),
  (((9994224, 9966972), 9978697), ((9994248, 9966984), 9978721))), (((((9979637,
  9990574), (9964898, 9967883)), ((9980356, 9991294), (9965092, 9968077))),
  (((9989531, 9969893), (9960501, 9938721)), ((9990249, 9970611), (9960692,
  9938912)))), (((9994265, 9966992), (9994277, 9966997)), 9978748)))),
  ((((9943191, 9949637), (9906131, 9899063)), ((9943196, 9949642), (9906132,
  9899063))), ((((9944588, 9911860), (9944594, 9911866)), 9981004), ((9944599,
  9911869), 9981005)))), (((((9964369, (((9935536, 9964351), (9936051, 9964867)),
  ((9934231, 9951126), (9934366, 9951261)))), (9965201, (((9936496, 9965311),
  (9936883, 9965699)), ((9934481, 9951375), (9934581, 9951475))))), ((9972814,
  ((9981462, 9965085), (9981469, 9965088))), (9972825, (9981480, 9965092)))),
  ((((((9980961, 9991898), (9981477, 9992414)), ((9965252, 9968237), (9965387,
  9968372))), (((9990855, 9971218), (9991363, 9971726)), ((9960854, 9939074),
  (9960982, 9939201)))), ((((9981921, 9992858), (9982309, 9993246)), ((9965501,
  9968486), (9965601, 9968586))), (((9991815, 9972177), (9992203, 9972565)),
  ((9961104, 9939324), (9961204, 9939424))))), ((((9994286, 9967001), (9994294,
  9967004)), 9978759), ((9994304, 9967008), 9978777)))), ((((9943199, 9949645),
  (9906132, 9899063)), ((9943200, 9949646), (9906132, 9899063))), (((9944601,
  9911866), 9981005), ((9944602, 9911875), 9981005)))))), ((((9732546, (9881385,
  9943701)), (9733308, (9882147, 9943709))), ((9840510, (9969062, 9976868)),
  (9840510, (9969063, 9976868)))), ((((((9965843, (((9937224, 9966039), (9937526,
  9966341)), ((9934668, 9951562), (9934744, 9951639)))), (9966354, (((9937795,
  9966611), (9938037, 9966852)), ((9934812, 9951706), (9934873, 9951767))))),
  ((9972832, (9981487, 9965095)), (9972838, (9981493, 9965097)))), ((((((9982649,
  9993575), (9982951, 9993885)), ((9965688, 9968661), (9965762, 9968747))),
  (((9992532, 9972894), (9992842, 9973205)), ((9961279, 9939499), (9961364,
  9939584)))), ((((9983220, 9994158), (9983462, 9994400)), ((9965833, 9968818),
  (9965893, 9968878))), (((9993115, 9973477), (9993356, 9973686)), ((9961435,
  9939655), (9961496, 9939683))))), (((9994309, 9967008), 9978782), ((9994317,
  9967013), 9978790)))), ((((9966771, (((9938255, 9967071), (9938453, 9967269)),
  ((9934927, 9951822), (9934976, 9951871)))), (9967116, (((9938634, 9967449),
  (9938799, 9967614)), ((9935021, 9951916), (9935062, 9951956))))), ((9972842,
  (9981497, 9965099)), (9972846, (9981501, 9965100)))), ((((((9983681, 9994618),
  (9983879, 9994816)), ((9965948, 9968933), (9965997, 9968982))), (((9993556,
  9973918), (9993764, 9974127)), ((9961531, 9939751), (9961590, 9939810)))),
  ((((9984059, 9994997), (9984224, 9995162)), ((9966042, 9969027), (9966083,
  9969068))), (((9993951, 9974313), (9994118, 9974481)), ((9961641, 9939861),
  (9961685, 9939905))))), (((9994322, 9967015), 9978786), ((9994325, 9967016),
  9978798))))), (((((9943201, 9949647), (9943202, 9949648)), ((9906132, 9899063),
  (9906132, 9899063))), (((9944600, 9911873), (9944604, 9911876)), 9981005)),
  ((((9943202, 9949648), (9943203, 9949649)), ((9906132, 9899063), (9906132,
  9899063))), (((9944596, 9911868), (9944605, 9911877)), 9981005))))))),
  (((8596834, (((9538231, ((((9917448, (9955548, 9708890)), (9919048, (9957147,
  9708889))), 9526434), ((9921704, ((9958552, 9708877), (9959803, 9708889))),
  9526397))), 8990543), ((9542219, (((9923868, (9961968, 9708883)), (9925692,
  (9963792, 9708864))), 9526409)), 8990456))), (8601577, (((9545259, (((9927326,
  (9965426, 9708816)), (9928732, (9966831, 9708858))), 9526403)), (9546989,
  (((9930053, (9968153, 9708882)), (9930462, (9968561, 9708821))), 9526366))),
  8990329))), (((((((((9953666, 9708890), (9954698, 9708889)), 9983764),
  9526434), ((((9955541, 9708877), (9956239, 9708889)), 9983791), 9526397)),
  ((9916901, 9526434), (9916904, 9526397))), 9152592), ((((((9957332, 9708883),
  (9958135, 9708864)), 9983793), 9526409), (9916884, 9526409)), 9152505)),
  (((((((9958797, 9708816), (9959276, 9708858)), 9983800), 9526403), ((((9959715,
  9708882), (9960070, 9708821)), 9983841), 9526366)), ((9916879, 9526403),
  (9916912, 9526366))), 9152378)))), (((9963410, ((8889475, (((9698679,
  ((9893931, (9896736, 9979868)), (9894903, (9897708, 9980425)))), (9758259,
  (((((9953598, (9870980, 9987193)), (9954141, (9871523, 9987613))), ((9995965,
  (((9978264, 9986572), (9978429, 9986737)), ((9970943, 9978388), (9971059,
  9978503)))), ((9980243, 9979547), (((9978588, 9986896), (9978740, 9987049)),
  ((9971170, 9978614), (9971277, 9978721)))))), (((9919947, (((9987650, 9989912),
  (9987873, 9990134)), ((9948877, 9992755), (9949056, 9992903)))), (9920490,
  (((9988087, 9990348), (9988292, 9990554)), ((9949269, 9993089), (9949482,
  9993274))))), (((((9992495, 9992736), (9992660, 9992901)), ((9980069, 9977211),
  (9980185, 9977327))), (((9984073, 9957101), (9984194, 9957240)), 9991503)),
  ((((9992819, 9993060), (9992971, 9993212)), ((9980296, 9977438), (9980403,
  9977544))), (((9984352, 9957406), (9984512, 9957566)), 9991727))))),
  ((((9954645, (9872027, 9988002)), (9955114, (9872496, 9988365))), (((9980532,
  9979749), (((9978887, 9987196), (9979029, 9987337)), ((9971380, 9978824),
  (9971479, 9978923)))), ((9980800, 9979936), (((9979165, 9987474), (9979297,
  9987606)), ((9971574, 9979018), (9971666, 9979110)))))), (((9920994,
  (((9988491, 9990753), (9988682, 9990944)), ((9949687, 9993452), (9949884,
  9993623)))), (9921463, (((9988866, 9991128), (9989044, 9991306)), ((9950073,
  9993788), (9950255, 9993946))))), (((((9993118, 9993359), (9993260, 9993501)),
  ((9980505, 9977647), (9980604, 9977746))), (((9984665, 9957719), (9984813,
  9957866)), 9991941)), ((((9993396, 9993637), (9993528, 9993769)), ((9980700,
  9977841), (9980792, 9977933))), (((9984954, 9958008), (9985090, 9958144)),
  9992138)))))))), ((9702133, ((9895750, (9898555, 9980908)), (9896494, (9899300,
  9981331)))), (9761713, (((((9955551, (9872933, 9988702)), (9955961, (9873342,
  9989018))), (((9981050, 9980110), (((9979424, 9987733), (9979547, 9987855)),
  ((9971754, 9979199), (9971840, 9979284)))), ((9981283, 9980273), (((9979665,
  9987974), (9979780, 9988089)), ((9971923, 9979367), (9972003, 9979447)))))),
  (((9921900, (((9989216, 9991478), (9989382, 9991644)), ((9950431, 9994099),
  (9950601, 9994246)))), (9922310, (((9989543, 9991804), (9989698, 9991960)),
  ((9950764, 9994387), (9950921, 9994524))))), (((((9993655, 9993896), (9993778,
  9994019)), ((9980880, 9978022), (9980966, 9978108))), (((9985221, 9958275),
  (9985347, 9958401)), 9992319)), ((((9993896, 9994137), (9994011, 9994252)),
  ((9981049, 9978190), (9981128, 9978270))), (((9985469, 9958522), (9985586,
  9958639)), 9992487))))), ((((9956344, (9873726, 9989314)), (9956705, (9874087,
  9989591))), (((9981501, 9980425), (((9979891, 9988200), (9979999, 9988307)),
  ((9972080, 9979524), (9972155, 9979599)))), ((9981706, 9980568), (((9980103,
  9988411), (9980203, 9988512)), ((9972227, 9979671), (9972297, 9979741)))))),
  (((9922693, (((9989848, 9992110), (9989994, 9992255)), ((9951073, 9994656),
  (9951220, 9994783)))), (9923054, (((9990134, 9992396), (9990271, 9992533)),
  ((9951362, 9994905), (9951498, 9995024))))), (((((9994122, 9994363), (9994230,
  9994471)), ((9981206, 9978347), (9981281, 9978422))), (((9985698, 9958752),
  (9985807, 9958861)), 9992642)), ((((9994334, 9994575), (9994434, 9994675)),
  ((9981353, 9978495), (9981423, 9978565))), (((9985912, 9958965), (9986013,
  9959066)), 9992785)))))))))), (8902454, (((9704866, (9897741, ((9899959,
  9981705), (9900546, 9982038)))), (9707083, (9898744, ((9901074, 9982336),
  (9901550, 9982604))))), ((9764446, (((((9957044, (9874426, 9989853)), (9957364,
  (9874746, 9990099))), (((9981899, 9980702), (((9980301, 9988610), (9980396,
  9988705)), ((9972365, 9979809), (9972431, 9979875)))), ((9982080, 9980828),
  (((9980488, 9988797), (9980577, 9988886)), ((9972495, 9979939), (9972557,
  9980001)))))), (((9923393, (((9990404, 9992665), (9990532, 9992794)),
  ((9951631, 9995138), (9951760, 9995249)))), (9923713, (((9990657, 9992919),
  (9990778, 9993040)), ((9951884, 9995357), (9952006, 9995462))))), (((((9994532,
  9994773), (9994627, 9994868)), ((9981491, 9978633), (9981557, 9978699))),
  (((9986111, 9959164), (9986205, 9959259)), 9992919)), ((((9994719, 9994960),
  (9994808, 9995049)), ((9981621, 9978763), (9981683, 9978825))), (((9986297,
  9959284), (9986387, 9959380)), 9993045))))), ((((9957666, (9875048, 9990331)),
  (9957952, (9875333, 9990550))), (((9982251, 9980947), (((9980664, 9988973),
  (9980748, 9989057)), ((9972618, 9980062), (9972676, 9980120)))), ((9982413,
  9981059), (((9980830, 9989139), (9980910, 9989219)), ((9972733, 9980177),
  (9972788, 9980232)))))), (((9924015, (((9990896, 9993158), (9991010, 9993272)),
  ((9952123, 9995563), (9952238, 9995662)))), (9924300, (((9991122, 9993384),
  (9991230, 9993492)), ((9952349, 9995758), (9952457, 9995852))))), (((((9994895,
  9995136), (9994979, 9995220)), ((9981743, 9978885), (9981802, 9978944))),
  (((9986474, 9959472), (9986558, 9959562)), 9993164)), ((((9995061, 9995302),
  (9995141, 9995382)), ((9981859, 9979001), (9981914, 9979056))), (((9986640,
  9959649), (9986719, 9959734)), 9993276))))))), (9766663, ((((9958479,
  ((9875604, 9990758), (9875861, 9990955))), (((9982566, 9981165), (9982711,
  9981265)), (((9981063, 9989372), (9972895, 9980339)), ((9981208, 9989517),
  (9972995, 9980439))))), ((9958955, (9876337, 9991320)), (((9982848, 9981361),
  (9982979, 9981451)), (((9981346, 9989654), (9973090, 9980534)), ((9981476,
  9989785), (9973181, 9980625)))))), ((((9924571, (((9991335, 9993597), (9991438,
  9993700)), ((9952563, 9995943), (9952665, 9996031)))), (9924828, ((9991635,
  9993897), ((9952765, 9996117), (9952862, 9996201))))), (((((9995219, 9995460),
  (9995294, 9995535)), ((9981968, 9979110), (9982020, 9979162))), (((9986797,
  9959816), (9986872, 9959896)), 9993382)), (((9995439, 9995680), (9982121,
  9979263)), (((9986946, 9959973), (9987017, 9960048)), 9993483)))), ((9925304,
  (((9991822, 9994084), (9992000, 9994262)), ((9953049, 9996363), (9953227,
  9996516)))), ((((9995577, 9995818), (9982216, 9979358)), ((9995707, 9995948),
  (9982307, 9979449))), (((9987155, 9960192), 9993578), ((9987286, 9960328),
  9993669)))))))))))), ((((9734253, ((9882688, 9943714), (9883092, 9943718))),
  (9840511, ((9969063, 9976868), (9969064, 9976868)))), ((9734816, ((9883405,
  9943720), (9883655, 9943722))), (9840512, ((9969064, 9976868), (9969064,
  9976868))))), (((((((9967408, (((9938951, 9967766), (9939091, 9967906)),
  ((9935099, 9951994), (9935134, 9952028)))), (9967658, (((9939220, 9968036),
  (9939340, 9968156)), ((9935165, 9952060), (9935195, 9952089))))), ((9972848,
  (9981504, 9965101)), (9972851, (9981506, 9965102)))), ((((((9984376, 9995314),
  (9984516, 9995453)), ((9966120, 9969105), (9966154, 9969139))), (((9994270,
  9974589), (9994410, 9974735)), ((9961722, 9939898), (9961756, 9939939)))),
  ((((9984645, 9995583), (9984765, 9995703)), ((9966186, 9969171), (9966215,
  9969200))), (((9994540, 9974877), (9994660, 9975006)), ((9961788, 9939982),
  (9961818, 9940021))))), (((9994328, 9967017), 9978801), ((9994330, 9967018),
  9978803)))), ((((9967873, (((9939452, 9968267), (9939556, 9968371)), ((9935222,
  9952116), (9935247, 9952142)))), (9968062, (((9939653, 9968468), (9939744,
  9968560)), ((9935271, 9952165), (9935293, 9952187))))), ((9972853, (9981508,
  9965103)), (9972854, (9981510, 9965103)))), ((((((9984877, 9995814), (9984981,
  9995919)), ((9966242, 9969227), (9966268, 9969253))), (((9994771, 9975125),
  (9994875, 9975234)), ((9961845, 9940056), (9961870, 9940086)))), ((((9985078,
  9996016), (9985169, 9996107)), ((9966291, 9969276), (9966313, 9969298))),
  (((9994973, 9975334), (9995064, 9975426)), ((9961894, 9940113), (9961916,
  9940136))))), (((9994332, 9967019), 9978805), ((9994334, 9967019),
  9978807))))), (((((9943203, 9949649), (9943203, 9949649)), ((9906132, 9899063),
  (9906132, 9899063))), (((9944605, 9911878), (9944605, 9911878)), 9981005)),
  ((((9943203, 9949649), (9943203, 9949649)), ((9906132, 9899063), (9906132,
  9899063))), (((9944606, 9911878), (9944606, 9911878)), 9981005)))),
  (((((9968375, ((((9939830, 9968645), (9939910, 9968725)), ((9935314, 9952208),
  (9935333, 9952227))), ((9940057, 9968873), (9935369, 9952263)))), (9972857,
  ((9981511, 9965104), (9981512, 9965104)))), ((9968625, (((9940189, 9969004),
  (9935400, 9952295)), ((9940307, 9969123), (9935429, 9952323)))), (9972859,
  ((9981513, 9965105), (9981514, 9965105))))), (((((((9985255, 9996192),
  (9985335, 9996273)), ((9966334, 9969319), (9966354, 9969339))), (((9995149,
  9975512), (9995230, 9975592)), ((9961936, 9940156), (9961956, 9940176)))),
  ((((9985411, 9996349), (9985483, 9996420)), ((9966372, 9969357), (9966389,
  9969374))), (((9995305, 9975668), (9995377, 9975739)), ((9961974, 9940194),
  (9961991, 9940211))))), (((9994335, 9967020), 9978808), ((9994337, 9967020),
  9978809))), (((((9985614, 9996552), (9966421, 9969406)), ((9985733, 9996670),
  (9966449, 9969434))), ((((9995444, 9975807), (9995508, 9975871)), ((9962008,
  9940228), (9962023, 9940243))), ((9995627, 9975989), (9962052, 9940271)))),
  (((9994338, 9967021), (9994339, 9967021)), 9978812)))), ((((9943204, 9949650),
  (9906132, 9899063)), ((9943204, 9949650), (9906132, 9899063))), ((((9944606,
  9911878), (9944606, 9911879)), 9981005), ((9944606, 9911879), 9981005))))))),
  (((8601577, (((9546973, (((9930424, (9968524, 9708853)), (9930446, (9968545,
  9708874))), 9526276)), (9546989, (((9930458, (9968558, 9708847)), (9930462,
  (9968562, 9708803))), 9526348))), 8990503)), (8601566, (((9546950, (((9930401,
  (9968501, 9708830)), (9930423, (9968522, 9708851))), 9526396)), (9546978,
  (((9930439, (9968539, 9708867)), (9930451, (9968550, 9708879))), 9526424))),
  8990404))), ((((((((9960324, 9708853), (9960594, 9708874)), 9983830), 9526277),
  ((((9960822, 9708847), (9961015, 9708803)), 9983849), 9526348)), ((9916897,
  9526277), (9916913, 9526348))), 9152552), (((((((9961120, 9708830), (9961288,
  9708851)), 9983813), 9526396), ((((9961436, 9708867), (9961566, 9708879)),
  9983843), 9526424)), ((9916874, 9526396), (9916903, 9526424))), 9152453))))),
  ((((((((9871149, ((9963346, 9944587), (9963347, 9944594))), (9853782,
  9957964)), ((9871149, ((9963347, 9944594), (9963347, 9944594))), (9853784,
  9957964))), (((((9988775, 9944088), (9988775, 9944089)), 9923930), (9911817,
  9808343)), ((((9988775, 9944089), (9988775, 9944089)), 9923930), (9911817,
  9808343)))), (((9906301, 9926504), (9906325, 9926528)), (((9805612, 9702137),
  9923394), ((9805612, 9702137), 9923394)))), (((((9871149, ((9963347, 9944594),
  (9963347, 9944594))), (9853784, 9957964)), ((9871149, (9963347, 9944594)),
  (9853784, 9957964))), (((((9988775, 9944089), (9988775, 9944089)), 9923930),
  (9911817, 9808343)), (((9988775, 9944089), 9923930), (9911817, 9808343)))),
  (((9906325, 9926528), (9906325, 9926528)), (((9805612, 9702137), 9923394),
  ((9805612, 9702137), 9923394))))), ((((9922289, 9152592), (9922264, 9152505)),
  9881669), ((9922291, 9152378), 9881696))), ((((((9871149, ((9963347, 9944594),
  (9963347, 9944594))), (9853784, 9957964)), ((9871149, ((9963347, 9944594),
  (9963347, 9944594))), (9853784, 9957964))), (((((9988775, 9944089), 9923930),
  ((9988775, 9944089), 9923930)), ((9911817, 9808343), (9911817, 9808343))),
  ((((9988775, 9944089), (9988775, 9944089)), 9923930), (9911817, 9808343)))),
  (((9906325, 9926528), (9906325, 9926528)), ((((9805612, 9702137), 9923394),
  ((9805612, 9702137), 9923394)), ((9805612, 9702137), 9923394)))), (((9922291,
  9152552), (9922291, 9152453)), 9881696)))), 8596976), ((((((9979201, (8918245,
  (((9710460, ((9899569, (9902374, 9983068)), (9900259, (9903064, 9983455)))),
  (9770040, (((((9959386, (9876768, 9991651)), (9959780, (9877161, 9991952))),
  (((9983222, 9981620), (((9981601, 9989909), (9981719, 9990028)), ((9973267,
  9980711), (9973349, 9980793)))), ((9983443, 9981773), (((9981832, 9990141),
  (9981940, 9990249)), ((9973428, 9980872), (9973502, 9980946)))))), (((9925735,
  (((9992169, 9994431), (9992331, 9994593)), ((9953397, 9996662), (9953558,
  9996801)))), (9926128, (((9992485, 9994747), (9992632, 9994894)), ((9953712,
  9996934), (9953859, 9997061))))), (((((9995832, 9996073), (9995950, 9996191)),
  ((9982393, 9979535), (9982475, 9979617))), (((9987410, 9960457), (9987529,
  9960578)), 9993837)), ((((9996063, 9996304), (9996171, 9996412)), ((9982553,
  9979695), (9982628, 9979770))), (((9987642, 9960694), (9987750, 9960803)),
  9993990))))), ((((9960139, (9877521, 9992228)), (9960470, (9877851, 9992480))),
  (((9983645, 9981912), (((9982043, 9990352), (9982142, 9990451)), ((9973574,
  9981018), (9973642, 9981086)))), ((9983830, 9982040), (((9982237, 9990545),
  (9982327, 9990636)), ((9973707, 9981151), (9973770, 9981214)))))), (((9926488,
  (((9992773, 9995034), (9992907, 9995169)), ((9954000, 9997182), (9954135,
  9997298)))), (9926818, (((9993036, 9995298), (9993160, 9995422)), ((9954264,
  9997409), (9954387, 9997516))))), (((((9996274, 9996515), (9996373, 9996614)),
  ((9982699, 9979841), (9982768, 9979909))), (((9987853, 9960906), (9987952,
  9961005)), 9994130)), ((((9996468, 9996709), (9996558, 9996799)), ((9982833,
  9979975), (9982896, 9980037))), (((9988046, 9961100), (9988137, 9961190)),
  9994258)))))))), ((9697012, ((9884946, (9887751, 9967884)), 9949224)),
  (9756593, (((((9944875, 9994567), 9962193), ((9984135, (9993916, 9985306)),
  (9949630, 9968678))), (((9911224, (((9977380, 9979641), 9982078), 9990717)),
  (9876843, (9965344, 9956270))), (((((9980746, 9980987), 9988615), 9992612),
  9996353), (9975984, 9961848)))), ((9930896, 9973620), (9992445,
  9993100)))))))), (9849764, (8788808, ((9966131, (9635663, ((9953644, 9973123),
  (9905681, 9925161)))), (9877296, (9546828, 9964983)))))), (((((9735190,
  ((9883859, 9943724), (9884029, 9943726))), (9840512, ((9969064, 9976869),
  (9969064, 9976869)))), ((9719557, (9868396, 9927824)), (9822493, ((9951045,
  9952942), 9961184)))), ((((((9968829, (((9940414, 9969230), (9935454,
  9952349)), ((9940511, 9969327), (9935477, 9952372)))), (9972861, ((9981515,
  9965105), (9981516, 9965106)))), ((9968999, (((9940600, 9969415), (9940681,
  9969497)), ((9935499, 9952393), (9935518, 9952412)))), (9972862, ((9981517,
  9965106), (9981517, 9965106))))), ((((((9985840, (9996725, (9992187,
  9978930))), (9966475, 9969460)), ((9985937, (9992284, 9978984)), (9966498,
  9969483))), (((9995734, 9976096), (9962077, 9940297)), ((9995831, 9976193),
  (9962100, 9940320)))), (((9994340, 9967021), (9994341, 9967022)), 9978813)),
  (((((9986025, (9992372, 9979033)), (9986106, (9992453, 9979078))), ((9966519,
  9969504), (9966539, 9969524))), (((9995919, 9976282), (9996001, 9976363)),
  ((9962122, 9940341), (9962141, 9940361)))), (((9994341, 9967022), (9994342,
  9967022)), 9978815)))), ((((9943204, 9949650), (9906132, 9899063)), ((9943204,
  9949650), (9906132, 9899063))), (((9944606, 9911879), 9981005), ((9944607,
  9911879), 9981005)))), (((((9953243, (9987962, 9982689)), (9886903, 9952461)),
  ((9956960, 9985195), (9890499, 9918734))), ((((((9970282, 9981219), 9991198),
  ((9950657, 9953642), 9971521)), (((9980176, 9960539), 9994219), 9994911)),
  (9975954, 9964683)), ((9987111, 9962912), (9920650, 9896451)))), ((((9925185,
  9931631), (9882206, 9875137)), (9989132, 9946649)), (((9926588, 9893860),
  9957079), 9965321))))), ((9951150, ((9700022, 9905004), 9963993)), ((((9961012,
  9964410), (((9919734, 9908463), 9972091), 9964935)), (9947020, 9947545)),
  ((9964505, 9909141), (9874446, 9819082)))))), (((8601541, (((9546989,
  (((9930461, (9968561, 9708890)), (9930462, (9968562, 9708798))), 9526343)),
  (9531054, (((9914503, (9952603, 9692610)), 9965230), 9503685))), 8990555)),
  (8462888, (((9408293, (9908931, 9381913)), 9952821), 8815257))),
  ((((((((9961781, 9708890), 9983856), ((9961951, 9708798), 9983857)), 9526343),
  (9916914, 9526343)), (((((9946136, 9692610), 9958886), 9967956), 9503685),
  (9898895, 9503685))), 9152604), ((((9902787, 9381913), 9946831), 9910602),
  8977306)))), (((((((9871149, ((9963347, 9944594), (9963347, 9944594))),
  (9853784, 9957964)), ((9837649, 9974664), (9790694, 9894874))), (((((9988775,
  9944089), (9988775, 9944089)), 9923930), (9911817, 9808343)), ((9974159,
  9890430), (9848727, 9745253)))), (((9906325, 9926528), (9800765, 9820967)),
  (((9805612, 9702137), 9901105), 9924895))), (((((9717628, 9854643), (9675653,
  9779833)), (9983378, 9944951)), (((9854138, 9770409), 9948942), (9981116,
  9864211))), (((9693310, 9713512), 9967900), 9817440))), (((9922291, 9152604),
  9881696), 9968515))), 8538108)), ((((((((((9792706, 9781398), 9864396),
  ((9793203, 9781400), 9871393)), 9864874), 9983071), (((((9793204, 9781400),
  (9793204, 9781400)), 9871474), 9864874), 9983074)), 9675491), ((((((9793204,
  9781400), 9871471), ((9793204, 9781400), 9841306)), 9864874), 9983074),
  9675491)), 8596976), ((((((((9686908, 9675104), 9924322), 9771153), 9758579),
  (9943117, 9557212)), 9977561), 9569195), 8491041))), (((((((9700654, (8639698,
  (((9809281, 9970200), 9970793), 9927945))), (9539764, (8478808, 9862397))),
  ((((9791890, 9894983), 9941894), ((((9877953, 9878477), (9823342, 9823866)),
  ((9805436, 9750072), 9966124)), (9994406, 9921893))), (9874590, (9927102,
  9854566)))), (9921324, (((9877865, 8826251), 9978659), 9911399))),
  ((((((9915720, 9879947), 9926234), 9942375), (9906798, 9676900)), ((9860202,
  9779463), (9758934, 9529036))), 9812579)), 8183195), (((((9829063, 9443159),
  9890203), ((9705715, 9319810), 9829280)), 9253775), 8175799))), ((((((9953337,
  ((9788628, 9914337), (9736127, 9861837))), 9830726), ((9868467, (9700780,
  9826489)), 9742687)), (((((9775983, 9695243), (9724531, 9643791)), ((9682109,
  9452210), (9635051, 9405152))), 9565448), (((9689837, 9609097), (9603269,
  9373371)), 9479302))), 7986935), ((((((9640449, 9254545), (9600114, 9214210)),
  9792506), 9065162), (((9572727, 9186823), 9751537), 8997439)), 7986935))),
  ((((((9826969, ((9656072, 9781781), (9629006, 9754715))), 9697913), ((9783361,
  (9610884, 9736594)), 9652626)), (((((9646021, 9565281), (9563073, 9333175)),
  ((9619488, 9538749), (9538703, 9308804))), 9435486), (((9601698, 9520958),
  (9522349, 9292451)), 9391163))), 7883562), ((((((9537929, 9152024), (9516746,
  9130842)), 9729486), 8962641), ((9996113, 9706396), 8927209)), 7883562))),
  ((((((9762229, ((9588079, 9713788), (9574334, 9700044))), 9629787), ((9740123,
  (9565158, 9690868)), 9606816)), (((((9579344, 9498604), 9995402), ((9565869,
  9485129), 9982999)), 9368808), (((9556859, 9476120), 9974703), 9346324))),
  7830483), ((((9978157, 9694461), 8909253), ((9960040, 9682268), 8891136)),
  7830483))), ((((((9729460, ((9553640, 9679349), (9546714, 9672424))), 9595281),
  ((9718330, (9542097, 9667806)), 9583712)), (((((9545568, 9464828), 9964303),
  ((9538777, 9458038), 9958046)), 9335033), (((9534244, 9453504), 9953868),
  9323709))), 7803584), ((((9950921, 9676075), 8882017), ((9941761, 9669817),
  8872857)), 7803584)))


