Family Q4; domain version 5.
Leaves 1331, empty leaves 0, internal nodes 1330, audited rational cells 12422.
Largest upper integer 9998983 with denominator10000000.
[2,[2,[1,[2,9632612,[4,9748739,[4,9866754,9783096]]],[2,[4,[2,[3,9871225,9928793],
  [3,[2,9871683,9937809],[2,9903701,9968288]]],[0,[2,9928339,[4,9909625,9941355]],
  [2,[1,9926948,[4,[4,[2,9884699,9959720],[2,9890484,9998288]],[2,9998735,[4,[4,99
  69431,9994058],[2,9987285,[2,[4,9965780,9985782],[4,9995143,[2,9992814,[4,998934
  3,[1,9786055,9994151]]]]]]]]]],[1,[4,[4,9872114,9894065],[2,9839207,9949266]],[4
  ,[4,[2,[4,9960062,9973852],[0,9910515,[0,9934589,9492168]]],[2,[4,9993465,[2,996
  1532,9988632]],[0,9938066,[0,9982174,9519852]]]],[2,[0,[4,9928283,[2,9932099,997
  0642]],[0,[0,[2,9989549,[4,9940403,9985940]],9918247],9684299]],[0,[4,9994890,[2
  ,[2,9970602,9985096],[2,[1,9866965,9985968],[1,9888782,[4,9956769,9979261]]]]],[
  0,[0,[2,[4,9918686,9964814],9980314],9865258],9640831]]]]]]]],[4,[0,[3,9849171,9
  625627],[4,9786822,[0,[3,[2,9873966,9875752],9893330],[2,[3,9885290,9880462],992
  4494]]]],[0,[0,[2,9809102,9903431],[1,[4,9896539,9936970],[2,[4,9992048,[2,99214
  75,9978847]],[4,[4,9924399,9982138],[2,[4,9944675,9974081],[4,9985263,[2,9962187
  ,9974275]]]]]]],[0,[1,[2,[4,9930769,9965676],[4,[4,9884434,9915419],[2,9959432,[
  4,9924067,9967627]]]],[2,[4,[4,[3,9915653,9889574],[2,[4,9941014,9959339],[4,998
  7870,[2,9969804,9990478]]]],[2,[1,9997486,[4,[4,9972439,[2,9949106,9974582]],[0,
  9985611,[2,[4,9988407,[2,9993419,[1,9939901,[2,9988966,9998086]]]],[1,9993978,[4
  ,[2,9981068,9994596],[0,[2,9967147,9986371],[0,[2,[0,9988170,9950912],[0,9985553
  ,9943202]],9948246]]]]]]]],[1,[4,9966478,[2,9971498,9992835]],[4,[4,[2,9980164,[
  4,9983773,9990854]],[2,9997566,[2,9994232,[4,9968247,9993523]]]],[0,[2,9977584,9
  996496],[0,[2,[4,9985554,[2,[1,9934335,[2,9989924,9997127]],[1,9951812,[2,[4,997
  7201,9996357],[4,9980009,[1,9971145,9995017]]]]]],[1,9990472,[4,[2,9976374,99861
  54],[2,[2,[4,9982975,[1,9978940,9997915]],[4,9986099,[1,9981524,[2,9995762,99973
  31]]]],[4,[2,9989381,9992819],[2,[1,9984255,[2,9998938,[4,9989163,9998780]]],[1,
  9987134,[2,[0,9972045,9995514],[0,9973782,9992974]]]]]]]]],[0,[2,[2,9998342,9989
  416],[2,9980523,9970210]],9995868]]]]]]],[4,[4,[3,9918550,9891176],[2,[4,9988954
  ,[2,9990356,9993108]],[4,[3,9862343,9937098],[2,9998926,[0,9897279,9987207]]]]],
  [2,[1,[4,[4,9951673,9972523],[2,[2,9989797,[4,9957962,9989141]],[4,9990128,[2,[2
  ,9989669,9996487],[1,9934250,[2,9996946,[4,9982968,9997375]]]]]]],[4,[0,[4,99387
  84,9964885],[0,[4,9981554,[2,9977369,9993669]],9996306]],[0,[2,[2,9992600,[4,995
  5350,[1,9940308,9997615]]],[4,9984944,[2,[1,9951730,[2,9997334,[4,9979321,[1,997
  9711,[2,[1,9988177,[4,9987542,9998171]],[1,9991278,[4,9987461,9998094]]]]]]],[1,
  9962900,[2,[4,9984832,[1,9987888,[2,[1,9992205,[4,9987423,9998059]],[1,9992137,[
  4,9987427,9998065]]]]],[4,9989760,[1,9990910,[2,[1,9992111,[4,9987473,9998114]],
  [1,9992126,[4,9987562,9998205]]]]]]]]]],[0,[2,[1,[2,9989856,[0,9972645,9968309]]
  ,[4,[2,9993714,[0,9971620,9970186]],[0,[2,[2,9989382,9993195],[2,9997163,[4,9977
  948,9996832]]],[2,[0,[2,9989735,9984808],9965168],[0,9991177,9954900]]]]],[0,[1,
  [2,9979764,9987295],[4,[2,9980506,9990022],[2,[4,9993145,[1,9984487,[2,9996554,[
  0,9985231,9992374]]]],[0,[2,[4,9975469,9994303],[4,9980169,9998920]],[2,9997271,
  9992939]]]]],[2,[0,[2,9989490,9984905],9963332],[0,9991933,9953709]]]],[2,[0,998
  2399,9901043],9987985]]]]],[1,[4,[4,9983645,[2,9963269,9978852]],[0,9984175,[0,[
  2,[0,9972433,9912375],9994397],9899861]]],[4,[0,[4,9946822,9991191],[0,[0,[2,[4,
  9942382,9979220],[4,9930944,9973255]],[2,9961988,9940521]],9956368]],[0,[1,[2,99
  89249,[2,9986032,9995015]],[2,[4,9992170,[2,[2,[4,9990104,[1,9990834,[2,[1,99921
  83,[4,9987692,9998337]],[1,9992280,[4,9987864,9998511]]]]],[1,9992660,[4,9985829
  ,[2,[1,9992419,[4,9988079,9998727]],[1,9992789,[4,9988532,[2,9997021,9997326]]]]
  ]]],[4,[2,9992131,9993621],[2,[1,9991958,[2,[1,9993330,[4,9989164,[2,9997642,999
  7967]]],[1,9993912,[4,9989838,[2,9998303,9998648]]]]],[1,9992972,[2,[1,9994533,[
  4,9990552,[2,[0,9944500,9984221],[0,9944719,9985111]]]],[1,9995194,[4,9991307,[2
  ,[0,9944948,9986010],[0,9945187,9986919]]]]]]]]]],[4,[2,9988153,9992393],[0,9988
  924,[2,[1,9992175,[4,9990545,[2,[2,9994934,9996837],[2,9998777,[1,9986972,999832
  2]]]]],[1,[2,9989375,9993151],[4,9998716,[0,9988568,[0,[2,9994241,9998937],[0,[2
  ,[2,9998574,[0,9997159,9998178]],[0,[2,[1,9983961,9997383],[2,[1,9983796,9997308
  ],[1,9983684,9997248]]],[2,9996435,9994707]]],[2,[2,9995255,9993463],9997385]]]]
  ]]]]]]],[0,[0,[2,[1,[2,9995420,[0,9986505,9950463]],[4,[2,[0,9984523,9964394],[0
  ,9992574,9955990]],[0,[2,[4,9996263,[1,9985333,[0,[2,9991130,9996053],[2,9989104
  ,9984956]]]],[0,[2,[2,[1,9972571,9998141],[4,9976881,9995576]],[2,[4,9974917,999
  3625],9997096]],[2,9990744,9986771]]],[2,[2,9988661,9984436],9991722]]]],[1,[2,9
  992906,9984497],[0,[4,[2,9984980,9977607],[2,[2,[0,[2,9995204,9993324],9982852],
  [0,9997187,9978985]],[2,[0,9993516,9975170],9997718]]],[2,9996132,9988508]]]],[2
  ,[2,9997424,9988782],[2,9980341,9972099]]],[2,9967895,9948548]]]]]]]]],[0,[2,[1,
  [4,9843898,9885699],[4,[2,[4,9873488,9921632],9954450],[2,[2,[0,9960882,9747804]
  ,9985775],[2,9967015,9948682]]]],[4,[2,9922620,9873061],[2,9988961,9940748]]],[2
  ,9883410,9763882]]]]]]],[4,[4,9709617,[0,[1,9776365,9862816],[0,[2,[1,9709213,[3
  ,9934216,9806986]],[1,9716245,9845858]],[2,9949956,9693450]]]],[1,[2,[4,9980293,
  [2,9855623,9907488]],[4,[4,9865108,9923129],[2,9941533,9969632]]],[0,[0,[2,99371
  97,9857656],[2,[4,[2,[4,9915662,[2,9974328,9956336]],[4,9863454,9968483]],[1,[2,
  9911518,9981210],[2,[1,[2,9970471,[4,9911048,9929420]],[2,[4,9981514,[2,9966668,
  9976152]],[4,[4,9921745,9907190],[2,9982738,9987720]]]],[4,[2,[4,9926598,9933625
  ],9989625],[1,[2,9944749,9954502],[2,[2,9991526,9994266],[2,9995990,9996798]]]]]
  ]],[4,[4,9836935,9973931],[1,[2,[2,9959983,9970351],[2,9981468,9984603]],[0,[2,9
  949502,9911838],[2,[4,9980035,[1,[2,9957467,9954827],[2,[2,9991320,9990874],[2,9
  986689,9983470]]]],[2,[1,9971869,[2,9993885,9986077]],[1,9967608,9991034]]]]]]]]
  ,[0,[2,[4,[4,[2,[0,9994165,[2,[3,9844353,9949055],9951368]],[0,9967968,9947274]]
  ,[1,[2,9960206,9979647],[2,[0,[2,9977491,9977415],[2,[0,9983929,9840409],9996491
  ]],[0,[2,9977921,9979339],[2,9947172,9895607]]]]],[1,[2,[0,[2,9956798,9974819],[
  2,9980027,9935721]],[0,[2,9983721,[0,9943894,9975126]],9967766]],[2,[0,[1,[2,[4,
  9954331,[2,9976768,9993173]],[4,9971303,[2,[2,9987259,9991375],[2,9996033,[4,995
  5043,9991011]]]]],[4,[2,[4,9965795,[2,9975099,9984640]],[4,9972945,[2,9991610,99
  96872]]],[2,[0,[1,9997772,[2,[2,9988294,9993128],[2,9998636,[4,9954418,9993783]]
  ]],[1,[2,[2,9997984,[4,9957674,9994606]],[4,9986536,[2,[2,9992510,9996606],[2,[1
  ,9969132,9996232],[0,9973432,[0,9984605,9948320]]]]]],[2,[4,[2,[4,9961822,998679
  3],[4,9971211,9996140]],[0,[2,[2,9996361,[1,9970588,9995383]],[1,9983992,[2,[4,9
  974559,9994141],[4,9978709,9998274]]]],[2,[1,[2,[4,9974914,9993909],[0,9988061,9
  994052]],[4,[2,[4,9982480,9995297],[0,9990554,9995187]],[0,[2,[2,9998606,[1,9985
  466,9998721]],[2,[1,9988006,[4,9988938,9998685]],[1,9990582,[4,9991641,[2,999858
  1,[1,9991920,9998656]]]]]],[0,[2,[2,[0,[2,9998918,9998080],9992991],[0,[2,999724
  5,9996414],9991289]],[2,[0,9998440,9989601],[0,9996801,9987926]]],[2,9993889,999
  0447]]]]],[0,[1,[2,9993144,9998372],[4,[2,9994688,9995669],[2,[1,9998709,[2,[4,9
  994383,[2,[1,9993244,[4,9993764,9998677]],[1,9994578,[4,9995130,[2,9998640,[1,99
  95286,9998682]]]]]],[4,9997162,[2,[1,9995920,[4,9996505,[2,[1,9995962,[4,9996238
  ,9998701]],[1,9996640,[4,9996925,[2,9998687,[0,9990614,[0,9995104,9987419]]]]]]]
  ],[1,9997272,[0,9995750,[0,9998072,9990647]]]]]]],[1,[2,9998529,[0,9992930,99949
  49]],[0,[2,[4,9989838,[2,9998450,[1,9991629,9997805]]],[4,9990349,[2,[1,9993010,
  9998059],[1,9994400,9998324]]]],[2,[0,[2,[0,9997472,9993767],9998216],9994199],[
  0,9998933,9991488]]]]]]],[0,[2,[1,9982520,[2,[4,9977206,9998805],[4,9974423,9996
  043]]],[1,9979052,[2,9996680,9993979]]],[2,9995871,9990380]]]]]],[4,[4,9994067,[
  2,[2,9995255,[4,9981095,9993775]],[2,[4,9982196,9996517],[0,9969866,9986054]]]],
  [0,[1,[2,9992057,[2,9991122,9996139]],[2,[2,[4,9983008,[2,9997545,[1,9984192,999
  7084]]],[4,9987655,[2,[1,9986284,[4,9986626,9996609]],[1,9988536,[4,9989023,9998
  983]]]]],[4,[2,9992022,9993304],[2,[2,[1,9991011,[4,9991667,[2,9998913,[1,999225
  8,9998915]]]],[1,9993556,[4,9994383,[2,[1,9993558,[4,9993894,9998910]],[1,999487
  5,[4,9995254,[2,9998912,[1,9995558,9998927]]]]]]]],[2,[1,9996172,[4,9996388,[2,[
  1,9996210,[4,9996632,[2,[1,9996232,[4,9996425,9998941]],[1,9996911,[4,9997114,[0
  ,9985324,9995894]]]]]],[1,9997561,[4,9998026,[2,[1,9997592,[4,9997806,[0,9985939
  ,9996024]]],[1,9998254,[4,9998476,[0,9986532,9996157]]]]]]]]],[1,9998810,[4,9996
  846,[2,[1,9998880,[4,9998509,[2,[1,9998918,[4,[4,9996719,9998392],[0,9987128,999
  6292]]],[1,[4,9996399,9998907],[4,[4,9997005,9998847],[0,9987675,9996430]]]]]],[
  1,[4,9993845,9998833],[4,9998645,[2,[1,[4,9997067,[0,9984901,9994586]],[4,[4,999
  7071,9998913],[0,9987667,9996571]]],[1,[4,9997738,[0,9985495,9994723]],[4,[4,999
  7140,9998982],[0,9987661,9996714]]]]]]]]]]]]]],[0,[2,[1,[0,[2,9995529,9998216],[
  2,9993491,9988246]],[4,[0,9996633,9993834],[0,[2,[2,[1,9995535,[4,9990901,[2,[1,
  9994658,9998599],[1,9994916,9998883]]]],[1,9996035,[0,[4,9987247,9998289],[2,999
  8922,9997604]]]],[0,[2,[1,9992375,[4,9987883,9998918]],[1,9992957,[0,[4,9986426,
  9997464],9997309]]],[2,[1,9990074,9998357],9998336]]],[2,[2,[0,9998817,9991341],
  [0,9996160,9988670]],[2,9997665,9995045]]]]],[0,[1,[2,9997879,9992561],[4,999784
  2,[2,[0,[2,[1,9992138,[2,9998440,9997157]],[1,9989509,9997946]],[2,9995750,99931
  83]],[2,[0,9998020,9990634],[0,9995504,9988104]]]]],[2,[1,9982799,[2,9995995,999
  3437]],[1,9977426,9995123]]]],[2,[2,[0,[1,9975636,9995515],9984961],[0,9995157,9
  979615]],[2,9997935,9992796]]]]]]]],[0,[4,[2,9988157,9992417],[1,[2,9971200,9982
  041],[2,[2,[2,9990990,9993920],[2,9996609,[1,9971922,9994163]]],[2,[2,[1,9974922
  ,9997263],[1,9977649,[4,9974593,9995342]]],[2,[1,9980586,[4,9975625,9998719]],[1
  ,9983733,[4,9975434,9998743]]]]]]],[4,[1,[2,[0,9972938,9980847],[0,9975428,99595
  60]],[2,[0,[2,9988862,9989676],[2,[0,9983904,9954559],9990340]],[0,[2,9991014,99
  93354],9997527]]],[1,[2,[0,[2,9988232,9997876],[2,[0,9990448,9955685],9995270]],
  [0,[2,[2,9995275,9995909],[0,9987709,9989566]],[2,9984733,9974471]]],[2,[0,[1,[2
  ,[2,[4,9976111,9995362],[4,9979597,[2,9995172,9997773]]],[2,[4,9980157,[2,999846
  3,9998769]],[4,9980878,[2,[1,9988485,9996540],[1,9988803,9996925]]]]],[4,[2,[2,9
  994151,9994968],[2,9995494,9995787]],[2,[0,[2,[2,9997565,9997639],[2,9997755,999
  7913]],[2,[1,[2,9996509,9997055],[2,[4,9991876,[2,[1,9995666,[4,9993300,9998908]
  ],[1,9995947,[4,9993605,[2,9998209,9998364]]]]],[4,9992518,[2,[1,9996238,[4,9993
  920,[2,9998520,9998680]]],[1,9996539,[4,9994246,[2,9998841,[1,9996291,9998339]]]
  ]]]]],[1,[2,9997641,9998267],[4,9996739,[2,[2,[1,9996850,[4,9994581,[2,[1,999645
  1,9998506],[0,9990740,9996343]]]],[0,9993957,9998779]],[0,9996037,[0,9995195,998
  8358]]]]]]],[0,[2,[2,9998112,9998213],[2,9998065,9997974]],[0,[2,[2,[1,9990418,9
  998027],[1,9990931,9998535]],[1,9995152,[2,[0,9994769,9996145],[0,9995388,999374
  8]]]],[2,[2,[0,9996991,9990132],9998777],[2,9996344,9993935]]]]]]],[0,[2,[0,[1,9
  995418,[2,[2,[4,9975414,9997198],9998355],[2,9995831,9993332]]],[2,9995143,99902
  22]],[0,[2,[1,9977049,9994902],9995169],9993747]],[2,9996300,9986462]]],[0,[4,[1
  ,[2,9989373,9990213],[2,[2,9996307,9997053],[0,9988246,9994080]]],[1,[2,[2,[2,[1
  ,9989118,9997350],[1,9989472,9997813]],[0,9987831,9996017]],[0,9995502,9998729]]
  ,[2,[0,[2,[2,9998050,9998358],[2,9998721,[1,9989111,9996408]]],[0,[2,[0,[2,99987
  68,9998311],9997998],[0,[2,9996002,9993716],9993362]],[2,9995535,9990869]]],[0,[
  2,[2,[1,9989454,9996881],[1,9989852,9997410]],[1,9993996,[2,9997993,9998631]]],[
  0,[2,[0,9995406,9988822],9995276],9994400]]]]],[0,[2,[2,9998589,9993931],9997688
  ],9994105]]]]]]]]],[0,[2,[1,[2,[4,9914694,9975336],9988928],[0,[4,[2,9983802,996
  2176],[2,[0,[2,[4,9976325,[2,[1,9938729,9994148],[1,9934553,9990631]]],[4,996494
  7,[2,9996289,9991576]]],[2,9989880,9980709]],[0,[2,[4,9953859,9994646],9992271],
  9987439]]],[2,[4,9916232,9988076],9990374]]],[1,[2,9972601,9957028],[0,[4,997834
  8,[2,[2,9996926,9986987],9995409]],[2,9969631,9949914]]]],[2,[2,9976503,9955476]
  ,9972209]]],[0,[4,[4,[2,9993084,9997085],[1,[2,9956229,9965548],[2,[2,[2,9986582
  ,9987776],[2,9989300,9991157]],[0,9961550,[0,9969936,9923515]]]]],[1,[2,[1,99932
  30,[4,[2,9968413,9981267],[2,[2,9987751,9993513],[2,[0,9936768,9997012],[0,99435
  35,9986926]]]]],[0,[2,9987299,9988198],[0,[2,9978703,9960366],9945636]]],[2,[0,[
  4,[2,9992545,9994199],[1,[2,9993759,[2,9987517,9988313]],[2,[1,[2,9994943,999520
  3],[2,[2,[4,9975373,9998696],[4,9975441,9998775]],[2,[4,9975306,9998910],[4,9975
  362,9998949]]]],[4,[2,9988270,9989787],[1,[2,9993205,9993726],[2,[2,[2,9995989,9
  996226],[2,9996513,9996851]],[2,[2,9997239,9997676],[2,9998164,9998702]]]]]]]],[
  0,[4,[2,[0,[2,9990469,9993602],[2,9984708,9975500]],[0,[2,9991042,9981962],99815
  59]],[2,[1,[0,[2,9989321,9990890],9994807],[0,[4,[2,9996686,[0,9991663,9986939]]
  ,[1,[2,9997102,[0,9990951,9985257]],[2,[4,[2,9992840,9994404],[1,[2,9993445,9994
  705],[2,[2,9997629,9998347],[0,9994169,9995009]]]],[0,[2,[0,9996117,9997309],[0,
  9998148,9993350]],[2,9995499,9991512]]]]],[2,[0,[2,[1,9976851,9994894],9996037],
  9994899],[0,[2,9991983,9987931],9986545]]]],[0,[1,[2,9988574,9979756],[2,[0,[1,9
  993396,[2,[0,[2,9995679,9993697],9993448],[0,9995425,9989333]]],[2,9996897,99928
  14]],[0,[2,[1,9977636,9995814],9997437],9996820]]],[2,[1,9960641,[0,9991795,9978
  253]],[1,9951600,9992337]]]]],[2,[0,[2,[1,9957570,9998213],[1,9948098,9989363]],
  9994897],[2,[0,9990647,9960526],9997949]]]],[0,[4,[2,9997170,9997634],[1,[2,[2,9
  988848,9990131],[2,9992159,9992899]],[2,[0,9998497,[4,[2,9990338,9993932],[1,[2,
  9991820,9994140],[2,[2,[2,9996832,9997550],[2,9998322,[1,9988265,9996320]]],[2,[
  2,[1,9989008,9997200],[1,9989803,9998135]],[0,9987670,[0,9995755,9984924]]]]]]],
  [0,9998885,[4,[2,9997260,[0,9982494,9986073]],[0,[2,[2,9995405,9996672],[1,99831
  18,[2,9992490,9994348]]],[2,[0,[2,9998035,9994813],9995034],[0,[2,9991736,998880
  1],9989037]]]]]]]],[0,[2,[4,[0,9987364,9964697],[0,[1,9986530,[2,[0,[2,9993732,9
  990169],9989530],[0,9994758,9982792]]],[2,9995167,9988467]]],[0,[2,[1,9963220,[0
  ,9990705,9979656]],[1,9954952,9991328]],[2,9985599,9977109]]],[2,[0,9990839,9961
  128],9988831]]]]]],[0,[2,[0,[2,[4,9924107,9993818],[4,9907099,9976260]],9986912]
  ,[2,[0,9991787,9912399],9995987]],[2,9930924,9893030]]]]]],[0,[4,[4,9959790,[2,[
  0,9967412,9975389],9980321]],[1,[2,[0,[2,9966613,9970349],9988605],[0,[2,9971338
  ,9955535],9916097]],[2,[0,[4,[2,[4,9933168,9982079],[1,9940574,9976197]],[1,[2,[
  2,9990521,9991530],[0,9984051,9989501]],[2,[4,[2,9998248,9998681],[1,[2,[2,99936
  89,9994620],[2,9996255,9998651]],[2,[0,[2,9988552,9991379],[0,[2,[0,[1,9981156,[
  2,9991770,9994381]],[2,[1,9975494,9994767],9997905]],[0,[1,9985497,[2,9996729,99
  91872]],9998320]],[2,[0,9998791,9988035],9996427]]],[0,[2,9995093,9996935],[0,[2
  ,[0,9997205,9986957],9994792],9994780]]]]],[4,[0,9980593,9989978],[0,[2,[1,99804
  02,[2,[1,9978274,9994121],9998972]],[1,9985388,[2,9993787,9989811]]],[2,[0,[1,99
  77990,9992938],9983923],[0,9983272,9964183]]]]]]],[2,[4,[0,9977864,9931179],[0,[
  1,9972130,[2,[0,[2,9993316,9985079],9983116],[0,9987988,9963944]]],[2,9989861,99
  70622]]],[0,[2,[1,9942207,[4,9891532,9983760]],[1,9924217,9983269]],9996128]]],[
  0,[4,[0,9975896,9966006],[2,[0,[1,9984076,[0,[2,9989203,9979681],[2,9985101,9967
  795]]],[1,9957687,[2,9986864,9970374]]],[0,[1,9964700,9995809],9990790]]],[2,[0,
  [2,9984801,9965349],9958170],9996699]]]]],[2,[4,[4,9843930,9933212],[0,[2,[2,[1,
  9735359,9974317],9981420],9990792],9943521]],[4,9912419,[2,9995449,9957659]]]]],
  [2,[2,[4,9976202,[2,9961980,9917716]],[4,9867341,9959412]],[2,9949274,9853144]]]
  ]]]],[2,[4,[0,9815832,[0,9916853,9510141]],[0,[0,9893455,[2,[1,9939722,[4,992331
  6,[2,[1,9992094,[2,[1,9973699,9983415],9985918]],[1,9954925,9988612]]]],[1,99114
  57,[2,9990442,9942699]]]],[0,[2,[1,9989571,[0,[4,9993307,[2,[0,[1,9962755,[0,[2,
  9987197,9950432],9993748]],[2,9987067,9951469]],[0,9995000,9945214]]],[2,[4,9816
  433,9968088],9940646]]],[0,[0,[2,9974757,9897141],9966572],9940305]],[2,9904611,
  9710653]]]],[0,9985965,[0,9995392,9690940]]]]


FAMILY Q4; 1331 nonempty leaves; 0 empty leaves; 12422 cells.
Rational dictionary:
z0=13333/90000
z1=545621/864000
z2=2017/10400
z3=662173/998400
z4=7/30
z5=5928001/24000000
z6=3003/10000
z7=157/250
z8=0
z9=1
z10=2017/10000
z11=18793089/27281050
z12=12182066/16554325
z13=357667017064448/355869875705475
z14=178833508532224/177934937816175
z15=26/25
z16=397385053/369673475
z17=27/25
z18=509351/720000
z19=3469723/4160000
z20=1042667/4000000
z21=2727993/8000000
z22=1/2
z23=3624183/5093510
z24=25369281/28454570
z25=9/10
z26=1875066717/2012806100
z27=12196666580926464/12026546079478475
z28=6098333290463232/6013273038825175
z29=235032619/228600575
z30=25686553407227824501/24732216735505237025
z31=2054924273678178617/1978577339685629653
z32=3/4
z33=207707994/208229225
z34=12026857519015972529/11647446702546049645
z35=120268575217658541713/116474467046590763725
z36=16402976473/15805150925
z37=69235998/86743075
z38=25489197/28454570
z39=23078666/24581025
z40=3055424047/2850787475
z41=569801/960000
z42=10497091/33280000
z43=615483/640000
z44=3842667/16000000
z45=3035197/6400000
z46=3848241/5698010
z47=26937687/30286070
z48=343932157/366838100
z49=579657377/578201275
z50=9283/20000
z51=1125258438377472/1104977887621175
z52=562629219188736/552488943740275
z53=30568081/29600075
z54=5332908098637179983/5109644524748794325
z55=10665816200850825443/10219289052258797425
z56=8799883663211771499933751996451/7599691433803251293046337927975
z57=29/25
z58=10584419/17280000
z59=50995939/138240000
z60=4020899/3840000
z61=23384003/96000000
z62=1025597/3200000
z63=30679971/64000000
z64=72220347/105844190
z65=505542429/568109330
z66=2286305621/2430629300
z67=382611573/382734175
z68=341149633/898560000
z69=43489/38400
z70=10583971/32000000
z71=7751993/16000000
z72=131551623/147767350
z73=25090183/26602300
z74=577689371/578201275
z75=1250450405851136/1225354779422775
z76=625225202925568/612677389641075
z77=159859089/155133725
z78=18553533365588642339/17814180674273875975
z79=37107066744125870887/35628361358521583675
z80=907793853155862851486224014565601661186734689023/78403822969173528355708966772
  8966949298909214675
z81=55025694932992/53829266848975
z82=27512847466496/26914633421675
z83=189928501/184520465
z84=473216812666192559237/454882993861450715425
z85=946433625665709637729/909765987979342846925
z86=25806955884901516337746135704401091054600313365960078883/222896380855313381946
  08737676207837116034752901689723175
z87=2136059/5760000
z88=1536289/3120000
z89=11544723/21360590
z90=80813061/91924130
z91=38326074/38161225
z92=373174139/346393750
z93=3368089/8640000
z94=9614879/16640000
z95=18793089/33680890
z96=131551623/149366230
z97=937082/927225
z98=2717717200444681163/2626371939010034575
z99=5435434402328094127/5252743879128272675
z100=3615169/3868900
z101=937082/967225
z102=1912088503/1776366450
z103=380011/1080000
z104=25617437/33280000
z105=498238962/640435925
z106=5419515/6057214
z107=1494716886/1505307775
z108=10971269774180352/10848279919145675
z109=5485634887090176/5424139958658775
z110=12400991798/11526349375
z111=9928417/17280000
z112=1503338917/3594240000
z113=3364897/3840000
z114=22728001/96000000
z115=5/8
z116=66316329/99284170
z117=464214303/522189190
z118=68124122/68122425
z119=1000066470903808/984600995819575
z120=500033235451904/492300497839475
z121=4318071367064145353/4150232712113025715
z122=43180713681370849961/41502327129413883475
z123=188856451342/180567441875
z124=12488353/34560000
z125=4324453/9984000
z126=9927969/32000000
z127=968666563/939002375
z128=229630520277048823/221014445625813035
z129=25259357239193369597/24311589025562455225
z130=486763976982528/466070249844835
z131=2704040630393871199651/2682936299705772458775
z132=597028171962034891/575010814116091625
z133=1194056344199182511/1150021628444583925
z134=1705814094788083618803/1686692391581454957575
z135=18090192076805697553/17449086654502084925
z136=36180384162329394173/34898173315727191225
z137=72474484410685673047/69796346631454382450
z138=68124122/72122425
z139=436824724414/405707250275
z140=13/16
z141=49647451/53548300
z142=12775358/13387075
z143=20820448807589703697/20095732727043268925
z144=42861561743/40657175875
z145=7/8
z146=50547451/55548300
z147=12775358/13887075
z148=23550705538373709841/22742378799584452925
z149=19663157761/18537876525
z150=4036967/6912000
z151=3290398699/7188480000
z152=1411559/1536000
z153=45784003/192000000
z154=135584667/201848350
z155=949092669/1067338450
z156=106266245464064/104478944157975
z157=857369447194/796646255525
z158=25304707/69120000
z159=40697671/69120000
z160=6864518263/14376960000
z161=14443591/15360000
z162=91896007/384000000
z163=20183939/64000000
z164=15/16
z165=274121343/406976710
z166=1918849401/2157636970
z167=546980223254528/537441832265075
z168=1927821097/1869804725
z169=52620553260547143379/50866846692204250775
z170=294580764881/276444222640
z171=3171362717159/2938281379225
z172=1698458892754/1578524266025
z173=10187483/27648000
z174=384332357/798720000
z175=40695879/128000000
z176=769226033/746281885
z177=104145966071088710743/100713096897517932875
z178=108712487429/102039007325
z179=702274616719/650758366475
z180=81723343/138240000
z181=14012757391/28753920000
z182=29215183/30720000
z183=36824003/153600000
z184=110238939/163446686
z185=771672573/867646802
z186=554804721221632/544965388002675
z187=3380637783874/3142280287025
z188=102202831/276480000
z189=781456753/1597440000
z190=81719759/256000000
z191=31/32
z192=7682748301/7454618825
z193=218793161868768878431/211650883950248388275
z194=1400033643671/1307343320275
z195=579988603051/538325737055
z196=57622553/66560000
z197=1162557578/1414563825
z198=6399907368271872/6303248113641175
z199=62496223816/58094556875
z200=570863167/1064960000
z201=371085767026/344825441375
z202=75693379/224640000
z203=597629/665600
z204=328850059/351780300
z205=36546198/36502175
z206=536500525596672/527825172371075
z207=268250262798336/263912586148975
z208=9397842356652441029/9058748242690092225
z209=18795684719539386529/18117496490182399725
z210=384104139653/368711504950
z211=777468786635582743689/770670672451765783525
z212=13302820474735263173/12848296933923269825
z213=26605640955705030817/25696593872648754925
z214=169477272502272/163381876068385
z215=55498887/66560000
z216=266103504812983507/315294355093157100
z217=508420413/568109330
z218=1107342262/1179472175
z219=6095945728524288/6010977306191575
z220=16635962398/15479543825
z221=2628871/6912000
z222=12182066/12860725
z223=106769271427/99415731200
z224=123866711/276480000
z225=9/16
z226=85180174/84522475
z227=1494190580416736203/1437871021557234575
z228=2988381162272204207/2875742044222672675
z229=23683136047/22638531425
z230=4201341929805121806889/4142800748395680574725
z231=388952995731412367/375025327955289475
z232=3889529958752855471/3750253280661098275
z233=5589955913/5365428400
z234=2941433/5760000
z235=7437943/9584640
z236=18793089/29414330
z237=131551623/148300310
z238=69339771/73843550
z239=2141500225729411351/2069145033579530315
z240=4283000453168179211/4138290068474144815
z241=198781033789/190857977450
z242=1270859/2560000
z243=19736719/34560000
z244=342535387/552960000
z245=678481/614400
z246=207697/1024000
z247=131551623/197367190
z248=920861361/1035970330
z249=24073449/25325770
z250=14525051/14402025
z251=53307169570816/52238039661775
z252=26653584785408/26119019828075
z253=2194293324855458071/2118027532770314315
z254=4388586651420272651/4236055066855712815
z255=10078028767/9674596820
z256=76650869/138240000
z257=831865703/1797120000
z258=249145069/276480000
z259=1458126131/6912000000
z260=99/100
z261=9211089948770304/9176685586248175
z262=4605544974385152/4588342792491275
z263=59626504587849990063/57237418595777123075
z264=1311783101266024300641/1259223209363538123725
z265=358793880939/342561827125
z266=11/16
z267=2395339376897387467/2312382257995660175
z268=958135751046701347/924952903419904775
z269=424243029407053/408454689960025
z270=20840837/34560000
z271=135893081/287539200
z272=7713797/7680000
z273=9288001/38400000
z274=28297737/41681674
z275=198084159/222651718
z276=4349898563/4631657900
z277=161832322/162844925
z278=593927211057152/582583166690675
z279=126522263586270829/122229167165969225
z280=1164004825281437987/1124508338148557575
z281=76151179632522831367016491810279/73489712776501282400719923906550
z282=961935080041/920880460775
z283=25960709/69120000
z284=66361369/138240000
z285=20839941/64000000
z286=135727533/144407090
z287=85180174/85522475
z288=1908797039/1853404675
z289=6781087064766265969/6556798148118931805
z290=293498041061/281123104225
z291=2029272740432293963/1996473678161633775
z292=3212154644969371927/3109313572015278155
z293=6424309291648100363/6218627145345640495
z294=1090918849067461024433297033/1052907172264181533038590245
z295=5550877742056130647/5471516750253637050
z296=3264947744095418647/3158196071206062155
z297=6529895489900193803/6316392143727208495
z298=1125824662299149662143168113/1085892036293470782957875995
z299=73184034716623989/73413484689985400
z300=54673847684581709913/52650377663600589925
z301=109347695394803767461/105300755346927442625
z302=398750567/532480000
z303=8024483/12708590
z304=56171381/63360130
z305=329700803/354089900
z306=85180174/88522475
z307=3747062571618364363/3624149112653298575
z308=14064517142/13365652675
z309=22547461/46080000
z310=1470860549/1916928000
z311=28297737/45094922
z312=198084159/223504454
z313=15733485586/14593787525
z314=415806619/532480000
z315=5134896348745807/5459886221739100
z316=174137066974/161568589775
z317=1110973/2304000
z318=286290497/552960000
z319=15955606561/23003136000
z320=367870581/572580994
z321=2575094067/2902146958
z322=33673977/36348650
z323=161832322/168844925
z324=12870036014654/11945245173475
z325=29055451/55296000
z326=8116383703/11501568000
z327=96196133/92160000
z328=465022243/2304000000
z329=938864511/1452772550
z330=6572051577/7404607850
z331=137647917/148674610
z332=407215443/423380665
z333=373621797814272/366205207913285
z334=44727585947541218357/43289295063094857425
z335=4594946083754/4369524364525
z336=24904208969455551/26891113607366260
z337=6381580112258/5924599140325
z338=7834069/15360000
z339=17207334281/28753920000
z340=9945879/10240000
z341=31447031/153600000
z342=505542429/766508690
z343=3538797003/3983160830
z344=16248959/17580230
z345=618543407/649940925
z346=567516050096128/559242988873075
z347=658171197814/610948128275
z348=12392477/23040000
z349=40266841/46080000
z350=240342347/1152000000
z351=193429871012502399/228759680617265300
z352=806595519/862671025
z353=1480109230129152/1471767003508825
z354=6550216564/6082443365
z355=4282809064209332503/4149482110451025995
z356=18595235347/17688980030
z357=1843157/3686400
z358=15406263617/19169280000
z359=16411597/15360000
z360=93864013/384000000
z361=291833397/460789250
z362=2042833779/2303924750
z363=2147510315661883/2282001551298700
z364=640874198859776/627724501116275
z365=2066405932838/1917658812775
z366=52905421/138240000
z367=23203463/46080000
z368=7768240007/9584640000
z369=2789933/2560000
z370=15698669/64000000
z371=8532777/25600000
z372=147392703/232034630
z373=1031748921/1163442410
z374=7399229140705641/7854405624679300
z375=656523194793984/642771612591475
z376=205708480042/190928658725
z377=8872237/23040000
z378=15578309/30720000
z379=5222232137/6389760000
z380=1591877909/1597440000
z381=18904003/76800000
z382=21495943/64000000
z383=19849161/31156618
z384=138944127/156656326
z385=7645958669533184/7501374364853975
z386=682587889334/633638120575
z387=11766752977/12779520000
z388=17067599/15360000
z389=7643569133082371/8105725566896300
z390=672172190728192/657818724066675
z391=266159254478/246843804715
z392=53561423/138240000
z393=1974614101/2396160000
z394=810863/798720
z395=43319887/128000000
z396=286215111/305214230
z397=312958639931392/306901410315375
z398=254805316948/236567767025
z399=4450129481/4792320000
z400=118370815440047/125409474964700
z401=101892809/99075925
z402=95384842471044102623/92548325002393383475
z403=846143077897/793235444375
z404=496587200642/460613002075
z405=98272841/184320000
z406=5503309417/7667712000
z407=5435341/5120000
z408=638701713/982728410
z409=4470911991/5035898870
z410=23433321/25325770
z411=38452247/39961175
z412=635041627766784/622881272751475
z413=22062600540755991923/21361620859823565175
z414=606887141302/577223485535
z415=1200019161508659/1295499496375700
z416=168783582110/156708685171
z417=37385317/69120000
z418=2098386137/2875392000
z419=99476143/92160000
z420=469614257/2304000000
z421=244310157/373853170
z422=1710171099/1925772190
z423=28710387/31046926
z424=2116765461/2198903575
z425=1942140777529344/1906261596942425
z426=1569297136498/1457138061875
z427=554461519/552960000
z428=2860080881/13824000000
z429=915819903/991972550
z430=11555918613/12133537975
z431=5301300775550976/5232561126904075
z432=62328421179/57863982725
z433=62445027691817109/73631013223394300
z434=132271119/147767350
z435=264191877/282348775
z436=420131315487/390184602950
z437=123203/288000
z438=235871/160000
z439=4039997/8000000
z440=3624183/6160150
z441=25369281/28721050
z442=23122683321269/23082233748395
z443=77664188/77400175
z444=37280922/37277425
z445=1876410243219456/1827239238430775
z446=938205121609728/913619619145075
z447=534805656840367369/516821415430650725
z448=1069611315796028309/1033642832486706625
z449=1491806382890198151558933920519845173143602356376241/128853052427653219961977
  0621137797563054829617565725
z450=441209/1497600
z451=1/4
z452=378811701/385617800
z453=2070289/3840000
z454=3076659/5324800
z455=2502451/1920000
z456=12184003/48000000
z457=15831987/32000000
z458=13512729/20702890
z459=94589103/106520230
z460=18793089/19280890
z461=18496817677819157/18548180436866050
z462=594745423/594601325
z463=54103625683/50301066550
z464=7064179/17280000
z465=1634717/2880000
z466=184296103/299520000
z467=5783987/16000000
z468=10872549/16347170
z469=76107843/85630190
z470=819615591/836835800
z471=40621917397/37803700150
z472=6348481/11980800
z473=13655661143/12677555630
z474=5784211/8640000
z475=12885023/35942400
z476=14115523/11520000
z477=58988783/288000000
z478=40538187/57842110
z479=283767309/318494770
z480=2151759554934682191597/2231975650026605194340
z481=275883749277696/281611294707745
z482=13162214923/12303043130
z483=904335439429632/885890952957985
z484=452167719714816/442945476436805
z485=119078318405886811231/114345764924301003875
z486=238156636894270071731/228691529911992809575
z487=106221125816/98931929725
z488=56912939/149760000
z489=9957017/7680000
z490=40091191/192000000
z491=186366862896516885181/194320127082599831460
z492=49591931633664/50947778830615
z493=84522883350528/82989420952525
z494=802967391830016/788399498978675
z495=460553209/449001125
z496=76551537996599966183/73468608726310649275
z497=153103076047084657819/146937217493922430175
z498=9896827141/9193268800
z499=1924823/6912000
z500=40538187/96241150
z501=283767309/328088050
z502=189/200
z503=55382126/54561275
z504=1626026308272128/1586485454827575
z505=813013154136064/793242727343475
z506=2750872397/2557949350
z507=829343/2880000
z508=37372663/49920000
z509=3624183/8293430
z510=25369281/29254010
z511=296742291/298219400
z512=15977538/15690325
z513=5267224079/4902698050
z514=4648057/17280000
z515=9602369/8320000
z516=5558258151/5889658300
z517=623123982/616177675
z518=18294999871389696/17890328089539275
z519=9147499935694848/8945164043855575
z520=50767247660928338293/49230464345276859425
z521=101534495349355493009/98460928711683986125
z522=2782096109/2681704045
z523=266907531/285412300
z524=69235998/71353075
z525=40538187/70641790
z526=283767309/321692530
z527=713844217535462453/692785641981725665
z528=7138442177469918101/6927856421442661825
z529=980642821/945468725
z530=1533373/3840000
z531=1558967/1280000
z532=1602667/6400000
z533=1736097/3066746
z534=12152679/13787222
z535=131110999/139896700
z536=34078742/34974175
z537=750417170399232/733054281442675
z538=5197193144/4823060575
z539=6306743/23040000
z540=64026913/66560000
z541=11239973/32000000
z542=212574547/226245100
z543=55382126/56561275
z544=6736288936/6253080225
z545=34145463/33280000
z546=148523842437217/143669245973950
z547=44654613/47174200
z548=14456359/34560000
z549=5332903/3840000
z550=24696007/96000000
z551=84028383/144563590
z552=588198681/666345130
z553=456965191/485290300
z554=119292278/121322575
z555=1751218275745792/1706862346629175
z556=875609137872896/853431173244275
z557=44717827930566760539843/43509570894451020683575
z558=1515752147/1445913825
z559=981366509/1018580600
z560=1962896104/1822623905
z561=19576231/69120000
z562=72554939/66560000
z563=475839/1280000
z564=400984720622/424314238675
z565=1775282/1798925
z566=911594389/889802225
z567=2916375943/2785227325
z568=29240719/69120000
z569=10993807/7680000
z570=9944003/38400000
z571=34201755/58481438
z572=239412285/271130066
z573=2029317221/2102761400
z574=906907129741312/883525396194675
z575=19049055272/17693237425
z576=39480463/138240000
z577=149373891/133120000
z578=24119951/64000000
z579=43664613/45174200
z580=6000696449/5844479725
z581=37518204776/34853473225
z582=3614589/3856178
z583=2159902914/2144909725
z584=15853756505653248/15542978699408075
z585=7926878252826624/7771489348789975
z586=54516997470699522421/52835993008518382625
z587=21806798993779572253/21134397207633406505
z588=14908259587/14367923150
z589=2789281111/2998546300
z590=719967638/749636575
z591=44901072502/41780183975
z592=39097899/41841790
z593=73211857172872503631857/72271127250019198067725
z594=12918388059444408827/12561040859082535615
z595=129183880648328813723/125610408632126487775
z596=6190621213241121653/5976688780866973100
z597=1068782075330523309445674958848/1049173176669874477185946725025
z598=98342605610180721127/95709299628764102075
z599=196685211274246167707/191418599298829335775
z600=34043826598832978788922074001/33035763805482849030554963900
z601=2549947/4608000
z602=1531768999/2396160000
z603=84028383/127497350
z604=588198681/662081450
z605=5992171483/6423493900
z606=1550799614/1605873475
z607=998067693355772434925261684736/980343359685185885009361611425
z608=17074378188521472/16716653394473675
z609=8537189094260736/8358326696322775
z610=259641845242/241882477025
z611=98544071/149760000
z612=81147807/86963590
z613=260297583259709479627/253874239418567848175
z614=520595166626075502767/507748478918778556675
z615=92729616138121930120037931631/90365072204453369704432787650
z616=18440139029/17628409225
z617=7428490470384327/7898354139447100
z618=31938219079/29775083225
z619=612065893/798720000
z620=2244308234298387721/2175273718476897125
z621=4488616470712069013/4350547438579199425
z622=98706142808/94838586925
z623=19411694769314487010266140966757987250866830632891133/16737524654595494595057
  018074791368319712785028354425
z624=12093733/23040000
z625=3849187897/4792320000
z626=15624873/24187466
z627=109374111/123232262
z628=547922541218455139949/538048647653465591225
z629=1500834340798464/1466108563025975
z630=3099059523027397897/3004499870000020325
z631=95355677664155221/92446149871160705
z632=63035843698939675016235523/60882700502092942861002275
z633=34078742/33974175
z634=3761515949716860169/3648827115715885925
z635=272404729636/261276354725
z636=663234049/798720000
z637=578699/595582
z638=10134322813639175181917487104/9913273580639759654660963325
z639=28200559/27460675
z640=3802779669157408327/3696617482004380475
z641=1521111868221334399/1478646993230273555
z642=66222503631512589/64108981419585350
z643=24515467/46080000
z644=8135601127/9584640000
z645=9681803/7680000
z646=48408011/192000000
z647=159200739/245154670
z648=1114405173/1255282690
z649=2786807/2977910
z650=213000478/212045075
z651=9747009504657670709034876928/9537181553579219255320214525
z652=1563430324535296/1526297008926775
z653=781715162267648/763148504393075
z654=21356954217729063/20761254632985499
z655=21055727485/20221834304
z656=5585743/13824000
z657=688818127/798720000
z658=22807947/64000000
z659=159200739/164087150
z660=55382126/55061275
z661=744375825066979056435986432/729033792841309987948318089
z662=370344973/360840905
z663=27817178767954816091/27076434357317576575
z664=55634357552575155967/54152868727416993875
z665=609203386/592174025
z666=346322236039/332834892275
z667=145093197/133120000
z668=11982724909/12845319700
z669=3101165522/3211329925
z670=8535995313291264/8357178830005975
z671=510727805302/474357337775
z672=8663770241/9584640000
z673=4423972376406322441/4293154361431751525
z674=629704469342/597914917375
z675=1590631/3072000
z676=5914372583/6389760000
z677=9025801/7680000
z678=47752009/192000000
z679=51098907/79531550
z680=357692349/403120850
z681=195944426/207645025
z682=719119178530816/702960058492275
z683=1036515246823111733/1005986212010249185
z684=489531487042/461478180425
z685=27272713/69120000
z686=9021947333/9584640000
z687=4430389/12800000
z688=34078742/35974175
z689=82539751732439887607078977536/80684949820060339235161725925
z690=1870748923/1820604575
z691=40392279764260945657/39241964356745305925
z692=1451500033009/1368920093975
z693=21293971/46080000
z694=26041455/42587942
z695=182290185/205955594
z696=270385487463391/285158000406300
z697=10089834638/9353283025
z698=15560477/34560000
z699=7855747649814629/8375292614707700
z700=5845032660805020937/5674258305767111525
z701=112572332834/105561911965
z702=47390929/92160000
z703=552335581/589824000
z704=5907867/5120000
z705=31725339/128000000
z706=303641433/473909290
z707=2125490031/2395765030
z708=91084869/98004770
z709=703470182596608/687912947017075
z710=304077414854/282088535575
z711=27845293/61440000
z712=6033764947/6389760000
z713=118626293/106496000
z714=43975889/128000000
z715=54522887/58684310
z716=1752852997668864/1715333780434475
z717=655552530178/608232984725
z718=95109859/184320000
z719=153879302407/153354240000
z720=35775203/30720000
z721=38136007/153600000
z722=122046975/190219718
z723=854328825/962898026
z724=711294680563712/695436502754675
z725=15497468188618/14370868041425
z726=502855279/1105920000
z727=12876766697/12779520000
z728=88279779/256000000
z729=2958995943/3185352790
z730=1288086401446/1194529444175
z731=126123821/276480000
z732=61445153/53248000
z733=435497057234031021/465191899176161300
z734=1829141852848128/1788688448876075
z735=981107244494/910508571475
z736=48046931/92160000
z737=77134975799/76677120000
z738=18379603/15360000
z739=95832019/384000000
z740=309545451/480469310
z741=2166818157/2441685170
z742=130860994341565751/139433158442306300
z743=734768174465024/718007169967475
z744=46049710560513687289/44743267770860838725
z745=1310513260498/1228766877725
z746=253887647/552960000
z747=19444218439/19169280000
z748=44631891/128000000
z749=22468137188488073/23918985290064900
z750=3731985817/3633009125
z751=91004280671021798563/88465939054831108775
z752=1628775671068/1527469521275
z753=542169233/1105920000
z754=203854881097/184025088000
z755=3404999961/5421692330
z756=23834999727/26892646310
z757=743438997/800438210
z758=90203941471982/83579636323675
z759=5053493/10240000
z760=732101373/655360000
z761=6365689/10106986
z762=44559823/50268902
z763=1501638039/1617276470
z764=191657143594/177604981025
z765=269280611/552960000
z766=734356957/1474560000
z767=1327814308681/1226833920000
z768=928636353/1468713914
z769=6500454471/7331877398
z770=328034943/354241222
z771=968668767950/897759767179
z772=364718471/737280000
z773=223746481/442368000
z774=149607239621/141557760000
z775=346368227/294912000
z776=7468069553/36864000000
z777=7119545373/11187324050
z778=49836817611/56192868350
z779=2237998527/2418384710
z780=2153829168734208/2107285070401625
z781=2813593704262/2607702154535
z782=184819243/368640000
z783=334744455679/306708480000
z784=2679353161/2211840000
z785=2233549003/11059200000
z786=234373095/369638486
z787=1640611665/1850189402
z788=3404999961/3578492330
z789=6708724698267648/6555794241016075
z790=90316153574062/83710055136075
z791=93856369/184320000
z792=163432734397/153354240000
z793=3492218357/2949120000
z794=14970579211/73728000000
z795=119790693/187712738
z796=838534851/945349166
z797=4520277189/4885969570
z798=2174114555891712/2127739737563225
z799=15159292223114/14050163192075
z800=555594191/1105920000
z801=19060457269/19169280000
z802=517075691/442368000
z803=11261719721/55296000000
z804=3433646151/3712741910
z805=6417724879060992/6286349963972875
z806=5810173013476/5386809233625
z807=232563841/199680000
z808=19421719777/20760384100
z809=5039773466/5190096025
z810=115396982337497041741599735808/112997013462882488096850136025
z811=18496049256595456/18083644806083275
z812=9248024628297728/9041822402127575
z813=29648917001127102601/28821289169271991125
z814=59371699192/56598926225
z815=900407273/798720000
z816=23848595172571511/25326745551394300
z817=110991293447832428362560045056/108718966655068841054349118425
z818=17784019941588992/17399001233961675
z819=8892009970794496/8699500616066775
z820=998216739754/927550411025
z821=2724639708656839/2889034418459452
z822=27469322426/25532727375
z823=18344671583/19169280000
z824=213000478/218045075
z825=1893217718042546029/1840893721878085225
z826=1216640888294/1156330314325
z827=4143433/4259840
z828=25/32
z829=153439587/164087150
z830=30426788962699586651/29619074795342178175
z831=60853577942064697087/59238149603466197075
z832=576991916035278664632382889/561268695747787709973535630
z833=25076491063/23809139855
z834=55382126/57311275
z835=33036399157444357211/32161715233366779775
z836=66072798331554238207/64323430479515400275
z837=3132505863130645729260932173/3047253178308985170426628550
z838=2198698671/2079056459
z839=213000478/224045075
z840=2184663869755412333/2124693346282258025
z841=4369327740441443113/4249386693278718325
z842=2343005258/2278495825
z843=1434405604892/1353405646675
z844=9871787/18432000
z845=37706474267/38338560000
z846=6563869/5120000
z847=32381341/128000000
z848=321353487/493589350
z849=2249474409/2533525450
z850=144842994/152096725
z851=797364158201856/778195615868275
z852=38640209271012994139/37616793921030498175
z853=77280418558691512063/75233587854842837075
z854=9583198064760906304417618339/9323331252474765455974149850
z855=2823817344608/2665392967075
z856=18728477/46080000
z857=791817733/798720000
z858=9188779/25600000
z859=27/32
z860=55382126/58061275
z861=1231312567/1200069675
z862=7889585912727105519/7684708780440009475
z863=15779171829148148739/15369417563712227975
z864=110944139423/104561265325
z865=2483723510388599/2599100076712700
z866=1693601965185832547/1649691193742140775
z867=16936019655552263171/16496911940253616775
z868=1919169801107/1803404397175
z869=129403831/276480000
z870=159200739/258807662
z871=1114405173/1258693634
z872=19998931195817/21078570132100
z873=277224558/257025025
z874=32760959/69120000
z875=40538187/65521918
z876=283767309/320413426
z877=29711510739301/31274367568372
z878=76906649482/71308453475
z879=276496633/552960000
z880=242547985253/230031360000
z881=1751208129/2764966330
z882=12258456903/13825164310
z883=11790273129540401/12527307918971300
z884=825370007156092879/802830990228810275
z885=97102353801317171/94450704746805175
z886=19243333775198/18045473591875
z887=109877051/221184000
z888=489667320443/460062720000
z889=2000357/1703936
z890=96488021/384000000
z891=3469944159/5493852550
z892=24289609113/27397767850
z893=126366507/136139710
z894=373457256087552/365073156619375
z895=192920354822/178908332215
z896=1095162499/2211840000
z897=2082757113751/1840250880000
z898=37743209/30720000
z899=192648041/768000000
z900=6907416219/10951624990
z901=48351913533/54542974930
z902=758241668366336/740577837180275
z903=178118849901226/165071636482625
z904=512695309/1105920000
z905=1045676517979/920125440000
z906=3807121/3072000
z907=18049557/51200000
z908=627946929/656750618
z909=153213233266688/149620278583575
z910=88805225815618/82305565639325
z911=257167657/552960000
z912=246846110357/230031360000
z913=127154319/106496000
z914=45287893/128000000
z915=1531158129/1650076570
z916=1905430708027392/1862043117317675
z917=4508918382982/4182003198935
z918=367459507/737280000
z919=139996597211/122683392000
z920=12799737/10240000
z921=64434681/256000000
z922=2324120139/3674595070
z923=16268840973/18349365490
z924=315449469/330015314
z925=773890664300544/755624948655475
z926=3712961759/3616609075
z927=94431215055250309637/91891380950326643425
z928=37772486028783455021/36756552385258153705
z929=2176009660474/2027303169305
z930=59034017787082/54716875358225
z931=19110197/40960000
z932=527136220093/460062720000
z933=90903787/256000000
z934=70427883/73701182
z935=2472137163/2408339375
z936=62584628163274672361/60916869744049921525
z937=22826188810860026611295601863/22207813344532827336885260050
z938=40677533195962/37900645735175
z939=3921129809/3194880000
z940=341897367/368505910
z941=9844725324808192/9615573071849175
z942=44148413772814/40922530217675
z943=1083418314461/920125440000
z944=87539034814478/81116413578475
z945=70026161/138240000
z946=61643221381/57507840000
z947=32854583/26624000
z948=445920057/700261610
z949=3121440399/3519431270
z950=244120020174383281/259891886668347300
z951=1981719563206656/1935397785759275
z952=5620117421854/5213861207075
z953=185533759/368640000
z954=351219364771/306708480000
z955=1178296119/1855337590
z956=8248072833/9300963130
z957=48988460282659803/52026308534213900
z958=43859429660502535259/42702074797079701375
z959=10878169797924163992345565603/10583719317729847216706105050
z960=24768210867634/23221809341525
z961=86815889/184320000
z962=26556350413/23003136000
z963=107117829/112191778
z964=9624857652333277167/9375950345252092675
z965=182583222324577822477021957/177670216159572853376497750
z966=9228980921186/8654452964275
z967=1109594543/2211840000
z968=2117140802579/1840250880000
z969=39055213/30720000
z970=38792009/153600000
z971=1407460923/2219189086
z972=9852226461/11110643602
z973=159200739/166647662
z974=789539660234752/770672060130675
z975=46661334717286853723/45429614140911560575
z976=68760677133607087393465779283/66902801336510260096270096250
z977=162219541032146/151157428183525
z978=15816703639/12779520000
z979=9943265096081408/9710322851919575
z980=176085256821266/163229615666725
z981=4351411223923/3680501760000
z982=349125143554642/323530990864325
z983=519255329/1105920000
z984=354289454131/306708480000
z985=91559789/256000000
z986=639754965/669870658
z987=7397387431/7208618075
z988=185536793248470812701/180686303895142720025
z989=9204655361457532450838375377/8956628613741132238139589310
z990=26954824880074/25118712237725
z991=2658148007/2129920000
z992=10041804867354624/9805072631989975
z993=29262809758546/27128185077125
z994=2222797097/4423680000
z995=8758629521989/7361003520000
z996=78438427/61440000
z997=388248091/1536000000
z998=14107081329/22227970970
z999=98749569303/111358996790
z1000=793451909218304/774433837999475
z1001=695659686011134/644684376279875
z1002=1040150663/2211840000
z1003=731363957339/613416960000
z1004=183447579/512000000
z1005=1282461939/1343021326
z1006=57885724192322/53645809402525
z1007=223362113/442368000
z1008=2134332646993/1840250880000
z1009=7942243/6144000
z1010=194616047/768000000
z1011=7102248813/11168105650
z1012=49715741691/56058339550
z1013=161037731233792/157143834321175
z1014=6147608254259807017/5988471707554639925
z1015=9240170755273773039647055163/8991890644432423610664833450
z1016=161238357528742/150267118669175
z1017=522535339/1105920000
z1018=5357321423/4600627200
z1019=92215791/256000000
z1020=645658983/676430678
z1021=7378363373/7192218025
z1022=183319702007117608319/178621998558135675475
z1023=17389943373618125160415268617/16924049256766078994522022350
z1024=2009347072213/1872774548900
z1025=3216214489/2555904000
z1026=2028068927725568/1979964482412075
z1027=175068460281286/162308605258775
z1028=2230013119/4423680000
z1029=676469650319/566231040000
z1030=79094429/61440000
z1031=388904093/1536000000
z1032=14172025527/22300131190
z1033=99204178689/111864118330
z1034=801276407185408/781957393737075
z1035=53353668815738/49447311490825
z1036=1043430673/2211840000
z1037=4405921710113/3680501760000
z1038=184103581/512000000
z1039=63/64
z1040=1288365957/1349581346
z1041=590649551/575705443
z1042=75784411387074305449/73831483341213985205
z1043=16273524727560282425206988461/15837206093366268324976924550
z1044=332462149957262/308906381599375
z1045=346283349450662/320940192965575
z1046=1013328553/798720000
z1047=10238884409901056/9994572192130775
z1048=10910003875706/10115506253425
z1049=1443550169/2949120000
z1050=1231301305649/981467136000
z1051=26583477/20480000
z1052=25970673/102400000
z1053=1811977965/2887100338
z1054=12683845755/14311462366
z1055=809100905152512/789480949474675
z1056=454000709760286/420544174886675
z1057=240209027/491520000
z1058=745743047/1474560000
z1059=588638759087/490733568000
z1060=1274829403/983040000
z1061=4958156693/24576000000
z1062=949131315/1491486094
z1063=6643919205/7491282658
z1064=502179209/527630090
z1065=161637871202304/157727384498455
z1066=230514840088546/213648574160525
z1067=116301187/245760000
z1068=45182693/92160000
z1069=192779622943/153354240000
z1070=184759583/512000000
z1071=283767309/451826930
z1072=1986371163/2241188510
z1073=47935925/50227458
z1074=14165542525498/13122051985625
z1075=138239364881/115015680000
z1076=1532878493/1179648000
z1077=29765012207/147456000000
z1078=1811977965/1904060338
z1079=2430083774834688/2371435878721625
z1080=187644995239/173916048650
z1081=1133820451/2211840000
z1082=934926365639/920125440000
z1083=75036923/61440000
z1084=103638899/512000000
z1085=7255337787/11338204510
z1086=50787364509/57249031570
z1087=66924950863683383/71485121024611700
z1088=752373144420352/735422668924275
z1089=91843737845834/85197123022225
z1090=570682237/1105920000
z1091=471280294457/460062720000
z1092=544661059/442368000
z1093=11218257169/55296000000
z1094=3661616997/5706822370
z1095=25631318979/28888556590
z1096=17671388931801299007/18874350422216504500
z1097=6833991901298688/6681813799620875
z1098=45685425138054/42380330145775
z1099=382969499/737280000
z1100=316731604063/306708480000
z1101=1372640681/1105920000
z1102=5621756623/27648000000
z1103=2463710067/3829694990
z1104=17245970469/19435064930
z1105=22498542685202626323/24028661338140707300
z1106=6896625502814208/6744823578923275
z1107=90897962706382/84324197560875
z1108=28911313/55296000
z1109=119728629433/115015680000
z1110=922419143/737280000
z1111=3756256441/18432000000
z1112=932378301/1445565650
z1113=6526648107/7354159550
z1114=1178296119/1240937590
z1115=2319753034776576/2269277786075225
z1116=11303134392082/10485966853775
z1117=1494091193/1597440000
z1118=90716629/73728000
z1119=1885754647/9216000000
z1120=2540411966550649899/2718293087314050500
z1121=2272521416245248/2225544805953625
z1122=97736321657/90682676025
z1123=491603519/599040000
z1124=40538187/41841790
z1125=301144723/301400675
z1126=5643540275186189/5450453365297100
z1127=170994188179660042807562628538980354448440229028248979/147704801107666503109
  967783223258926248655369851938775
z1128=6684534397054819657334942513020233823489168932101710181/57637828430090457172
  88743545707098123697559424225612225
z1129=4109620691/4792320000
z1130=4303826217208237/4214237453031750
z1131=25171469/46080000
z1132=8396033921/9584640000
z1133=689187/512000
z1134=16354671/64000000
z1135=165104757/251714690
z1136=1155733299/1301202830
z1137=15337102/15229675
z1138=168862229200896/164667390058775
z1139=6700617335493849283/6531293740026182375
z1140=13401234675132677447/13062587483229374875
z1141=176023243745474821798402869/171304261390043110259485750
z1142=5069606491/4875899375
z1143=9528239/23040000
z1144=4263125159/4792320000
z1145=23463949/64000000
z1146=55034919/56882390
z1147=17041754/16903225
z1148=610900269/595934825
z1149=19551903749/18822995425
z1150=132494909/149760000
z1151=84028383/86963590
z1152=945146183/951362120
z1153=592777417/594601325
z1154=1279679/2560000
z1155=3390437244226836890583874238004951371386614167/29287599101046092698595881362
  11164975333288075
z1156=1460144200406514674497517056104124138324857477643/12597857023827386083497185
  10434589774417980584175
z1157=2869719/5120000
z1158=14797379/16384000
z1159=3800195/5739438
z1160=26601365/29936066
z1161=247112582/244845175
z1162=3137563589/3023732225
z1163=2866747/5760000
z1164=657691841/599040000
z1165=3624183/5733494
z1166=25369281/28614458
z1167=34201755/35441438
z1168=5325846/5271775
z1169=1813676749/1771404425
z1170=18098859319/17461791275
z1171=135963851/276480000
z1172=1098335389/1198080000
z1173=808583923/552960000
z1174=2794887053/13824000000
z1175=55460979112934154071025/57302387031293864858932
z1176=3645658989/3610919615
z1177=164312364519/158473372075
z1178=494975773/399360000
z1179=10855597298/11126394325
z1180=9960053943304192/9726465974249175
z1181=110225606443908250087/107361028235101535675
z1182=220451212941701225627/214722056511504202975
z1183=2049831229734279112016355208463/1995203147888755203726205542850
z1184=312469788956/297478447975
z1185=10855597298/11438394325
z1186=127100939100387588583/123813075901777247675
z1187=254201878254659902619/247626151844855626975
z1188=2363802464206819062372097666319/2300948890334255208022762086850
z1189=366354514409/346267579600
z1190=50014937/92160000
z1191=16968860381/19169280000
z1192=1890358819/1597440000
z1193=3912001/15360000
z1194=65451501/100029874
z1195=458160507/515889118
z1196=706813229666035417/749185124156460100
z1197=9426031957049344/9212983295157975
z1198=1954552343822/1817192106475
z1199=56841433/138240000
z1200=8549538389/9584640000
z1201=64006897/53248000
z1202=46599897/128000000
z1203=193639838863284137/205103367145940100
z1204=1920807857160192/1876828837637675
z1205=3674913643/3583808975
z1206=1165071513476518278709/1135293777748484121425
z1207=2786808847457875606089744850817/2713714819245211759081083481950
z1208=33171758945/31184695618
z1209=163809961757/151731939175
z1210=315735201/338014330
z1211=972615605702/904409940475
z1212=252834863816443379/267356205059374700
z1213=190555864667817237043/185802494348737280375
z1214=709121530035754616680676554687/690592718209996351421578007330
z1215=413651339777/388980492700
z1216=898778011027/832709359925
z1217=101013877/184320000
z1218=34635378889/38338560000
z1219=3870261911/3194880000
z1220=196584053/768000000
z1221=663371037/1010138770
z1222=4643597259/5227771390
z1223=10622907/11376478
z1224=9693042950176768/9469724634703575
z1225=3867223551958/3596475497375
z1226=114666869/276480000
z1227=16890313/30720000
z1228=5794265881/6389760000
z1229=1950055001/1597440000
z1230=98456027/384000000
z1231=94183797/256000000
z1232=111053841/168903130
z1233=777376887/875121910
z1234=640326429/685868690
z1235=9782046614552576/9555305081218775
z1236=128596747318/119603442395
z1237=11499487/27648000
z1238=4339877393/4792320000
z1239=930305407/798720000
z1240=47255899/128000000
z1241=321639219/344574350
z1242=9248621518782464/9042396335285975
z1243=481647236642/448018857475
z1244=101669879/184320000
z1245=148627918337/153354240000
z1246=1309986031/1064960000
z1247=13149337/51200000
z1248=133855011/203339758
z1249=936985077/1054738306
z1250=9871050278928384/9640885527733975
z1251=15159163686758/14092807395175
z1252=38440957/92160000
z1253=9324320503/9584640000
z1254=94839799/256000000
z1255=215410149/230809570
z1256=2434089047/2375539275
z1257=267526743073614464323/261026185256519365575
z1258=4979429455468005351258358124107/4850924726028800198501398202250
z1259=3495419133973/3266591377325
z1260=1455125337289/1350243369965
z1261=945051888118/878644368125
z1262=67161923/138240000
z1263=84028383/134323846
z1264=588198681/663786922
z1265=15233338341/14482258925
z1266=119292278/124322575
z1267=36453868399/34385532475
z1268=143660333/276480000
z1269=123013217929/115015680000
z1270=924312213/1436603330
z1271=6470185491/7291423310
z1272=40538187/42481918
z1273=6865334579974/6529924717775
z1274=18914177/36864000
z1275=16706519053/15335424000
z1276=605384109/945708850
z1277=4237688763/4776761950
z1278=15337102/16029675
z1279=9296822359567593667/9062377996437830375
z1280=1953850640963109579979545/1901520930835346206873838
z1281=1079885392222/1019162933675
z1282=14742649/30720000
z1283=127311343033/115015680000
z1284=4576509720874319/4785250008004700
z1285=7991171368492/7545440602925
z1286=370612963/383385600
z1287=366366241/276480000
z1288=56470127/276480000
z1289=445920057/469861610
z1290=8113769091/8295156025
z1291=7444415596068864/7277115147358475
z1292=28206646981108322889/27459348835340038325
z1293=56413293974651582421/54918697680211107025
z1294=2010593874094/1916547012375
z1295=263727677/552960000
z1296=20347609/15360000
z1297=327257505/527455354
z1298=2290802535/2586267478
z1299=7708717827578587/8112122643801100
z1300=828662150070272/808289838818675
z1301=18908993402/17533962475
z1302=18344973/29485298
z1303=128414811/144957086
z1304=2112178941026507/2221386234897100
z1305=337724458401792/329334780145675
z1306=1109234153637817758947/1079733462656621025175
z1307=3363048871/3154675677
z1308=27136469/21299200
z1309=27916800907549391/29825110165175900
z1310=411601683677184/401750490840175
z1311=150001271342/139099096225
z1312=267100677/212992000
z1313=2138359541426507/2275468527697100
z1314=294131937242/272553379525
z1315=2758563496636169/2896964946781700
z1316=83453384935804182030179/81374297107003739481550
z1317=41635161659/39060344825
z1318=267007687/552960000
z1319=275628703/212992000
z1320=333161523/534015374
z1321=2332130661/2632187618
z1322=143323759676156689/152998101914001700
z1323=2096152845975552/2045429788421675
z1324=24788432578/22987748775
z1325=532375369/1105920000
z1326=41679221/30720000
z1327=663371037/1064750738
z1328=4643597259/5241415166
z1329=21770846256768283/23162066094181900
z1330=81231217003642107291491/79222193648508826559950
z1331=1704271287943168/1661721012203575
z1332=852135643971584/830860506031475
z1333=48579953526/45016928675
z1334=546993393/425984000
z1335=21003611/15360000
z1336=132359095107272503/140765021906395900
z1337=7321291199/7143017875
z1338=23676392597/22058387575
z1339=8503181633/6389760000
z1340=12375606421274316711470781/12072352650250934510299250
z1341=21660246075080704/21126141746934475
z1342=10830123037540352/10563070872553175
z1343=580307226226/537751336625
z1344=355463581/737280000
z1345=16874178863/12779520000
z1346=22898034139/17039360000
z1347=131165369/512000000
z1348=443231361/710927162
z1349=3102619527/3501930134
z1350=144946515052376715447/155224389984656079100
z1351=10954737880160256/10682892836610775
z1352=1148540648554/1063893246425
z1353=11404244933/8519680000
z1354=27895481/20480000
z1355=663371037/685868690
z1356=2189830707623/2033301833650
z1357=856047892955136/834622283900275
z1358=457001498642/423235413205
z1359=25517971/61440000
z1360=11293514043/8519680000
z1361=5746894603/4259840000
z1362=37739119/102400000
z1363=2701822631803540027/2892799577831017100
z1364=11004802441371648/10731031837775575
z1365=763888666866/707592092525
z1366=49247929/50926570
z1367=4877690123/4759278575
z1368=291256240951/270438882450
z1369=859960141938688/838384061769075
z1370=1519691176354/1407409033725
z1371=69973179/53248000
z1372=44132620869491653/47075181905917300
z1373=731177917/713481785
z1374=4268594547130368/4164214245650575
z1375=2134297273565184/2082107122642475
z1376=147459919594/136753889075
z1377=178551793/368640000
z1378=14111741/10240000
z1379=223091685/357103586
z1380=1561641795/1762445102
z1381=2980078853012609/3168186793628900
z1382=11780632123/10975893625
z1383=5712849223/4259840000
z1384=3632306043263649081/3891132877854460100
z1385=10928662808813568/10657820652623575
z1386=57765501014/53529952915
z1387=1069670753/2211840000
z1388=4615424537/3407872000
z1389=394152109/1536000000
z1390=1335598101/2139341506
z1391=9349186707/10551710542
z1392=333161523/344574350
z1393=2210973400516608/2155834167788075
z1394=571562676022/529441515575
z1395=16868489/12288000
z1396=1089506453321/1011640701550
z1397=172774478184448/168429167927575
z1398=1137033017926/1053025017575
z1399=230317741/552960000
z1400=6828982187/5111808000
z1401=11583333479/8519680000
z1402=189351597/512000000
z1403=1335598101/1381577410
z1404=11104931563794432/10827309840105175
z1405=2280835407578/2112755847025
z1406=14614046311/14261435675
z1407=4347208012303/4036542375650
z1408=867784639905792/845907617506675
z1409=4537190614346/4201973039425
z1410=555521419/425984000
z1411=44618337/46161914
z1412=4689227179/4369037385
z1413=2158841509/1597440000
z1414=11027202580086784/10752570432693975
z1415=191667598018/177615907225
z1416=1072950763/2211840000
z1417=23256211231/17039360000
z1418=394808111/1536000000
z1419=1341502119/2145901526
z1420=9390514833/10597630682
z1421=11154996125005824/10875448841269975
z1422=379236685178/351290938625
z1423=84998447/61440000
z1424=722731701887/671086990850
z1425=871696888889344/849669395375475
z1426=754374859498/698641001425
z1427=230973743/552960000
z1428=34409279741/25559040000
z1429=1459109719/1064960000
z1430=190007599/512000000
z1431=1341502119/1388137430
z1432=11205060686217216/10923587842434775
z1433=2270004814558/2102735416475
z1434=14595022253/14245035625
z1435=617938915763/573785930650
z1436=903061539926/836343795535
z1437=563817299/1105920000
z1438=505766921527/460062720000
z1439=719966511/1127634598
z1440=5039765577/5681602186
z1441=506597900165112731/539071488282124300
z1442=2019863990796288/1972075119980075
z1443=8869577033954/8229950749165
z1444=183026779/368640000
z1445=177678300863/153354240000
z1446=1155733299/1830267790
z1447=8090133093/9125474530
z1448=416369573759906337/442735005669011300
z1449=14498821838618/13448416881625
z1450=121252517/245760000
z1451=84965303633/76677120000
z1452=257155066481/204472320000
z1453=2487114371/12288000000
z1454=152720169/160585034
z1455=675152982206976/659563777455545
z1456=7351476400346/6821054610775
z1457=1070849938727/920125440000
z1458=10691072302624239811/10420369577547283175
z1459=8269972213230995530558751663/8048847642712775727767762050
z1460=73359062136074/68805819403825
z1461=376466407471/306708480000
z1462=327257505/343135354
z1463=23862496501402/22375727018825
z1464=179907643489/153354240000
z1465=652994749/491520000
z1466=276985838854144/270324159529425
z1467=85089795565323885769/82950098646761347925
z1468=211286480790184550079212006932/205713000961554553103204032675
z1469=12150403745662/11396002515575
z1470=145043819/294912000
z1471=115389307399/94371840000
z1472=13455739/10240000
z1473=65090683/256000000
z1474=4560941007/7252190950
z1475=31926587049/36019736650
z1476=820837652103168/800766283081075
z1477=1758860735042/1629983792605
z1478=175271783/368640000
z1479=251014887761/204472320000
z1480=92871793/256000000
z1481=152720169/242505034
z1482=1069041183/1206015238
z1483=217187667/227663566
z1484=18996545832134/17605750026775
z1485=729811109/1474560000
z1486=302423531389/245366784000
z1487=41023219/30720000
z1488=195928051/768000000
z1489=4602269133/7298111090
z1490=32215883931/36341177630
z1491=836486648037376/815813394556275
z1492=113632602207878/105320053801975
z1493=529095359/1105920000
z1494=379536496831/306708480000
z1495=18705559/51200000
z1496=657467019/689550718
z1497=667301387/650856175
z1498=26031303995554/24257279468225
z1499=17583024191115437752673/17147966024006397863450
z1500=28321482355738/26251401860825
z1501=1474570153/2949120000
z1502=23475285257/19629342720
z1503=240978019/184320000
z1504=930658883/4608000000
z1505=9339069681/14745701530
z1506=65373487767/73728710710
z1507=283767309/298226930
z1508=2447336228585472/2388246323572825
z1509=6582191463978/6101162183425
z1510=2218907251/4423680000
z1511=4419254403463/3680501760000
z1512=3871064351/2949120000
z1513=14906614177/73728000000
z1514=2814414543/4437814502
z1515=19700901801/22217341514
z1516=4560941007/4794590950
z1517=2458367642185728/2399296546062425
z1518=344556702328618/319378839887825
z1519=275600401/552960000
z1520=1426146449/1105920000
z1521=5615482999/27648000000
z1522=1743142041/1834404010
z1523=288686437466112/282065882197699
z1524=2491025747886/2309045859995
z1525=41352061/81920000
z1526=81809077161/68157440000
z1527=262944613/413520610
z1528=1840612291/2075444270
z1529=19113756767586/17718151750525
z1530=11499371867/8847360000
z1531=45022592293/221184000000
z1532=2814414543/2963254502
z1533=7281571978211328/7116302612062475
z1534=43343885324662/40178049947925
z1535=73669913/147456000
z1536=358178394329/306708480000
z1537=2332130661/3683495650
z1538=16324914627/18411669550
z1539=18344973/19245298
z1540=28829308972022/26744419898575
z1541=30887131/61440000
z1542=30083348911/25559040000
z1543=196066227/308871310
z1544=1372463589/1547699170
z1545=333161523/349695374
z1546=796138174078/738666834275
z1547=758961145321/613416960000
z1548=81971939647696132204387/79939561468007130867150
z1549=1719920283877376/1676768123678775
z1550=47402062242262/44457474941375
z1551=2549964919/2044723200
z1552=87183576818/81784251565
z1553=51976483456534/48440602910975
z1554=1032562425213782276079623/1007184286790767251647350
z1555=56550904670806/52423730880575
z1556=81600347/163840000
z1557=69644250979/54525952000
z1558=515955251/816003470
z1559=3611686757/4073624290
z1560=24850200461242/23026806189225
z1561=2173079443/4423680000
z1562=9647894231303/7361003520000
z1563=13659622443/21730794430
z1564=95617357101/107878761010
z1565=663371037/696110738
z1566=663421866205514/614593329785425
z1567=866542169/1769472000
z1568=1573216349993/1226833920000
z1569=4822465297/3538944000
z1570=89309458987/442368000000
z1571=27198212517/28581508450
z1572=7707191720675328/7515410670020875
z1573=334440120154738/309904116534525
z1574=1453202309/2949120000
z1575=3139959585617/2453667840000
z1576=1829351817/2906404618
z1577=12805462719/14446592326
z1578=204486682981958/190545518663575
z1579=222736883790278/206437096017175
z1580=546631871/1105920000
z1581=1182117735731/920125440000
z1582=3445163703/5466318710
z1583=24116145921/27205030970
z1584=223091685/234223586
z1585=76428502061834/71223618869725
z1586=16652684821162/15435057030785
z1587=738995137/1474560000
z1588=1536230978461/1226833920000
z1589=12103559387/8847360000
z1590=44701797637/221184000000
z1591=936985077/1477990274
z1592=6558895539/7396811918
z1593=13659622443/14357994430
z1594=883450413080408480743531/861815701432500521015710
z1595=619293974519808/603950738162503
z1596=2840798048256/2770416229871
z1597=336774750896714/312186805101825
z1598=12852160907/10223616000
z1599=8100637021/5898240000
z1600=29832577187/147456000000
z1601=1829351817/1923364618
z1602=984766945832667451604747/960776760046120300816350
z1603=5183438428213248/5055571855605925
z1604=2591719214106624/2527785927592025
z1605=1998537576724/1852639678725
z1606=4480126631/8847360000
z1607=4222207076731/3680501760000
z1608=979328123/737280000
z1609=3738707581/18432000000
z1610=28524954591/44801266310
z1611=199674682137/225135264170
z1612=1155733299/1215867790
z1613=2491461882986496/2432447213531225
z1614=348030680819458/322831380163325
z1615=2247115337/4423680000
z1616=2119361127541/1840250880000
z1617=1310909513/983040000
z1618=1663433597/8192000000
z1619=14325945489/22471153370
z1620=100281618423/113061273590
z1621=1547865753/1628810410
z1622=834164432195584/814499145340275
z1623=173525767757134/160963643203475
z1624=571033321/1105920000
z1625=513816722069/460062720000
z1626=643865119/491520000
z1627=835580011/4096000000
z1628=3664776753/5710333210
z1629=25653437271/28913132470
z1630=788833839/830961830
z1631=816220335529984/797884241020275
z1632=43880128468358/40702901583475
z1633=113060969/221184000
z1634=529670951369/460062720000
z1635=1989816341/1474560000
z1636=7493487211/36864000000
z1637=3613220469/5653048450
z1638=25292543283/28512139150
z1639=2332130661/2454695650
z1640=507399640817664/495423665144645
z1641=43317125699198/40183742276575
z1642=25892081117/23003136000
z1643=11679772417/8847360000
z1644=9044009779/44236800000
z1645=14325945489/15098353370
z1646=7410394061328384/7245613726302475
z1647=2181908139333/2023973775115
z1648=65085587/122880000
z1649=53105832311/51118080000
z1650=70911641/55296000
z1651=421934379/650855870
z1652=2953540653/3327191090
z1653=1432546733850624/1401253428160975
z1654=45100351386298/41845114514025
z1655=18946225417/19169280000
z1656=677586709/552960000
z1657=2855036051/13824000000
z1658=1181037173690119167/1266461230111491700
z1659=6772197207638016/6644659305976075
z1660=5716363024762/5303273941725
z1661=9623501167/9584640000
z1662=480069629/368640000
z1663=1890756259/9216000000
z1664=605384109/638508850
z1665=485866724818944/475485779960645
z1666=188510787192/175000492645
z1667=21867661/16640000
z1668=161550662/164897175
z1669=21344166516621312/20822219094569675
z1670=305003502193/290705227325
z1671=1019799637/798720000
z1672=22487244962/23622990925
z1673=20632137201614848/20137575522448075
z1674=10316068600807424/10068787760309975
z1675=3716168781578062864487687/3620734024574763906765100
z1676=3651625343/3454407700
z1677=484651986/507691525
z1678=1408088402851/1332713158775
z1679=255401513/239616000
z1680=17179988698148763/18112481718629900
z1681=10672083258310656/10411109546370775
z1682=115047846394/106883957975
z1683=187618793/368640000
z1684=15898651849/15335424000
z1685=239412285/375237586
z1686=1675885995/1889383102
z1687=84028383/88243846
z1688=7421178017006/6896453933275
z1689=290928677/552960000
z1690=22823825221/23003136000
z1691=31516057279/25559040000
z1692=125159321/614400000
z1693=376219305/581857354
z1694=2633535135/2967081478
z1695=19264098752849598711/20591120343279218300
z1696=9881113739055104/9668264612277975
z1697=11270685913214/10472699968975
z1698=6136181/11520000
z1699=2413719071/2396160000
z1700=149957161039/115015680000
z1701=39866013/61361810
z1702=279062091/314332670
z1703=171008775/179767702
z1704=38048313769869312/37138192076936455
z1705=19024156884934656/18569096036822915
z1706=696864162683/647988340575
z1707=28041143669/23003136000
z1708=2848762427/13824000000
z1709=1210534959822709051989/1297986641244546888500
z1710=87530056274239488/85855646061055375
z1711=724932613223/673860991800
z1712=2901729677/2396160000
z1713=264349323277/251614670675
z1714=5325846/5521775
z1715=635355190067/599848201675
z1716=180456469333/153354240000
z1717=42884279069272397/44271085985086100
z1718=247112582/250845175
z1719=8595788324734/8183025211475
z1720=247112582/256845175
z1721=10302293020942/9728926976675
z1722=474787/921600
z1723=11454891371/9584640000
z1724=76107843/118696750
z1725=532754901/600477250
z1726=3645658989/3697319615
z1727=1586054575781/1510536642150
z1728=3645658989/3783719615
z1729=3808709690461/3597908237475
z1730=258647586337/230031360000
z1731=56575569/40960000
z1732=65355409/68823770
z1733=3787097777/3859167675
z1734=868669339697152/848120035042675
z1735=17995180574534301751/17562332947046775275
z1736=58438914290117966511510503756/56945294763526073781038711775
z1737=14924710354294/14241175523975
z1738=5472343471/4792320000
z1739=1033776289/737280000
z1740=3770851679/18432000000
z1741=27273052593963294641145/28280153116906580142292
z1742=4621466367/4708081445
z1743=530026734698496/517712199017285
z1744=35329733127710082847/34504683703118706675
z1745=140094910166456916413565331036/136596854499814585803892768665
z1746=613259929867/585352097350
z1747=18683791/18720000
z1748=754708549/552960000
z1749=924312213/975803330
z1750=16773659847/17139713725
z1751=7694950002130944/7529154264568075
z1752=54489653053470369957/53112679945282661825
z1753=108979306131553788417/106225359909405983725
z1754=98086840657/93548153670
z1755=141360910831/115015680000
z1756=144210371/106496000
z1757=171008775/271927702
z1758=1197061425/1350533914
z1759=113665829737272853/119622219223518900
z1760=314551306442698410663283/306869551643481930611950
z1761=4421172257488896/4310923582533775
z1762=2210586128744448/2155461791084075
z1763=10556620454458/9791655350825
z1764=273567707/552960000
z1765=57848037107/46006272000
z1766=58536951/42598400
z1767=99768031/384000000
z1768=344969559/547135414
z1769=2414786913/2724027898
z1770=94102762233911897/99013721752216900
z1771=376219305/366815818
z1772=899492222533632/876855650195075
z1773=449746111266816/438427825060975
z1774=20801311301914/19297548030425
z1775=58809439/138240000
z1776=6072092173/4792320000
z1777=9279649/6656000
z1778=48567903/128000000
z1779=30147642275694687/31704775222291100
z1780=398323341719216674001991/388520812773384547552300
z1781=4573749967847424/4457632919416975
z1782=2286874983923712/2228816459525675
z1783=430674146266/399596672375
z1784=299722080863/230031360000
z1785=8715250459898281/9143184012871300
z1786=17258224777274/16186308691225
z1787=538935389/1105920000
z1788=1719649/1228800
z1789=197896057/768000000
z1790=675179073/1077870778
z1791=4726253511/5333255446
z1792=2916375943/2717323325
z1793=696116659/511180800
z1794=17801187762176/17355712340423
z1795=71543822246/66299489275
z1796=39860399/81920000
z1797=23435299777/17039360000
z1798=131821371/512000000
z1799=49903931/79720798
z1800=349327517/394205586
z1801=11255125247428608/10971726843599575
z1802=141536844878/131107825075
z1803=28551483/20480000
z1804=53934432617/50081013550
z1805=879521386856448/857192951113075
z1806=281522890142/260724496675
z1807=15441983/36864000
z1808=11557882849/8519680000
z1809=470496881/340787200
z1810=190663601/512000000
z1811=449135379/464899150
z1812=18088303693824/17631785351623
z1813=753058073846/697571661975
z1814=88339383/86234155
z1815=1434645602793/1332153551150
z1816=1413493817344/1377527566371
z1817=1497808261638/1387154971975
z1818=115978873/276480000
z1819=90095899/184320000
z1820=202838343127/153354240000
z1821=2922516813/2129920000
z1822=33037343/128000000
z1823=95495801/256000000
z1824=113021847/180191798
z1825=791152929/892702586
z1826=18762559416918049093/19962816256537174900
z1827=11224282122633216/10942069992834775
z1828=13678466569066/12676144988225
z1829=83443169803/61341696000
z1830=7219871/5120000
z1831=675179073/698988730
z1832=7283243083/7110217775
z1833=991381722578/923401558465
z1834=1079510783/2211840000
z1835=23614388323/17039360000
z1836=79224023/307200000
z1837=1353310155/2159021566
z1838=9473171085/10689470962
z1839=11355254369851392/11068004845929175
z1840=1126879462514/1043852385325
z1841=86310451/61440000
z1842=2146559503699/1993220111450
z1843=887345884823552/864716506850675
z1844=2241241663778/2075668942525
z1845=232285747/552960000
z1846=418802061851/306708480000
z1847=5925983149/4259840000
z1848=191319603/512000000
z1849=270662031/280251494
z1850=11405318931062784/11116143847093975
z1851=26991931348226/25003688324125
z1852=849194454619/613416960000
z1853=14556974137/14212235525
z1854=51411626127238/47740125633425
z1855=2160661571/4423680000
z1856=20399459728151/14722007040000
z1857=172948903/122880000
z1858=792568231/3072000000
z1859=2709572319/4321323142
z1860=18967006233/21401901994
z1861=889302009315328/866597395785075
z1862=257578344994594/238550604115085
z1863=92979899/221184000
z1864=850806251533/613416960000
z1865=382967207/1024000000
z1866=2709572319/2805794950
z1867=891258133807104/868478284719475
z1868=53616865348462/49656856190075
z1869=2153831/5120000
z1870=542215399/1105920000
z1871=1221774593227/920125440000
z1872=43647227/30720000
z1873=198552059/768000000
z1874=47911901/128000000
z1875=681083091/1084430798
z1876=4767581637/5379175586
z1877=37673949/39014930
z1878=1212288509/1183669625
z1879=74996777105458/69886812379325
z1880=933079/2211840
z1881=306629781923/230031360000
z1882=96151803/256000000
z1883=681083091/705548750
z1884=290568761/283752709
z1885=18684967580552/17413267666675
z1886=17667285281/12779520000
z1887=11322821893906432/11036819772905175
z1888=81804989372002/75815452993325
z1889=1082790793/2211840000
z1890=5035417868069/3680501760000
z1891=23793476869/17039360000
z1892=396776117/1536000000
z1893=1359214173/2165581586
z1894=9514499211/10735391102
z1895=11455383492274176/11164282848258775
z1896=323363650613822/299553824594275
z1897=10210223764069/7361003520000
z1898=86966453/61440000
z1899=615870363435262/571908386034275
z1900=2163941581/4423680000
z1901=1572249257341/1132462080000
z1902=34720981/24576000
z1903=793224233/3072000000
z1904=2715476337/4327883162
z1905=19008334359/21447822134
z1906=178642851659776/174071834730775
z1907=98901370134862/91598159734475
z1908=465555497/1105920000
z1909=10229565327037/7361003520000
z1910=383623209/1024000000
z1911=2715476337/2812354970
z1912=895170382790656/872240062588275
z1913=642315427571662/594893802267275
z1914=232941749/552960000
z1915=2522605496963/1840250880000
z1916=11941510571/8519680000
z1917=38395121/102400000
z1918=1359214173/1407817490
z1919=11505448053485568/11212421849423575
z1920=161412062524466/149531694649525
z1921=1023011407271/736100352000
z1922=14537950079/14195835475
z1923=307400606671834/285467632233725
z1924=240802399/491520000
z1925=455089354727/327155712000
z1926=58086969/40960000
z1927=52925349/204800000
z1928=302375595/481604798
z1929=2116629165/2388193586
z1930=897126507282432/874120951522675
z1931=47538662908646/44029597500775
z1932=155403833/368640000
z1933=5124727817839/3680501760000
z1934=384279211/1024000000
z1935=181425357/187927666
z1936=899082631774208/876001840457075
z1937=64122847096178/59390533025365
z1938=4449867421/3194880000
z1939=11421361665179648/11131569552975575
z1940=1853163166582/1717591728575
z1941=362023601/737280000
z1942=1685001373261/1226833920000
z1943=4794513083/3407872000
z1944=132477373/512000000
z1945=455039397/724047202
z1946=3185275779/3593770414
z1947=2311102522939392/2252112170117675
z1948=107428199828014/99524318001275
z1949=3416668127117/2453667840000
z1950=5841497/4096000
z1951=204577354417358/189987380966875
z1952=269198107/589824000
z1953=174916909/122880000
z1954=794536237/3072000000
z1955=8181853119/13459905350
z1956=57272971833/64728137450
z1957=1052385416259096960356543/1025400211978541455567500
z1958=1802077512531968/1755765458923575
z1959=901038756265984/877882729391475
z1960=2219358749062/2055414880775
z1961=336251633/737280000
z1962=2170501601/4423680000
z1963=20518801579997/14722007040000
z1964=2727284373/4341003202
z1965=19090990611/21539662414
z1966=2043249273/2133716330
z1967=1281369985313678/1186822188493675
z1968=466867501/1105920000
z1969=673487269/1474560000
z1970=47855586557/34078720000
z1971=384935213/1024000000
z1972=4095354573/6734872690
z1973=28667482011/32398508830
z1974=2727284373/2825475010
z1975=180598976151552/175952723665175
z1976=1773298707778/1642306498445
z1977=3423115314773/2453667840000
z1978=8181853119/8544705350
z1979=213380504783966/197638952746675
z1980=77865917/184320000
z1981=126619931141/92012544000
z1982=3007763711/2129920000
z1983=192631607/512000000
z1984=455039397/471459170
z1985=854542067029895703590037/832806945128368656564100
z1986=23211154351816704/22617399705334475
z1987=11605577175908352/11308699851753175
z1988=40218134239894/37260314838575
z1989=1283736836249/920125440000
z1990=4839642007/4726478475
z1991=15316572829012/14224725533345
z1992=1347958541/2949120000
z1993=175572911/122880000
z1994=795192239/3072000000
z1995=8199565173/13479585410
z1996=57396956211/64865897870
z1997=904951005249536/881644507260275
z1998=1475925346922/1366900910225
z1999=2173781611/4423680000
z2000=20558582197279/14722007040000
z2001=2733188391/4347563222
z2002=19132318737/21585582554
z2003=4095354573/4277272690
z2004=1279196072093914/1184845244466425
z2005=467523503/1105920000
z2006=84308909/184320000
z2007=48034675103/34078720000
z2008=77118243/204800000
z2009=102605265/168617818
z2010=718236855/811684726
z2011=2733188391/2832035030
z2012=8844610624174/8191278430475
z2013=64307726581/46006272000
z2014=8199565173/8564385410
z2015=19970454929438/18497762069575
z2016=613398964271/460062720000
z2017=4463123/3072000
z2018=33904333432346/31808841063625
z2019=12877989557/9584640000
z2020=344969559/357694390
z2021=328894679/321328075
z2022=140234707951/131594894060
z2023=5330807/11520000
z2024=32617647/53308070
z2025=228323529/257956490
z2026=140435428406/130147171075
z2027=1806383849/1277952000
z2028=102605265/107177818
z2029=2323688241545216/2264213822623275
z2030=40694739180602/37722131230825
z2031=1261716521743/920125440000
z2032=73691189189722/68658007464425
z2033=1089350813/2211840000
z2034=5074590371497/3680501760000
z2035=88278457/61440000
z2036=398088121/1536000000
z2037=1371022209/2178701626
z2038=9597155463/10827231382
z2039=910819378724864/887287174063475
z2040=321205548354262/297592083413375
z2041=27018211/58982400
z2042=60610601/122880000
z2043=94155249951/68157440000
z2044=14767743/10240000
z2045=66402687/256000000
z2046=193287609/512000000
z2047=76331901/121221202
z2048=534323307/602788414
z2049=4113066627/4296952750
z2050=914731627708416/891048951932275
z2051=17814779043854/16505647117675
z2052=338219639/737280000
z2053=1092630823/2211840000
z2054=391859740247/283115520000
z2055=88934459/61440000
z2056=398744123/1536000000
z2057=19361561/51200000
z2058=1376926227/2185261646
z2059=9638483589/10873151522
z2060=2060961327/2153396390
z2061=918643876691968/894810729801075
z2062=24625115171114/22816247140225
z2063=677423281/1474560000
z2064=1275992437267/920125440000
z2065=1221014339/851968000
z2066=193943611/512000000
z2067=4130778681/4316632810
z2068=2361167084150784/2300251171282475
z2069=79896742914898/74030194381925
z2070=2587363981139/1840250880000
z2071=55526805467434016808951/54088531053256019090870
z2072=369022450270208/359429003096075
z2073=184511225135104/179714501533975
z2074=158873629058066/147175911098725
z2075=169601821/368640000
z2076=548775419/1105920000
z2077=1240752731087/920125440000
z2078=18196022893/12779520000
z2079=199864063/768000000
z2080=692891127/1097550838
z2081=4850237889/5471015866
z2082=1034908677/1081618210
z2083=11716980978999296/11415818893186775
z2084=80741749202426/74849785249225
z2085=68037529/147456000
z2086=25947859699/19169280000
z2087=95459413/66560000
z2088=97463807/256000000
z2089=2078673381/2173076450
z2090=315166361549/307107202225
z2091=23631041500545024/23021137348342475
z2092=11815520750272512/11510568673257175
z2093=1676582065834/1554341006525
z2094=1059591373/766771200
z2095=304872792263/284095510900
z2096=11064301/23040000
z2097=68859477/110643010
z2098=482016339/544101070
z2099=549901489982/509400654475
z2100=1055940877/2211840000
z2101=479246161/983040000
z2102=44959231/30720000
z2103=3002528217/4792461610
z2104=21017697519/23716831270
z2105=6554421621/6873008770
z2106=930380623642624/906096063407475
z2107=2118113773/4423680000
z2108=22531289/46080000
z2109=109021384963/76677120000
z2110=141343137/225312890
z2111=989401959/1116390230
z2112=13164931413/13808337730
z2113=6570349662994/6086615371925
z2114=143347447/294912000
z2115=1931213947/3932160000
z2116=122497794637/87241523200
z2117=29863487/20480000
z2118=1065067/4096000
z2119=2427635319/3862427894
z2120=16993447233/19172675258
z2121=4484604267/4709772350
z2122=926468374659072/902334285538675
z2123=564694244178298/523160037910025
z2124=2871212953/5898240000
z2125=17329849699/35389440000
z2126=83278376512727/58888028160000
z2127=194599613/512000000
z2128=108783906939/173298496990
z2129=761487348573/859195078930
z2130=3595358637/3776345906
z2131=5062288235471402/4689701498490625
z2132=11536067747/23592960000
z2133=8703418801/17694720000
z2134=41422274839661/29444014080000
z2135=13791723599/9437184000
z2136=238033762421/1179648000000
z2137=54738399033/87034188010
z2138=383168793231/432292116070
z2139=14473623231/15207815494
z2140=2786363427364608/2713863705441625
z2141=507369098664454/470054716932575
z2142=6942239111/14155776000
z2143=166875677909783/117776056320000
z2144=24688919599/17039360000
z2145=400056127/1536000000
z2146=218031279291/347111955550
z2147=1526218955037/1721994888850
z2148=1000842739/1051353870
z2149=11956029104388096/11645672859906775
z2150=10107167486586794/9363570446111425
z2151=338396561188567/235552112640000
z2152=90246463/61440000
z2153=934292872626176/909857841276275
z2154=20093559633579562/18611010757997825
z2155=2879740979/5898240000
z2156=69473887267/141557760000
z2157=334679386432919/235552112640000
z2158=49467383471/34078720000
z2159=160088051/614400000
z2160=39051123/102400000
z2161=87305204799/138947774534
z2162=611136433593/689518901738
z2163=18053545419/18967009790
z2164=11981061384993792/11669742360489175
z2165=20171972302499498/18688221269365825
z2166=27147149918959/18844169011200
z2167=180820927/122880000
z2168=936248997117952/911738730210675
z2169=40101625252187434/37143443161028225
z2170=640416219/1310720000
z2171=90527843/184320000
z2172=436195717861/306708480000
z2173=6339764455983/4362076160000
z2174=390839231/1024000000
z2175=13220762877/65536000000
z2176=568996731/905278430
z2177=3982977117/4493749010
z2178=2409697797/2531777314
z2179=2399620043994264/2337283008209735
z2180=209945381867/194504049151
z2181=884539731173/613416960000
z2182=3862358787/2621440000
z2183=187516096233984/182608249673495
z2184=52170489785024/48322304901475
z2185=17432749681/35389440000
z2186=83003087978669/58888028160000
z2187=20727109519/14155776000
z2188=357230880181/1769472000000
z2189=109710006777/174327496810
z2190=767970047439/866398077670
z2191=108783906939/114316096990
z2192=8376859392523776/8159297922308875
z2193=5065160478988974/4692653997461275
z2194=9093053/18432000
z2195=16658979623/11796480000
z2196=41533267279/28311552000
z2197=714822233461/3538944000000
z2198=286310457/454652650
z2199=2004173199/2260968550
z2200=218031279291/229147155550
z2201=8394628502953728/8177004728292875
z2202=12155360508013/11261444292300
z2203=4338753361/8847360000
z2204=365303611/737280000
z2205=68183504999/49073356800
z2206=25675921769/17694720000
z2207=89351756599/442368000000
z2208=460943415/730607222
z2209=3226603905/3639690554
z2210=27252595161/28641933610
z2211=1657878718777344/1615160643961295
z2212=319073681342494/295630342232475
z2213=2561778000391/1840250880000
z2214=152444681/104857600
z2215=39732045661/196608000000
z2216=809211773/850569298
z2217=923005734923776/899267462741875
z2218=31854358777436/29513990693725
z2219=53376121859/38338560000
z2220=51737244713/35389440000
z2221=178884897751/884736000000
z2222=54738399033/57542988010
z2223=2302278571533/2243313342175
z2224=16719839751186432/16289734221998575
z2225=8359919875593216/8144867110366475
z2226=39781721417347/36860063418300
z2227=372941579/737280000
z2228=72764395907/61341696000
z2229=284156729/212992000
z2230=2373458787/3729415790
z2231=16614211509/18733110530
z2232=309161238553117218053491/301647859868004093607150
z2233=4344883402309632/4237568914092175
z2234=2172441701154816/2118784456863275
z2235=28492639561594/26439592169225
z2236=1106711783/2211840000
z2237=1124005551739/920125440000
z2238=207443477167/153354240000
z2239=1859431357/9216000000
z2240=1402271955/2213423566
z2241=9815903685/11070284962
z2242=113021847/118751798
z2243=6267727988650910433880933/6115803187754135178277250
z2244=13246483960958976/12917040064608685
z2245=6623241980479488/6458520031755905
z2246=84348392586562/78259679030525
z2247=3259223/6553600
z2248=183321886069/153354240000
z2249=180594714403/136314880000
z2250=1662595193/8192000000
z2251=1544631909/1625217250
z2252=2152455230924544/2101774898273195
z2253=14166958223314/13143589152275
z2254=175136777763/136314880000
z2255=514877303/814805750
z2256=3604141121/4065240250
z2257=30874440453974/28961382934975
z2258=771017806079/613416960000
z2259=3073203991/2211840000
z2260=11198983481/55296000000
z2261=3445163703/3623118710
z2262=1121351469966735558118739/1094106986307407930859950
z2263=3151824433938432/3074017336569955
z2264=140306691357326/131608550246475
z2265=2382878064299/1840250880000
z2266=527138579/368640000
z2267=137957395125602/129433121584525
z2268=388523068229/306708480000
z2269=1376400917/983040000
z2270=167165400439460805057427/163146298729385312952750
z2271=1766117112553472/1722886767595575
z2272=23226246570566/21787768826275
z2273=3767580731174/3511461859975
z2274=36942012707158/34244930544575
z2275=2899328707/5898240000
z2276=13157764790711/9814671360000
z2277=18229834971/28993287070
z2278=127608844797/143970609490
z2279=872362468385642/808180413275425
z2280=1454092367/2949120000
z2281=1320937870007/981467136000
z2282=9154769607/14540923670
z2283=64083387249/72295265690
z2284=675179073/709230778
z2285=434750508590866/402790080373925
z2286=72261817/147456000
z2287=4386503009/8847360000
z2288=1501944509713/1132462080000
z2289=2054843749/1474560000
z2290=7444203851/36864000000
z2291=27682341993/43865030090
z2292=193776393951/218581610630
z2293=2268766341/2384290850
z2294=2636776532877312/2570341617832025
z2295=101086653529414/93658064146775
z2296=217797503861/163577856000
z2297=16502710187/11796480000
z2298=59615622997/294912000000
z2299=18229834971/19162887070
z2300=529650461297664/516360656955205
z2301=218322618840274/202279593114525
z2302=1165045099/2359296000
z2303=993769254407/754974720000
z2304=421974487523/306708480000
z2305=36698782671/58252254950
z2306=256891478697/289800984650
z2307=33776654595081216/32927643132513925
z2308=67349721996106/62425362751825
z2309=2043991456231/1509949440000
z2310=521234561/368640000
z2311=2682017238319104/2613485085864025
z2312=26646333471874/24687880363645
z2313=2917040761/5898240000
z2314=1294400677553/981467136000
z2315=6266950769/4423680000
z2316=22324656319/110592000000
z2317=18389243457/29170407610
z2318=128724704199/145210453270
z2319=1359214173/1428301586
z2320=1202382744857242/1120577554469625
z2321=322539502215168/314314139209411
z2322=187320416435542/173624914643775
z2323=5842937549/11796480000
z2324=12969013243769/9814671360000
z2325=3139543403/2211840000
z2326=11168068177/55296000000
z2327=36858191157/58429375490
z2328=258007338099/291040828430
z2329=681083091/715790798
z2330=2400754614110242/2237437570205325
z2331=8080923395801088/7875251702878475
z2332=2618332502347042/2426908462704525
z2333=731474197/1474560000
z2334=1624252464001/1226833920000
z2335=2097074281/1474560000
z2336=7449205463/36864000000
z2337=923447385/1462948394
z2338=6464131695/7291518758
z2339=455039397/478287202
z2340=2699453078740992/2630883308507225
z2341=108924132274854/100961171683175
z2342=4413399091/8847360000
z2343=9568131272839/7361003520000
z2344=8283335191/5898240000
z2345=29838807593/147456000000
z2346=27924406731/44133990910
z2347=195470847117/220464336370
z2348=9154769607/9625723670
z2349=2659728080099328/2593264951720025
z2350=828003248306/767472096325
z2351=2401298600459/1840250880000
z2352=16630630577/11796480000
z2353=477916859/2359296000
z2354=18389243457/19340007610
z2355=2671203853710336/2604726618664025
z2356=164463503375366/152441563487725
z2357=743587151/1474560000
z2358=1548287639219/1226833920000
z2359=3049587919/2211840000
z2360=4726253511/7435871510
z2361=33083774577/37305500570
z2362=1111400575401354894839123/1084466939952679616389550
z2363=15618281206284288/15234662679572975
z2364=7809140603142144/7617331339153675
z2365=13389354995302/12412005077991
z2366=777157984799/613416960000
z2367=24491495641/17694720000
z2368=17937200827/88473600000
z2369=27682341993/29119430090
z2370=8919410402954581090246093/8704391051944067881464850
z2371=15686247127928832/15302609792328175
z2372=7843123563964416/7651304895531275
z2373=166856718437734/154678393936875
z2374=883058556276736/861443383727475
z2375=27765054748262/25740195902275
z2376=41948177/81920000
z2377=9473476019/7864320000
z2378=313537482983/230031360000
z2379=268309657/419481770
z2380=1878167599/2117172390
z2381=28379146451385483755742239/27698535832544802773541350
z2382=40079450771103744/39091208424277255
z2383=20039725385551872/19545604210493315
z2384=1299674922746/1206219897225
z2385=11633979917/9584640000
z2386=631819500431/460062720000
z2387=5601254141/27648000000
z2388=344969559/362815414
z2389=273227869551608249188031/266744897869849138797350
z2390=425467891150848/415066280576089
z2391=4041944965933056/3943129665143783
z2392=2624481789124/2435845366425
z2393=2226871607/4423680000
z2394=960563851519/736100352000
z2395=796775887/552960000
z2396=14143751919/22268716070
z2397=99006263433/111644212490
z2398=273992189429634/257080039923325
z2399=23336663/46080000
z2400=50415441527/38338560000
z2401=1605687811/1105920000
z2402=148591503/233366630
z2403=1040140521/1172766410
z2404=8502174644002/7977932396175
z2405=5860649603/11796480000
z2406=13019026180247/9814671360000
z2407=39395993/27648000
z2408=37017599643/58606496030
z2409=259123197501/292280672210
z2410=8115795076644864/7910048148164875
z2411=104401033873838/96769111123515
z2412=586950563/1179648000
z2413=6522016324243/4907335680000
z2414=6315494917/4423680000
z2415=22370576459/110592000000
z2416=18548651943/29347528150
z2417=129840563601/146450297050
z2418=1371022209/1441421626
z2419=8133230917066752/7927446370808075
z2420=1302936259547702/1207693717889775
z2421=1480098391/2949120000
z2422=3214085843611/2453667840000
z2423=4173647693/2949120000
z2424=14950399891/73728000000
z2425=9388823823/14800983910
z2426=65721766761/74115687370
z2427=923447385/971428394
z2428=2682679627321344/2616188285608025
z2429=218596479367682/202619082376925
z2430=1471804421/2949120000
z2431=3261231038801/2453667840000
z2432=352847057/245760000
z2433=1243447583/6144000000
z2434=9314178093/14718044210
z2435=65199246651/73535109470
z2436=25443967/26753734
z2437=909541888704512/886522288252275
z2438=216966679861958/201112976298775
z2439=967932065983/736100352000
z2440=16758550967/11796480000
z2441=59863591753/294912000000
z2442=18548651943/19517128150
z2443=2694155400932352/2627649952552025
z2444=326862431352314/302974120155325
z2445=2952464869/5898240000
z2446=6547468545841/4907335680000
z2447=63755191/44236800
z2448=18708060429/29524648690
z2449=130956423003/147690140830
z2450=8220748679184384/8013497039556875
z2451=3038985366326/2816949684975
z2452=893438251/1769472000
z2453=9716383788827/7361003520000
z2454=8411255581/5898240000
z2455=29962791971/147456000000
z2456=28408536207/44671912550
z2457=198859753449/224229787850
z2458=9314178093/9802844210
z2459=541126234908672/527822323899205
z2460=18618865351606/17258263814015
z2461=50799202697/38338560000
z2462=3199895587/2211840000
z2463=11213988317/55296000000
z2464=692891127/728910838
z2465=1651124072005632/1609658696968655
z2466=10148181523766/9408284791725
z2467=6692944161/5242880000
z2468=6241200271/4423680000
z2469=22492103249/110592000000
z2470=1402271955/1476143566
z2471=2270666580958880457575899/2216646946194864314583550
z2472=16030985856270336/15641875133870575
z2473=8015492928135168/7820937566302475
z2474=2547229084346/2361505174425
z2475=24659462413/19169280000
z2476=12577192831/8847360000
z2477=9015668557/44236800000
z2478=14143751919/14895916070
z2479=415364357274899978934433/405587220483509751069850
z2480=16166917699559424/15777769359380975
z2481=8083458849779712/7888884679057675
z2482=1469191539959/1362093725550
z2483=64249927/122880000
z2484=57985169179/51118080000
z2485=167102699/122880000
z2486=414413439/642499270
z2487=2900894073/3268694890
z2488=853020343762944/833072923567475
z2489=964057848442/894578876025
z2490=262945711441/230031360000
z2491=404129687/294912000
z2492=7525631309/36864000000
z2493=2373458787/2500615790
z2494=2581123858489344/2521319215681625
z2495=21570259052914/20016311669975
z2496=117093073/221184000
z2497=529916323153/460062720000
z2498=1018032241/737280000
z2499=3794665149/5854653650
z2500=26562656043/29923375550
z2501=239412285/252357586
z2502=2603186685689856/2543419660660825
z2503=42898433031766/39809197258775
z2504=5431531/4680000
z2505=227942281/163840000
z2506=839752823/4096000000
z2507=804928971/848845310
z2508=875083170963456/855173368546675
z2509=1777347831571/1649407132400
z2510=501225109/491520000
z2511=731092477/552960000
z2512=296530723012608/290332250320579
z2513=430581791974/399750432075
z2514=2481069521/2396160000
z2515=1484161021/1105920000
z2516=5722780931/27648000000
z2517=376219305/397537354
z2518=1507707055669248/1476865163323855
z2519=1384950743891/1285874113650
z2520=8353889/13824000
z2521=26921977/57507840
z2522=1159999577/1198080000
z2523=283767309/417694450
z2524=1986371163/2232661150
z2525=18312993/19814330
z2526=4805031114/4801597885
z2527=8817270534438912/8690534140236205
z2528=4408635267219456/4345267069569665
z2529=56296154895219296629/54462240891804501025
z2530=112592309817937409681/108924481804739269325
z2531=61526717746/59202619875
z2532=4805031114/5051197885
z2533=829274700878/771749374675
z2534=9026987/15360000
z2535=2046260663/3194880000
z2536=10259/9000
z2537=12152679/18053974
z2538=85068753/95657818
z2539=18793089/19814330
z2540=282430737/280288000
z2541=4146101294727168/4068324089385125
z2542=2073050647363584/2034162044481625
z2543=2619080780904066313/2529133443326868325
z2544=5238161563923426197/5058266888279141825
z2545=426554858262/409504565875
z2546=18488977684931065559769/18244838757849246656000
z2547=3943993634282990857/3817787934758599525
z2548=1577597454136255057/1527115174228520845
z2549=328995914960120773933384828/317526346506145604951736225
z2550=1902085181/2875392000
z2551=10833217/9216000
z2552=238251139/1152000000
z2553=15624873/16507466
z2554=1170067071/1162152125
z2555=4294164871643136/4218795204137125
z2556=2147082435821568/2109397601857625
z2557=15227210353786833621/14751323122038485425
z2558=6090884143189846653/5900529250100958265
z2559=4174194987/4019111675
z2560=303346549/552960000
z2561=17064249941/23003136000
z2562=25279037/23040000
z2563=1992857373/3033465490
z2564=13950001611/15704658430
z2565=539277396/559975925
z2566=1979156671758336/1943879375630425
z2567=12449985525718/11561057602175
z2568=160189759/276480000
z2569=38070239707/57507840000
z2570=1096459/1105920
z2571=722482243/3456000000
z2572=1073077047/1601897590
z2573=7511539329/8448483130
z2574=47709801/51730634
z2575=2841009507/2994434375
z2576=5213275173421056/5161087347396875
z2577=6350423384994/5895288429725
z2578=85943879/127795200
z2579=34252051/30720000
z2580=158068757/768000000
z2581=49818651/53931550
z2582=732484569/760301275
z2583=224019173998592/220166350479825
z2584=349691405362/324970827225
z2585=164781773/276480000
z2586=39279251393/57507840000
z2587=52198079/46080000
z2588=1114405173/1647817730
z2589=7800836211/8769924110
z2590=76203981/82537330
z2591=223779783/232190395
z2592=410637692043264/403822986601285
z2593=1248909563278/1160732270075
z2594=9970939309/14376960000
z2595=106036163/92160000
z2596=95759657/460800000
z2597=155359971/168354670
z2598=2278141953/2362904075
z2599=2090204354445312/2056732711694425
z2600=1548662584066/1439461952675
z2601=85834897/138240000
z2602=7556728769/14376960000
z2603=1860203/1536000
z2604=588198681/858348970
z2605=4117390767/4626042790
z2606=4504243/4767630
z2607=201735199/200525375
z2608=1480742816186368/1456422106296375
z2609=740371408093184/728211053077875
z2610=7339223085220851907/7115747252521286375
z2611=2935689234917336539/2846298901643916575
z2612=13512729/13022890
z2613=3672121/5760000
z2614=323706059/599040000
z2615=11489219/9216000
z2616=242843153/1152000000
z2617=25369281/36721210
z2618=177584967/199448470
z2619=84028383/89097350
z2620=1250755317/1244152375
z2621=4590292025475072/4519737433641125
z2622=2295146012737536/2259868716609625
z2623=14129681987096574007/13711665888046660075
z2624=5651872796479499503/5484666356474708035
z2625=3879650089/3740310825
z2626=201735199/208525375
z2627=228983853722/213163141825
z2628=1250755317/1292152375
z2629=65844965797/61311922075
z2630=70076291/69120000
z2631=73709909/345600000
z2632=128671047/139767190
z2633=1453434021/1463907275
z2634=10668252224028672/10606161176392175
z2635=5334126112014336/5303080587563275
z2636=106411144827/98931929725
z2637=29539321/27648000
z2638=753171139/3456000000
z2639=278006157/302494450
z2640=3086940591/3116415125
z2641=11329121360019456/11298328304251375
z2642=5664560680009728/5649164151492875
z2643=29653327093/27579806400
z2644=928027/1080000
z2645=517807/240000
z2646=1728001/6000000
z2647=1527997/4000000
z2648=6912279/9280270
z2649=48385953/54161890
z2650=85769474/84616225
z2651=7517353/7346685
z2652=1228142064101276941/1188814560430543025
z2653=614071032219778913/594407280344571925
z2654=318976162519210807/296426500229724515
z2655=127590465183590383/118570600226362235
z2656=1088023/2160000
z2657=7336591/6240000
z2658=6912279/10880230
z2659=48385953/54561610
z2660=4260232489/4511613700
z2661=1115003162/1127903425
z2662=18706648889556992/18286144453161675
z2663=9353324444778496/9143072225666775
z2664=771637145515672241/753760414415855525
z2665=1543274292497228317/1507520829952314625
z2666=97725589/91472905
z2667=181562717/224640000
z2668=79943/128000
z2669=25082351/24960000
z2670=6584003/24000000
z2671=2744123/3997150
z2672=19208861/21580050
z2673=3504159/3760150
z2674=3624183/3760150
z2675=15451657735241728/15156345266320075
z2676=7725828867620864/7578172632245975
z2677=3148189172051724307/3062509835079016175
z2678=6296378348501100119/6125019673519843075
z2679=40262243/66560000
z2680=1743227/960000
z2681=1681599/3200000
z2682=1197586942889830394069/1189087224793169169425
z2683=1601430194/1500663275
z2684=283381714/281064725
z2685=14271573633/13267992650
z2686=3107839302219087817697946100932163528626651943423/26847310446992136359465052
  59424278903988493054675
z2687=4024091/8640000
z2688=981359/1440000
z2689=676799/1600000
z2690=6912279/9813590
z2691=48385953/54295130
z2692=24697107/25840910
z2693=11333729586369779/11658420357646700
z2694=28974012808799349/29235976472334200
z2695=216008561/212200525
z2696=2808111293/2637586825
z2697=101824081/149760000
z2698=1459126256451043/1436448589481450
z2699=137864268888936259/128636559685368700
z2700=3384107/4320000
z2701=6128479/29952000
z2702=8861767/5760000
z2703=6128479/28800000
z2704=24697107/33841070
z2705=172879749/193687490
z2706=7845353273388160554903/8060629056829376693740
z2707=2405947203/2444377400
z2708=1398344829/1406809225
z2709=5865083309654016/5753600574607525
z2710=2932541654827008/2876800287092825
z2711=852457626272832801/817915461934794965
z2712=8524576265366918913/8179154621365036085
z2713=3518121204/3285036605
z2714=7064533/33280000
z2715=6454513/3840000
z2716=7064533/32000000
z2717=7181449/7333800
z2718=1026366173/1033539775
z2719=2152445872439296/2118495011205175
z2720=1076222936219648/1059247505532275
z2721=8165025870350481379/7826054306517767735
z2722=81650258728777815427/78260543084389138775
z2723=22577399483/21009174650
z2724=14145665129/15061645700
z2725=526280326/523058775
z2726=8657121911729276947/8446372149991988975
z2727=17314243827856205399/16892744303345788675
z2728=789278321/765541375
z2729=6440213/8640000
z2730=45900689/49920000
z2731=2568001/9600000
z2732=9288441/12880426
z2733=65019087/72882982
z2734=941696314/991517225
z2735=6912081079042048/6795722835535575
z2736=6439989/16000000
z2737=2040866447/2196235100
z2738=526280326/549058775
z2739=5739878963/5381773975
z2740=2712141883133037/2672279831820550
z2741=473081/576000
z2742=3628581/3328000
z2743=4498669/16000000
z2744=17448741/23654050
z2745=122141187/136778350
z2746=299689477/321258100
z2747=77561666/80314525
z2748=35769583496389963/35089073086596200
z2749=3415830662479872/3344248971948175
z2750=1707915331239936/1672124485791275
z2751=7095991/16000000
z2752=613618927/655659100
z2753=159286166/163914775
z2754=1830855403/1722857775
z2755=5304059/17280000
z2756=24697107/53040590
z2757=172879749/198484130
z2758=106967621/104505775
z2759=2377178113114112/2308746805637175
z2760=1188589056557056/1154373402748275
z2761=419391947/390791450
z2762=281603/864000
z2763=6912279/14080150
z2764=48385953/55361050
z2765=124665358113792372491/121200279193206367275
z2766=2877945983008768/2790254372843575
z2767=1438972991504384/1395127186351475
z2768=2281830967/2131548050
z2769=7720181/17280000
z2770=3158453/1920000
z2771=9288441/15440362
z2772=65019087/73522534
z2773=507067246/504729275
z2774=1029586285133/1007401936150
z2775=6234144086998281515843/6077157326032669449150
z2776=15112361/34560000
z2777=1197781/768000
z2778=25352009/96000000
z2779=89932401/151123610
z2780=629526807/712265270
z2781=1517580881/1523293400
z2782=20232233/69120000
z2783=17507473/19968000
z2784=12551977/32000000
z2785=4026996913/4037834200
z2786=892570331/873402175
z2787=10280117/34560000
z2788=24697107/40240910
z2789=172879749/195286370
z2790=441529151/432601075
z2791=2246543167/2248517800
z2792=42673489/33280000
z2793=3616499633/3851348900
z2794=941696314/962837225
z2795=20736243237126144/20237677479670475
z2796=10368121618563072/10118838738921175
z2797=23468751/16640000
z2798=2015054447/2138875100
z2799=526280326/534718775
z2800=34804259132781285121381433/33978959587452807890877950
z2801=23177486602862592/22585026869801675
z2802=11588743301431296/11292513433986775
z2803=4798182649/4476296750
z2804=110934391/79872000
z2805=9505846807/10095039100
z2806=2481539606/2523759775
z2807=13363694566410370152571/13042720480967437325550
z2808=4553645029326848/4438301247762575
z2809=2276822514663424/2219150623698475
z2810=769547896/715009825
z2811=16216593/13312000
z2812=292260023/199680000
z2813=1844274714729546554/1953027771747013225
z2814=6591874198/6682500575
z2815=2686119241/2572026675
z2816=54065719069/55956004600
z2817=12096141888323584/11780396690613975
z2818=17889243736/16627234175
z2819=227658983/239556200
z2820=209007455158022/209791965693175
z2821=109025761/104212450
z2822=29896721/69120000
z2823=11649809/7680000
z2824=50376017/192000000
z2825=176912793/298967210
z2826=1238389551/1401570470
z2827=2162485627/2233961800
z2828=969503113478144/943713842095475
z2829=1469859794/1363446575
z2830=8027293/27648000
z2831=1079495819/798720000
z2832=24775953/64000000
z2833=222906983/229956200
z2834=200160221069312/194761613009175
z2835=69282594238/64272832025
z2836=602439559/631690600
z2837=1471159343930438/1473028666811575
z2838=26002255071/24807105175
z2839=72438178/74461325
z2840=12721584889/12027287725
z2841=3394747/7680000
z2842=4101937/2560000
z2843=17010673/64000000
z2844=20312979/33947470
z2845=142190853/160832290
z2846=765218011/788387400
z2847=5213966077/5230711800
z2848=1032099097214976/1003902287996275
z2849=34005959182/31550114225
z2850=13597489/46080000
z2851=379730667/266240000
z2852=5086391/12800000
z2853=590559559/607690600
z2854=1063397089083392/1033996510946675
z2855=4449416166/4128508325
z2856=5256121/11520000
z2857=2214969/1280000
z2858=8669337/32000000
z2859=31945473/52561210
z2860=223618311/252728470
z2861=731472131919702/730787202418175
z2862=40537957057/38753860325
z2863=51134794/52374225
z2864=2840027749/2844956600
z2865=98295551003/93131162575
z2866=464183/1536000
z2867=89610991/66560000
z2868=13207979/32000000
z2869=457563863351078/456231850367575
z2870=291182091/285667375
z2871=2455862539/2358826025
z2872=204789379/133120000
z2873=38063533537/39293875800
z2874=9288441/9040234
z2875=25616342406660096/24930080527299275
z2876=12808171203330048/12465040262735575
z2877=8654668984/8047116275
z2878=161054057/99840000
z2879=30062440771/30962811400
z2880=204877245397/205507679800
z2881=13520200518336512/13149683834857175
z2882=223059096/207483079
z2883=1248349/2764800
z2884=12961813/7680000
z2885=51688021/192000000
z2886=188720829/312087250
z2887=1321045803/1493410750
z2888=2428822439/2496362600
z2889=16574077073/16610538200
z2890=39560087383112123521919/38478516929187725474700
z2891=2189390161903616/2128181467934775
z2892=1094695080951808/1064090733897075
z2893=16367641654/15188755325
z2894=41448469/138240000
z2895=1198888183/798720000
z2896=26087957/64000000
z2897=415901107/426993800
z2898=1125993072820224/1094184956847475
z2899=64199890742/59582417725
z2900=31864727/69120000
z2901=2723563/1536000
z2902=52344023/192000000
z2903=194624847/318647270
z2904=1362373929/1539330890
z2905=512398169/525512600
z2906=3501251183/3505788200
z2907=54608142174428882117154/53082079216192522181375
z2908=462916425875456/449711671947275
z2909=231458212937728/224855835959575
z2910=10488202478/9734969025
z2911=42104471/138240000
z2912=251716873/159744000
z2913=26743959/64000000
z2914=328571881/336645400
z2915=61658538994/57237210575
z2916=109969417/112320000
z2917=3284873/6912000
z2918=98139017/66560000
z2919=26664013/96000000
z2920=101740437/164243650
z2921=712183059/804105550
z2922=208256152321273914/220368750907157225
z2923=2215985642/2245475425
z2924=12199054142865408/11879350781519575
z2925=21544237/69120000
z2926=310229/640000
z2927=104593417/99840000
z2928=10240303/6656000
z2929=13863981/32000000
z2930=1938749/3102290
z2931=13571243/15316030
z2932=761989307968798/802865611965075
z2933=77561666/78402525
z2934=12952765923/13005224200
z2935=2810266497334204894492702/2738051386010382748200975
z2936=5123745993719808/4986475251986575
z2937=2561872996859904/2493237625810475
z2938=8892803153/8312991550
z2939=3645373/11520000
z2940=17080367/34560000
z2941=776686091/718848000
z2942=106667043/66560000
z2943=5464003/19200000
z2944=21528891/34160734
z2945=150702237/170005138
z2946=20310894529/21333408600
z2947=1668053072415551718/1672168466753673575
z2948=13419675825733632/13053025476585175
z2949=312619530418/292478398025
z2950=22200239/69120000
z2951=994883687/898560000
z2952=6933191/4160000
z2953=14519983/32000000
z2954=7109313840349942/7114206807434175
z2955=826316153/803983045
z2956=28059973334335488/27279725650064075
z2957=14029986667167744/13639862824117975
z2958=76417297307/71559544750
z2959=1845899/4608000
z2960=254297/128000
z2961=52346223/92294950
z2962=366423561/415664650
z2963=9904499456278/9842136736575
z2964=262756204806144/254950058909975
z2965=4037381608/3757057325
z2966=132743/320000
z2967=768031/1327430
z2968=5376217/6092010
z2969=84839328480307/84164902701100
z2970=2498285816/2327037675
z2971=4450747/11520000
z2972=497515023/506149400
z2973=96682921/93052025
z2974=674064319/399360000
z2975=24697107/25307470
z2976=861923118899/863818046600
z2977=14232229833342976/13834327406978775
z2978=6043663/15360000
z2979=23463747/13312000
z2980=11304493/11612210
z2981=30144575207/30186845800
z2982=2988851829669888/2903794195820075
z2983=15569620664/14495227675
z2984=10840243/23040000
z2985=4757939/2560000
z2986=706667/2560000
z2987=13368591/21680486
z2988=93580137/105683402
z2989=6146144919/6149114600
z2990=1219887048425472/1184467625698675
z2991=1509696578/1401615175
z2992=35933977/92160000
z2993=439426849/266240000
z2994=7300909/3840000
z2995=27399961/64000000
z2996=4042112373/4114795400
z2997=9452262089/9453272600
z2998=1251185040293888/1214561848649075
z2999=19705729082/18297334475
z3000=33176731/69120000
z3001=14929819/7680000
z3002=53656027/192000000
z3003=206432883/331767310
z3004=1445030181/1631171170
z3005=228005809/232244200
z3006=19370613599/19365746600
z3007=1282483032162304/1244656071599475
z3008=28923255686/26859699925
z3009=36589979/92160000
z3010=1377976729/798720000
z3011=28055963/64000000
z3012=4166096751/4245995800
z3013=330611717/330415800
z3014=56575835498/52546796275
z3015=10950381203/7188480000
z3016=733760501/399360000
z3017=211404447/215579800
z3018=81257463799642712582/80983187446139925175
z3019=21383963237/20778280750
z3020=31312576926711808/30407229104272075
z3021=15656288463355904/15203614551221975
z3022=542467533218/505368788725
z3023=33832733/69120000
z3024=10116828533/5750784000
z3025=15585821/7680000
z3026=54312029/192000000
z3027=212336901/338327330
z3028=1486358307/1677091310
z3029=37347127776594662/37084042282707175
z3030=62362730656756507654353/60579236642165965679410
z3031=2690158031798272/2609689035141175
z3032=1345079015899136/1304844517500275
z3033=1993522068694/1851909708575
z3034=12415327/30720000
z3035=25621548337/14376960000
z3036=7956911/3840000
z3037=5742393/12800000
z3038=9769304581343222/9693511735836175
z3039=1376377007767552/1334938740450675
z3040=979291373086/910042705775
z3041=18786991/46080000
z3042=2808525517/1797120000
z3043=47725537/24960000
z3044=2176036659/2221398200
z3045=346407798651235958/344710206049214575
z3046=16368317778362368/15888258123343575
z3047=131546882896/122650135925
z3048=6435809177/3594240000
z3049=41655158073518/41276386868575
z3050=241806054074/224831318275
z3051=36040969/69120000
z3052=5595766169/7188480000
z3053=46442205/72081938
z3054=325095435/366333566
z3055=14693463/15040600
z3056=9828271378819/9616592376300
z3057=4468579/7680000
z3058=540547091/798720000
z3059=8795167/5760000
z3060=32647977/64000000
z3061=58465981/288000000
z3062=29977467/44685790
z3063=209842269/236000530
z3064=399065329625219948331/412844806098997546108
z3065=397699619/399134225
z3066=55751255649287391/55845838815233650
z3067=1175090275707421/1151250077427900
z3068=4387709733/4261341850
z3069=367150521348382074670659693809063132849318277380491/316774792915119995405741
  115352640631766653687396975
z3070=70441933/138240000
z3071=6866869/11520000
z3072=166657741/239616000
z3073=434304053/276480000
z3074=1414663579/6912000000
z3075=9288441/13733738
z3076=65019087/73096166
z3077=165026675294208/168407249855303
z3078=137265773117424581943/137735056562687257300
z3079=345794725149136028/339075732277515275
z3080=76681826194398862702327911/74648639541136419205761050
z3081=18840487/34560000
z3082=2961391583/3594240000
z3083=24697107/37680974
z3084=172879749/194646818
z3085=19255062905672341283963/19189656291520395883775
z3086=137842781/199680000
z3087=235028081/138240000
z3088=713071807/3456000000
z3089=85221817712640/87213047197379
z3090=37783608093/37673914175
z3091=93500114365626044/91706271727787075
z3092=683839546322824536839033/668317654088053895592650
z3093=782120549/1198080000
z3094=39866013/38961650
z3095=9288441/9680362
z3096=31606272481/28753920000
z3097=89932401/140883866
z3098=629526807/709707062
z3099=16282181701/14376960000
z3100=1825207749/1870472200
z3101=26243864902739061/26346931069095800
z3102=30175271/55296000
z3103=57826593391/57507840000
z3104=989256411/1508763550
z3105=6924794877/7796544850
z3106=39866013/40028434
z3107=291336899/319488000
z3108=32361859/23040000
z3109=119750771/576000000
z3110=4861052179923336238809/5062869354505203306580
z3111=300822845413642036204863/295912134006460006128350
z3112=5296989605462016/5187462254940325
z3113=2648494802731008/2593731127259225
z3114=1554604420682760669/1516562710005260225
z3115=3109208842380363993/3033125420786322925
z3116=103584734180408418048506937/100670327487897189846012875
z3117=2250134941/2396160000
z3118=30790435136311907180631/31931316697421330002796
z3119=8191327/15360000
z3120=3724717147/3194880000
z3121=10648491/16382654
z3122=74539437/83958578
z3123=943599969/968036200
z3124=24341892774838955874761/24279878646409859109925
z3125=8620136311/7188480000
z3126=6633564095611594656809/6622110083777275018325
z3127=14061739/23040000
z3128=4630486279/4792320000
z3129=44644009/27648000
z3130=95836419/140617390
z3131=670854933/753921730
z3132=170443635425280/174426094445383
z3133=283543913349/284860063000
z3134=132241741/133120000
z3135=16984301/10240000
z3136=159735961/768000000
z3137=19540066172928/20049437670607
z3138=12978037651/13038012840
z3139=11478533213/14376960000
z3140=354505658/363814825
z3141=3903124310851584/3812800556920975
z3142=1951562155425792/1906400278277675
z3143=1462752135182/1363395988075
z3144=1180555021/1437696000
z3145=89932401/93523610
z3146=1446985217253429462425617/1414050522215416891862650
z3147=718221587486/669935058175
z3148=1430512033/1198080000
z3149=3624183/3813494
z3150=31112850834/32018800825
z3151=28546165091598336/27931241858593925
z3152=50289589454/46903770915
z3153=35290379713/28753920000
z3154=89932401/94803866
z3155=770424860322/792403492825
z3156=88358486380609536/86540763864472975
z3157=74223404489/69251113005
z3158=449354341/532480000
z3159=664752322/677424925
z3160=33832018645114175320947788/33034861651443658338856325
z3161=21956864919994368/21411352174736075
z3162=10978432459997184/10705676086453975
z3163=156681579418/146260471625
z3164=11645617/23040000
z3165=2236671209/2396160000
z3166=74091321/116456170
z3167=518639247/584793190
z3168=31945473/33361210
z3169=226475622542/211467882775
z3170=9119693/18432000
z3171=3114896051/3594240000
z3172=26717553253/19169280000
z3173=933569287/4608000000
z3174=287509257/302384650
z3175=119513035746/121606966265
z3176=653484295220232421431506007/638741118614854041487944415
z3177=13706711043637248/13368405358678445
z3178=6853355521818624/6684202678790785
z3179=692073919069/646409186450
z3180=152362097/115015680
z3181=46442205/49041938
z3182=421017347322/431203553125
z3183=193142550118662144/189138676578371875
z3184=96571275059331072/94569338280959375
z3185=36730073081/34288535475
z3186=1856275823974/1775238165575
z3187=139243861/276480000
z3188=4930500589/4423680000
z3189=176912793/278487722
z3190=1238389551/1396454054
z3191=7347033008882641/7742719031625700
z3192=11028097915813888/10753431332431575
z3193=413712830446/384540352475
z3194=32527299289/28753920000
z3195=184917943424364167/194687376147991100
z3196=5642304051598018022449491/5501142152977733378815300
z3197=2658871697638/2472185707775
z3198=902327841298/864130111175
z3199=283407737/552960000
z3200=132909341693/115015680000
z3201=2248535911/1597440000
z3202=101736037/384000000
z3203=362681613/566815474
z3204=2538771291/2861788318
z3205=11562119902068736/11266914011522775
z3206=10491456959438/9757337430475
z3207=12155489/27648000
z3208=47507957/92160000
z3209=22311238769/19169280000
z3210=50535909/128000000
z3211=60938937/95015914
z3212=426572559/480791398
z3213=362681613/377374450
z3214=11740127230820352/11438074904553175
z3215=1738488926486/1617114043975
z3216=286687747/552960000
z3217=26965104707/23003136000
z3218=2308232093/1597440000
z3219=102392039/384000000
z3220=368585631/573375494
z3221=2580099417/2907708458
z3222=20312979/21147470
z3223=11918134559571968/11609235797583575
z3224=10370410158394/9648031097225
z3225=61433447/138240000
z3226=16972951807/14376960000
z3227=51191911/128000000
z3228=368585631/383934470
z3229=3541745237/3469008625
z3230=2163087496739/2037398473525
z3231=4740559186207/4390814956175
z3232=1288735844734/1199172241325
z3233=71861751017/57507840000
z3234=3065497746038/2921656350175
z3235=11215491413/8847360000
z3236=264168634/273245225
z3237=564884160062/533790694675
z3238=74010813569/57507840000
z3239=1998079392772037/2068816334410100
z3240=27269666/28144525
z3241=1794652691/1755004375
z3242=3615061251581/3417901457650
z3243=37040994893/28753920000
z3244=9587535162266301850871/9611535002424480599675
z3245=1479401806376/1411968326125
z3246=50080621969/38338560000
z3247=93741562/96548425
z3248=2372250308506/2244108933275
z3249=38115526169/28753920000
z3250=988847761249967/993645875418600
z3251=591876211/579534775
z3252=3501689673937/3314425342175
z3253=43630459/92160000
z3254=15700241/10649600
z3255=269797203/436304590
z3256=1888580421/2132532130
z3257=392404951815741095505391/382330972919280953061475
z3258=975781077712896/950210318636675
z3259=487890538856448/475105159281775
z3260=171569827/368640000
z3261=22971617/15360000
z3262=100424033/384000000
z3263=1052620731/1715698270
z3264=7368345117/8323487890
z3265=73131364076827312435481/71250771790820426129025
z3266=1907708235087872/1857333461381175
z3267=953854117543936/928666730620275
z3268=574096718/532064015
z3269=59465441/138240000
z3270=17255383/36864000
z3271=301212781/212992000
z3272=9844781/25600000
z3273=530738379/862769150
z3274=3715168653/4196184050
z3275=350873577/364254410
z3276=272914208554/252938919725
z3277=173537833/368640000
z3278=152738397/106496000
z3279=7875873/5120000
z3280=6738669/25600000
z3281=214066557/347075666
z3282=1498465899/1692249662
z3283=176912793/183767210
z3284=985152109412352/958760953570675
z3285=135130996234/125243556125
z3286=20040481/46080000
z3287=309740807/212992000
z3288=49879907/128000000
z3289=23785173/24720962
z3290=1193264451/1167269575
z3291=73690820931/69167930450
z3292=89203258794/82678434925
z3293=276847717/552960000
z3294=293680663073/230031360000
z3295=350873577/553695434
z3296=2456115039/2769948038
z3297=32617647/34108070
z3298=42271816522/41195860625
z3299=4650038823026688/4530987587858575
z3300=2325019411513344/2265493793746475
z3301=20543406739622/19063732517575
z3302=11380803917/8847360000
z3303=1052620731/1101298270
z3304=3598817411/3518208775
z3305=131122779706/123178502675
z3306=2363163839102976/2302171127967275
z3307=785171325326/728724029275
z3308=530738379/555569150
z3309=4244984346122/3988979993275
z3310=558615449/1105920000
z3311=598320167557/460062720000
z3312=615217601/425984000
z3313=201832069/768000000
z3314=710603181/1117230898
z3315=4974222267/5608776286
z3316=2382236052897792/2320509795077675
z3317=1620679172398/1504315474043
z3318=346091663/737280000
z3319=10375101/20480000
z3320=33363355907/25559040000
z3321=99431813/256000000
z3322=13213985/20750202
z3323=92497895/104291414
z3324=2131809543/2232116630
z3325=2401308266692608/2338848462188075
z3326=131987016434/122519539525
z3327=561895459/1105920000
z3328=120552129019/92012544000
z3329=18171239503/12779520000
z3330=202488071/768000000
z3331=716507199/1123790918
z3332=5015550393/5654696426
z3333=214066557/224195666
z3334=11698505655689216/11398054159234775
z3335=40259074747658/37374071338225
z3336=2484230296997/1840250880000
z3337=623745627/425984000
z3338=2420380480487424/2357187129298475
z3339=31826683671718/29533318487495
z3340=348059669/737280000
z3341=271775243/552960000
z3342=63030185099/46006272000
z3343=20017563/51200000
z3344=1708715619/2717752430
z3345=11961009333/13494667010
z3346=2149521597/2251796690
z3347=19735888660618/18312069701825
z3348=86718797/176947200
z3349=2460191/4915200
z3350=22875606201/17039360000
z3351=5405301405521/3680501760000
z3352=44666031011/221184000000
z3353=389707071/615047750
z3354=2727949497/3076534250
z3355=13613636781/14306899250
z3356=21854652761620224/21286987727005955
z3357=39803717240846/36940651492725
z3358=1471850587/2949120000
z3359=75622610483/57507840000
z3360=3531273192463/2453667840000
z3361=29963115133/147456000000
z3362=9314593587/9803305870
z3363=87998035520413989037084617457/85840015845651320963324013405
z3364=14219241721880832/13867595523512365
z3365=7109620860940416/6933797761207745
z3366=20073689590643/18628581790900
z3367=622888033201/460062720000
z3368=29/32
z3369=31719628206214/29706348766775
z3370=34252675473094/32002175744375
z3371=24139714141/17694720000
z3372=9647190328445991/9733882166805800
z3373=242123663936/226800922225
z3374=1307786389777/1222084248050
z3375=2130577811/4423680000
z3376=45615233/30720000
z3377=40104013/153600000
z3378=2655421551/4261155622
z3379=18587950857/20980729354
z3380=946029619576832/921143174882675
z3381=342155651/737280000
z3382=213680983/442368000
z3383=598161549/425984000
z3384=9296288051/6389760000
z3385=98119809/256000000
z3386=6666597963/10684049150
z3387=46666185741/52669944050
z3388=419277087/438551302
z3389=12012600292818944/11700068233397975
z3390=548480633194/508329646925
z3391=18460391699/12779520000
z3392=1083557090434/1003770663125
z3393=537318467/1105920000
z3394=4714236227/3194880000
z3395=3361343067/5373184670
z3396=23529401469/26553092690
z3397=12209679835365376/11889567793538775
z3398=238115761/491520000
z3399=3084749/2048000
z3400=67058689/256000000
z3401=1487698233/2381157610
z3402=10413887631/11752903270
z3403=492286270619/458635509850
z3404=192335723102208/187238057271575
z3405=539070896962/499380223925
z3406=344123657/737280000
z3407=1248317367/851968000
z3408=98775811/256000000
z3409=2114097489/2212436570
z3410=9689848889478183/9779023501231400
z3411=64757863/63317275
z3412=65285393407/60824493650
z3413=357575499138/331250077525
z3414=552055429/1105920000
z3415=1250241800017/920125440000
z3416=698795145/1104110858
z3417=4891566015/5516936006
z3418=68859477/72243010
z3419=73455336405958/68484362103575
z3420=11914060521545728/11605318453327575
z3421=80210129117638/74366951377175
z3422=80585029/163840000
z3423=189855706961/136314880000
z3424=506817389/805850290
z3425=3547721723/4002552030
z3426=2655421551/2786595622
z3427=35224127644498/32649796557125
z3428=1446266509/2949120000
z3429=627493167241/460062720000
z3430=7105617356633/4907335680000
z3431=29784026587/147456000000
z3432=1816867377/1909493018
z3433=893242532755883181477236151859/870510752024366246269826845575
z3434=71664652036129152/69820372500680225
z3435=3257484183460416/3173653295236175
z3436=39975447345808/37062767220575
z3437=2571846975089/1840250880000
z3438=61/64
z3439=141677828704646/131883921193975
z3440=146743923238406/136475575149175
z3441=1171805138771/817889280000
z3442=7207146851/7044617575
z3443=63602465786834/59260674866725
z3444=1290820050473/920125440000
z3445=8778949541/5898240000
z3446=195576870597124424332509/202009529318226680913956
z3447=72273328623314/67354777491175
z3448=192551267/393216000
z3449=4677409061171/3271557120000
z3450=18180493/12288000
z3451=400712129/1536000000
z3452=6043432551/9627563350
z3453=42304027857/47732143450
z3454=188423474118656/183476279402775
z3455=279156843229394/258613205035525
z3456=4254923603/8847360000
z3457=1405895828101/981467136000
z3458=12478776209/8519680000
z3459=195911617/512000000
z3460=1816867377/2892533018
z3461=12718071639/14349491126
z3462=26498127339/27803636030
z3463=12106222788022272/11790089863401175
z3464=418007888186486/387258192636175
z3465=14254970871001/9814671360000
z3466=830919449033206/769616070522575
z3467=2896797031/5898240000
z3468=14085689378507/9814671360000
z3469=25047096691/17039360000
z3470=133789377/512000000
z3471=91492713/145567690
z3472=127449349209/143793392170
z3473=12156287349233664/11838228864565975
z3474=834561023057762/773193155438125
z3475=28564235419531/19629342720000
z3476=30519489/20480000
z3477=1586951618729698/1473899144444525
z3478=949941868560384/924904952751475
z3479=1658907772890082/1536564894313325
z3480=1422462547/2949120000
z3481=392011679889/272629760000
z3482=6284160241/4259840000
z3483=196567619/512000000
z3484=8870101227/9309425470
z3485=12206351910445056/11886367865730775
z3486=23141840826182/21440831266775
z3487=158991828317/109051904000
z3488=4801593891/4693678375
z3489=44001888266726/40868689784375
z3490=231914323/471859200
z3491=57285919519087/39258685440000
z3492=36688987/24576000
z3493=803064263/3072000000
z3494=36452475891/57978580750
z3495=255167331237/287885265250
z3496=190379598610432/185357168337175
z3497=3310682900978362/3066573762038825
z3498=8541007301/17694720000
z3499=796391849953/545259520000
z3500=37964866067/25559040000
z3501=393463239/1024000000
z3502=53276695533/55918873010
z3503=12303227719258112/11979517681897175
z3504=137822990658418/127662771471125
z3505=4811226669347/3271557120000
z3506=274791216506482/254503653701525
z3507=69576879581/141557760000
z3508=335317236201577/235552112640000
z3509=543661831/368640000
z3510=801096257/3072000000
z3511=464909039/2304000000
z3512=437452954821/695768795810
z3513=3062170683747/3454803970670
z3514=141343137/148512890
z3515=112628859076608/109683680918081
z3516=20137645678216534/18656556167626175
z3517=5772273997/11796480000
z3518=34814187869/70778880000
z3519=167818080542953/117776056320000
z3520=6965497057/4718592000
z3521=391495233/1024000000
z3522=4761862483/23592960000
z3523=218958210117/348141878690
z3524=1532707470819/1729204350830
z3525=36222219189/38061939970
z3526=563740302064128/549012060160325
z3527=10060267348600534/9320361808378175
z3528=17484573839/35389440000
z3529=83320164577363/58888028160000
z3530=21673081/14745600
z3531=372490993/1843200000
z3532=110176424199/174845738390
z3533=771234969393/870025768730
z3534=568996731/598078430
z3535=560826507558912/546314102285125
z3536=5048099463677842/4676867653732325
z3537=4645324793/9437184000
z3538=22397005731349/15703474176000
z3539=5810102231/3932160000
z3540=267250753/1024000000
z3541=19846068361/98304000000
z3542=146126628549/232266239650
z3543=1022886399843/1154004477550
z3544=6043432551/6350763350
z3545=62704034305024/61067301747805
z3546=6701141238728534/6208297021962175
z3547=5780802023/11796480000
z3548=17432842013/35389440000
z3549=84068502713641/58888028160000
z3550=34893741487/23592960000
z3551=78430247/204800000
z3552=119106258257/589824000000
z3553=21942167553/34865684026
z3554=153595172871/173280908182
z3555=36298971423/38147220230
z3556=564932315426304/550199371300165
z3557=5021578183792534/4652264628754175
z3558=8755242959/17694720000
z3559=8347870287671/5888802816000
z3560=41691363761/28311552000
z3561=715543179659/3538944000000
z3562=11040963291/17510485918
z3563=77286743037/87183961426
z3564=218958210117/230177078690
z3565=8430166723813632/8212418340260875
z3566=2519784478011138/2334487240933925
z3567=3879686687/7864320000
z3568=6227828794337/4362076160000
z3569=1749492289/1179648000
z3570=122772273/194959130
z3571=171021776289/192934868090
z3572=2833509984012288/2759607801153625
z3573=669224881870558/620016016175475
z3574=5845465999/11796480000
z3575=27879080392019/19629342720000
z3576=20885206001/14155776000
z3577=357951826379/1769472000000
z3578=185331393/293742010
z3579=258166630449/291217819930
z3580=21942167553/23069204026
z3581=8447935834243584/8230125146244875
z3582=1006207689673342/932216262000675
z3583=1748433817/3538944000
z3584=42117575582857/29444014080000
z3585=17528050991/11796480000
z3586=11919580253/58982400000
z3587=55087151589/87421690850
z3588=385610061123/435004635950
z3589=18207049887/19137570310
z3590=2839470050823168/2765544356852825
z3591=2505315561760726/2321101922940575
z3592=4390577519/8847360000
z3593=20948944868851/14722007040000
z3594=1549980009/1048576000
z3595=79584902873/393216000000
z3596=27719012583/43905775190
z3597=194033088081/218866826330
z3598=8143894109/8563222290
z3599=940633882741504/916425772469875
z3600=1255626985177786/1163297034534725
z3601=270488111/184320000
z3602=932636887/4608000000
z3603=286310457/301052650
z3604=5210281350787842921055773/5077248750250927776939050
z3605=5596823944298496/5453383333826725
z3606=2798411972149248/2726691666702425
z3607=158596792101254/146949818377975
z3608=52130189911/35389440000
z3609=179247666857/884736000000
z3610=11040963291/11612245918
z3611=3001686821007291597981863397/2925452626372234991407407950
z3612=16861103914604544/16430565780961775
z3613=8430551957302272/8215282889848075
z3614=15806669853312/14645938308275
z3615=290958907/589824000
z3616=3430352532779/2453667840000
z3617=9161089119/14547945350
z3618=64127623833/72344417450
z3619=6666597963/6997649150
z3620=2422228012818432/2358963602693675
z3621=210628198482338/195247557957325
z3622=364764637/737280000
z3623=172165117013/122683392000
z3624=2299866309/3647646370
z3625=16099064163/18160724590
z3626=1487698233/1561957610
z3627=52477907774422/48649084142975
z3628=7057561930123/4907335680000
z3629=420608934149534378574633/433716182163542714378900
z3630=380207525454562/354281753890925
z3631=354214651381/245366784000
z3632=17460586699549492093021/18010575946782171190820
z3633=18940012809406/17649972929075
z3634=2531572951/1703936000
z3635=2461296206573568/2396529173612075
z3636=416138118485986/385573694300525
z3637=2905325057/5898240000
z3638=28672822774589/19629342720000
z3639=92214469/61440000
z3640=402024133/1536000000
z3641=18283802121/29053250570
z3642=127986614847/144390353990
z3643=1581184336474574/1468646520030475
z3644=5806386101/11796480000
z3645=11478901374829/7851737088000
z3646=101420152729/68157440000
z3647=53581351/204800000
z3648=7305845625/11612772202
z3649=51140919375/57696445414
z3650=12328458668757504/12003778210261975
z3651=3304820650625702/3061239268575175
z3652=115578858901921/78517370880000
z3653=61366979/40960000
z3654=127/128
z3655=6445382955131302/5977564646671175
z3656=955810242035712/930547619554675
z3657=6589105327256998/6102732408309575
z3658=2851157113/5898240000
z3659=28724400275837/19629342720000
z3660=152400993919/102236160000
z3661=394119241/1024000000
z3662=3559258125/3736234226
z3663=12353689618256896/12028038738626775
z3664=1650944762724686/1529286010921675
z3665=57844138869757/39258685440000
z3666=9593675753/9379156725
z3667=128790931405630/119445006013379
z3668=774469081/1572864000
z3669=77158361342473/52344913920000
z3670=2948239/1966080
z3671=1607768531/6144000000
z3672=24365610789/38723454050
z3673=170559275523/192420978350
z3674=38271532171264/37259522560875
z3675=877592078297246/812819402790355
z3676=17113174697/35389440000
z3677=57896125716253/39258685440000
z3678=20389724689/13631488000
z3679=788566483/2048000000
z3680=106833831921/112149346970
z3681=2480465238311424/2414960934898475
z3682=657899865278006/609346788066415
z3683=116187999095837/78517370880000
z3684=957766366527488/932428508489075
z3685=6568709213533454/6083574189080875
z3686=4279851679/8847360000
z3687=14363558226059/9814671360000
z3688=197223621/512000000
z3689=26722480023/28052916790
z3690=2877151523/2812927015
z3691=789150347673506/733010103911725
z3692=1938304709/3932160000
z3693=19167698076401/13086228480000
z3694=305343517489/204472320000
z3695=804376267/3072000000
z3696=12201993453/19383047090
z3697=85413954171/96359729630
z3698=12378920567756288/12052299266991575
z3699=1099652800091014/1018634925037175
z3700=38599232192369/26172456960000
z3701=184756939/122880000
z3702=2144570061810566/1988978651555575
z3703=11625564241/23592960000
z3704=46338784340521/31406948352000
z3705=81631386977/54525952000
z3706=536141511/2048000000
z3707=73173584601/116255642410
z3708=512215092207/577859896870
z3709=2482998266706048/2417396539124075
z3710=526084537466462/487263219232051
z3711=464971665541069/314069483520000
z3712=123061959/81920000
z3713=255/256
z3714=25975792689734446/24073393623028475
z3715=958744428773376/933368952956275
z3716=26263047497790766/24323565408206075
z3717=1141709249/2359296000
z3718=38633890090033/26172456960000
z3719=40851937599/27262976000
z3720=157844497/409600000
z3721=35648669421/37424662450
z3722=2485531295100672/2419832143349675
z3723=438207652258766/405874173342475
z3724=15506377823293/10468982784000
z3725=19177839477/18750113425
z3726=4327341802906694/4010450534905975
z3727=4651078499/9437184000
z3728=930580532392819/628138967040000
z3729=147739951/98304000
z3730=3217177067/12288000000
z3731=146385545319/232553924950
z3732=1024698817233/1156018274650
z3733=191846691979264/186767835037975
z3734=52497371845019218/48620721545296325
z3735=34257509489/70778880000
z3736=6915322627/14155776000
z3737=1410718484433491/942208450560000
z3738=1578772971/4096000000
z3739=216820037511/345766131350
z3740=1517740262577/1712574119450
z3741=213948104697/224610294890
z3742=959722491019264/934309397423475
z3743=78350900998214546/72552030743076325
z3744=138281196463/283115520000
z3745=69466097897/141557760000
z3746=2806918786759301/1884416901120000
z3747=851236160567/566231040000
z3748=571068766709/2831155200000
z3749=87291183933/138932195794
z3750=611038287531/689409850558
z3751=278260554185777116920491217/287285593308415527147937460
z3752=8636004760856256/8407397856147275
z3753=157079686785368958/145467016038844675
z3754=277813551433/566231040000
z3755=15513336692509/10468982784000
z3756=338742842317/226492416000
z3757=5719445776639/28311552000000
z3758=349073223453/366883422866
z3759=8583035714303904/8358352442672875
z3760=1574717330144582/1458299705915367
z3761=8565935377/17694720000
z3762=14389346976683/9814671360000
z3763=5098084119/3407872000
z3764=394775243/1024000000
z3765=53501048217/56168153770
z3766=2480830303451136/2415311959071275
z3767=824006818774178/763309382094925
z3768=2883489101/5898240000
z3769=4504357668541/3019898880000
z3770=18087278517/28834891010
z3771=126610949619/142861837070
z3772=251542036054222/232942767982475
z3773=1931026057/3932160000
z3774=38836735799461/26172456960000
z3775=213142699159/141557760000
z3776=713880156521/3538944000000
z3777=2427297117/3862052114
z3778=16991079819/19170044798
z3779=13920600332140573322075517/14372386162176348139329700
z3780=455340599933184/443281356848425
z3781=19667445039420334/18214767801409275
z3782=1159071154147/785173708800
z3783=424095296929/283115520000
z3784=1429950414431/7077888000000
z3785=28217752461797090180139243/29147924583445017165760124
z3786=8598488465927808/8373287509006475
z3787=4929077094625814/4564999925046375
z3788=971284361/1966080000
z3789=946174251233/654311424000
z3790=25405273783/17039360000
z3791=80536027/307200000
z3792=1224036957/1942568722
z3793=8568258699/9665821054
z3794=12356545594079232/12030784869225175
z3795=276247336598974/255966745367075
z3796=4292315717/8847360000
z3797=433786169/884736000
z3798=10775275714889/7361003520000
z3799=3186852257/2129920000
z3800=197879623/512000000
z3801=13622285061/21689308450
z3802=95355995427/107588359150
z3803=5366931273/5635511434
z3804=12406610155290624/12078923870389975
z3805=617585498661014/572163578065375
z3806=17326190683/35389440000
z3807=1777418108249/1226833920000
z3808=175724556639919/117776056320000
z3809=357205267069/1769472000000
z3810=7005816146133719521723809/7234921220458413655017716
z3811=111284569430582184/108363376799302675
z3812=62049692988686/57493275470025
z3813=174486696609967/117776056320000
z3814=92870471/61440000
z3815=21750195159/34652381366
z3816=152251366113/171787789562
z3817=1881149638736498/1747081495579285
z3818=34627125289/70778880000
z3819=349262802606277/235552112640000
z3820=185412941/122880000
z3821=805032269/3072000000
z3822=217274646897/346271252890
z3823=1520922528279/1716109970230
z3824=963634740002816/938071175292275
z3825=19665166358903806/18213603862369475
z3826=1715679883/3538944000
z3827=34959232323491/23555211264000
z3828=153484053221/102236160000
z3829=79086249/204800000
z3830=53613224559/56292794150
z3831=12454613416254464/12125080852085975
z3832=9823740942597946/9098753208946025
z3833=352003990290863/235552112640000
z3834=3401724743859292902101493/3509159862038576704663300
z3835=965590864494592/939952064226675
z3836=19584778541741114/18137214741493225
z3837=874081086193/588880281600
z3838=1704559725496649286789183/1758536334270868571725964
z3839=1306066687/1277112275
z3840=1173543578033398/1089944455070975
z3841=3853070827/7864320000
z3842=38880204873727/26172456960000
z3843=102503212031/68157440000
z3844=268562757/1024000000
z3845=24192139587/38530708270
z3846=169344977109/191071757890
z3847=12479844365753856/12149341380450775
z3848=727029533758814/673385517533875
z3849=26098965656533/17448304640000
z3850=62022981/40960000
z3851=967546988986368/941832953161075
z3852=4348228534777114/4026900924649625
z3853=2863621151/5898240000
z3854=21890710280761/14722007040000
z3855=19253197859/12779520000
z3856=396087247/1024000000
z3857=17908466967/18805811510
z3858=12505075315253248/12173601908815575
z3859=1225757058611254/1135331970558575
z3860=44083510304441/29444014080000
z3861=1898067875441354598507723/1958330213091075219922940
z3862=2443659783906614/2263111697544175
z3863=3084933973/6291456000
z3864=154828721924933/104689827840000
z3865=17778646981/11796480000
z3866=11900949151/58982400000
z3867=96880037361/154246698650
z3868=678160261527/765154090550
z3869=1937626583147726374176273/2000671529227617038293940
z3870=2886840862983168/2810451158260825
z3871=5250383527815218/4862948885133045
z3872=11560056373/23592960000
z3873=69567778207/141557760000
z3874=694932892111843/471104225280000
z3875=70931888141/47185920000
z3876=238201682803/1179648000000
z3877=87474208491/139135556414
z3878=612319459437/690833374898
z3879=7802829013338554160795417/8058703734053685631705940
z3880=2878001116682496/2802266207982425
z3881=1577056232142274/1460681022090269
z3882=34809309181/70778880000
z3883=13911763496113/9422084505600
z3884=42708965677/28311552000
z3885=714233741599/3538944000000
z3886=43782860385/69618618362
z3887=306480022695/345772568534
z3888=69906276926862925672632663/72186602183428345329758060
z3889=8669573779168512/8440361169444875
z3890=19694949434863638/18242462313694175
z3891=9593803376549/6543114240000
z3892=3937507819/2621440000
z3893=39730730431/196608000000
z3894=29093805476098925182481/30055246915793085488052
z3895=958343247952384/933241308169075
z3896=549123404891646/508631969128675
z3897=4357518667/8847360000
z3898=43478805010207/29444014080000
z3899=4282475003/2831155200
z3900=5484296583/8715037334
z3901=38390076081/43310541338
z3902=8696230089813504/8466296864516875
z3903=2460647688829434/2279211758495225
z3904=3604462975897/2453667840000
z3905=42605051089/28311552000
z3906=715509028843/3538944000000
z3907=14201115969681784940738535/14672736583477570592286892
z3908=8643080522006784/8417084301732875
z3909=616683164378398/571210747745325
z3910=326187671/655360000
z3911=754403872219/545259520000
z3912=79248316157/54525952000
z3913=1656326371/8192000000
z3914=2061897551/3261876710
z3915=14433282857/16279536970
z3916=1520452167/1598350870
z3917=29781786418891594672272401597/29027942295033184302079963625
z3918=23988296800575744/23373253597548875
z3919=11994148400287872/11686626797860375
z3920=141054708711878/130757290434775
z3921=3517644431/7077888000
z3922=83954317774751/58888028160000
z3923=1463431591/983040000
z3924=111109259043/175882221550
z3925=777764813301/877281150850
z3926=54804258029097455303529/56624916725712788481940
z3927=4582356208297946/4269791681359225
z3928=948476705878016/923826970850675
z3929=5013523324675034/4645294966274425
z3930=4672936448561/3271557120000
z3931=17594307193/11796480000
z3932=59657597447/294912000000
z3933=180143066478093325020063/186157194102121976424460
z3934=762351608299346/710357352773925
z3935=2851390184444928/2777417468251225
z3936=834165310313426/772900299068325
z3937=2208244799/4423680000
z3938=5111427562019/3680501760000
z3939=7159079551627/4907335680000
z3940=29843722769/147456000000
z3941=13976110647/22082447990
z3942=97832774529/110340335930
z3943=9161089119/9632745350
z3944=893634464291257528133884050201/871136707383754300116803602325
z3945=72265128767325312/70419149084613025
z3946=36132564383662656/35209574539564325
z3947=316322674187234/293232653567125
z3948=17640046313/35389440000
z3949=16854278874689/11777605632000
z3950=8813717647/5898240000
z3951=22315135293/35280092626
z3952=156205947051/176181768382
z3953=199021294058613549984279/205698212047167947413100
z3954=2857350251255808/2783354023950425
z3955=4996460399086078/4629508622545475
z3956=10553741584099/7361003520000
z3957=1177370893/786432000
z3958=19905764543/98304000000
z3959=14806451237250630850321/15305599690153137672116
z3960=954436772688896/929763526549875
z3961=24939644681458/23108077253405
z3962=185111813/368640000
z3963=419910289649/306708480000
z3964=5232666251/3538944000
z3965=17942905141/88473600000
z3966=234899721/370223626
z3967=1644298047/1854285382
z3968=9116051859469309067363601/9427922387039415139936180
z3969=60042962279721292164660237/58526205766772590219570750
z3970=677269439852544/660039262417735
z3971=338634719926272/330019631183555
z3972=15940786367662/14776823501025
z3973=24316834681/17694720000
z3974=5835903901/3932160000
z3975=6652238369/32768000000
z3976=20641438746126995182281/21354282585703654506260
z3977=37067974530742179670142847/36136645259798987138645450
z3978=1889152008669184/1841266371102775
z3979=944576004334592/920633185481075
z3980=3055493761319/2832411560350
z3981=156977842129/115015680000
z3982=86460147/88891064
z3983=121738646421504/122802060403525
z3984=7837158372784/7343383588025
z3985=1269219937877/920125440000
z3986=46927237/30720000
z3987=13477664903326/12596153393615
z3988=23591934673/17039360000
z3989=59/64
z3990=122246486433792/123366327083845
z3991=1433819747/1402363495
z3992=3636695892986/3395112021325
z3993=7552986636637/7043716924175
z3994=1278709006807/920125440000
z3995=47583239/30720000
z3996=21801013317/22419566600
z3997=24550865289216/24786118752833
z3998=65212522549642/60885949894625
z3999=67725537483448/63164507619575
z4000=668936318183/460062720000
z4001=43788003201/45035933800
z4002=123262166458368/124494860444485
z4003=7150074677/6995417425
z4004=6522274002751/6093633370550
z4005=160431692659/115015680000
z4006=13745218909/8847360000
z4007=175674360295922568070707/181439367704247685833500
z4008=596506130847/600012367000
z4009=33321585596949/31148405541425
z4010=360289651/737280000
z4011=879151150663/613416960000
z4012=3186885619/2129920000
z4013=451918287/720579302
z4014=3163428009/3569495114
z4015=12406759377911808/12079067353679575
z4016=51906474971338/48109075953425
z4017=5331619260881/3680501760000
z4018=19253498117/12779520000
z4019=13613636781/21679699250
z4020=95295457467/107521094750
z4021=12505299149185024/12173817133749975
z4022=308824711378118/286254218202775
z4023=484642063/319488000
z4024=2520767784091648/2453713382764075
z4025=38467281174218/35658277723825
z4026=2155505887/4423680000
z4027=13501460439/21555058870
z4028=94510223073/106648612090
z4029=243497315243/226865947450
z4030=286985317/589824000
z4031=31175491/20480000
z4032=134445379/512000000
z4033=8982277569/14349265850
z4034=62875942983/70953660950
z4035=77860059604083/78593318685256
z4036=973415362461696/947475619964275
z4037=266827800226/247185004325
z4038=691199323/1474560000
z4039=12615358073/8519680000
z4040=12836953301/8519680000
z4041=317657/819200
z4042=4254763059/4454393230
z4043=9753836731026471/9846735502869800
z4044=12506739277713408/12175201872719575
z4045=709735701766/657489939775
z4046=25584362329/17039360000
z4047=243985132855296/246168387571745
z4048=977327611445248/951237397833075
z4049=1410276602774/1306138724975
z4050=1821669208391/1226833920000
z4051=93028438942634/86677956922225
z4052=4317243793/8847360000
z4053=18989129311/12779520000
z4054=206107607/136314880
z4055=403992139/1536000000
z4056=27059009049/43172437930
z4057=189413063343/213733465510
z4058=9775166011542567/9869306170082600
z4059=502272153556992/488933634955375
z4060=1061895904394/983729802025
z4061=3767299/2457600
z4062=2016745891927/1872974944850
z4063=39249594417152/38199967028075
z4064=2109944175482/1954144572025
z4065=693167329/1474560000
z4066=365602811947/245366784000
z4067=6463248787/4259840000
z4068=199191627/512000000
z4069=4272475113/4474073290
z4070=122500406439936/123648460424005
z4071=12606868400136192/12271479875049175
z4072=101715539931434/94229750797825
z4073=3707319341719/2453667840000
z4074=14328685441/14015434925
z4075=38631281673842/35878010729245
z4076=202097508084394/187177221039425
z4077=10971036039409/7361003520000
z4078=556035702042886/518121194998775
z4079=1376507103559/920125440000
z4080=69237596303746/64521831058025
z4081=4329707831/8847360000
z4082=21977189505883/14722007040000
z4083=25942539421/17039360000
z4084=404648141/1536000000
z4085=27171185391/43297078310
z4086=190198297737/214605948170
z4087=12656932961347584/12319618876213975
z4088=1218380321491138/1128749061252125
z4089=44571151898651/29444014080000
z4090=94838477/61440000
z4091=462700515482842/429738838680185
z4092=8653183643/17694720000
z4093=89213716503023/58888028160000
z4094=189348953/122880000
z4095=808968281/3072000000
z4096=54286282611/86531836430
z4097=380003978277/428775655010
z4098=987108233904128/960641842505075
z4099=4839592365497786/4482372283021225
z4100=1389286667/2949120000
z4101=44648518150523/29444014080000
z4102=156733231127/102236160000
z4103=399367257/1024000000
z4104=8571518307/8977666670
z4105=122881286449152/124071660434245
z4106=12757384810247168/12416207192463575
z4107=2417573408204162/2239162215440125
z4108=3596601488947/2355521126400
z4109=989064358395904/962522731439475
z4110=963815758483994/892574881562905
z4111=139027067/294912000
z4112=11009105147473/7361003520000
z4113=13016041847/8519680000
z4114=199847629/512000000
z4115=4290187167/4493753350
z4116=123008246452224/124212727104325
z4117=12706997522558976/12367757877378775
z4118=608087081902534/563370556465175
z4119=22327235848337/14722007040000
z4120=14309661383/13999034875
z4121=46182565087958/42894154860943
z4122=2888549227/5898240000
z4123=29793452033023/19629342720000
z4124=20933866127/13631488000
z4125=269874761/1024000000
z4126=18132819651/28885492270
z4127=126929737557/143216045890
z4128=2556523151949312/2488093544165675
z4129=1610233755772954/1491425526246425
z4130=59999330754431/39258685440000
z4131=12666997/8192000
z4132=3138310588023962/2910324915187225
z4133=198204096577536/192880724074775
z4134=3209744417647898/2972540385283225
z4135=1391254673/2949120000
z4136=22365918974273/14722007040000
z4137=78637380389/51118080000
z4138=400023259/1024000000
z4139=8589230361/8997346730
z4140=123135206455296/124353793774405
z4141=12807846709245952/12464728249193175
z4142=48262557182294/44702287265983
z4143=45041477519809/29444014080000
z4144=9536603579/9329956575
z4145=2351519664562198/2180727121892375
z4146=17337527381/35389440000
z4147=72095164684301/47110422528000
z4148=380337911/245760000
z4149=1619576567/6144000000
z4150=108853006077/173375273810
z4151=761971042539/859732516670
z4152=991998545133568/965344064841075
z4153=19236873757256038/17815386910564775
z4154=2783493349/5898240000
z4155=45080467654681/29444014080000
z4156=10521059339/6815744000
z4157=800374519/2048000000
z4158=17187316749/18004533490
z4159=123198686456832/124424327109445
z4160=2571654260517888/2502642687020075
z4161=2403493678169974/2225907406348175
z4162=90470881889561/58888028160000
z4163=992976607379456/966284509308275
z4164=4798928745254774/4444066148191375
z4165=482463541/983040000
z4166=817008558667/545259520000
z4167=26121627967/17039360000
z4168=135101381/512000000
z4169=3031484637/4824635410
z4170=21220392459/23942047870
z4171=12757062083770368/12415896878543575
z4172=134885334013222/124970351623175
z4173=4970865721633/3271557120000
z4174=31831493/20480000
z4175=51216754030702/47571584282075
z4176=8678111719/17694720000
z4177=17909399139023/11777605632000
z4178=315091051207/204472320000
z4179=162056057/614400000
z4180=10902127059/17356223438
z4181=76314889413/86104124066
z4182=12833077658745344/12488988777557975
z4183=4821810169139938/4466180874457325
z4184=180333827895179/117776056320000
z4185=190660957/122880000
z4186=9397225552425698/8714842229577325
z4187=5783330473/11796480000
z4188=9251581001369/6039797760000
z4189=84240962933/54525952000
z4190=540077523/2048000000
z4191=36321727473/57833304730
z4192=254252092311/286868333110
z4193=2574187288912512/2505078291245675
z4194=492795515217014/456387989512975
z4195=18566773563289/12079595520000
z4196=126997971/81920000
z4197=194590923031166/180324075369475
z4198=993954669625344/967224953775475
z4199=983937129859702/911185690012175
z4200=557092271/1179648000
z4201=180489788434667/117776056320000
z4202=42156725577/27262976000
z4203=801030521/2048000000
z4204=17205028803/18024213550
z4205=123325646459904/124565393779525
z4206=2576720317307136/2507513895471275
z4207=384202015231346/355820078624533
z4208=362220641410027/235552112640000
z4209=19063695129/18651713125
z4210=18963709659820354/17573484411889325
z4211=17037447793/35389440000
z4212=21230457957/34074895586
z4213=148613205699/167745389102
z4214=994932731871232/968165398242675
z4215=22145399078166/20506330273375
z4216=1261583687/2621440000
z4217=821669615797005634851603/846921798472066498300060
z4218=19177833083509282/17759977317709325
z4219=1393222679/2949120000
z4220=4979461971841/3271557120000
z4221=52605430143/34078720000
z4222=400679261/1024000000
z4223=1721388483/1803405358
z4224=12858308608244736/12513249305922775
z4225=267631367780582/247896279017575
z4226=10027874761729/6543114240000
z4227=28590786679/27973469675
z4228=521576247033478/483709776199175
z4229=17362455457/35389440000
z4230=361147494685277/235552112640000
z4231=675087515/436207616
z4232=1620888571/6144000000
z4233=109077358761/173624554570
z4234=763541511327/861477481990
z4235=515850669140352/501989899939375
z4236=19201176429671054/17782876271447275
z4237=724778396671837/471104225280000
z4238=76329983/49152000
z4239=37909608648204046/35130742950509675
z4240=34087031623/70778880000
z4241=212413803903/340870316230
z4242=1486896627321/1678303413610
z4243=199182158823424/193821168541975
z4244=33196049406026/30739081447825
z4245=6662643440033463628441347/6867681634043338526302556
z4246=1533511370780350/1420146694414499
z4247=2787429361/5898240000
z4248=669102615743/436207616000
z4249=21114606899/13631488000
z4250=801686523/2048000000
z4251=17222740857/18043893610
z4252=2581786374096384/2512385103922475
z4253=533118113827078/493743016990775
z4254=4028419502909/2617245696000
z4255=57172061329/55938739325
z4256=1052549943799094/975403252145575
z4257=568319461/1179648000
z4258=17710252353/28415973050
z4259=123971766471/139929411350
z4260=996888856363008/970046287177075
z4261=66348000389606/61437334971175
z4262=66697667927297087926186809/68753009233724130586345940
z4263=354813910851842/328586852641725
z4264=697103341/1474560000
z4265=1381265742067/920125440000
z4266=327639653/212992000
z4267=200503631/512000000
z4268=4307899221/4513433410
z4269=2561425328996352/2492807175941675
z4270=75735115527058/70170326017925
z4271=560263891159/368050176000
z4272=438003338330684310317361/450538122189911647979060
z4273=190541831/186435131
z4274=28754745104566/26709185529245
z4275=8690575757/17694720000
z4276=89713635291161/58888028160000
z4277=316174110509/204472320000
z4278=810936287/3072000000
z4279=54622811637/86905757570
z4280=382359681459/431393102990
z4281=12883539557744128/12537509834287575
z4282=4812919070961014/4458085170175375
z4283=36133932705413/23555211264000
z4284=191316959/122880000
z4285=64686340281238/59991101473055
z4286=3474983899/7077888000
z4287=361483330317163/235552112640000
z4288=84530915817/54525952000
z4289=1621544573/6144000000
z4290=109189535103/173749194950
z4291=764326745721/862349964650
z4292=2584319402491008/2514820708148075
z4293=19183327765878562/17766620951888525
z4294=725452624375403/471104225280000
z4295=382305917/245760000
z4296=509/512
z4297=37766979013041122/34993589234402125
z4298=37927491451475522/35139140620756525
z4299=34111303697/70778880000
z4300=212632252569/341113036970
z4301=1488425767983/1680002458790
z4302=997866918608896/970986731644275
z4303=1105065032786/1023275117445
z4304=33721686596184248155707/34762244624297789056700
z4305=38302020474489122/35471092810250125
z4306=2789397367/5898240000
z4307=180825624066553/117776056320000
z4308=42301702019/27262976000
z4309=32093701/81920000
z4310=17240452911/18063573670
z4311=140425153/137401325
z4312=9480211231219846/8786061594931775
z4313=2586852430885632/2517256312373675
z4314=9587201716991158/8879246646054575
z4315=362894869113593/235552112640000
z4316=1753886606422070365036803/1804154003524647935117660
z4317=18874593074061374/17488689355789975
z4318=18954835938389858/17561453536132075
z4319=17061719867/35389440000
z4320=106370738451/170617198670
z4321=744595169157/840425990690
z4322=998844980854784/971927176111475
z4323=66259803544714/61355679122225
z4324=66840248999777806550752623/68905521707589860500785740
z4325=19142069288489654/17727402767596975
z4326=279038137/589824000
z4327=2806154846537/1840250880000
z4328=1979472751/1277952000
z4329=401335263/1024000000
z4330=8624654469/9036706850
z4331=28571762621/27957069625
z4332=146921901331829/136277113042450
z4333=2581754101448704/2512354072530475
z4334=150264797558486/139188666188575
z4335=5651174416969/3680501760000
z4336=175576085895359471166189/180615662876986174816100
z4337=292833319842388/271582607987525
z4338=5795794511/11796480000
z4339=120606388649683/78517370880000
z4340=84675892259/54525952000
z4341=21629341/81920000
z4342=7286780763/11591589022
z4343=51007465341/57548163154
z4344=6317177914526674/5854675410325925
z4345=11378525257/23592960000
z4346=14190046749/22757050514
z4347=99330327243/112113433598
z4348=2589385459280256/2519691916599275
z4349=16582231301038/15355929165275
z4350=33455798272648036766772549/34490920644082422545952580
z4351=1277698606805738/1183357708821985
z4352=242042284026323/157034741760000
z4353=127653973/81920000
z4354=12577131094401458/11653722729585925
z4355=2526123486805594/2340444901584785
z4356=999823043100672/972867620578675
z4357=33107852561134/30657425598875
z4358=12755418893156498/11812839420045925
z4359=2791365373/5898240000
z4360=1414012045957/920125440000
z4361=264838689/170393600
z4362=802998527/2048000000
z4363=3451632993/3616650746
z4364=19044671071/18635313075
z4365=591957657022511/548622789752875
z4366=533557997/1105920000
z4367=210963250223/136314880000
z4368=3327498837/5335579970
z4369=23292491859/26289859790
z4370=518383697534976/504425504164975
z4371=11047489607674/10230499222825
z4372=1488510713266658051037273/1534626735507435024569428
z4373=74830292071054/69305617080275
z4374=2837749866917/1840250880000
z4375=351527222183462056228941/361632072899057606209252
z4376=94284001045715/87362394164839
z4377=4734254090923513/4386304996909925
z4378=22057202233274/20424674424425
z4379=29881542798406/27673617957095
z4380=8700979457/17694720000
z4381=20952509826653/14722007040000
z4382=54716444937/87009794570
z4383=383015114559/432121361990
z4384=3361343067/3529984670
z4385=12308219606638592/11984317573609175
z4386=1249580461832846/1158295767613675
z4387=484790863/983040000
z4388=1168394545459/817889280000
z4389=610486107/969581726
z4390=4273402749/4820992082
z4391=4317070081008934099839393/4455920733075617327773940
z4392=69180990872786/64131450590725
z4393=487774187/983040000
z4394=1152084049247/817889280000
z4395=10889483039081/7361003520000
z4396=44672757451/221184000000
z4397=3079280451/4877741870
z4398=21554963157/24313793090
z4399=13622285061/14316508450
z4400=110189553517959552/107318397189066575
z4401=627635065088746/581835345559425
z4402=733793287/1474560000
z4403=1734600977611/1226833920000
z4404=43720167026941/29444014080000
z4405=178867822343/884736000000
z4406=927621747/1467586574
z4407=6493352229/7323986018
z4408=17743231321925543168390271/18332178254968432131698060
z4409=22129101445048416/21554530965358835
z4410=44680152555922/41420120100225
z4411=795717468593/545259520000
z4412=1069979036957097504158781/1104039064720366081841060
z4413=41786858502662/38939592885175
z4414=3543498205931/2453667840000
z4415=13549563893/8847360000
z4416=879530304163427679167559/908437261458258709984300
z4417=567076435149094/528476784155175
z4418=5792234279/11796480000
z4419=28788146863243/19629342720000
z4420=36401861727/57922342790
z4421=254813032089/287491599530
z4422=12456674716502016/12127062871554775
z4423=1643969137990114/1523107679458925
z4424=58381912622411/39258685440000
z4425=3123649684950626/2901234601079725
z4426=34728149597/70778880000
z4427=350580885120809/235552112640000
z4428=61718539079/40894464000
z4429=806344273/3072000000
z4430=3256475607/5183305910
z4431=1527287059683/1723181671790
z4432=2506061252950528/2439572487436075
z4433=783777138562886/725968563378391
z4434=706000257015721/471104225280000
z4435=37344989/24576000
z4436=194291847593984/189118946205975
z4437=39063056272017622/36177465999566975
z4438=8603327491/17694720000
z4439=58485067624907/39258685440000
z4440=51522370841/34078720000
z4441=396743249/1024000000
z4442=17156758391990598907804797/17704322695827226707711140
z4443=12555537214252032/12222122965545175
z4444=3262790665060706/3022186106663725
z4445=117777391526731/78517370880000
z4446=1300918533384314/1204838161280905
z4447=43263337730173/29444014080000
z4448=17367567960609401929659/17923297877498772903100
z4449=2461565419326286/2280668726115275
z4450=1154866867/2359296000
z4451=58793338085699/39258685440000
z4452=36240762231/57743343350
z4453=253685335617/286238603450
z4454=4782569833/4677278325
z4455=3110008611881522/2888411023959925
z4456=3253256143519538/3013169440350325
z4457=11531940619/23592960000
z4458=34778661751/70778880000
z4459=14049597055123/9422084505600
z4460=71884412723/47185920000
z4461=32280011/122880000
z4462=9520194901/47185920000
z4463=43727695011/69557323502
z4464=306093865077/345343504514
z4465=7746472595247481862124327/7998367820178973234348460
z4466=2922733826025216/2844939309256025
z4467=19559408312313922/18117019195504925
z4468=23080609289/47185920000
z4469=87892361751677/58888028160000
z4470=143903633857/94371840000
z4471=397399251/1024000000
z4472=476126841407/2359296000000
z4473=3105286595958551810894361/3206517275296845466441556
z4474=117030776177280/113918360706497
z4475=977100805555654/905046087551375
z4476=11565396721/23592960000
z4477=58089834013997/39258685440000
z4478=72632076921/115653967210
z4479=508424538447/573648170470
z4480=3268508270262638/3028137232555675
z4481=117807609444973/78517370880000
z4482=6208384936602862/5766222835005275
z4483=6494690063683822/6015575929686875
z4484=2895531193/5898240000
z4485=2909930334481/1962934272000
z4486=3639131469/5791062386
z4487=25473920283/28740956702
z4488=8671414360205422766762991/8951739568130954860268620
z4489=815660300393822/755699526519475
z4490=1925949467/3932160000
z4491=19721896804463/13086228480000
z4492=2418159255/3851898934
z4493=16927114785/19098972538
z4494=13753064130286/12773450376411
z4495=1079165674919098/999540337661225
z4496=69234140507/141557760000
z4497=29507135679637/19629342720000
z4498=434787570307/283115520000
z4499=1428326712701/7077888000000
z4500=27938341579445201734635681/28848765691162951559326964
z4501=8849030503291776/8612794432673675
z4502=4862299954491434/4503609734004825
z4503=17427214991/35389440000
z4504=86688910330963/58888028160000
z4505=59205958095683/39258685440000
z4506=119060984441/589824000000
z4507=109660194567/174272149910
z4508=767621361969/866010649370
z4509=777997843678923115521519/803423861435409183437900
z4510=37554648106582152/36562899717431225
z4511=4914587598502738/4553351866084325
z4512=175804779124499/117776056320000
z4513=36072586759/23592960000
z4514=2934673356314112/2856621392872025
z4515=9766074276978578/9046029770604325
z4516=160835454077/109051904000
z4517=72279981929/47185920000
z4518=238239065239/1179648000000
z4519=710323317027890572706991/733653603702232852771660
z4520=588148902625536/572532161936965
z4521=408829763286542/378780523328175
z4522=11636996497/23592960000
z4523=4406176830017/3019898880000
z4524=13407867461/8847360000
z4525=14655294981/23273992994
z4526=102587064867/115732030958
z4527=1742866494050304/1696862450768335
z4528=760592339704882/704680438228725
z4529=2922381109/5898240000
z4530=14246075963489/9814671360000
z4531=26678136083/17694720000
z4532=89483113741/442368000000
z4533=18437306589/29223811090
z4534=129061146123/145584277630
z4535=1782846984301876897818993/1842346423017674224083764
z4536=8661071812442112/8434996829944075
z4537=495585193953226/459152265859665
z4538=17480914823/35389440000
z4539=86081758913131/58888028160000
z4540=35821334767/23592960000
z4541=119186284049/589824000000
z4542=22028698611/34961829646
z4543=154200890277/173953927522
z4544=3925963644918289267713651/4055637843801327451349020
z4545=2910811616896512/2834109214388825
z4546=4935244751869666/4572460365910925
z4547=2378801176831/1635778560000
z4548=71274973961/47185920000
z4549=238740263671/1179648000000
z4550=1591618797287085373791777/1644994933674101016482548
z4551=44508015912192/43348253118745
z4552=82454524436206/76393054659855
z4553=586181827/1179648000
z4554=14299538158483/9814671360000
z4555=53832534457/35389440000
z4556=18514058823/29309091350
z4557=129598411761/146181239450
z4558=8750537231127552/8520343032491275
z4559=2469115576799222/2287821950292975
z4560=716313462799/490733568000
z4561=107866133527/70778880000
z4562=14316497489/70778880000
z4563=35639581685296555948775409/36828338205505100003136820
z4564=8768639611565568/8538358421816075
z4565=616206215637454/570963065197575
z4566=8751491611/17694720000
z4567=21109693809871/14722007040000
z4568=1847048613767/1226833920000
z4569=7437067813/36864000000
z4570=55171054323/87514916110
z4571=386197380261/435657212770
z4572=48382048528135098091299/49954037529450295562204
z4573=37484718689623296/36492617998833925
z4574=1240951174133242/1150436453652425
z4575=1097093461/2211840000
z4576=529707145037/368050176000
z4577=2224662494333/1472200704000
z4578=6924794877/10970934610
z4579=48473564139/54678142270
z4580=112915705935037824/109937286834007375
z4581=154587642320982/143313349583975
z4582=5411651630657/3680501760000
z4583=2298140507/1474560000
z4584=494929047789/497725232200
z4585=279942368273126/260907257225575
z4586=11598852823/23592960000
z4587=58307379365243/39258685440000
z4588=3733108092343/2453667840000
z4589=72933181839/115988528230
z4590=510532272873/575990097610
z4591=37939117242918528/36929539684694725
z4592=130272668200402/120698359184005
z4593=4636195519/9437184000
z4594=47338127744131/31406948352000
z4595=2270588423/1474560000
z4596=145715811219/231809775950
z4597=1020010678533/1150809231650
z4598=591769793814528/575926636495685
z4599=12937277667288442/11983307886908425
z4600=23691157199423/15703474176000
z4601=54544962307/35389440000
z4602=35706650329/176947200000
z4603=17454951977491035444478437/18023507511664988345477060
z4604=8885709187439616/8648010103211275
z4605=3877694705625806/3591763480768395
z4606=5807790437/11796480000
z4607=29208076020433/19629342720000
z4608=44880616906139/29444014080000
z4609=89288437889/442368000000
z4610=36541867149/58077904370
z4611=255793070043/288580530590
z4612=8746203286594552868691273/9031803027661529678332180
z4613=114051848838179616/111021914488548575
z4614=4876569635598674/4518179779683525
z4615=59235204632849/39258685440000
z4616=218761067/141557760
z4617=8912476588087296/8674048659396875
z4618=9689253169022674/8974930614968325
z4619=3495545429/7077888000
z4620=87013380072197/58888028160000
z4621=3620739517/2359296000
z4622=59589040399/294912000000
z4623=110114803953/174777271450
z4624=770803627671/869546500150
z4625=392360337340008864790473/405311044964519093633812
z4626=2946815669941248/2868700226497625
z4627=979465344074854/907476138758375
z4628=43587807471407/29444014080000
z4629=72549598751/47185920000
z4630=238473257953/1179648000000
z4631=7880929215269374143312867/8142332390051553310942940
z4632=2952886826754816/2874739643310425
z4633=2444348140655018/2264697553822825
z4634=465292357/943718400
z4635=58524924716489/39258685440000
z4636=2739597353/1769472000
z4637=73234286757/116323089250
z4638=512640007299/578332024750
z4639=8930801148530688/8692269770948875
z4640=9735828427364546/9020342179933725
z4641=5842746433/11796480000
z4642=29112616604477/19629342720000
z4643=36342203581/23592960000
z4644=23859035431/117964800000
z4645=36856471113/58427464330
z4646=257995297791/291027450310
z4647=3957361946357193421143561/4089262056504037847644180
z4648=2958957983568384/2880779060123225
z4649=1626688614081934/1507136507166475
z4650=728064811/1474560000
z4651=3664606087007/2453667840000
z4652=203309731/131072000
z4653=1986126359/9830400000
z4654=4586552451/7280648110
z4655=32105867157/36218936770
z4656=36301699257897301485457/37498859374294720334260
z4657=198869460199424/193566464055575
z4658=202469116323578/187590100010425
z4659=5468755292753/3680501760000
z4660=72819215573/47185920000
z4661=238707450667/1179648000000
z4662=317943631165408615709289/328591842726397961028500
z4663=2965029140381952/2886818476936025
z4664=304464712698848/282088995959575
z4665=3482151762703/2453667840000
z4666=812637072177/545259520000
z4667=9946923049/49152000000
z4668=9314593587/14718505870
z4669=65202155109/73538341090
z4670=7364820972963171243911/7611663720353221045548
z4671=12344606770280512/12025212496057975
z4672=41560613765138/38528534483125
z4673=326604129/655360000
z4674=1594777817053/1090519040000
z4675=200124441/131072000
z4676=2065645673/3266041290
z4677=14459519711/16308689030
z4678=976304665778176/950708201237875
z4679=54678536628898/50664057139725
z4680=7189865725487/4907335680000
z4681=108268262753/70778880000
z4682=358266022303/1769472000000
z4683=7189361474752891045335339/7431479787234305419615100
z4684=352193774897664/342975568018627
z4685=1228121717025502/1137956440892475
z4686=145629232091/102236160000
z4687=1761785470727/1177760563200
z4688=179221407421/884736000000
z4689=18050457010393442446291557/18661238985634859226636740
z4690=111557414639807136/108681170102249375
z4691=77662034646404/71996794136325
z4692=99878019689/68157440000
z4693=54423592259/35389440000
z4694=8858156993731584/8626260590609675
z4695=153364180089718/142109079423525
z4696=354355651/707788800
z4697=20522515946239/14722007040000
z4698=1796452662281/1226833920000
z4699=1493678543/7372800000
z4700=56137651299/88588912750
z4701=392963559093/443175189250
z4702=2299866309/2418846370
z4703=36282683566461696/35359268685547525
z4704=252217803018194/233809122924805
z4705=42221228203487/29444014080000
z4706=2219583461/1474560000
z4707=250943457573390696259041/259443831027540509435380
z4708=2881007131828224/2806512468955225
z4709=2491596926095706/2308686321472825
z4710=13179901927/8847360000
z4711=44947955129/221184000000
z4712=4637908294340072427109953/4799564212494771187110260
z4713=750690072504861858281884917/731931639871875083290659950
z4714=17073000159731712/16641813119406575
z4715=8536500079865856/8320906559070475
z4716=79181743750278/73401283633075
z4717=1480800559/2949120000
z4718=3433220274067/2453667840000
z4719=594097463/393216000
z4720=9967806317/49152000000
z4721=1879028667/2961601118
z4722=13153200669/14832967826
z4723=37499212019453307437327/38781529358733225729740
z4724=321436362827776/313153953372625
z4725=29925888891262/27741919404275
z4726=52916080307/35389440000
z4727=179973205069/884736000000
z4728=748497499304881165512381/774824718897208641198500
z4729=6570921604100781723787569/6407626189649839465592150
z4730=37513418471424/36569428662775
z4731=8571816120720384/8356114448811275
z4732=5637189264733/5225704764075
z4733=4472295023/2949120000
z4734=14966633521/73728000000
z4735=102122115298809729723639/105646896596274490794988
z4736=2904847399071744/2830258691752025
z4737=78645125990626/72918449761025
z4738=8977718147/5898240000
z4739=1030001115682136774321847/1065878343941005477482220
z4740=2916767532693504/2842131803150425
z4741=19595993062607/18169258206250
z4742=88244921/184320000
z4743=548450433/882449210
z4744=3839153031/4333944470
z4745=18802834687/17664666725
z4746=22307231/46080000
z4747=27865323/44614462
z4748=195057261/220141234
z4749=412489743/422949400
z4750=36799770917/34583131175
z4751=161266423/106496000
z4752=2515741549461504/2448880464850475
z4753=41382609/26624000
z4754=2592030404640768/2522235133292075
z4755=14001107/29491200
z4756=16079747/10240000
z4757=67714691/256000000
z4758=2167233651/3500276750
z4759=15170635557/17129137250
z4760=1008625603313664/981331620783475
z4761=66239390074/61395874325
z4762=40408963/92160000
z4763=175505839/368640000
z4764=632273653/425984000
z4765=24283621/15360000
z4766=100743817/256000000
z4767=1088044839/1755058390
z4768=7616313873/8599008730
z4769=240803739/250489630
z4770=8785873688497191/8822435986965800
z4771=1016450101280768/988855176521075
z4772=175754301502/162905062375
z4773=351995681/737280000
z4774=318268833/212992000
z4775=48895243/30720000
z4776=8152003/30720000
z4777=436989141/703991362
z4778=3058923987/3453379534
z4779=5294275445648817/5317536970539800
z4780=1024274599247872/996378732258675
z4781=52461068842/48626337965
z4782=121882891/276480000
z4783=640801679/425984000
z4784=1659535011/1064960000
z4785=101399819/256000000
z4786=145663047/151605782
z4787=12997998005551104/12647566034101975
z4788=521958472334/483811572175
z4789=19782235729/12779520000
z4790=26585133390996597/26708061744500600
z4791=1029404125334/953668510375
z4792=353963687/737280000
z4793=4009320907/2555904000
z4794=204456077/768000000
z4795=2202657759/3539636870
z4796=15418604313/17404658090
z4797=2619307555364864/2548463162834475
z4798=43275521354/40113313725
z4799=9910249/6144000
z4800=207984719036416/202285168746775
z4801=85332402402/79054857925
z4802=122538893/276480000
z4803=35494769/73728000
z4804=129865941/85196800
z4805=10089394469/6389760000
z4806=102055821/256000000
z4807=1105756893/1774738450
z4808=7740298251/8736769150
z4809=734219253/764588930
z4810=26812645716501621/26948815528103800
z4811=13195077548097536/12837065594242775
z4812=516654040162/478907957225
z4813=24939623/15360000
z4814=7093002503/6946217275
z4815=37054579991/34533250210
z4816=1047748093149184/1018949399471475
z4817=1018573532314/943648079825
z4818=355931693/737280000
z4819=326796859/212992000
z4820=6770324447/4259840000
z4821=68370693/256000000
z4822=2220369813/3559316930
z4823=15542588691/17542418510
z4824=26926401879254133/27069192419905400
z4825=13293617319370752/12931815374313175
z4826=257000912038/238228074875
z4827=16735749/10240000
z4828=7486807563/7678689400
z4829=460536429821/429213820150
z4830=1055572591116288/1026472955209075
z4831=506579117902/469318932275
z4832=8212993/18432000
z4833=657857731/425984000
z4834=1277697359/798720000
z4835=102711823/256000000
z4836=246707757/257049650
z4837=1802677202800443/1812637954113800
z4838=13392157090643968/13026565154383575
z4839=34089973866/31600289485
z4840=1002373821/1028198600
z4841=471598563/461987815
z4842=305260406503/284508008450
z4843=335914313098/311209216425
z4844=4072463/8192000
z4845=5356444513/3932160000
z4846=128648867/203623150
z4847=900542069/1015762050
z4848=269797203/282704590
z4849=3739091570/3513560821
z4850=691961988383/460062720000
z4851=5588706893/27648000000
z4852=553686750075831277561461/572035397242826745436420
z4853=8371178620714/7868727453525
z4854=139003631/276480000
z4855=159000135091/115015680000
z4856=176480379/278007262
z4857=1235362653/1393090834
z4858=56877503349350003039469/58590831963548467111780
z4859=323195274298/303841766405
z4860=3999416699/2621440000
z4861=415593997/2048000000
z4862=2828171300535679473531/2925469643886335776700
z4863=2063349513407/1939873730125
z4864=1093332991/2211840000
z4865=535439204231/368050176000
z4866=6890950647/10933329910
z4867=48236654529/54414909370
z4868=27492380661144016773207/28283831417201980996460
z4869=30817707041/30925069400
z4870=126812234391154/119066485090325
z4871=3841976219/2621440000
z4872=111854269214108253724059/115149610956252670369340
z4873=237820070961/238656845800
z4874=712153859/697081735
z4875=537594010598/504871326775
z4876=742321313/1474560000
z4877=1748220235133/1226833920000
z4878=1736315419/1105920000
z4879=4714860969/7423213130
z4880=33004026783/37216891910
z4881=374435877717/376721534600
z4882=256517769957098/240876253603425
z4883=641866171061/460062720000
z4884=75615187/49152000
z4885=1249706801/6144000000
z4886=17488528831773699193/18103189000346444500
z4887=32435897153582/30452442128275
z4888=107768450921/76677120000
z4889=6996101831/4423680000
z4890=4479690341/22118400000
z4891=204783865775084736066339/211700711807169382547420
z4892=1510699878369/1520596580200
z4893=226604799122/212861800275
z4894=1105797029/2211840000
z4895=2716938590321/1840250880000
z4896=7003126989/11057970290
z4897=49021888923/55287392030
z4898=119932906599/120410826200
z4899=24956352513742/23442659168075
z4900=342101234363/230031360000
z4901=757499716148650157209/780546533687279864725
z4902=48382311087/48597291800
z4903=15470815832186/14535837651925
z4904=80861188297/57507840000
z4905=396744793/245760000
z4906=66429466059984338140649/68690813514866353878950
z4907=5643171281/5682618600
z4908=801263098376/752798812255
z4909=252260796823/184025088000
z4910=2477597121871872/2412203130629675
z4911=78782895160658/73107968179525
z4912=5429916737/3932160000
z4913=1088044839/1140658390
z4914=334428551398/310384391975
z4915=823850152237/613416960000
z4916=682751720303/460062720000
z4917=22115634917935104/21541059085931395
z4918=158913428828362/147492374147025
z4919=302561618149/230031360000
z4920=148699321451/102236160000
z4921=129902357/136749250
z4922=3681562597917947867172118421/3591688633585875511129507505
z4923=4797261885351936/4678547554563215
z4924=2398630942675968/2339273777098795
z4925=20037390047974/18596101491875
z4926=50796976153/38338560000
z4927=550175633159/368050176000
z4928=22294299382258176/21719105795795075
z4929=9951715844876/9239596867725
z4930=2205362039/4423680000
z4931=102707602627/73610035200
z4932=13950165807/22053620390
z4933=97651160649/110138542730
z4934=506962752651264/493443826392175
z4935=155254038617314/144106455327725
z4936=1288493299009/920125440000
z4937=229422744068286438805491/236408706587587770404380
z4938=2553885977051136/2485557799071275
z4939=77363712241894/71814217435175
z4940=272847017/552960000
z4941=328836425701/230031360000
z4942=343672317/545694034
z4943=2405706219/2713938238
z4944=23134347019670264831493/23846296916268143109700
z4945=3826154879846/3551005188295
z4946=2170640099/4423680000
z4947=161149197643/115015680000
z4948=5692759100279/3680501760000
z4949=44684722229/221184000000
z4950=4407964481714433912893853/4553228900794735216404260
z4951=23192582275070208/22574798199521795
z4952=9651316417587/8959238350925
z4953=307002095687/230031360000
z4954=3946936539/2621440000
z4955=192076614073344/187155149621015
z4956=19776747863522/18362285979025
z4957=38652791807/28753920000
z4958=2790620734961/1840250880000
z4959=22485699971/110592000000
z4960=2329335690027229940736987/2410909333978513295061820
z4961=4530325662180864/4415039843104487
z4962=4912516009323/4561344555650
z4963=726811321/1474560000
z4964=1790453943349/1226833920000
z4965=6505955641/4259840000
z4966=4575271041/7268113210
z4967=32026897287/36131192470
z4968=93305840285086/86997825144275
z4969=12702378691731456/12363316693890775
z4970=20443452493958/18951881691895
z4971=539123311463/368050176000
z4972=9825025663/6389760000
z4973=8872791765196777175439/9131219788168428599500
z4974=216092443/211485375
z4975=27886667190746/26003617991425
z4976=873419989/1769472000
z4977=10799436016997/7361003520000
z4978=39167918249/25559040000
z4979=406616147/1536000000
z4980=27507714417/43670999450
z4981=192554000919/217223396150
z4982=2167233651/2271476750
z4983=12751648577368064/12410691583925975
z4984=122137887273766/113231242647815
z4985=701039353/1474560000
z4986=540965365079/368050176000
z4987=40363127/102400000
z4988=4343323329/4552793530
z4989=12800918463004672/12458066473961175
z4990=152400743596114/141292054206725
z4991=2192898001/4423680000
z4992=5411104399213/3680501760000
z4993=2767597893/4385796002
z4994=19373185251/21853212014
z4995=277815822959662/259078884395675
z4996=1459854661/2949120000
z4997=3613059528721/2453667840000
z4998=2628819137/1703936000
z4999=135757383/512000000
z5000=9206630253/14598546610
z5001=64446411771/72698626270
z5002=2570037669728256/2501088272799275
z5003=202838837466694/188060073471575
z5004=703007359/1474560000
z5005=5429524935373/3680501760000
z5006=202471637/512000000
z5007=449311817747877430104747/462623833914580126280060
z5008=12899458234277888/12552816254031575
z5009=303715025207854/281596112001275
z5010=3868216299/2621440000
z5011=45121055636808673674417/46465366592499945045044
z5012=7112026561/6962617325
z5013=197126049866/183847285525
z5014=4392028021/8847360000
z5015=10878921155329/7361003520000
z5016=78272676991/51118080000
z5017=407928151/1536000000
z5018=27732067101/43920280210
z5019=194124469707/218968361470
z5020=436989141/458231362
z5021=12739877666367488/12399373400271575
z5022=606343588431334/562204227590375
z5023=44145239707171/29444014080000
z5024=39696655861/25559040000
z5025=12948728119914496/12600191144066775
z5026=2409005921493106/2233078033215125
z5027=140995073/294912000
z5028=3881336339/2621440000
z5029=3272199241/2129920000
z5030=203127639/512000000
z5031=90622658543412186962901/93337587971253730797700
z5032=12788352876429312/12445984179177175
z5033=129328445822/119917998115
z5034=1890000131/1258291200
z5035=856348589686/793836927375
z5036=736871841169/490733568000
z5037=7356877850894/6856374692395
z5038=5547049203299/3680501760000
z5039=274815453602066/256140777697525
z5040=11135119195661/7361003520000
z5041=547495975591214/510335008860475
z5042=23880640993/15728640000
z5043=477685884159/479478498200
z5044=1165301376022/1086300133175
z5045=8549063989/17694720000
z5046=96150481/61440000
z5047=81192029/307200000
z5048=10669841145/17098127978
z5049=74688888015/84297455846
z5050=1004713354330112/977569842914675
z5051=130706251858/121087394525
z5052=699071347/1474560000
z5053=1426866671/2949120000
z5054=38903549443/25559040000
z5055=201159633/512000000
z5056=8909738343/14268666710
z5057=62368168401/70389466970
z5058=88351368110937823571235/90909785016280324655068
z5059=2085884733218/1932388097125
z5060=8573336063/17694720000
z5061=96806483/61440000
z5062=53567654391/85733360630
z5063=374973580737/423186324410
z5064=1012537852297216/985093398652275
z5065=346744906118/321229646975
z5066=85854721/176947200
z5067=13419219681/21463680250
z5068=93934537767/106008961750
z5069=445526333693753491118637/458577495656291116042340
z5070=2075054140198/1922367666575
z5071=4354635907/8847360000
z5072=4428254532427/2944401408000
z5073=26300716513/17039360000
z5074=5479107615/8709271814
z5075=38353753305/43270182698
z5076=1047725088357631606877331/1080228236509360211592860
z5077=12857191206193152/12512174880873175
z5078=1209555690746858/1120717267965025
z5079=3697048908533/2453667840000
z5080=13195130393/8519680000
z5081=3367023997414819140871695/3472032279130221375660748
z5082=12907255767404544/12560313882037975
z5083=201224922176798/186451553273875
z5084=44904431090743/29444014080000
z5085=459201057069794/426549678397165
z5086=580202653/1179648000
z5087=29960091629069/19629342720000
z5088=105752389937/68157440000
z5089=270530763/1024000000
z5090=18244995993/29010132650
z5091=127714971951/144088528550
z5092=12934001456742912/12586030891017175
z5093=320268531518806/296665964392895
z5094=60335166386317/39258685440000
z5095=63990987/40960000
z5096=3120604376377774/2894192399202875
z5097=1002757229838336/975688953980275
z5098=3191895753855406/2956285065724475
z5099=1898443549/3932160000
z5100=8996359468523/5888802816000
z5101=158899349731/102236160000
z5102=80398253/204800000
z5103=138266186809098475860313/142566958644881168070740
z5104=12959232406242304/12610291419381975
z5105=2399791211846314/2222970806876225
z5106=90586708487447/58888028160000
z5107=9517579521/9313556525
z5108=4676480011655114/4337255469808225
z5109=17412311609/35389440000
z5110=362490837212821/235552112640000
z5111=384273923/245760000
z5112=1623512579/6144000000
z5113=109526064129/174123116090
z5114=766682448903/864967412630
z5115=1003735292084224/976629398447475
z5116=19129781774501086/17717854993212275
z5117=34184119919/70778880000
z5118=90664688757191/58888028160000
z5119=804310531/2048000000
z5120=67268904365666485152603153/69364072627460964386497460
z5121=956042872130242/885486366671645
z5122=7497958481461/4907335680000
z5123=14271613267/13966234775
z5124=76387698744422/70958731387735
z5125=8715503833/17694720000
z5126=6926685729481/4529848320000
z5127=318340229113/204472320000
z5128=812248291/3072000000
z5129=54847164321/87155038330
z5130=383930150247/433138068310
z5131=12984463355741696/12634551947746775
z5132=368856682661782/341684135508575
z5133=13949333445449/9059696640000
z5134=192628963/122880000
z5135=718777455191318/666649590894175
z5136=645362061/1310720000
z5137=40314074760523/26172456960000
z5138=5132399/3276800
z5139=541389527/2048000000
z5140=4060675573/6453620610
z5141=28424729011/32068144270
z5142=8045531332608/7828082299055
z5143=2123548123412066/1966844408183725
z5144=11402797331/23592960000
z5145=558453216401/362387865600
z5146=804966533/2048000000
z5147=7490232615234616918067151/7724140085204737451392460
z5148=1006669478821888/979450731849075
z5149=734731106877398/680518154379775
z5150=3422052803/7077888000
z5151=7510852856773/4907335680000
z5152=26573479897/17039360000
z5153=402647267/1024000000
z5154=6748374513211199348811453/6959391818017559303444900
z5155=13009694305241088/12658812476111575
z5156=399224277126142/369820492455875
z5157=3025154210113/1962934272000
z5158=5706742901/5584853905
z5159=155587563527734/144306307060535
z5160=3487447937/7077888000
z5161=363162508476593/235552112640000
z5162=385585927/245760000
z5163=1624824583/6144000000
z5164=109750416813/174372396850
z5165=768252917691/866712377950
z5166=1007647541067776/980391176316275
z5167=19094084446916102/17685344354094775
z5168=34232664067/70778880000
z5169=15138767762189/9814671360000
z5170=10666035781/6815744000
z5171=161124507/409600000
z5172=558309377961138070198053/575790229938870210156740
z5173=2612182714831872/2541612354629675
z5174=795215004792494/736550695596475
z5175=30381703197709/19629342720000
z5176=1587721650078382/1470497199359675
z5177=22223314240261/14722007040000
z5178=26479805059/17039360000
z5179=939266143620398490002139/968713329085079781195580
z5180=12957320328615936/12608452883202775
z5181=1205143375374718/1116701371321475
z5182=5566083757331/3680501760000
z5183=6642337333/4259840000
z5184=16978613208001337057077377/17513687367790750935135860
z5185=13007384889827328/12656591884367575
z5186=300734304422162/278673355749925
z5187=11249914495267/7361003520000
z5188=52702790877/52958342600
z5189=572278342416274/531640202230325
z5190=8727967871/17694720000
z5191=90213554079299/58888028160000
z5192=63884657683/40894464000
z5193=812904293/3072000000
z5194=54959340663/87279678710
z5195=384715384641/434010550970
z5196=2606985050948096/2536614600895275
z5197=4786245776424242/4433798057329525
z5198=181677170422723/117776056320000
z5199=38656993/24576000
z5200=9326400705840946/8650312165639925
z5201=17449703723/35389440000
z5202=363498344108479/235552112640000
z5203=85400774469/54525952000
z5204=325096117/1228800000
z5205=21972518631/34899407446
z5206=153807630417/173516972122
z5207=2614715743226496/2544047958855275
z5208=3815247156624722/3533817806907205
z5209=729497990596799/471104225280000
z5210=386241929/245760000
z5211=1009603665559552/982272065250675
z5212=38087437704371354/35275645509576025
z5213=34256936141/70778880000
z5214=3843385759/7864320000
z5215=5442660041709/3489660928000
z5216=806278537/2048000000
z5217=4820994795/7686771518
z5218=33746963565/38078760626
z5219=13539785590844989569336663/13964828758948587897159532
z5220=202116345561088/196642501943575
z5221=4215725752902898/3904028689440725
z5222=23052114529/47185920000
z5223=181833130962211/117776056320000
z5224=148385478233/94371840000
z5225=475927378087/2359296000000
z5226=3093882222694830268323825/3194308368387006973345076
z5227=31662105360831/31840283963800
z5228=3030357170150016/2948352331684825
z5229=9533727329472658/8830480687378325
z5230=17134536089/35389440000
z5231=5769178651/11796480000
z5232=60812362116079/39258685440000
z5233=403303269/1024000000
z5234=7238872215/11538357302
z5235=50672105505/57175541114
z5236=33885365786983238096776167/34950485062227440574056620
z5237=633115404603/636221713400
z5238=3171891217078714/2937805648512425
z5239=45148436938661/29444014080000
z5240=24763330471/15728640000
z5241=79330796377/393216000000
z5242=57354850873922149307735/59218877359956492705644
z5243=5279858868801/5309720669800
z5244=1011612306197248/984236411522675
z5245=2390935923486734/2214875102594275
z5246=160482741/327680000
z5247=67579503369/43620761600
z5248=201489785/320965482
z5249=1410428495/1591398374
z5250=316898659341/318471657800
z5251=264177730308466/244688830901525
z5252=8706365971/17694720000
z5253=90770555258887/58888028160000
z5254=37242248003/23592960000
z5255=119024894653/589824000000
z5256=54764923563/87063659710
z5257=383354464941/432498417970
z5258=70539240944584627354305/72837435892955556486004
z5259=214278708897/215502730600
z5260=121751856619008/118456921613377
z5261=4767348532130314/4415943313459025
z5262=34775935733/70778880000
z5263=11288597621203/7361003520000
z5264=222327441229/141557760000
z5265=715275414707/3538944000000
z5266=70803562714975750031698059/73147346819091113427788540
z5267=1294711061391/1302581259800
z5268=9076906598586624/8833822224856075
z5269=597477887389422/553435958836325
z5270=318429931/655360000
z5271=6497499/4096000
z5272=1992077891/3184299310
z5273=13944545237/15736495170
z5274=204072470052864/198523390877975
z5275=517409710922/479339362825
z5276=4304872087/8847360000
z5277=5389532739/8609744174
z5278=37726729173/42573489218
z5279=953326026081/956792189800
z5280=688074515726/637449078675
z5281=8621880211/17694720000
z5282=98118487/61440000
z5283=54004551723/86218802110
z5284=378031862061/426584414770
z5285=1028186848231424/1000140510127475
z5286=359750677/737280000
z5287=2254740669/3597506770
z5288=15783184683/17809747390
z5289=191483502111/192224360600
z5290=2053392954158/1902326805475
z5291=5785578701/11796480000
z5292=30043862503321/19629342720000
z5293=5331778721/3407872000
z5294=7268392305/11571157402
z5295=50878746135/57405141814
z5296=170505878555765884154751/175907037284290514991500
z5297=2611489890207744/2540946177106475
z5298=1593086656621174/1475995930933775
z5299=60933898950617/39258685440000
z5300=15879028671/15959663000
z5301=3164172790698998/2930837513268175
z5302=2896889363/5898240000
z5303=601983459679/392586854400
z5304=13374218939/8519680000
z5305=3641576175/5793778726
z5306=25491033225/28759971082
z5307=211391537381394159200391/218122086486991824118060
z5308=11787499537/11848698600
z5309=13107514012250112/12752869886697175
z5310=795064547282122/736651632062225
z5311=30523122434567/19629342720000
z5312=1579106408848202/1462704527859025
z5313=726272347/1474560000
z5314=3763534540463/2453667840000
z5315=3365940803/2129920000
z5316=914084055/1452544694
z5317=6398588385/7218692858
z5318=1719499322495035249634709/1774524319884260969837444
z5319=159472200789/160318232200
z5320=13207643134672896/12849147889026775
z5321=198546614771258/183970721979625
z5322=1385987867/2831155200
z5323=73761983514667/47110422528000
z5324=217477789371/346496966750
z5325=1522344525597/1717689967250
z5326=18865199374129706/17473424267821825
z5327=17300412263/35389440000
z5328=1933992917/3932160000
z5329=20386196929217/13086228480000
z5330=22582036259/14155776000
z5331=357024818129/1769472000000
z5332=2432637465/3867985834
z5333=17028462255/19211580838
z5334=6974828483331588128451333/7201746039626333641517636
z5335=23770126536057/23905130978600
z5336=9241845385618944/8990305101828875
z5337=9456962067454486/8759941794503775
z5338=481924567/983040000
z5339=5131774328443/3271557120000
z5340=3026633871/4819245670
z5341=21186437097/23904319690
z5342=17267423946748865218821357/17822766308617867333584740
z5343=319626315657/321358066600
z5344=87172878766038/80744257214975
z5345=7658867088271/4907335680000
z5346=226233971851/141557760000
z5347=714391741301/3538944000000
z5348=2801680339886148014699877/2893276730607149623938500
z5349=9528371653977/9583556137000
z5350=370420128642816/360353391868867
z5351=235984169496062/218591410546335
z5352=774999823/1572864000
z5353=6642704103093/4362076160000
z5354=1036411117/655360000
z5355=3307841523/16384000000
z5356=24389494179/38749991150
z5357=170726459253/192606738050
z5358=21644977304205295104645/22353652208328185409604
z5359=220704446699/221990030200
z5360=1016659554097152/989188439420275
z5361=212950161370258/197305104255845
z5362=7435118606129/4907335680000
z5363=55684114619/35389440000
z5364=178905527941/884736000000
z5365=17775867800935439514326637/18367129240142330823005540
z5366=12001819574349/12076117136200
z5367=9095342249032704/8852146197521675
z5368=1200920039126834/1112685474677925
z5369=446927532149/294440140800
z5370=37379352421/23592960000
z5371=119139695003/589824000000
z5372=782513656013678283149085/808258875845260379825444
z5373=7962407933139/8009681142200
z5374=3056160909107712/2973707596187225
z5375=119863235149918/111067752635615
z5376=22387397396513/14722007040000
z5377=3744790463/2359296000
z5378=59598547589/294912000000
z5379=392907534788646939521475/405896991929424118292572
z5380=3989727892557/4013860598600
z5381=3062343155923968/2979849874113625
z5382=239292402304462/221733915606875
z5383=23961985241/15728640000
z5384=12505485613/7864320000
z5385=39751498451/196608000000
z5386=29226793468231015238845/30197659390391786852772
z5387=2665501212363/2681920417400
z5388=8315786999296/8092119653225
z5389=255190528108/236466160195
z5390=4413629921/8847360000
z5391=10599052747709/7361003520000
z5392=1405058934607/920125440000
z5393=27926484201/44136299210
z5394=195485389407/220480494470
z5395=114264113742664704/111249467692146575
z5396=617119591370958/572148223566475
z5397=17578751453/35389440000
z5398=17532463910933/11777605632000
z5399=343720673/221184000
z5400=22204804545/35157502906
z5401=155433631815/175323640342
z5402=4434591129204054/4132882350077375
z5403=8967450269417472/8728711994052875
z5404=4862339394069846/4505438349206975
z5405=586800251/1179648000
z5406=14637425737547/9814671360000
z5407=5509698799/3538944000
z5408=89462934421/442368000000
z5409=18541887903/29340012550
z5410=129793215321/146397687850
z5411=1779348651885779388717465/1838599793801443389789524
z5412=6003930410973/6041254995400
z5413=8985774829860864/8746933105604875
z5414=97074159997334/89949055261215
z5415=17629263607/35389440000
z5416=6768214561223/4529848320000
z5417=183995561/117964800
z5418=14917759759/73728000000
z5419=111478632111/176292636070
z5420=780350424777/880154052490
z5421=496365483017546320487661/512973370406643561506660
z5422=1002814463079/1009160906200
z5423=3001366463434752/2921718072385625
z5424=372698200435658/345343628993425
z5425=22037256041629/14722007040000
z5426=5530034861/3538944000
z5427=89550182687/442368000000
z5428=1794498861174822183311019/1854826290164465880299900
z5429=6518749347/6560730680
z5430=9022423950747648/8783375328708875
z5431=1209111302865102/1120370397692075
z5432=1480378613/2949120000
z5433=701610275533/490733568000
z5434=6828082109/4423680000
z5435=4484954999/22118400000
z5436=9391345821/14803786130
z5437=65739420747/74135302910
z5438=2275632182525544017394219/2353358336312253548695420
z5439=8894361754607616/8662291369259275
z5440=619183347865394/574020688934325
z5441=1760500592573/1226833920000
z5442=3655048099/2359296000
z5443=59858330833/294912000000
z5444=408007029194071893362007/422071687889951880654700
z5445=2976855505161216/2899440715969625
z5446=102845069759926/95344504129675
z5447=8852515919/17694720000
z5448=21424061776307/14722007040000
z5449=5623187419427/3680501760000
z5450=11216054619/17705031838
z5451=78512382333/88545782866
z5452=114300355533541632/111315585346524175
z5453=1223951031871698/1134717825729925
z5454=44084470521619/29444014080000
z5455=6948869687/4423680000
z5456=9075958752043008/8835452441080075
z5457=2415757042549266/2238526977234725
z5458=739814333/1474560000
z5459=1791887813993/1226833920000
z5460=13948579529/8847360000
z5461=44840527543/221184000000
z5462=4692298149/7398143330
z5463=32846087043/37041403310
z5464=908672220057698429540643/939649831247283410188252
z5465=3034356124239/3054903602200
z5466=9112607872929792/8871894664184075
z5467=304925249076578/282697042187325
z5468=373292663/737280000
z5469=880585021307/613416960000
z5470=221618573/141557760
z5471=89875892519/442368000000
z5472=2376618543/3732926630
z5473=16636329801/18757686410
z5474=9258116785490045816350623/9580158389642138973165580
z5475=6126578966079/6171041826200
z5476=9037191758063616/8802064928196875
z5477=30793157001542/28549208933835
z5478=984053720072192/958858527253875
z5479=87908907398/81513774415
z5480=4570039321/2949120000
z5481=15026329703/73728000000
z5482=528283104575672044759797/547178353041831861895940
z5483=2976001427460096/2900321804558425
z5484=137795425716/127773803825
z5485=138077669772614/128794269025975
z5486=17128352603102/15979621688425
z5487=11217160773787/7361003520000
z5488=543226112365378/506441915791325
z5489=225163631257/147220070400
z5490=481777368633/483808111400
z5491=54109118075246/50449536925675
z5492=1437088596181/920125440000
z5493=66727635285454/62201395285475
z5494=704005307803/460062720000
z5495=2896448399/1769472000
z5496=80758971513/81241519400
z5497=6749114136102/6292834479985
z5498=4404492059/8847360000
z5499=2183732744899/1472200704000
z5500=78792886577/51118080000
z5501=408584153/1536000000
z5502=27844243443/44044920590
z5503=194909704101/219840844130
z5504=12836828086491136/12492594958082775
z5505=604170664462586/560228234766025
z5506=44306766423629/29444014080000
z5507=39961024667/25559040000
z5508=13047267891187712/12694940924137175
z5509=480049551636694/445022030184575
z5510=706943371/1474560000
z5511=5469267504539/3680501760000
z5512=7905299137/5111808000
z5513=203783641/512000000
z5514=41539159872845818658901/42797255771032427197060
z5515=2577060659310592/2507841147397675
z5516=301542101239106/279620119176925
z5517=22193764890929/14722007040000
z5518=1197934338264326/1110563104888375
z5519=5582235883319/3680501760000
z5520=13637668347/21706400990
z5521=95463678429/107708006930
z5522=298320019098218/276550302558625
z5523=4329144161/8847360000
z5524=2735359126481/1840250880000
z5525=23198577244381/14722007040000
z5526=89284492199/442368000000
z5527=794801284572314823381693/820743142555343380982180
z5528=160836028947/161761436600
z5529=118468741629131712/115268219719892975
z5530=150615860870046/139669121658775
z5531=698253815861/460062720000
z5532=37206443722526/34495527771475
z5533=11717371770199/7361003520000
z5534=119828341754529408/116590750977588175
z5535=18787759019172/17423405724925
z5536=1729230457/3538944000
z5537=45856435328233/29444014080000
z5538=98774489/61440000
z5539=54223000389/86461522850
z5540=379561002723/428283459950
z5541=1036011346198528/1007664065865075
z5542=2359956366663766/2186368428307775
z5543=22970162595997/14722007040000
z5544=27166112361/43291441610
z5545=190162786527/214566491270
z5546=961508995029/965451416200
z5547=1177747997932558/1091153162261675
z5548=2890141453/5898240000
z5549=3068281003717/1962934272000
z5550=33143497/20480000
z5551=27282677/102400000
z5552=3629429937/5780282906
z5553=25406009559/28665500342
z5554=1043835844165632/1015187621602675
z5555=783678541688822/726081406912975
z5556=708911377/1474560000
z5557=11527026229879/7361003520000
z5558=6821425879/4259840000
z5559=204439643/512000000
z5560=92152843080121328280993/94973890957968852363508
z5561=965600479503/969781029400
z5562=13407901379518464/13041703893685975
z5563=586643813566954/543545529238625
z5564=23379765850679/14722007040000
z5565=1164819078969962/1078948223704225
z5566=34747440973/70778880000
z5567=182508183933977/117776056320000
z5568=218357488053/347474409730
z5569=1528502416371/1724532068110
z5570=240833426295673125870201/248617476871834870266580
z5571=13346176239/13419986200
z5572=9463681958507894/8768412647704975
z5573=17398156561/35389440000
z5574=91420947551693/58888028160000
z5575=57050253301/35389440000
z5576=178484032139/884736000000
z5577=109398668697/173981565610
z5578=765790680879/863976559270
z5579=3482548292913830405569287/3595663855461067935040300
z5580=64198028763/64560254200
z5581=9352968064828416/9096958249336075
z5582=4722998812852398/4376105219854075
z5583=971096471/1966080000
z5584=5036482880827/3271557120000
z5585=3158379103/1966080000
z5586=9926858977/49152000000
z5587=1223698755/1942192942
z5588=8565891285/9663190594
z5589=36181249231106710660747/37369887325654238898940
z5590=663103659273/667018047400
z5591=1034930143041536/1006802276937075
z5592=263764432236162/244396740369725
z5593=11615061757/23592960000
z5594=12211707084853/7851737088000
z5595=28577114809/17694720000
z5596=14615812449/23230123514
z5597=102310687143/115424944598
z5598=1874347397056512/1823118161068495
z5599=9428486919054658/8736008231711325
z5600=1744702871/3538944000
z5601=3529025335427/2264924160000
z5602=3817213729/2359296000
z5603=59551312219/294912000000
z5604=54919259019/87235143550
z5605=384434813133/433698804850
z5606=390192601807861940495709/402989953589083439520292
z5607=107451323991/108081491800
z5608=3130168635245568/3044741120449625
z5609=36196062355402/33537715475825
z5610=1460744719/2949120000
z5611=1516475912311/981467136000
z5612=114115256969/70778880000
z5613=71541805643/353894400000
z5614=1842928155/2921489438
z5615=12900497085/14552186066
z5616=35463438777173357030258799/36639700416895563487532620
z5617=23973336931599/24120168434200
z5618=9351686948276736/9098279882219275
z5619=1182574759826278/1095746331449775
z5620=4713870179/2949120000
z5621=14913986941/73728000000
z5622=99054839776063610045835/102360916861306300643068
z5623=1001693936133/1007975163400
z5624=3086444396507136/3003419763572825
z5625=119303438467226/110553161706745
z5626=84106813/52428800
z5627=19904449313/98304000000
z5628=14797965348982141254415/15296509862863355193036
z5629=1341274532169/1349980236200
z5630=1032936296713216/1005234773141875
z5631=59434685235926/55075786021195
z5632=8694696433/17694720000
z5633=46191994783277/29444014080000
z5634=27375247789/17039360000
z5635=409896157/1536000000
z5636=54659897721/86946964330
z5637=382619284047/431681550310
z5638=13457965940729856/13089842894850775
z5639=123269204393114/114216842798425
z5640=93689461562221/58888028160000
z5641=100086493/61440000
z5642=1051660342132736/1022711177340275
z5643=930057499010198/861520645289695
z5644=710879383/1474560000
z5645=96742583/196608000
z5646=856960826797/545259520000
z5647=13732396031/8519680000
z5648=41019129/102400000
z5649=3042729003/4837129150
z5650=21299103021/24029504050
z5651=464613663114968843285667/478986863781731341938140
z5652=969691963977/974110642600
z5653=13508030501941248/13137981896015575
z5654=129869695148362/120336550521425
z5655=5214436651207/3271557120000
z5656=85949975448558/79618769594075
z5657=1446605873197/920125440000
z5658=863871269/532480000
z5659=233272191782648640686193/240526115579474850524980
z5660=28580520771/28713983800
z5661=13608159624364032/13234259898345175
z5662=72967881020398/67615795931675
z5663=8718968507/17694720000
z5664=94030257881231/58888028160000
z5665=20148499/12288000
z5666=410552159/1536000000
z5667=54878346387/87189685070
z5668=384148424709/433380595490
z5669=211896968019968/206046946615575
z5670=4632309853393274/4291223889711625
z5671=712847389/1474560000
z5672=2943770501273/1840250880000
z5673=205751647/512000000
z5674=468479101744390610890017/483122040457017939529460
z5675=973783448451/978440255800
z5676=144478782267638/133844819416975
z5677=5831966953/11796480000
z5678=30594605675333/19629342720000
z5679=14387777707/8847360000
z5680=36759455793/58319669530
z5681=257316190551/290272886710
z5682=9444485067042816/9186711918174475
z5683=4700312882152186/4355244339854025
z5684=2929689463/5898240000
z5685=1170774584903/754974720000
z5686=11452886623/7077888000
z5687=179025566629/884736000000
z5688=3700616355/5859378926
z5689=25904314485/29219172482
z5690=3575993599027084344629481/3695724000721059804087700
z5691=2407494212937/2422768716200
z5692=9389002609179648/9135339272004875
z5693=181263011475358/167954974036275
z5694=61206031/122880000
z5695=318237085091/204472320000
z5696=3208836859/1966080000
z5697=9939377413/49152000000
z5698=77403675/122412062
z5699=541825725/611124434
z5700=7316335675756746367979/7559735693685707864700
z5701=212025957/213339400
z5702=1053558100883456/1024886336687475
z5703=16301731303546/15106504597525
z5704=9559268759/5898240000
z5705=29885374057/147456000000
z5706=201442325371718530289535/208291644242840140605836
z5707=2020435724241/2033990381800
z5708=51387653732352/50009172827725
z5709=7413619568576/6870348094585
z5710=299486933/589824000
z5711=3559850607589/2453667840000
z5712=388872769/245760000
z5713=9544850289/14974346650
z5714=66813952023/75329226550
z5715=1016584110424064/989815209698675
z5716=29076825135826/26962192014725
z5717=250283113/491520000
z5718=119093347169/81788928000
z5719=14050259839/8847360000
z5720=44927775809/221184000000
z5721=1597204401/2502831130
z5722=11180430807/12604617910
z5723=4620074266789789991710473/4780450660336067137981460
z5724=3060268859241/3082324485800
z5725=1837181222940672/1788955822078415
z5726=304249960488526/282126184076475
z5727=94389169/184320000
z5728=223383707197/153354240000
z5729=7097782141/4423680000
z5730=120749733/188778338
z5731=845248131/952808366
z5732=1536612613371/1548017463800
z5733=1858595143458816/1809786667026895
z5734=7591152060986/7039619025645
z5735=2333071807/1474560000
z5736=7528088897/36864000000
z5737=268615985655014092400643/278387701087999917356380
z5738=521962309737/526331858600
z5739=609357736501248/593841872356165
z5740=691308310459/641114983625
z5741=298144699/552960000
z5742=117597904711/115015680000
z5743=24768457/18720000
z5744=1946040723/2981446990
z5745=13622285061/15340528930
z5746=4391781303/4485691400
z5747=64471630602043392/62957964894640225
z5748=32235815301021696/31478982444577925
z5749=121436167130175728243346297/118367535218881886266063600
z5750=7658367899338/7321632292625
z5751=189386001548838307335989/185012934528791968561650
z5752=11035764255178/10262926929425
z5753=59668647007/57507840000
z5754=11876741429/8847360000
z5755=2817847123/13824000000
z5756=176912793/186327722
z5757=263709723186/269270535725
z5758=15122170366377984/14773602229473775
z5759=7561085183188992/7386801114104075
z5760=5460850953714/5079020204825
z5761=64070269/122880000
z5762=62033351513/51118080000
z5763=6839333/4608000
z5764=412796517/640702690
z5765=2889575619/3256118830
z5766=772181328/782916625
z5767=9449283144418/9029605183725
z5768=97253407/184320000
z5769=94460923571/76677120000
z5770=832855997/552960000
z5771=629526807/972534070
z5772=4406687649/4964538490
z5773=59505371185928225989743/61636400866105245021772
z5774=18836408799/19093399925
z5775=208385244626/199201311525
z5776=2253767689/4423680000
z5777=2300050102133/1840250880000
z5778=67409327/46080000
z5779=14385816657/22537676890
z5780=100700716599/113526938230
z5781=138672482940446/130214383107475
z5782=4494087337/8847360000
z5783=4617138872213/3680501760000
z5784=26331620869/19169280000
z5785=5730120189/8988174674
z5786=40110841323/45222502718
z5787=6736024783208448/6573548145650305
z5788=66188060441542/61412702741015
z5789=9790510046821/7361003520000
z5790=133834651/92160000
z5791=2763497346957312/2694363310043225
z5792=25896742582126/24008848794011
z5793=2317242602549/1840250880000
z5794=1268662336177/920125440000
z5795=11236948387/55296000000
z5796=698795145/735470858
z5797=20293074071682048/19805666494563715
z5798=164969295872862/153069320542675
z5799=4913786587909/3680501760000
z5800=3224167661/2211840000
z5801=8325363721715712/8117886375416075
z5802=322676755792638/299156106515075
z5803=226721573/442368000
z5804=1158698217509/920125440000
z5805=325991977/221184000
z5806=5624214211/27648000000
z5807=7253424513/11336078650
z5808=50773971591/57234150550
z5809=116961894810260139814047/121076182009138937510924
z5810=68870999275806/64675456137475
z5811=502331491/983040000
z5812=516870170887/408944640000
z5813=1618151849/1105920000
z5814=3210296187/5023314910
z5815=22472073309/25332804370
z5816=350873577/369375434
z5817=363488495763456/354464470465325
z5818=328936881283738/305213768465625
z5819=1167294467717/920125440000
z5820=216562649/147456000
z5821=3753302819/18432000000
z5822=26218688362362968047317/27149338697082050053252
z5823=2798369027801088/2729159755329625
z5824=81983792705438/76072223961475
z5825=382125607/737280000
z5826=375109149947/306708480000
z5827=26399969/18432000
z5828=470546657/2304000000
z5829=2456115039/3821256070
z5830=17192805273/19375992490
z5831=148591503/156566630
z5832=15960035125638396860873/15588356473889025512250
z5833=5434283180949504/5304554528297125
z5834=2717141590474752/2652277263937625
z5835=27838702504834/25829936710525
z5836=839846539/681574400
z5837=12766777409/8847360000
z5838=45266615359/221184000000
z5839=4924082017655878924674423/5106448898383892043988460
z5840=4623779720397636498109781/4517255609874024886446050
z5841=657551255445504/641982312416071
z5842=328775627722752/320991156182723
z5843=41510446786354/38516284268775
z5844=760221257/1474560000
z5845=59865199177/47185920000
z5846=821047961/552960000
z5847=975192093/1520442514
z5848=6826344651/7693977598
z5849=10523962627906/9883649341725
z5850=8500399245950976/8289987712913675
z5851=12591402527938/11684230381725
z5852=573527953/1105920000
z5853=588022275197/460062720000
z5854=183803551/122880000
z5855=209154603/1024000000
z5856=3687228441/5735279530
z5857=25810599087/29087756710
z5858=1494782192800645452045/1549248929947233961444
z5859=952238067515392/928842289276275
z5860=40671630600302/37742530585675
z5861=6525249137/4423680000
z5862=22680375823/110592000000
z5863=501025852348806665618523/519892559125953562307900
z5864=2364655616041955763991621/2310470285667209673021250
z5865=16856395156242432/16456300042465775
z5866=8428197578121216/8228150020600075
z5867=20688146204674/19198376252175
z5868=266697386879/230031360000
z5869=65574521/46080000
z5870=236682733/1152000000
z5871=353211248948756125599/366700507621734591500
z5872=1468254813/1495363025
z5873=5388518655787008/5265523770511525
z5874=2694259327893504/2632761885044825
z5875=3395968210029725265164223/3312855518763710039884150
z5876=14511766279322/13855725148825
z5877=76107843/80296750
z5878=21266558991002/19738314422425
z5879=5414445743/4600627200
z5880=354869461/245760000
z5881=1267665259/6144000000
z5882=5418177697698002328889/5631717617704811968980
z5883=7958940727/8103736525
z5884=1825589988196352/1784641850142775
z5885=912794994098176/892320925001075
z5886=2102447391694/1951488834125
z5887=33928969/61440000
z5888=13452964813/12779520000
z5889=78308938673/57507840000
z5890=223442769/339289690
z5891=1564099383/1760627830
z5892=1741782381066/1778011466825
z5893=199761537719697408/195239763282397475
z5894=99880768859848704/97619881632972175
z5895=10807639559678/10053153889875
z5896=77242183/138240000
z5897=6140803631/5750784000
z5898=10589207741/7667712000
z5899=946935731/4608000000
z5900=102172851/154484366
z5901=715209957/804910562
z5902=60938937/64295914
z5903=1179634374282/1203842967625
z5904=67644953558827008/66140899193878625
z5905=33822476779413504/33070449594197125
z5906=2673394302982/2487066842525
z5907=5530523/10240000
z5908=15736216573/12779520000
z5909=7224343/11061046
z5910=50570401/56947322
z5911=9877241799/9993601325
z5912=989256411/996762526
z5913=6931575328574/6628828500675
z5914=26087309/49152000
z5915=128798773453/102236160000
z5916=416591999/276480000
z5917=846257097/1304365450
z5918=5923799679/6672958150
z5919=3472076307/3387853055
z5920=3455954387730432/3371669397876835
z5921=25790704386048/25161711922565
z5922=81506153619358/75660843755475
z5923=196802821/368640000
z5924=194609056481/153354240000
z5925=1678504033/1105920000
z5926=5670134351/27648000000
z5927=1279717677/1968028210
z5928=8958023739/10089797470
z5929=125263891157042493300123/129981112124088597446204
z5930=68852108343/67207659425
z5931=17419258662027264/16997532770529775
z5932=8709629331013632/8498766384632075
z5933=40505350446418/37601801080725
z5934=5404595343/4259840000
z5935=285709357/184320000
z5936=7076878302902048630469/7347594407163099065668
z5937=5236172341996827976698879/5111469332484929810738450
z5938=5946809104072704/5802522186076325
z5939=2973404552036352/2901261092827225
z5940=3364256389754/3123522443025
z5941=30527465269/25559040000
z5942=108002443/73728000
z5943=1909533913/9216000000
z5944=75692078872423655563467/78764641736270580199420
z5945=12130783677/12348305375
z5946=5565021273391104/5442327330345125
z5947=2782510636695552/2721163664961625
z5948=6927462947626/6430487420025
z5949=69693021923/57507840000
z5950=1095440477/737280000
z5951=30681119/147456000
z5952=14233143572773290452763/14827175130202504391740
z5953=24646312527/25082011925
z5954=5653272582193152/5530729110261925
z5955=2826636291096576/2765364554920025
z5956=5135075942204/4767009044725
z5957=26483473/46080000
z5958=8916899509/9584640000
z5959=490279/360000
z5960=176912793/264834730
z5961=1238389551/1393043110
z5962=39866013/42161810
z5963=139214697/142489280
z5964=510920165425152/500689691681605
z5965=943775718782/877317057875
z5966=1507852651/1597440000
z5967=305622631/221184000
z5968=1154658617/5529600000
z5969=724754153711623821267141/755688578030429652960580
z5970=617411799/631760525
z5971=1557813936881664/1527272986765775
z5972=1402010208547/1303417248525
z5973=798660683/552960000
z5974=2899274581/13824000000
z5975=74994677145255554693721/78280172227685261065300
z5976=17865903177/18238517075
z5977=8196018814255104/8033232498987275
z5978=697625873971/648744315225
z5979=68177454170112/68274865483459
z5980=6872888438/6572555449
z5981=649730709/667224200
z5982=748502785979/716882919325
z5983=89701659835807423/93081220235759900
z5984=4653266254/4807734475
z5985=27153914204759157/27309946203508600
z5986=206261484728/195560770075
z5987=3683962282/3792351425
z5988=117240397037568/117804005532485
z5989=1803620313781/1712109584525
z5990=96655919/184320000
z5991=4152567643/3067084800
z5992=13651/8192
z5993=34349347/128000000
z5994=124829883/193311838
z5995=873809181/984542866
z5996=7840446/8051875
z5997=136354908340224/136549731017543
z5998=36602641322/34663471945
z5999=20696483/46080000
z6000=145803881/276480000
z6001=156831405997/115015680000
z6002=51847913/128000000
z6003=188720829/291607762
z6004=1321045803/1488294334
z6005=298280738/306045325
z6006=229063833944064/229589166559265
z6007=1174240393/1150869525
z6008=6806309459053/6447662931950
z6009=293247767/552960000
z6010=315883050763/230031360000
z6011=26251627/15360000
z6012=103704043/384000000
z6013=380393667/586495534
z6014=2662755669/2999548738
z6015=605089502/620290675
z6016=346304230981632/347393172007375
z6017=6387653/6262561
z6018=13499247340462/12791849748425
z6019=62745451/138240000
z6020=2945400829/2129920000
z6021=10500783/25600000
z6022=349012711047168/350402594302415
z6023=3503697121/3436208525
z6024=743659764601/704909646275
z6025=14246012501/9584640000
z6026=40483102/41330675
z6027=529641838349/501890759350
z6028=2904713/5529600
z6029=16399854233/11501568000
z6030=330563897/184320000
z6031=469245033/726178250
z6032=3284715231/3700847750
z6033=1532218407/1566419485
z6034=1041599423746665231/1039464898960790900
z6035=3269538264304/3098264652125
z6036=94746427/184320000
z6037=19630616831/14376960000
z6038=127256263/73728000
z6039=1891985053/9216000000
z6040=14651329137/15043032875
z6041=274542507339085697271/275175804008630588500
z6042=1681905607447/1592592374075
z6043=384011361/266240000
z6044=11893301831663616/11585358174594775
z6045=19107986014/17787077715
z6046=290540086127/230031360000
z6047=16749082872314/15771139794025
z6048=5456972347/4259840000
z6049=188720829/196887250
z6050=5521787771153841/5558290754143000
z6051=917605017134/864459786175
z6052=194975327993/153354240000
z6053=31572377/21299200
z6054=490965968683008/478062303345775
z6055=13336838401718/12401973331375
z6056=58906240459/46006272000
z6057=124829883/130164830
z6058=12452156545826816/12122718476674775
z6059=19880258061482/18489852952225
z6060=181409857/368640000
z6061=428503777879/306708480000
z6062=2427624457/1597440000
z6063=1141181001/1814098570
z6064=7988267007/9012289990
z6065=12630163874578432/12293879369705175
z6066=25481359439146/23676380516225
z6067=90212927/184320000
z6068=593198825201/460062720000
z6069=116275587043/76677120000
z6070=1860250553/9216000000
z6071=60758932893831336367467/62743776322234582173820
z6072=37793038411075584/36791899446664325
z6073=39512243465318/36753491814775
z6074=107879444767/76677120000
z6075=287509257/455984650
z6076=2012564799/2270292550
z6077=380393667/397054510
z6078=27836451181274229/28032207554318200
z6079=6327006827674/5879790359225
z6080=16592645717/12779520000
z6081=234169859021/153354240000
z6082=3727389127/18432000000
z6083=123498557847552253708053/127608444032311015555460
z6084=7616887966291968/7416393557403265
z6085=3272211875686/3043939810425
z6086=92180933/184320000
z6087=50448657401/38338560000
z6088=583874541/921809330
z6089=4087121787/4609465310
z6090=9354654502259751/9424320445973800
z6091=2632837172166656/2561472409759275
z6092=648480018238/603387634595
z6093=6393289441/4792320000
z6094=3960376443/4068945400
z6095=357138151243776/359430861187535
z6096=41977904189/40837904800
z6097=27040401036673024/26299367671542475
z6098=400064869438/372378682175
z6099=574710581/1105920000
z6100=291036078569/230031360000
z6101=59663490173/38338560000
z6102=3697872093/5747105810
z6103=25885104651/29170540670
z6104=6274762041125070020241/6487355155177619211700
z6105=12607013331/12690524600
z6106=38909863238098944/37885518806459525
z6107=19762614396278/18393025683775
z6108=36880654349/28753920000
z6109=120945665281/76677120000
z6110=374805319/1843200000
z6111=64768289758789195484649/67038862148116837001620
z6112=3462591231/3488379800
z6113=39492666078867456/38465655487163525
z6114=488005557832/454249830095
z6115=117695184383/76677120000
z6116=70186971479841586994967/72851362709836334643820
z6117=38227544720461824/37300683133320325
z6118=1260818951951/1173301162450
z6119=111977461939/76677120000
z6120=566162487/902129270
z6121=3963137409/4471704890
z6122=5189627693458/4878777433925
z6123=56798073437/38338560000
z6124=767278413/787549000
z6125=2552996671238/2401246300675
z6126=169794449/106496000
z6127=2668319259820032/2595589801733675
z6128=6291684454354/5838741717125
z6129=228439025549/153354240000
z6130=343852911/212992000
z6131=2706463687409664/2632267135954475
z6132=12371814167726/11483511842875
z6133=57514427621/38338560000
z6134=87029231/53248000
z6135=7734776319/7941090200
z6136=698025422094336/700805188857955
z6137=2744608114999296/2668944470175275
z6138=3070561077662/2850527548675
z6139=179441851/368640000
z6140=138050177/85196800
z6141=1123468947/1794418510
z6142=7864282629/8874529570
z6143=543569465327616/528642588580975
z6144=31793586994/29472033425
z6145=240895792883/153354240000
z6146=5242973839/3194880000
z6147=2536930647/2603296600
z6148=9127142176754727/9183566662370600
z6149=13786316175736832/13405564274665175
z6150=2419084453162/2242605436865
z6151=357899699/737280000
z6152=50863249/30720000
z6153=205768081/768000000
z6154=2238081867/3578996990
z6155=15666573069/17680178930
z6156=56905598711/53038775650
z6157=1071221587050496/1041520066684275
z6158=62645477674/58038589625
z6159=123850897/276480000
z6160=20575342147/12779520000
z6161=4134713/10240000
z6162=15159591693/15554179400
z6163=27267670367511669/27430323095310200
z6164=7054954387/6913417175
z6165=905197939243/843716795450
z6166=43161843400704/41961744896875
z6167=996912346274/923607218725
z6168=71973541/147456000
z6169=51519251/30720000
z6170=206424083/768000000
z6171=2255793921/3598677050
z6172=15790557447/17817939350
z6173=9998958879/9320146450
z6174=1086870582984704/1056567178159475
z6175=165249508294/153099500575
z6176=124506899/276480000
z6177=499039463707/306708480000
z6178=104023827/256000000
z6179=15283576071/15685379800
z6180=689899981897728/691776921972835
z6181=4559903/4469875
z6182=21499705393738/20041669552325
z6183=353655457558/327670490975
z6184=485252324317/306708480000
z6185=21813654722158/20347971920075
z6186=122178265717/76677120000
z6187=5408660732098/5046175305575
z6188=10618132081/6389760000
z6189=692608461963264/694786344267875
z6190=13983395718283264/13595063834805975
z6191=24005897231758/22257666855275
z6192=895859707/532480000
z6193=14180475260829696/13784563394946775
z6194=5955237482974/5522319835475
z6195=722687419/1474560000
z6196=4012150258127/2453667840000
z6197=20804501/12288000
z6198=413832169/1536000000
z6199=4538155923/7226874190
z6200=31767091461/35842519330
z6201=219721465987072/213570502353175
z6202=188663754600698/174808043252425
z6203=249997801/552960000
z6204=361835711/737280000
z6205=401929510391/245366784000
z6206=17391751/10240000
z6207=13805339/51200000
z6208=209031657/512000000
z6209=6786585/10801066
z6210=3182908365/3591139954
z6211=30753128709/31567560200
z6212=693962701996032/696291055415395
z6213=1102519578918912/1071614289634675
z6214=94144026207634/87232842004325
z6215=4635663/10240000
z6216=28986217/58982400
z6217=4026439949693/2453667840000
z6218=104678507/61440000
z6219=414488171/1536000000
z6220=104679829/256000000
z6221=4555867977/7246554250
z6222=31891075839/35980279750
z6223=1711951161/1757397800
z6224=7725743800320/7753286292331
z6225=1106431827902464/1075376067503475
z6226=187912350229838/174123324764875
z6227=250653803/552960000
z6228=1008396198869/613416960000
z6229=209687659/512000000
z6230=30877113087/31698760600
z6231=348335591030784/349650238728655
z6232=1110344076886016/1079137845372275
z6233=46884162011102/43445241380275
z6234=726623431/1474560000
z6235=4040729641259/2453667840000
z6236=35111503/20480000
z6237=138381391/512000000
z6238=4573580031/7266234310
z6239=32015060217/36118040170
z6240=1114256325869568/1082899623241075
z6241=187160945858978/173438606277325
z6242=16753987/36864000
z6243=363803717/737280000
z6244=2023937243521/1226833920000
z6245=10566251/6144000
z6246=207736087/768000000
z6247=210343661/512000000
z6248=2291218029/3638037170
z6249=16038526203/18093460190
z6250=2066739831/2121997400
z6251=116563277021184/117051649958725
z6252=867801775176292512646147/843421825663586211713850
z6253=447267429941248/434664560472075
z6254=223633714970624/217332280221975
z6255=93392621836774/86548123516775
z6256=125818903/276480000
z6257=728591437/1474560000
z6258=162200773313/98146713600
z6259=105990511/61440000
z6260=16632007/61440000
z6261=105335831/256000000
z6262=918258417/1457182874
z6263=6427808919/7251160118
z6264=15531544827/15947780600
z6265=350366951079936/351907305449935
z6266=1122080823836672/1090423178978675
z6267=3966160457194/3675614633825
z6268=251965807/552960000
z6269=253885261163/153354240000
z6270=210999663/512000000
z6271=31125081843/31961161400
z6272=70208814219264/70531932204739
z6273=11627114956418/10775720534125
z6274=731637391/1474560000
z6275=883233349187/613416960000
z6276=4618705671/7316373910
z6277=32330939697/36469017370
z6278=413131704869320372083/425615767787227574375
z6279=30494662209/30643908200
z6280=41844266552114/39344878129525
z6281=220704821/442368000
z6282=1334354344757/920125440000
z6283=6982670673/11035241050
z6284=48878694711/55128287350
z6285=15838474094913010584253/16313953511004703590025
z6286=246003039909/247316072200
z6287=2490799849070/2342592116587
z6288=372753689/737280000
z6289=432830037829/306708480000
z6290=1823277289/1105920000
z6291=5596209311/27648000000
z6292=2371767777/3727536890
z6293=16602374439/18719958230
z6294=13612767649147841202242829/14052769642138077063726350
z6295=10180110699/10245390200
z6296=63468071111354/59676314951625
z6297=562246543/1105920000
z6298=130778664583/92012544000
z6299=4896731543/2949120000
z6300=14951542249/73728000000
z6301=3585695751/5622465430
z6302=25099870257/28298058010
z6303=12293712367976356356901737/12693219468294498424310950
z6304=1373128713/1378078730
z6305=6298590504934/5922899538785
z6306=2219184247/4423680000
z6307=2687717331467/1840250880000
z6308=125731139/73728000
z6309=14074565679/22191842470
z6310=98521959753/111106097290
z6311=1550291529922456918095561/1596770306170792388321750
z6312=6227787357/6237021970
z6313=123554090948834/116224577270125
z6314=20660373/40960000
z6315=15037366519/10223616000
z6316=1266167417/737280000
z6317=131331389/206603730
z6318=919319723/1036626110
z6319=629886568501591647907419/648885731633286065806130
z6320=236848887/237401590
z6321=10214873020534/9609962392575
z6322=4363957367/3067084800
z6323=7491549761/4423680000
z6324=22469789503/110592000000
z6325=606963987/947464270
z6326=4248747909/4789049890
z6327=392950653158928772721133/405552039764478651981950
z6328=2075929119/2085158150
z6329=15677258539306/14744768756475
z6330=67064977/42598400
z6331=2940111360326555198991/3032476822974600358604
z6332=105206993289216/102356498700515
z6333=50660720639282/47024592395125
z6334=10868469512984787044133/11216766267275166419140
z6335=75459064320926/70053673419475
z6336=645297072707/460062720000
z6337=725884620101/460062720000
z6338=112038384726777501138987/115800472085309638240124
z6339=4743775819560960/4617388442938343
z6340=38449023706002/35696642775925
z6341=1875555414259/1226833920000
z6342=89668680578386/83642252627525
z6343=2186079229/4423680000
z6344=440338499533/283115520000
z6345=13776620517/21860792290
z6346=96436343619/108788746030
z6347=20415120008302/19043259599675
z6348=289880959/589824000
z6349=2833650979333/1840250880000
z6350=1978110599/1179648000
z6351=29805994589/147456000000
z6352=196840915484659272767403/203363072847501901163900
z6353=399372004449/401808509800
z6354=5338422650470/4979796763547
z6355=98485134665554/91321966893125
z6356=22444207407406/20810778138875
z6357=8001591708559/4907335680000
z6358=41046386511084864/39927642618383525
z6359=146649634355926/135983789593475
z6360=4377688309/8847360000
z6361=23229583834913/14722007040000
z6362=27603009693/43776883090
z6363=193221067851/217964581630
z6364=222025400200942/206342469105755
z6365=3885578949779/2453667840000
z6366=237153621327129974014191/244679059938160965587020
z6367=489960337581/492467337800
z6368=184289642713202/171285273921925
z6369=13911484577/8519680000
z6370=13708288746786816/13330537900674775
z6371=1163025725527718/1077790631122375
z6372=280020577/170393600
z6373=552336714768384/537072636120175
z6374=17554020526198/16268614050575
z6375=2914413527/5898240000
z6376=2419770620519/1509949440000
z6377=33799499/20480000
z6378=137069387/512000000
z6379=18365598351/29144135270
z6380=128559188457/145026546890
z6381=1067309338066944/1037758288815475
z6382=118316210557322/109611398794225
z6383=142963079/294912000
z6384=47270726179873/29444014080000
z6385=206407649/512000000
z6386=94472106257774388843603/97454996963140810918300
z6387=39114997317/39310794760
z6388=92106867818134/85333097692127
z6389=15921066792911/9814671360000
z6390=9112581459/14494047950
z6391=63788070213/71967135650
z6392=762529377314042/706350243380425
z6393=8672484697/17694720000
z6394=7881065305939/4907335680000
z6395=58755212177/35389440000
z6396=178668359023/884736000000
z6397=17571081995463423969272871/18147840509647192445740460
z6398=11931380405703/12001578333400
z6399=9669396585526272/9402486879915275
z6400=1150082893885718/1065485471859375
z6401=17357197763/35389440000
z6402=19000366377611/11777605632000
z6403=21806007903/34714395526
z6404=152642055321/172221888682
z6405=4579698117125482/4243356253256225
z6406=2884939603/5898240000
z6407=8720372843/17694720000
z6408=1890620786839/1177760563200
z6409=3950448703/2359296000
z6410=59514899269/294912000000
z6411=54890985411/87203728430
z6412=384236897877/433478899010
z6413=388106121960697935204099/400756095870996397318492
z6414=3964884341517/3987571126600
z6415=3254583321443328/3164119657153625
z6416=19965627036862/18500548116995
z6417=4351189477/8847360000
z6418=23835734050001/14722007040000
z6419=5472904041/8702378954
z6420=38310328287/43221932678
z6421=48213406540346087757897/49773507932729223118100
z6422=98810364411/99359390200
z6423=1140428116912838/1056742304173975
z6424=912214378541/566231040000
z6425=118936254379/70778880000
z6426=357422316629/1769472000000
z6427=640289085095452663660203/661356938318528542570876
z6428=23888183590557/24030059078600
z6429=392078173810176/381209650006211
z6430=8796987720606/8151510072095
z6431=4401960383/8847360000
z6432=4679472712487/2944401408000
z6433=9827576803/5898240000
z6434=27821458359/44019603830
z6435=194750208513/219663626810
z6436=3235792928815104/3146721145460825
z6437=1154265025925362/1069666423553525
z6438=5870313356549/3680501760000
z6439=59175709459/35389440000
z6440=35800715209/176947200000
z6441=17860874566680470307618837/18458170130575622184605060
z6442=12030939861237/12106932254600
z6443=9745360987364352/9477839992849675
z6444=287468595066822/266401079942275
z6445=2946089513/5898240000
z6446=7449014375909/4907335680000
z6447=1465640427229/920125440000
z6448=3730136445/5892179026
z6449=26110955115/29448773182
z6450=119886968180947968/116677569431077775
z6451=1186232801763386/1099854148802025
z6452=15330690564997/9814671360000
z6453=1811469253/1105920000
z6454=9519560748859392/9261242142200075
z6455=467743596419762/433451732323125
z6456=1477144769/2949120000
z6457=3737903568797/2453667840000
z6458=5817496873/3538944000
z6459=17924860247/88473600000
z6460=1872448245/2954289538
z6461=13107137715/14781786766
z6462=9037097759722127587861131/9343334498579378443606780
z6463=163563685263/164647845400
z6464=1911419717953536/1859701450842575
z6465=118193441229058/109587983448525
z6466=918893719829/613416960000
z6467=401159207/245760000
z6468=1247615593/6144000000
z6469=948160801836211048775/980982877016834660396
z6470=84895149009/85501268200
z6471=351041762770944/341680961577425
z6472=49754444501918/46133083129075
z6473=329165507/655360000
z6474=833622211031/545259520000
z6475=4865243447/2949120000
z6476=417739615/658331014
z6477=2924177305/3297597098
z6478=506190488376901629295611/523498281282886511600060
z6479=27374266557/27561574600
z6480=3198212143558656/3111924122075225
z6481=392545340939258/363968506722825
z6482=742672397/1474560000
z6483=1882348165241/1226833920000
z6484=29295436999/17694720000
z6485=89794205753/442368000000
z6486=943604145/1485344794
z6487=6605229015/7448293558
z6488=9186063871328505309498561/9502941460362507354792820
z6489=8271244377/8304552490
z6490=9632174271584256/9373037478238475
z6491=41904915476606/38854685923275
z6492=277655244407/184025088000
z6493=9696373177/5898240000
z6494=30000174407/147456000000
z6495=208190903026836388829265/215523805301001039405236
z6496=20596930695/20700704918
z6497=636820970440704/619939553180485
z6498=14819478037598/13741125297505
z6499=247035971603/153354240000
z6500=124024391073/124740439400
z6501=8098508230944768/7877515032342145
z6502=149861001064034/139140916492525
z6503=497532681757/306708480000
z6504=4718764611/4748031800
z6505=1632190278491136/1587906293435213
z6506=12401180024038/11514540512175
z6507=4396102531/8847360000
z6508=11530965566359/7361003520000
z6509=508556740723/306708480000
z6510=27768737691/43961025310
z6511=194381163837/219253577170
z6512=41842292526547968/40685413019233925
z6513=115832300400674/107412251991565
z6514=34857075961/70778880000
z6515=191636082440981/117776056320000
z6516=622751677/368640000
z6517=43868840589/69714151922
z6518=307081884123/346441303454
z6519=3287254674407424/3195624835854425
z6520=9080927564193758/8414464324844275
z6521=5817439351/11796480000
z6522=6399239558431/3925868544000
z6523=4990869443/2949120000
z6524=2977778489/14745600000
z6525=109339425/173654906
z6526=51280190325/57851190914
z6527=488046158617392934766487/504064439084443689546860
z6528=49919715153/50004416090
z6529=3293659101229056/3201972836008025
z6530=1510536165787714/1399679548047325
z6531=324750407/655360000
z6532=5289419521921/3271557120000
z6533=29839761917/17694720000
z6534=89438809411/442368000000
z6535=6116305/9694042
z6536=2868547045/3235785698
z6537=1775170788818016887778591/1834125584461498691835404
z6538=60201944451/60336728494
z6539=9840158726178816/9568123528849675
z6540=455677301095198/422244440806995
z6541=8749939099/17694720000
z6542=48012572411951/29444014080000
z6543=2507734759/1474560000
z6544=7447890233/36864000000
z6545=11031416343/17499878198
z6546=77219914401/87109707386
z6547=49002485181290007002415/50618310951186060107084
z6548=5001713145/5011265642
z6549=3311800275001344/3219606169768025
z6550=452623723105138/419419514357525
z6551=23887201855223/14722007040000
z6552=39927280319/23592960000
z6553=119362719553/589824000000
z6554=795379983662091954025575/822037530522719727657644
z6555=80583156225/80797745722
z6556=3292787702367744/3202001935848025
z6557=226955620359442/210305178932525
z6558=1475410819/2949120000
z6559=3816307259287/2453667840000
z6560=593859581/353894400
z6561=44792796139/221184000000
z6562=27900405/44042114
z6563=13085289945/14757511466
z6564=4501664628661707811232643/4653580308137136421325660
z6565=151542825687/151995115190
z6566=575490775781376/559736267606875
z6567=581416763849662/539112354670275
z6568=9191645995/5888802816
z6569=6621800749/3932160000
z6570=6642177521/32768000000
z6571=44822306759304734224695/46348468795540596560108
z6572=4507716785/4523068954
z6573=1091258376578048/1061465900642675
z6574=289627740318202/268557016588925
z6575=1763229827/3538944000
z6576=23291460000499/14722007040000
z6577=203582695177/122683392000
z6578=55752972039/88161491350
z6579=390270804273/440183239450
z6580=41869296213868032/40721252770101125
z6581=1147934324766034/1064454583840325
z6582=47944031723603/29444014080000
z6583=1258295393/737280000
z6584=3324609128644608/3232302170075225
z6585=2260479744744338/2094881374615525
z6586=368337217/737280000
z6587=7791208193/4907335680
z6588=2525446813/1474560000
z6589=298466651/1474560000
z6590=2332019529/3683372170
z6591=16324136703/18410805190
z6592=248989800941288762681961/257351105215013520421780
z6593=25203398319/25272808870
z6594=3337417982287872/3244998170382425
z6595=47649482557742/44184817174475
z6596=53227531393/34078720000
z6597=30092156267/17694720000
z6598=89753200789/442368000000
z6599=9150000867647614327915773/9464298009755904974614180
z6600=5763322917/5785359970
z6601=902702551984128/878052878535425
z6602=72244175571334/66992734050525
z6603=226145021/442368000
z6604=1317083178173/920125440000
z6605=2907333123973/1840250880000
z6606=7227479673/11307251050
z6607=50592357711/57032357350
z6608=463050150067747776719691/479162584519551444079100
z6609=331218855/333625304
z6610=4748314639670784/4624188444213991
z6611=75657194044926/70239845435275
z6612=497848273/983040000
z6613=1255642792429/817889280000
z6614=7397085473/4423680000
z6615=633989445/995696546
z6616=4437926115/5003795822
z6617=1948026518839296/1895602918377935
z6618=585390439991006/542815770820275
z6619=2796423728653/1840250880000
z6620=4882462693/2949120000
z6621=15028787291/73728000000
z6622=105803417431181468585565/109593077919467199442468
z6623=10379645595/10440552734
z6624=168885991550976/164435098821475
z6625=147126227246206/136423256562875
z6626=110531642543/76677120000
z6627=1171060392767/736100352000
z6628=9004906253/44236800000
z6629=4705896704927189356168713/4872442824360993038776340
z6630=1575219393/1587319400
z6631=23924570172781824/23302990228252675
z6632=18784853736584/17440456244475
z6633=234691251103/153354240000
z6634=14898147263/8847360000
z6635=78949629/79365970
z6636=9815208276013056/9552544815915275
z6637=36506726123842/33858815037675
z6638=151875473/294912000
z6639=848086802129/613416960000
z6640=351311502443/230031360000
z6641=2816165513/13824000000
z6642=4868365437/7593773650
z6643=34078558059/38410815550
z6644=59204333332648019956509/61313614929265178895652
z6645=22830292775227392/22253245925386115
z6646=154816326353234/143709768214725
z6647=1800019465057/1226833920000
z6648=893577787/552960000
z6649=6845238764642909263066227/7085050008633909213995050
z6650=1941284169/1952159882
z6651=9366273959067648/9121817781342475
z6652=301532675564146/279631096869525
z6653=42424521/81920000
z6654=47452553589/34078720000
z6655=943454434709/613416960000
z6656=7524316079/36864000000
z6657=272596753/424245210
z6658=1908177271/2150516470
z6659=267481298141108105125581/277170689013801506824420
z6660=7669652413183488/7477097545083265
z6661=25632008455742/23794019455275
z6662=100720515141/68157440000
z6663=2399820817/1474560000
z6664=6181837764900576242926767/6399392641316090201820650
z6665=26089445547/26257305790
z6666=3146524066947072/3064900742516825
z6667=49903211448142/46279572118875
z6668=30936468689/23003136000
z6669=591549977/368640000
z6670=1889484247/9216000000
z6671=310079212366905289684491/321571128762312990470770
z6672=1328247063/1339281718
z6673=618893843398656/603340361474885
z6674=9792459286246/9090208812275
z6675=767905391/1474560000
z6676=34408205083/24536678400
z6677=3625151303/2211840000
z6678=2261657237/11059200000
z6679=4945117671/7679053910
z6680=34615823697/39007777370
z6681=28259047191788008854198363/29257967475337756832021650
z6682=39442653261/39728719730
z6683=9512870442614784/9267586673758475
z6684=30553555023134/28363693049715
z6685=789279971/491520000
z6686=843087231/4096000000
z6687=700827827290271809415999/727483183932433370208650
z6688=2998564283/3028297310
z6689=1031734254559232/1006350972847475
z6690=19277645267686/17894654953325
z6691=7301142761/4423680000
z6692=22660196503/110592000000
z6693=11481314723111153734139457/11888920721112675850986550
z6694=1500042951/1512131350
z6695=9586168684388352/9340471119966475
z6696=4785832183093/4444436799225
z6697=115214831809/76677120000
z6698=10338461179746109125961/10324897312713015741925
z6699=5022358991494/4726207768775
z6700=14604189593/9584640000
z6701=20223506977416005313659/20204667231237539640575
z6702=1737580517/1705804225
z6703=617340580064/581240367025
z6704=183377863/368640000
z6705=231676395419/153354240000
z6706=352380937/212992000
z6707=20872009/76800000
z6708=231778611/366755726
z6709=1622450277/1830010082
z6710=2782752542588928/2705621804396075
z6711=2438534890714/2264141709305
z6712=63401453/138240000
z6713=116647540177/76677120000
z6714=7132899/4259840
z6715=53159917/128000000
z6716=7858760697/8072290600
z6717=70885934235648/71284287778499
z6718=9608375747876282396349317/9343119162333767853541125
z6719=1128358788071424/1096919655519875
z6720=564179394035712/548459827723375
z6721=6051552298246/5619653449175
z6722=185345869/368640000
z6723=234913765289/153354240000
z6724=360908963/212992000
z6725=35005349/128000000
z6726=1176605109/1853458690
z6727=8236235763/9287810830
z6728=2859041397768192/2778976472837675
z6729=12013534739414/11157905250175
z6730=1423499/3072000
z6731=14783278139/9584640000
z6732=22823311/13312000
z6733=53815919/128000000
z6734=11826289/12153320
z6735=1178984622753572773663/1179551246849705949795
z6736=2897185825357824/2815653807058475
z6737=745247805146/692281475125
z6738=106292123/221184000
z6739=3308622399/5314606150
z6740=23160356793/26143043050
z6741=20311652634/18830753125
z6742=29215811/61440000
z6743=492173801419/306708480000
z6744=26907629/15360000
z6745=2063867177045313700487/2124374929708152310060
z6746=2327269197/2335222600
z6747=21455631134626/20021430524525
z6748=1057345213/2211840000
z6749=49563453997/30670848000
z6750=407665119522368709335079/419872836277410603906476
z6751=84463605171/84789615800
z6752=3484673063/3419808475
z6753=2127661934086/1985815982675
z6754=10882500887/6389760000
z6755=14377554803376128/13974062955087575
z6756=23636002632034/21920891828525
z6757=1101468529/638976000
z6758=2914926869184512/2832712503045675
z6759=11725527666086/10876252157575
z6760=730559443/1474560000
z6761=313023771107/188743680000
z6762=106646513/61440000
z6763=416456177/1536000000
z6764=4609004139/7305594430
z6765=32263028973/36393561010
z6766=1129905321803776/1097946734716275
z6767=14281395162866/13236089946325
z6768=4212652801/8847360000
z6769=365771723/737280000
z6770=2038226935087/1226833920000
z6771=53487257/30720000
z6772=208392089/768000000
z6773=42331133/102400000
z6774=2308930083/3657717230
z6775=16162510581/18231220610
z6776=8056466007241557162001023/8293934500155557227562380
z6777=335808678447/336993656600
z6778=1133817570787328/1101708512585075
z6779=92641217465914/85863405029225
z6780=2109114409/4423680000
z6781=732527449/1474560000
z6782=4083598715957/2453667840000
z6783=7153501/4096000
z6784=139037393/512000000
z6785=105991833/256000000
z6786=4626716193/7325274490
z6787=32387013351/36531321430
z6788=367667300722146155153253/378562299596036222379460
z6789=168245296263/168857629400
z6790=227545963954176/221094058090775
z6791=184906732746398/171384450814675
z6792=281586989/589824000
z6793=204537178087/122683392000
z6794=7358691517/4259840000
z6795=212311667/512000000
z6796=180465764673092320480113/185841733323933670574900
z6797=22478167107/22562457400
z6798=14609450848591872/14197039921641175
z6799=46132757640242/42760522892725
z6800=2074499800387/1226833920000
z6801=1141642068754432/1109232068322675
z6802=91508186773042/84792845297525
z6803=146899091/294912000
z6804=4097888407523/2453667840000
z6805=29524310341/17039360000
z6806=417768181/1536000000
z6807=4644428247/7344954550
z6808=32510997729/36669081850
z6809=14659515409803264/14245178922805975
z6810=184155328375538/170699732327125
z6811=1662502452359/981467136000
z6812=107958517/61440000
z6813=1145554317737984/1112993846191475
z6814=365275535135602/338481078485525
z6815=4234956869/8847360000
z6816=367739729/737280000
z6817=2052516626653/1226833920000
z6818=14806927307/8519680000
z6819=69682697/256000000
z6820=212967669/512000000
z6821=2326642137/3677397290
z6822=16286494959/18368981030
z6823=8185709556361874708661051/8432106769026387599125180
z6824=338536334763/339880065400
z6825=14709579971014656/14293317923970775
z6826=91889813095054/85178686541675
z6827=4163512661021/2453667840000
z6828=18047753/10240000
z6829=1149466566721536/1116755624060275
z6830=182259161589518/168895387890475
z6831=706755481/1474560000
z6832=1084546213/2211840000
z6833=6281806642481/3680501760000
z6834=21329567/51200000
z6835=1362373929/2169092426
z6836=9536617503/10759966982
z6837=456565606001814221526861/470379340556196763269860
z6838=56536374807/56766944600
z6839=272153859166982/252184033413175
z6840=1442234939/2949120000
z6841=2190717409/4423680000
z6842=12441756505757/7361003520000
z6843=10444551523/5898240000
z6844=29755805597/147456000000
z6845=13818364137/21907174090
z6846=96728548959/109113418630
z6847=193958994319515705318507/200277342469807307625596
z6848=19905716061/19932688658
z6849=3466481127438336/3367844885108825
z6850=21899735189150/20296579452259
z6851=582638771/1179648000
z6852=513329155273/306708480000
z6853=20688035207/11796480000
z6854=59712679033/294912000000
z6855=399506228779886303243247/412964166989237524122700
z6856=201900834333/202486524050
z6857=3427567262149632/3331813528360025
z6858=22949463429984/21269204407775
z6859=67129579/138240000
z6860=419850819/671295790
z6861=2938955733/3316670530
z6862=119217699718/110532711275
z6863=499095278521/306708480000
z6864=9187877/5120000
z6865=207082904216076520392933/213412120112569646863300
z6866=57861441/57777850
z6867=21097607547094/19694889128975
z6868=356165749/737280000
z6869=137003281/276480000
z6870=384389259733/230031360000
z6871=172879749/274006562
z6872=1210158243/1365085934
z6873=233732136637201098737241/241018165654694932520020
z6874=1438072911/1437213670
z6875=231043267/226893895
z6876=15494668394842/14461907650175
z6877=80761943/163840000
z6878=31409751067/19169280000
z6879=1769349341/983040000
z6880=1657564769/8192000000
z6881=11032422513228290183751/11401634336387590130732
z6882=1118501153/1121402746
z6883=2615437358339/2441452303900
z6884=4349664887/8847360000
z6885=12246872428091/7361003520000
z6886=54799261/30720000
z6887=209704093/768000000
z6888=5470159779/8699329774
z6889=38291118453/43200588418
z6890=1165115562655744/1131802735535475
z6891=551403363442178/511304159652925
z6892=2131418477/4423680000
z6893=227579526619/136314880000
z6894=107303837/256000000
z6895=101681923/161523886
z6896=711773461/802987202
z6897=4174354086139294335701523/4303213374510972242576540
z6898=8595965367/8587201910
z6899=1172940060622848/1139326291273075
z6900=30508931890502/28292287823575
z6901=704940881/399360000
z6902=14968793431015424/14542561635509975
z6903=17116592129182/15874990793075
z6904=4372624957/8847360000
z6905=25389985875017/14722007040000
z6906=55455263/30720000
z6907=42072019/153600000
z6908=5511487905/8745249914
z6909=38580415335/43522029398
z6910=1180764558589952/1146849847010675
z6911=1074945991712918/996272579454175
z6912=2142570511/4423680000
z6913=796174134689/460062720000
z6914=107959839/256000000
z6915=848026240862501346513021/874716644814400513123492
z6916=1732181913/1731872426
z6917=33449672189414/31003689418375
z6918=8786157707/17694720000
z6919=24257312394623/14722007040000
z6920=314422229/176947200
z6921=22336944259/110592000000
z6922=55483049187/87861577070
z6923=388381344309/438083839490
z6924=39987508365932065444989/41302087488762255537316
z6925=405030087/405747478
z6926=10438758663266304/10142445545156875
z6927=1109055600879642/1028519130844825
z6928=1468240963/2949120000
z6929=811375442219/490733568000
z6930=31550791231/17694720000
z6931=89428137281/442368000000
z6932=9282106971/14682409630
z6933=64974748797/73285667410
z6934=1773324200856791433546549/1832148076261047187824644
z6935=60171757569/60303187514
z6936=419122957768704/407254257399491
z6937=552330251795998/512227750927875
z6938=15664200857/8847360000
z6939=44825263399/221184000000
z6940=4530006003136512376314783/4683941195540616563714060
z6941=4108162311/4121765270
z6942=10391993189093376/10101652032094475
z6943=69820418959226/64752350405325
z6944=8832733849/17694720000
z6945=24425214138517/14722007040000
z6946=1758853309/983040000
z6947=11180446893/17665467698
z6948=78263128251/88268833886
z6949=1168598802796544/1135585258313075
z6950=44010616252174/40815674914667
z6951=55350137/110592000
z6952=765911406577/460062720000
z6953=31767927893/17694720000
z6954=89588857771/442368000000
z6955=1753494597/2767506850
z6956=12274462179/13842947950
z6957=1801235106959585608242855/1862041908206766483703724
z6958=60626366955/60808309054
z6959=10556704506120192/10259178214648075
z6960=34245947156772/31760257621175
z6961=10514414123/5898240000
z6962=5987569553/29491200000
z6963=1022566157037427742545599/1057910294131835652846220
z6964=102103176681/102524105930
z6965=3489911676991488/3392883640948825
z6966=5772837826457/5353932322100
z6967=1127796179/2211840000
z6968=1355179128247/920125440000
z6969=322691873/184320000
z6970=7201119339/11277961790
z6971=50407835373/56827332530
z6972=162069254181694500575403/166896902211539624926850
z6973=3162601827/3172631150
z6974=61001323437418/57399464561825
z6975=663890137393/460062720000
z6976=421973671/245760000
z6977=417680403/2048000000
z6978=362755382239845189012691/374513530810905158003650
z6979=39044467/39282190
z6980=30872351016598/29042217949175
z6981=126783399757/76677120000
z6982=8337827836735488/8111579904672385
z6983=74083552421866/68796232385825
z6984=8864037281/17694720000
z6985=23455789157501/14722007040000
z6986=63357571/36864000
z6987=56183965353/88640372810
z6988=393287757471/443535409670
z6989=3350226835931136/3257694170689625
z6990=1139240838005582/1056416640534475
z6991=4443990677/8847360000
z6992=11768976868001/7361003520000
z6993=2543158867/1474560000
z6994=7475442317/36864000000
z6995=5639946201/8887981354
z6996=39479623407/44521149478
z6997=252999157806246621799143/261646191040895775249580
z6998=25398230913/25489289530
z6999=134521427582976/130815606839873
z7000=567447047312678/526198834440775
z7001=2243456321/4423680000
z7002=5789209106333/3680501760000
z7003=2525200409/1474560000
z7004=299736031/1474560000
z7005=2858602869/4486912642
z7006=20010220083/22561028494
z7007=258273778549507316413461/267298623849513387451780
z7008=25652214819/25771493870
z7009=3335230824554496/3244644925608025
z7010=286815419072078/265972614709675
z7011=17871739/35389440
z7012=5888729650931/3680501760000
z7013=1283879471/737280000
z7014=3741165169/18432000000
z7015=14207613831/22339673750
z7016=99453296817/112140916250
z7017=25501582942502022565047/26380705971638654076652
z7018=2549564721/2559752986
z7019=3399318037118976/3305656838516825
z7020=40437233704478/37500310357075
z7021=2914922411111/1840250880000
z7022=30512653549/17694720000
z7023=90088417811/442368000000
z7024=1889378947545472562274351/1956503592550800752720204
z7025=62039408211/62378354894
z7026=10081656875501568/9809287889758475
z7027=4066487655126/3771061331675
z7028=1143189143/2211840000
z7029=1335676242859/920125440000
z7030=83345131/49152000
z7031=1467931203/2286378286
z7032=10275518421/11580968002
z7033=121974798697613749377/126363010637751617140
z7034=1098920439758848/1069675004437875
z7035=74621635847746/69283804520525
z7036=672486387601/460062720000
z7037=15106099897/8847360000
z7038=45194435783/221184000000
z7039=971702282063931598083699/1007220755847955703906332
z7040=849854907/855711326
z7041=9965359639646208/9701605263966475
z7042=37051928374578/34402892031575
z7043=151181893/294912000
z7044=921250633093/613416960000
z7045=50791489741/30670848000
z7046=4837154337/7559094650
z7047=33860080359/38168062550
z7048=64487050235085412242150597/66637757661125243512763425
z7049=173584323/174418990
z7050=8348280876988416/8125580771677825
z7051=48557879320574/45091731702275
z7052=499097647/983040000
z7053=1317735986707/817889280000
z7054=646367749/368640000
z7055=3181191591/4990976470
z7056=22268341137/25106435290
z7057=1649135778251559637838643/1699745716449950922369650
z7058=29138170059/28347490465
z7059=6849871488811008/6662097678684325
z7060=3424935744405504/3331048839131225
z7061=187258176160822/173661791115375
z7062=1956826846037/1226833920000
z7063=3072290219/1769472000
z7064=45128013161/221184000000
z7065=4766634522141574403714931/4919187608777671770141250
z7066=167688023105523536379/167774423597976602500
z7067=10157621277339648/9884641002692875
z7068=282492852645562/261975971724825
z7069=142491527/276480000
z7070=173922533827/115015680000
z7071=511375635961/306708480000
z7072=3754941211/18432000000
z7073=913792959/1424915270
z7074=6396550713/7209606890
z7075=26188456990740206241805497/27066032594304026255737093
z7076=12942656199/13015245590
z7077=8410724038499328/8187597206511745
z7078=9039174824134/8394297797525
z7079=2955558127/1840250880
z7080=52063661/29491200
z7081=3348647583170182229758107/3451978570230703969491250
z7082=1090115338171057099239/1089878532215681732500
z7083=154950651939607378487277267/150768259483215533220541250
z7084=6901106903384064/6712881679913125
z7085=3450553451692032/3356440839745625
z7086=17516757494522/16248603139525
z7087=128405909/245760000
z7088=30094873501/20447232000
z7089=7605038107/4423680000
z7090=22639694021/110592000000
z7091=827981373/1284059090
z7092=5795869611/6530813630
z7093=59778391311589589613997839/61770072987957072647532650
z7094=1051315857458301901563/1053021327624662791300
z7095=10040435321462784/9776135487992075
z7096=73586077650566/68327763605775
z7097=85222864993/57507840000
z7098=5104684177/2949120000
z7099=15121446767/73728000000
z7100=2697352467314033120892771/2787639915619416439479650
z7101=94898913609270697239/95088308108629318100
z7102=674367400218624/656711047467845
z7103=9133537318997/8481217893550
z7104=78069743/147456000
z7105=17338418951/12268339200
z7106=620537267/368640000
z7107=2530123011/3903487150
z7108=17710861077/19951610050
z7109=1642103203235886598438077/1699629830833482398095550
z7110=267003298836903967527/267752493439157569300
z7111=3266769296523264/3182926523150425
z7112=25190103204474/23388725019625
z7113=193042351/368640000
z7114=149083891/276480000
z7115=159122820983/115015680000
z7116=243245611/147456000
z7117=761763317/3686400000
z7118=194624847/298167782
z7119=1362373929/1534214474
z7120=659921796514677899758773/684770339467449524202350
z7121=637966057193472/622337339712325
z7122=381568441046/354255731977
z7123=20167882469/14376960000
z7124=3774063757/2211840000
z7125=11395534451/55296000000
z7126=30470197889599070474505177/31546926019725274753562950
z7127=4824897474069/4841321259800
z7128=9946904373116928/9694548461867275
z7129=2352162787299/2184871385750
z7130=40278967/73728000
z7131=17360880307/15335424000
z7132=217316027/138240000
z7133=1321045803/2013948350
z7134=9247320621/10411238450
z7135=1496328966963911271105/1555307947158657722228
z7136=987428979/1000180135
z7137=195244244702/186909849075
z7138=54715854103903026532947/53443657861973041345870
z7139=3623880151793664/3537187624104035
z7140=1811940075896832/1768593811925455
z7141=20865170428622/19404204681675
z7142=101845421/184320000
z7143=27083977/23592960
z7144=176280029/110592000
z7145=2863767263/13824000000
z7146=670854933/1018454210
z7147=4695984531/5285979470
z7148=68020579733504789124459/70778233426381804566652
z7149=20052636507/20307003625
z7150=540604676858/517727962425
z7151=7223853985359900082630461/7512975936230487034066750
z7152=9199187102859264/8982154840772875
z7153=793555735658/738077378025
z7154=52697459/92160000
z7155=20435123999/19169280000
z7156=6346359/4096000
z7157=106978109/512000000
z7158=351400203/526974590
z7159=2459801421/2767222130
z7160=899067013915681746891/937585025317161593852
z7161=718048561/729294875
z7162=68343488380035601478641/66905461942795190592250
z7163=1976437280735232/1933232075960375
z7164=988218640367616/966616037909875
z7165=1772931807842/1648666466425
z7166=68662283/122880000
z7167=5949429931/5111808000
z7168=49640899/30720000
z7169=454124643/686622830
z7170=3178872501/3577559810
z7171=144523087011103944983/150539919585741740652
z7172=1130927413/1145022475
z7173=289133570867077365953303/282745550332815043595850
z7174=2075260850274304/2026964582789175
z7175=1037630425137152/1013482291324275
z7176=2266636425066/2108424330625
z7177=63958553/110592000
z7178=9848787733/8847360000
z7179=570844309/368640000
z7180=1941678011/9216000000
z7181=2140873317/3197927650
z7182=14986113219/16855893550
z7183=86314106929714330089969/90194133151168808041780
z7184=12900274023/13119107725
z7185=135130376413819983377583/132456750400567168031750
z7186=5918026508599296/5795934450012325
z7187=2959013254299648/2897967224795225
z7188=796857097702/741046754675
z7189=40425097/69120000
z7190=16221703729/14376960000
z7191=905672219/552960000
z7192=2886727333/13824000000
z7193=271668177/404250970
z7194=1901677239/2138556790
z7195=178569075621888/183454361330503
z7196=20660750361/20913805475
z7197=46693558980191312722491243/45689690777602811306805050
z7198=18956321099218944/18521052807393775
z7199=9478160549609472/9260526403064075
z7200=1279665977616/1191090161375
z7201=3282547/2211840
z7202=1462265329/6912000000
z7203=40081097037461198332581/41923063528196313433796
z7204=9206012421/9393959375
z7205=8446553220317184/8285271616196875
z7206=273589001738/254474390775
z7207=280870939/184320000
z7208=196652449/921600000
z7209=47500945655498093196207/49779546217220569456460
z7210=6319382169/6445773475
z7211=2899029208793088/2845770244468825
z7212=223439711573/207875879550
z7213=5120123/8640000
z7214=745349911/898560000
z7215=6912279/10240246
z7216=48385953/54401722
z7217=542734458905489/537263274409700
z7218=24275237/46080000
z7219=4505814517/4792320000
z7220=157038669/242752370
z7221=1099270683/1238466590
z7222=15980481/15873530
z7223=13106993/23040000
z7224=2083266721/2396160000
z7225=88790993/46080000
z7226=235114327/1152000000
z7227=17448741/26213986
z7228=122141187/137417902
z7229=5463473578870563/5544061098099400
z7230=277997344941006279/277647102721126100
z7231=164420429/179712000
z7232=726719233375567/721782830083100
z7233=140835031/138733675
z7234=47566471/92160000
z7235=9183829559/9584640000
z7236=305221311/475664710
z7237=2136549177/2408052970
z7238=22543966474661939/23210051345854700
z7239=887865715178/829709281825
z7240=4710487141/4792320000
z7241=6258024139328516080503/6441061382525729413100
z7242=434914470094/406773516275
z7243=7160811781/4792320000
z7244=8352617617055852776773/8654963513907064603460
z7245=161729216298/164044294525
z7246=37096800717570048/36181688127419525
z7247=227639694386/212744587175
z7248=49534477/92160000
z7249=1931623801/1916928000
z7250=64586673/99068954
z7251=452106711/509162678
z7252=18634237256736999819/19222456980544095740
z7253=20883806919220469/20972693779131700
z7254=851792165198/797384783275
z7255=631481/1152000
z7256=618453983/599040000
z7257=11871408011/7188480000
z7258=349955081/1728000000
z7259=20736837/31574050
z7260=145157859/163418350
z7261=7035831494649308571741/7273340750290203342884
z7262=236817801/237528074
z7263=124900406659252224/121506991347916175
z7264=31273198034/29295845025
z7265=15019281689/9584640000
z7266=19084667/92160000
z7267=18837840987067160901321/19599611407951396386580
z7268=340881189714/345530042225
z7269=39094981885919232/38182013509153925
z7270=328573694293/307353944900
z7271=25656798019/19169280000
z7272=1086168795968549/1082719036387700
z7273=182453421722/175005690625
z7274=170460434/173522725
z7275=2319018303339351541251/2320390747260858012380
z7276=1114451121706/1058672144525
z7277=13177228073/9584640000
z7278=48622253319664201/48634370107044100
z7279=4619039/4543795
z7280=227178887/219115609
z7281=30110709937/19169280000
z7282=746778063273984/754974790168675
z7283=1119144807/1115480150
z7284=25147977/24267205
z7285=94148939/184320000
z7286=10368794731/7667712000
z7287=120317319/188297878
z7288=842221233/949445146
z7289=502796079/516818200
z7290=5125995057371241570940017/5134107795393044808479725
z7291=13876215175839744/13492005620917975
z7292=3158637819818/2941120741825
z7293=26270815891/19169280000
z7294=126308925557/129820863800
z7295=7231317532863682652901/7247368554756186412996
z7296=1558378342066/1451606013125
z7297=1864469/3686400
z7298=27399441857/19169280000
z7299=296628597/466117250
z7300=2076400179/2341220750
z7301=16648440448470998346781/17086398442475539925225
z7302=4446940311/4461920600
z7303=1517163054758/1413156732775
z7304=274094333/552960000
z7305=30794169469/17694720000
z7306=5604940523/27648000000
z7307=116253931403676228500684871/119767501455714532129777075
z7308=1119144807/1123010390
z7309=10192456713793536/9910183195486475
z7310=2317235836864/2158922063325
z7311=118452201679/76677120000
z7312=898386417/919587800
z7313=971018057906/914727620725
z7314=60035443307/38338560000
z7315=1380871727/1412181800
z7316=147054501/146325346
z7317=572852153/563134725
z7318=2385727969274/2248676635525
z7319=1498511/2949120
z7320=238151135159/153354240000
z7321=369436989/212992000
z7322=105672049/384000000
z7323=1194317163/1873138750
z7324=8360220141/9425571250
z7325=4333364285497282974785357/4336183044004700751643225
z7326=2935330252947456/2852331141279275
z7327=11834395025258/10995101953825
z7328=64713457/138240000
z7329=119884910047/76677120000
z7330=186850501/106496000
z7331=54471921/128000000
z7332=8106729453/8334691400
z7333=640756689329538590555097/641661294476528480006740
z7334=2973474680537088/2889008475500075
z7335=1174482516818/1091370030565
z7336=189281881/368640000
z7337=241388505029/153354240000
z7338=75593003/42598400
z7339=106328051/384000000
z7340=1212029217/1892818810
z7341=8484204519/9563331670
z7342=1361453607/1400048600
z7343=602323821625344/585137161944175
z7344=11655255311102/10832298657475
z7345=65369459/138240000
z7346=60751797491/38338560000
z7347=95557257/53248000
z7348=55127923/128000000
z7349=123279928058506603276557/126811599964701473320420
z7350=88256892141/88516809800
z7351=3049763535716352/2962363143941675
z7352=2891421363506/2687724252325
z7353=1079649281/2211840000
z7354=28219633/15360000
z7355=6767797257/10796492810
z7356=47374580799/53457049670
z7357=1204238052491264/1169420514223475
z7358=14570685454/13510112975
z7359=180870883/368640000
z7360=529701201559/306708480000
z7361=227266047/361741766
z7362=1590862329/1794912362
z7363=22185449740714/20573361577025
z7364=1454277031/2949120000
z7365=4168583142571/2453667840000
z7366=11411238499/6389760000
z7367=9156431583/14542770310
z7368=64095021081/72308192170
z7369=133537885020873600049557/137780690667920424479620
z7370=271668177/271732570
z7371=15165872973561856/14732061195650775
z7372=180038030923426/166967506760525
z7373=2901010039/5898240000
z7374=17208995345051/9814671360000
z7375=3740751/2048000
z7376=70338699/256000000
z7377=18244966959/29010100390
z7378=127714768713/144088302730
z7379=239282710904832/232379391697175
z7380=706250891549762/654503457672925
z7381=47860501/98304000
z7382=345360047939/196293427200
z7383=108615841/256000000
z7384=3544380089330012497393/3658044126492890402100
z7385=969539307/970169150
z7386=351598609319906/325859188290925
z7387=10046757/20480000
z7388=1465195009/2949120000
z7389=4138853488477/2453667840000
z7390=926977753/524288000
z7391=41371239/204800000
z7392=1850938677/2930390018
z7393=12956570739/14614490126
z7394=6797378842434159498441/7021195991717700437780
z7395=40839007/40914310
z7396=230669776856064/224139461290775
z7397=7233195814078/6708429924515
z7398=8521719581693/4907335680000
z7399=595997/327680
z7400=238110737399808/231294231044375
z7401=355315462980686/329321181107275
z7402=2203532531/4423680000
z7403=6229491237383/3680501760000
z7404=21529036223/11796480000
z7405=59627392321/294912000000
z7406=2786740047/4407065062
z7407=19507180329/22002095434
z7408=1972850287175411384610819/2038386695990248209339740
z7409=200694636549/201146304290
z7410=3584914274651136/3482520910427225
z7411=38591432066798/35792090393575
z7412=730910527/1474560000
z7413=2098581098851/1226833920000
z7414=1923903817/1064960000
z7415=922432779/1461821054
z7416=6457029453/7283627378
z7417=2169879833958268340402559/2240103880509113665614220
z7418=4379162931/4383801230
z7419=15362952516108288/14921560755791575
z7420=89267615354866/82799038992725
z7421=194406539/393216000
z7422=5775669816283/3271557120000
z7423=56767267/30720000
z7424=211672099/768000000
z7425=6126919791/9720326950
z7426=42888438537/48381488650
z7427=776185131810816/787649310765155
z7428=1212062550458368/1176944069961075
z7429=77793727303318/72103699498975
z7430=2164874579/4423680000
z7431=4346504125187/2453667840000
z7432=3282377279/1769472000
z7433=109271843/256000000
z7434=44644363589/221184000000
z7435=779062891880448/790846821953635
z7436=8790797961/8803682570
z7437=10954558581829632/10637593025732875
z7438=522843654871382/484611160799775
z7439=369168761/737280000
z7440=1039178695733/613416960000
z7441=2172813283/1179648000
z7442=29840100241/147456000000
z7443=467900685/738337522
z7444=3275304795/3693802654
z7445=262533206347776/266777358118945
z7446=100720747413/100988073410
z7447=3621640982206464/3518199022401625
z7448=44906931277702/41652315838675
z7449=4451299031/8847360000
z7450=12264851232539/7361003520000
z7451=40081781/22118400
z7452=2802163063/13824000000
z7453=28265506191/44512990310
z7454=197858543337/223117332170
z7455=56727255634581225905379/58658734793655557356252
z7456=111863367/112244246
z7457=10666440268775424/10365801106116875
z7458=546561980289858/506924975160925
z7459=506016755623/306708480000
z7460=1984880189/1105920000
z7461=5623534987/27648000000
z7462=804419153362944/819020445823075
z7463=29190161266533003411/29162268427069363300
z7464=10547476872855552/10255649813598475
z7465=68727688875742/63742025325075
z7466=254738747087/153354240000
z7467=16141280731/8847360000
z7468=44914969253/221184000000
z7469=159802821255168/162602967589703
z7470=160562573249122023523047/160289529031658005239700
z7471=10745070830678016/10443622885777675
z7472=34082611334642/31618431392475
z7473=218160263/442368000
z7474=3199864787383/1840250880000
z7475=5775127/3072000
z7476=6868165563/10908013150
z7477=48077158941/54237692050
z7478=247107208871936/239902947434775
z7479=131979792830314/122407515713825
z7480=61952353181/35389440000
z7481=1729587429/2740943330
z7482=12107112003/13657003310
z7483=4444107129/4425840490
z7484=2516286292622/2334131960875
z7485=489788359/983040000
z7486=1408580417611/817889280000
z7487=1380148571/737280000
z7488=3723616309/18432000000
z7489=3097407999/4897883590
z7490=21681855993/24454785130
z7491=52129376796672/52936288876141
z7492=147054501/147329378
z7493=3688394354835456/3581679602036825
z7494=35410401097838/32845729842075
z7495=2226492601/4423680000
z7496=6277494183733/3680501760000
z7497=5468605319/2949120000
z7498=14946454201/73728000000
z7499=2828068173/4452985202
z7500=19796477211/22323536414
z7501=52895985278976/53788076078701
z7502=18030934247313500839119/17986703622479396970100
z7503=3648147409514496/3544413911924825
z7504=267231950545534/247870916203475
z7505=559493159/1105920000
z7506=1579979048267/920125440000
z7507=1667264719/884736000
z7508=22380729973/110592000000
z7509=712183059/1118986318
z7510=4985281413/5621064226
z7511=787696172089344/800439355519075
z7512=482174880666855434667/480625216942363778500
z7513=11145591066451968/10824506363588875
z7514=13247847681354/12291396868745
z7515=127564698139/76677120000
z7516=2739796273/1474560000
z7517=7499221583/36864000000
z7518=53662593761280/54639863281261
z7519=917153377720663426707/915756538603056339620
z7520=730969490399232/710457911247685
z7521=1130462242806/1048877637625
z7522=62677814857/38338560000
z7523=182052448345839070951/185948025894174146475
z7524=2296252037638/2164708492175
z7525=2168787157/1105920000
z7526=793451692228608/806834377896035
z7527=158605715404804910679/158070339265581286100
z7528=708330216958/667835510025
z7529=553764683/1105920000
z7530=759198591823/460062720000
z7531=195378527/106496000
z7532=3509359011/5537646830
z7533=24565513077/27704327810
z7534=3126052390895616/3035717812383275
z7535=33770001645562/31375461905225
z7536=40813087/81920000
z7537=120117775683/68157440000
z7538=3979992037/2129920000
z7539=35661351/128000000
z7540=258093847/408130870
z7541=1806656929/2037716090
z7542=15954191143747584/15490059436213975
z7543=14412664622486/13371356468575
z7544=742068426217/408944640000
z7545=9843879/5120000
z7546=1266834036228096/1229608960124275
z7547=28269923169878/26208668634175
z7548=22008487/46080000
z7549=326483752147/184025088000
z7550=2231357/5120000
z7551=250731674468352/253664544919585
z7552=1503017109/1499333570
z7553=64290537994202/59654777234425
z7554=2564420929/1533542400
z7555=9982127/5324800
z7556=64482117341428300103397/66443931755603099033540
z7557=2270761713/2267040410
z7558=640468249214976/621814496164975
z7559=2768481457846/2573055215375
z7560=1113105383/2211840000
z7561=3286495099499/1840250880000
z7562=30187639/15360000
z7563=21528011/76800000
z7564=1413780435/2226210766
z7565=9896463045/11159795362
z7566=757611983536128/767012479348835
z7567=1298132028096512/1259703183074675
z7568=127448170374434/118276900720525
z7569=66681463/138240000
z7570=137839694897/76677120000
z7571=56439927/128000000
z7572=152605788733440/154606264787783
z7573=914799105/914032186
z7574=5263136031686/4885176957175
z7575=1130466353/2211840000
z7576=1489336021117/920125440000
z7577=64077799661/35389440000
z7578=1445030181/2260932706
z7579=10115211267/11402848942
z7580=567810328245469680985731/587163497535940284278620
z7581=426256501192704/414251782281923
z7582=68319171500814/63477452873675
z7583=3165539033549/1840250880000
z7584=2121555013/1105920000
z7585=476384287511515419/474945803304009092
z7586=174874462027776/169836891143755
z7587=18825685889634/17469032994925
z7588=19223389/36864000
z7589=9360736273/5898240000
z7590=166559143/88473600
z7591=11289012497/55296000000
z7592=619298649/961169450
z7593=4335090543/4884986150
z7594=163357701341184/166552834351943
z7595=10628045502293696238783/10619750232347610872500
z7596=11121803479793664/10812512228036875
z7597=1328993854042/1234691960325
z7598=31720733/61440000
z7599=1074911551/655360000
z7600=859708439/442368000
z7601=2249782633/11059200000
z7602=40713729/63441466
z7603=284996103/321210262
z7604=804962732507136/819624422649955
z7605=127530937084538509371/127240613499693549700
z7606=2305531207139328/2239666607860175
z7607=258652944494/240347091015
z7608=30827064121/19169280000
z7609=8436525481/4423680000
z7610=22658385239/110592000000
z7611=165727621398528/169186078860103
z7612=43770796127850459404079/43768151692535834106100
z7613=11279064603598848/10968155787358475
z7614=4253097316013/3951697634925
z7615=296703319/552960000
z7616=147847666387/115015680000
z7617=84854981/46080000
z7618=1933068303/2967033190
z7619=13531478121/15239632330
z7620=271916333531136/277203054989345
z7621=1085660411707196193/1083413126129313175
z7622=339349403302/326156711975
z7623=77001953/138240000
z7624=7087727233/5750784000
z7625=19596841/11059200
z7626=1429894823/6912000000
z7627=101740437/154003906
z7628=712183059/801547342
z7629=861068389515264/881964041547875
z7630=1433972774372013549/1435738364599354375
z7631=1653512678454/1587326392675
z7632=15678720869/9584640000
z7633=1835953940913656712724191/1900060729614173088791275
z7634=47941443/48248110
z7635=41143512892145664/40072757526049925
z7636=132638121538/123499569725
z7637=2292000469/4423680000
z7638=560353836637/368050176000
z7639=20475743/11520000
z7640=14729911677/22920004690
z7641=103109381739/116203232830
z7642=42492564635478122769033/43810818505474940466680
z7643=25434262921159839/25438372307880440
z7644=9659937100694613293649813/9401958202066493103347000
z7645=1390468463591424/1352733136228385
z7646=695234231795712/676366568072005
z7647=143579956410566/133342334413975
z7648=384022751/737280000
z7649=36163818271/23592960000
z7650=1319303579/737280000
z7651=3768717253/18432000000
z7652=494637867/768045502
z7653=3462465069/3901758514
z7654=690108863901464410194177/711630432704355129653750
z7655=224762198796185804379/224882318912425482500
z7656=154144225745206664511224781/150072215588267098645001150
z7657=7003577732530176/6814449682370725
z7658=3501788866265088/3407224840974425
z7659=1827347636346/1697126975225
z7660=195724873/368640000
z7661=227494400693/153354240000
z7662=975434839/552960000
z7663=568116157/2764800000
z7664=254003229/391449746
z7665=1778022603/2002868222
z7666=7803279329977906423630659/8061289573976852860942450
z7667=1009892040573158523/1012041134478728900
z7668=10331427648503808/10060619939320075
z7669=36377907311642/33784560946425
z7670=116420429/221184000
z7671=706102527053/460062720000
z7672=671951827/368640000
z7673=1887802637/9216000000
z7674=3764396169/5821021450
z7675=26350773183/29687950150
z7676=55195810725888/56343437686381
z7677=57789442508092613643/57829059128798391620
z7678=714870712270848/695551635202885
z7679=35471515047566/32948470673275
z7680=345889867211/230031360000
z7681=2635818343/1474560000
z7682=7603199513/36864000000
z7683=56729027690496/58047012091501
z7684=3386626839039/3395233680200
z7685=698771934142464/680645359158085
z7686=17930064106526/16653270244525
z7687=50787967/92160000
z7688=956816467/766771200
z7689=478112989/276480000
z7690=66842955/101575934
z7691=467900685/526711538
z7692=784909689649250526440361/812876250914054845696750
z7693=24479599293/24562487384
z7694=10093500856664064/9840317354283275
z7695=4901514431606/4561799249175
z7696=36359662973/28753920000
z7697=1291914689/737280000
z7698=3827594239/18432000000
z7699=58262244655104/59750586496621
z7700=1655647414377/1661224564600
z7701=136534631202816/133147816622657
z7702=2421062629271/2253573041275
z7703=599638657/1105920000
z7704=307072703461/230031360000
z7705=62900860043/38338560000
z7706=947345329/4608000000
z7707=3922224777/5996386570
z7708=27455573439/30915505990
z7709=3228281308278157727961/3352182097178771877460
z7710=13572633898983737173929/13623126669418252548100
z7711=41241074601172992/40206065529275525
z7712=18793046064286/17500895763875
z7713=140215253353/92012544000
z7714=340403927/184320000
z7715=280041773727744/286231321874465
z7716=17466193718206532997/17443174256198732575
z7717=7478243097/7196739175
z7718=74405278329892499127/74509876953433450900
z7719=3625588975927296/3528542177243225
z7720=35325889772654/32828520031675
z7721=16829741/30720000
z7722=8641162769/6389760000
z7723=9801569617/5898240000
z7724=1901578679/9216000000
z7725=110508693/168297410
z7726=773560851/870881870
z7727=284104493826048/290745455317025
z7728=14156444304266284711782/14211162609428907170575
z7729=2344813793658/2286782821025
z7730=6434442683375616/6274800340418725
z7731=3217221341687808/3137400169998425
z7732=1545887831774/1439821940325
z7733=19732577753/12779520000
z7734=689663881/368640000
z7735=142052246913024/145372727616325
z7736=71845791813435600909/71743628448616878175
z7737=5847805861727676055476939/5702138183189768483352850
z7738=565665290846208/550665565951225
z7739=3676824390500352/3579326178472025
z7740=2900655990778/2695874964525
z7741=6066121181/4792320000
z7742=402104851/221184000
z7743=230528137/1105920000
z7744=443399475068928/455276776548815
z7745=24254015324652260037/24279313745235135175
z7746=2133675150114816/2080540629133775
z7747=1201429778887/1118647995825
z7748=18176399/34560000
z7749=2071923991/1437696000
z7750=117508743/181763990
z7751=822561201/926747930
z7752=483337231/468111875
z7753=1657608541/1198080000
z7754=386447269/184320000
z7755=940662107/4608000000
z7756=1093709396843271/1109885956201000
z7757=23061853498408471221/22902024966412713175
z7758=6103216461/5898055175
z7759=285246367/552960000
z7760=168759392443/115015680000
z7761=365991147/570492734
z7762=2561938029/2887529138
z7763=299006481021493707565663/306772860976381160570275
z7764=21326239/21325190
z7765=8847094908418/8247068289725
z7766=24583121/49152000
z7767=13579489301/7864320000
z7768=778568637/1229156050
z7769=5449980459/6146492350
z7770=85382878199808/86561129836555
z7771=21756718103548301/21628166997169300
z7772=551879542238/512892466675
z7773=186177413/368640000
z7774=268245199873/153354240000
z7775=285909841/138240000
z7776=139522831/691200000
z7777=236817801/372354826
z7778=1657724607/1869203782
z7779=779279824060416/791087857709155
z7780=43818339991312224387/43582322662415988100
z7781=12360690428018688/11989723995640075
z7782=31733120207282/29500215263925
z7783=91284701/184320000
z7784=564916717/1105920000
z7785=779453965577/460062720000
z7786=739233637/368640000
z7787=1867752971/9216000000
z7788=3609727317/5649167170
z7789=25268091219/28484970190
z7790=264153279430656/268577439322145
z7791=306584896098065471799/305417027729814034900
z7792=3980206117257216/3863578987278425
z7793=1307385711398/1215114530551
z7794=394790826227/230031360000
z7795=332739407/163840000
z7796=2498755987/12288000000
z7797=44646239920128/45452565815575
z7798=22429827277402858607/22360600181853361140
z7799=1344998803972096/1305884848047475
z7800=16072149264782/14939531971525
z7801=27052114273/19169280000
z7802=68408648329/38338560000
z7803=17767475881785812504059941/18316583438129683122291625
z7804=3620770091439898659/3621310922639811500
z7805=45386833789280256/44154048172680325
z7806=1503619312286/1401372659975
z7807=98084951/184320000
z7808=124926941419/76677120000
z7809=362831197/184320000
z7810=637010703/980849510
z7811=4459074921/5022746570
z7812=136078962130944/138735744525125
z7813=911496463497972579/910078597954766500
z7814=779231469305856/757151210283845
z7815=5579796656642/5187528531725
z7816=63272813177/38338560000
z7817=4409406533/2211840000
z7818=11326977403/55296000000
z7819=413992406532096/422602255952335
z7820=27006715146100526991/26983604535284168564
z7821=2369857608695808/2303240653842895
z7822=8237369869534/7659190325325
z7823=10820133359/7188480000
z7824=27233345251/14376960000
z7825=158022748864512/160625109377863
z7826=2099788387227573765129/2093292835177724800900
z7827=145717141102460928/141523082158693775
z7828=537098136042/500949761425
z7829=24770141431/14376960000
z7830=29542187/13824000
z7831=15852080354923881/16062510932723800
z7832=11516070926719463247/11459025841007216500
z7833=12810298118897664/12426090228420875
z7834=992819529546/923652655025
z7835=69374431/47923200
z7836=455930299/221184000
z7837=5683004761/27648000000
z7838=16889104644347241/17159891133171800
z7839=177593734360868607711/177502441940547336500
z7840=12291785974185984/11945986390724875
z7841=1096811049997/1022597958300
z7842=122420539/221184000
z7843=315091015907/230031360000
z7844=174629977/92160000
z7845=4034401119/6121026950
z7846=28240807833/31787988650
z7847=101395001211355210130703/103262675430876545844940
z7848=4615906436313970953/4608875631088592575
z7849=3728059805073408/3630110179700825
z7850=3661652379658/3410966160785
z7851=309167357/552960000
z7852=31910017213/23003136000
z7853=141475187/73728000
z7854=1915354721/9216000000
z7855=409048929/618334714
z7856=2863342503/3222422998
z7857=417624279888572053449957/425855228747210441343940
z7858=15178181675117987001/15153568394239347875
z7859=3779295219646464/3680894180929625
z7860=9032934907646/8415899161975
z7861=80281963/138240000
z7862=2873447539/2211840000
z7863=7634683/4096000
z7864=322601531/1536000000
z7865=107644455/160563926
z7866=753511185/847467482
z7867=25225555032863349472269/25813317795322706743780
z7868=131691655360377259/131805554300033625
z7869=4395203011/4290051105
z7870=2435904159481856/2376497984696375
z7871=1217952079740928/1188248992277875
z7872=36053390534/33579120385
z7873=299319601/224640000
z7874=73197601/36864000
z7875=961121371/4608000000
z7876=42984445499737848933723/43885520028830939148604
z7877=2569183232734743/2562513566622125
z7878=3924424609824768/3821960851009625
z7879=570476100389/531997414600
z7880=7522871/11520000
z7881=67076371/92160000
z7882=123582059/69120000
z7883=362275921/1728000000
z7884=52346223/75228710
z7885=366423561/411400970
z7886=2962774422092534023683/3030044314571327646556
z7887=19956003291/19898860325
z7888=158623500051/159190882600
z7889=109002929/184320000
z7890=15940411393/19169280000
z7891=9310906417/7188480000
z7892=147054501/218005858
z7893=1029381507/1157401006
z7894=24697107/26160974
z7895=204406871058/210308660425
z7896=93772060911599616/92141110666648975
z7897=1105589979338/1032059854065
z7898=8767534609/7667712000
z7899=7170377/4320000
z7900=181277555687424/186463783625543
z7901=2620600911/2652150800
z7902=830751639810047052926511/813395220587042164504300
z7903=19235294545969152/18799424369684975
z7904=9617647272984576/9399712184209675
z7905=10123265473178/9423834771225
z7906=165308399/276480000
z7907=24208933999/28753920000
z7908=309981431/184320000
z7909=969895801/4608000000
z7910=1119144807/1653083990
z7911=7834013649/8806787930
z7912=61328678584320/63157735306861
z7913=1417924281/1434707155
z7914=650475599757312/635926531023685
z7915=547801830446/511468253125
z7916=1876849/3072000
z7917=1343974997/1597440000
z7918=482848201/276480000
z7919=1460583719/6912000000
z7920=63978717/93842450
z7921=447851019/503297150
z7922=93347257909248/96241314082499
z7923=11093469507/11207205025
z7924=617859429489/620691481400
z7925=10178302646550528/9948931753054475
z7926=38889308302/36320363145
z7927=227955257/138240000
z7928=743760703/3456000000
z7929=997026556280832/1033028671287395
z7930=5183075979/5266881425
z7931=19021971772145664/18662091728712175
z7932=9510985886072832/9331045863723275
z7933=27360797252/25526147775
z7934=2865403/3744000
z7935=17286677/9216000
z7936=245343959/1152000000
z7937=19308402927/19619384600
z7938=14013468357/13973842375
z7939=5124581/7680000
z7940=126083873/159744000
z7941=82497373/46080000
z7942=7176297/10249162
z7943=50234079/56384134
z7944=12631782995953880830551/12981589125494322949996
z7945=1014914797428767529/1019459090902697575
z7946=3485758697766912/3409101105115225
z7947=45445670686/42485597445
z7948=242024279/299520000
z7949=20284811/11059200
z7950=1483543789/6912000000
z7951=240910144091792702153415/248132881417570553593388
z7952=1540228831863560397/1546860811452529375
z7953=10736249540050944/10505674877636875
z7954=66957526337/62623852800
z7955=360829693/898560000
z7956=1969441/1440000
z7957=1454287018355250830721/1523127386956921768180
z7958=174179469/172944100
z7959=5113931504812032/5031339223797925
z7960=2556965752406016/2515669611688025
z7961=1601467294449156573/1556530205977714625
z7962=3202934589913155801/3113060412731231725
z7963=174179469/168144100
z7964=502097/691200
z7965=779059561/1797120000
z7966=590861/460800
z7967=89932401/125524250
z7968=629526807/705869750
z7969=10872549/11547170
z7970=64554972/66657625
z7971=473835560239104/467020854797125
z7972=200392150894/186818425775
z7973=39920581/89856000
z7974=1349469/1024000
z7975=82478389/384000000
z7976=29977467/31885790
z7977=443814521/458050875
z7978=814403196551168/803446610453875
z7979=197752726847/184415818450
z7980=47522719/112320000
z7981=33151061/23040000
z7982=124865587/576000000
z7983=68177454170112/70767485957741
z7984=737061999/732776525
z7985=5410058658643968/5332281453301925
z7986=2705029329321984/2666140726440025
z7987=1171420998890299297/1141258441382989165
z7988=11714209992876755329/11412584416859301325
z7989=737061999/713576525
z7990=1331849487102901330437/1400309929969137051716
z7991=737061999/756776525
z7992=3932114147/3668964310
z7993=133177937/299520000
z7994=1932837/1280000
z7995=60425851895808/62985468010775
z7996=5647556462027/5606579265460
z7997=1902061937491968/1877741227601975
z7998=951030968745984/938870613730675
z7999=31887809876/29773833475
z8000=3222199/6912000
z8001=36431071/23040000
z8002=129457601/576000000
z8003=46089379489348120721157/48006700309515393155140
z8004=163550049/162955355
z8005=1200462593261568/1186833182461985
z8006=600231296630784/593416591188805
z8007=7155692737/6686068700
z8008=2504047/4320000
z8009=272723/96000
z8010=3784003/12000000
z8011=927999/2000000
z8012=16776567/25040470
z8013=117435969/132083290
z8014=46247026/45326525
z8015=763573/960000
z8016=22015693/112320000
z8017=6020221/2160000
z8018=22015693/108000000
z8019=5592189/7635730
z8020=39145323/43850110
z8021=2037250593/1999077350
z8022=436811/432000
z8023=16469201/74880000
z8024=6234889/2880000
z8025=16469201/72000000
z8026=16776567/21840550
z8027=117435969/131283850
z8028=1019465391/1019105575
z8029=4693103/4636375
z8030=688232279876610181/667975440165257725
z8031=344116140170613689/333987720258129425
z8032=1951368869493158687/1868238498421896455
z8033=19513688700971610431/18682384988781979175
z8034=3144031/8640000
z8035=16776567/31440310
z8036=117435969/133682170
z8037=198782391481956442493/192710121542275671825
z8038=775896344559616/750653901451275
z8039=387948172279808/375326950711575
z8040=671113729/632746625
z8041=1560031/2880000
z8042=11203459/8320000
z8043=482667/1600000
z8044=2040075/3120062
z8045=14280525/16080434
z8046=13921734439/14020842600
z8047=106487235902798426/104590294909443475
z8048=145441324793856/141827441324525
z8049=10980820021936128/10707971819087575
z8050=325286543/299520000
z8051=799743/320000
z8052=49669963159533/48943438322750
z8053=1806437/3456000
z8054=2009119433/1797120000
z8055=59729541/33280000
z8056=14152009/48000000
z8057=58250241/90321850
z8058=407751687/459452950
z8059=153062954219827/152930711004460
z8060=15250608350035968/14813537519183575
z8061=150105626294/140716482175
z8062=5912123/11520000
z8063=3839274311/2396160000
z8064=264485561/133120000
z8065=9325339/32000000
z8066=37849491/59121230
z8067=264946437/298648610
z8068=6912279/6880150
z8069=17080347093368832/16572901695465175
z8070=6798767066/6344430649
z8071=8800730239/4792320000
z8072=2870971/1280000
z8073=8456399825981/8379385446750
z8074=1501568975241216/1455315632252275
z8075=310761631258/289166992025
z8076=7618747/23040000
z8077=5900771899/3594240000
z8078=4470457/1920000
z8079=272158033/269267325
z8080=672761471/654644275
z8081=1564164958978048/1515504078153075
z8082=246813764158/230532026825
z8083=11592121/34560000
z8084=350870621/299520000
z8085=31996777/16640000
z8086=8011013760053091/7973837742305050
z8087=8274051227/8036997175
z8088=218161987190784/211751155167725
z8089=16471230032904192/15987212214249175
z8090=23859214184/22412710525
z8091=992372677/599040000
z8092=4276713590273049/4220459812091950
z8093=1689356926451712/1635880969954675
z8094=40162011058/37559635175
z8095=220743/640000
z8096=3787439/2496000
z8097=819792161030429/821899664671700
z8098=65661501/65266825
z8099=16934307036807933205381/16550894930079011705025
z8100=5043326239637504/4909148565368975
z8101=2521663119818752/2454574282501675
z8102=853599513/808128725
z8103=9688187/17280000
z8104=2201328019/1797120000
z8105=5126459/1920000
z8106=14808011/48000000
z8107=64154259/96881870
z8108=449079813/505373090
z8109=865244338/849130325
z8110=17404938696510189787793/16882762812594315857325
z8111=3629097787850752/3512515723653175
z8112=1814548893925376/1756257861756275
z8113=136204943914/128236044125
z8114=12248123/34560000
z8115=287179039/224640000
z8116=32313650681/30498956275
z8117=4253437/5760000
z8118=74172767/56160000
z8119=6120225/8506874
z8120=42841575/48028118
z8121=2325560046366637996641/2408885196812060086420
z8122=1642287933/1620319175
z8123=192871135702941696/188484567642589475
z8124=96435567851470848/94242283813068175
z8125=12080047122/11383636925
z8126=2457833/3840000
z8127=367601849/399360000
z8128=169031/69120
z8129=3400125/4915666
z8130=23800875/26729662
z8131=261913903035643/258268573918750
z8132=26243243/46080000
z8133=4980103963/4792320000
z8134=315391057/179712000
z8135=174750723/262432430
z8136=1223255061/1376227010
z8137=811781584846848/827200925249635
z8138=74272962765911095134/74257938956290092875
z8139=5897451381809654932080426/5742959542263503463563375
z8140=267335513262784512/260084930680899875
z8141=133667756631392256/130042465332223375
z8142=1231066148806/1154047946775
z8143=98799467/184320000
z8144=11832325003/7667712000
z8145=75659473/34560000
z8146=643441347/987994670
z8147=4504089429/5072762690
z8148=666957248687789/661513098260750
z8149=773302920413184/750419216522075
z8150=1668301462438/1556664815175
z8151=150987209/276480000
z8152=90923808173/57507840000
z8153=51642319/23040000
z8154=23636473/115200000
z8155=990254097/1509872090
z8156=6931778679/7804304630
z8157=13229981754906662/13130099197926675
z8158=4494000391716864/4362721044443225
z8159=4044722223854/3775725984475
z8160=2791705291/1916928000
z8161=151846747/69120000
z8162=71525461/345600000
z8163=76035069/76953170
z8164=3583664142255737793/3557997510254351575
z8165=13176781835599872/12805552633745675
z8166=2152499958622/2008222003875
z8167=27853991/46080000
z8168=4698223063/4792320000
z8169=2928469/1440000
z8170=60500587/288000000
z8171=37849491/55707982
z8172=264946437/297795874
z8173=228105207/232114550
z8174=2101139623703619/2095353939509080
z8175=805379087794176/784705770693445
z8176=418429788426/391729671425
z8177=51502483/92160000
z8178=42600989/69120000
z8179=7210843093/7188480000
z8180=383700059/184320000
z8181=974897413/4608000000
z8182=58250241/85201978
z8183=407751687/458173846
z8184=75309520077/76441462600
z8185=22621181104023701973/22555503483645609175
z8186=4072325979/3973670000
z8187=8258732536233984/8050193712271525
z8188=4129366268116992/4025096855924825
z8189=614758835353/575831571275
z8190=13613623/23040000
z8191=200663411/184320000
z8192=82219493/34560000
z8193=178421551/864000000
z8194=18360675/27227246
z8195=128524725/144510722
z8196=80696207/79960195
z8197=2482364439/2411145275
z8198=28762433113817088/27921791199048175
z8199=14381216556908544/13960895598891275
z8200=45304267798/42521584575
z8201=133904651/133120000
z8202=204150067/92160000
z8203=490892717/2304000000
z8204=38677631157/39303134600
z8205=258702377063739309/257525300615131423
z8206=2421712355328/2360126134841
z8207=100933999907/94609357725
z8208=2726291/3840000
z8209=320621699/399360000
z8210=8482381/4320000
z8211=93438989/432000000
z8212=19416747/27262910
z8213=135917229/152440370
z8214=7666847397/7808270600
z8215=1104220089/1101133340
z8216=76035069/78082706
z8217=8727545308401909/8745620518082540
z8218=5629712283/5510360300
z8219=4631434736173056/4530296981467235
z8220=2315717368086528/2265148490607055
z8221=13238853602/12389962149
z8222=503400617/599040000
z8223=283572229/138240000
z8224=758991947/3456000000
z8225=64744349571/66074175800
z8226=46297202049/46169140075
z8227=40854701511/40187870525
z8228=24273067467866112/23764971156500975
z8229=12136533733933056/11882485577617675
z8230=31886154313/29870362005
z8231=28211249/46080000
z8232=30119593/149760000
z8233=1788073/720000
z8234=30119593/144000000
z8235=192462777/282112490
z8236=1347239439/1513987430
z8237=12442901696027289/12318733104761200
z8238=2208264112308112804659/2150274727677785560400
z8239=10035279742107648/9748645669621925
z8240=5017639871053824/4874322834600025
z8241=15364791234/14519447225
z8242=7298813/11520000
z8243=36602713/179712000
z8244=17887103/6912000
z8245=36602713/172800000
z8246=50329701/72988130
z8247=352307907/395716910
z8248=599846751/591488605
z8249=3819022073475645709017/3720679888648702581910
z8250=1257969813553152/1222803312747335
z8251=628984906776576/611401656348355
z8252=89962932618/85140477325
z8253=11880251/17280000
z8254=19145413/92160000
z8255=114375071/46080000
z8256=248890369/1152000000
z8257=16776567/23760502
z8258=117435969/131763514
z8259=49670322956509572/49246788907237025
z8260=2128913475347914240146369/2079058820507188078626550
z8261=10000285218373632/9742993753231525
z8262=5000142609186816/4871496876404825
z8263=9455256144/8919787475
z8264=42803999/199680000
z8265=17740241/7680000
z8266=42803999/192000000
z8267=2929095869/2912542175
z8268=100852858454680396709333/98926931622984023398350
z8269=3071379629932544/3005026828677175
z8270=1535689814966272/1502513414268275
z8271=20486388312/19293149425
z8272=448901/480000
z8273=2625443/1440000
z8274=680025/897802
z8275=4760175/5324614
z8276=1543930641/1582989800
z8277=24010767/23854430
z8278=1409918384996352/1391473898524705
z8279=704959192498176/695736949220165
z8280=8053364748/7544289475
z8281=68172811/299520000
z8282=22643549/11520000
z8283=68172811/288000000
z8284=212321664496575/218761763077318
z8285=7641846232645632/7559253951631525
z8286=3820923116322816/3779626975604825
z8287=30729582468/28840553825
z8288=19667/30000
z8289=17621/5000
z8290=342667/1000000
z8291=2183999/4000000
z8292=68502/98335
z8293=479514/538345
z8294=6061069/5917350
z8295=981686392995957272559/950104973633538642100
z8296=4881017462587392/4716284641669175
z8297=2440508731293696/2358142320764275
z8298=1218571081/1158892925
z8299=16367/18000
z8300=46327393/224640000
z8301=5537779/1728000
z8302=46327393/216000000
z8303=308259/409175
z8304=2157813/2414225
z8305=248162481/243660875
z8306=673583877/656222375
z8307=39553017694912512/38394580785787375
z8308=19776508847456256/19197290392260875
z8309=21934279458/20791067825
z8310=104669/90000
z8311=11744803/49920000
z8312=4703261/1920000
z8313=11744803/48000000
z8314=411012/523345
z8315=2877084/3213415
z8316=93736237/93800225
z8317=3245468049997824/3201887037419575
z8318=1622734024998912/1600943518639475
z8319=4874284324/4583991625
Written witnesses:
Leaf R0000 B=[z0,z1,z2,z3,z4,z5,z6,z7,z8,z9,z8,z8] h=z10 horizon=27 mass=z4.
Cells
  z11:B1:73613867;z12:0:Nlo:43240015;z13:1:Q:501372132;z14:1:span:2;z15:1:A:814129
  11;z16:1:A:93999135;z17:P:13938295.
Sum=807576357; test 807576357/1000000000+(1-z4)^7 <= 9632612/10000000.
Leaf R00010 B=[z0,z18,z2,z19,z5,z20,z21,z7,z8,z22,z8,z8] h=z10 horizon=27 mass=z5.
Cells
  z23:B1:92331671;z24:0:Nlo:314302035;z25:0:Nhi:18197106;z26:0:Nhi:77756608;z27:1:
  Q:205326894;z28:1:span:2;z29:1:A:33235967;z30:D1:A:23046392;z31:1:A:2;z15:D1:Q:2
  835761;z17:D1:Q:70574889.
Sum=837607327; test 837607327/1000000000+(1-z5)^7 <= 9748739/10000000.
Leaf R000110 B=[z0,z18,z2,z19,z5,z20,z21,z7,z22,z32,z8,z8] h=z10 horizon=27
  mass=z5.
Cells
  z23:B1:92331671;z24:0:Nlo:314302035;z25:0:Nhi:18197106;z33:J1:231071959;z27:1:Q:
  39779709;z28:J1:2;z29:1:A:33235967;z34:D1:A:10458678;z35:JD1:2;z36:D1:Q:12227654
  ;z15:JD1:5028275;z17:JD1:92775786.
Sum=849408844; test 849408844/1000000000+(1-z5)^7 <= 9866754/10000000.
Leaf R000111 B=[z0,z18,z2,z19,z5,z20,z21,z7,z32,z9,z8,z8] h=z10 horizon=27
  mass=z5.
Cells
  z23:B1:92331671;z37:0:Nlo:113590043;z24:J1:192327997;z38:0:Nhi:8979616;z39:J1:93
  792510;z28:J1:172009269;z15:1:A:61854388;z40:1:A:84662140;z17:P:21495402.
Sum=841043036; test 841043036/1000000000+(1-z5)^7 <= 9783096/10000000.
Leaf R0010000 B=[z0,z41,z42,z43,z4,z44,z6,z45,z8,z22,z8,z8] h=z10 horizon=27
  mass=z4.
Cells
  z46:B1:64087509;z47:0:Nlo:328300236;z25:0:Nhi:22634717;z48:0:Nhi:94397594;z49:1:
  Q:177576142;z15:D1:Q:79407261;z17:D1:Q:65034268.
Sum=831437727; test 831437727/1000000000+(1-z4)^7 <= 9871225/10000000.
Leaf R0010001 B=[z0,z41,z42,z43,z4,z44,z50,z7,z8,z22,z8,z8] h=z10 horizon=29
  mass=z50.
Cells
  z46:B1:64087509;z47:0:Nlo:328300236;z25:0:Nhi:22634717;z48:0:Nhi:94397594;z51:1:
  Q:216787801;z52:1:span:2;z53:1:A:34721095;z15:D1:A:16608562;z54:D1:A:7692236;z55
  :D1:span:2;z17:D1:Q:64457839;z56:D1:Q:127829807;z57:D1:Q:2676538.
Sum=980193938; test 980193938/1000000000+(1-z50)^7 <= 9928793/10000000.
Leaf R00100100 B=[z0,z58,z59,z60,z44,z61,z62,z63,z8,z22,z8,z8] h=z10 horizon=27
  mass=z44.
Cells
  z64:B1:68856958;z65:0:Nlo:326291024;z25:0:Nhi:21750761;z66:0:Nhi:103161286;z67:1
  :Q:171092582;z15:D1:Q:86791499;z17:D1:Q:62996941.
Sum=840941051; test 840941051/1000000000+(1-z44)^7 <= 9871683/10000000.
Leaf R00100101 B=[z0,z1,z68,z69,z61,z5,z70,z71,z8,z22,z8,z8] h=z10 horizon=27
  mass=z61.
Cells
  z11:B1:73613867;z72:0:Nlo:324120273;z25:0:Nhi:20933220;z73:0:Nhi:110542869;z74:1
  :Q:170902936;z15:D1:Q:89668936;z17:D1:Q:62312551.
Sum=852094652; test 852094652/1000000000+(1-z61)^7 <= 9937809/10000000.
Leaf R00100110 B=[z0,z58,z59,z60,z44,z61,z45,z7,z8,z22,z8,z8] h=z10 horizon=29
  mass=z45.
Cells
  z64:B1:68856958;z65:0:Nlo:326291024;z25:0:Nhi:21750761;z66:0:Nhi:103161286;z75:1
  :Q:224163658;z76:1:span:2;z77:1:A:24363348;z15:D1:A:21379844;z78:D1:A:3057956;z7
  9:D1:span:2;z17:D1:Q:66662391;z80:D1:Q:117101036;z57:D1:Q:2478323.
Sum=979266589; test 979266589/1000000000+(1-z45)^7 <= 9903701/10000000.
Leaf R00100111 B=[z0,z1,z68,z69,z61,z5,z63,z7,z8,z22,z8,z8] h=z10 horizon=29
  mass=z63.
Cells
  z11:B1:73613867;z72:0:Nlo:324120273;z25:0:Nhi:20933220;z73:0:Nhi:110542869;z81:1
  :Q:231404261;z82:1:span:2;z83:1:A:17439061;z15:D1:A:23829609;z84:D1:A:612460;z85
  :D1:span:2;z17:D1:Q:68163307;z86:D1:Q:113387938;z57:D1:Q:2414290.
Sum=986461159; test 986461159/1000000000+(1-z63)^7 <= 9968288/10000000.
Leaf R0010100 B=[z0,z87,z88,z43,z4,z44,z6,z7,z22,z9,z8,z8] h=z10 horizon=27
  mass=z4.
Cells
  z89:B1:13470755;z90:0:Nlo:323109902;z25:0:Nhi:43240109;z48:0:Nhi:94397594;z91:J1
  :171622881;z51:1:Q:34655366;z52:J1:2;z15:1:A:52430968;z92:1:A:97025275;z17:P:719
  6267.
Sum=837149119; test 837149119/1000000000+(1-z4)^7 <= 9928339/10000000.
Leaf R00101010 B=[z0,z93,z94,z69,z44,z5,z62,z7,z22,z32,z8,z8] h=z10 horizon=27
  mass=z44.
Cells
  z95:B1:16838458;z96:0:Nlo:327291959;z25:0:Nhi:40129267;z73:0:Nhi:110542869;z97:J
  1:189257330;z81:1:Q:29514058;z82:J1:2;z77:1:A:20263052;z98:D1:A:10373138;z99:JD1
  :2;z15:D1:Q:12222911;z17:JD1:88302119.
Sum=844735165; test 844735165/1000000000+(1-z44)^7 <= 9909625/10000000.
Leaf R00101011 B=[z0,z93,z94,z69,z44,z5,z62,z7,z32,z9,z8,z8] h=z10 horizon=27
  mass=z44.
Cells
  z95:B1:16838458;z96:0:Nlo:327291959;z25:0:Nhi:40129267;z100:0:Nhi:85592637;z101:
  J1:94471636;z82:J1:137303860;z15:1:A:43544582;z102:1:A:93455502;z17:P:9280267.
Sum=847908168; test 847908168/1000000000+(1-z44)^7 <= 9941355/10000000.
Leaf R00101100 B=[z103,z41,z42,z104,z4,z44,z6,z7,z22,z9,z8,z8] h=z10 horizon=27
  mass=z4.
Cells
  z46:B1:64087509;z105:0:Nlo:107873665;z47:J1:216077868;z106:0:Nhi:11128825;z107:J
  1:220421456;z108:1:Q:42944343;z109:J1:2;z15:1:A:68009452;z110:1:A:95219232;z17:P
  :11247635.
Sum=837009987; test 837009987/1000000000+(1-z4)^7 <= 9926948/10000000.
Leaf R00101101000 B=[z103,z111,z112,z113,z4,z114,z6,z7,z22,z115,z8,z8] h=z10
  horizon=27 mass=z4.
Cells
  z116:B1:59317561;z117:0:Nlo:330117358;z25:0:Nhi:23593519;z118:J1:245023288;z119:
  1:Q:37932364;z120:J1:2;z53:1:A:40714573;z15:D1:A:16838106;z121:D1:A:969464;z122:
  JD1:2;z123:D1:Q:11979571;z17:JD1:66299267.
Sum=832785075; test 832785075/1000000000+(1-z4)^7 <= 9884699/10000000.
Leaf R00101101001 B=[z124,z41,z125,z43,z114,z44,z126,z7,z22,z115,z8,z8] h=z10
  horizon=27 mass=z114.
Cells
  z46:B1:64087509;z47:0:Nlo:328300236;z25:0:Nhi:22634717;z48:0:Nhi:94060424;z91:J1
  :171622882;z51:1:Q:34655366;z52:J1:2;z127:1:A:32026292;z128:D1:A:17089603;z129:J
  D1:2;z15:D1:Q:2229567;z130:D1:Q:9612290;z17:JD1:68760554.
Sum=845079444; test 845079444/1000000000+(1-z114)^7 <= 9959720/10000000.
Leaf R00101101010 B=[z103,z111,z112,z113,z4,z114,z6,z7,z115,z32,z8,z8] h=z10
  horizon=27 mass=z4.
Cells
  z116:B1:59317561;z117:0:Nlo:330117358;z25:0:Nhi:23593519;z131:J1:255198229;z119:
  1:Q:18807428;z120:J1:2;z53:1:A:40714574;z132:D1:A:13190811;z133:JD1:2;z15:D1:Q:3
  952064;z17:JD1:88472063.
Sum=833363611; test 833363611/1000000000+(1-z4)^7 <= 9890484/10000000.
Leaf R00101101011 B=[z124,z41,z125,z43,z114,z44,z126,z7,z115,z32,z8,z8] h=z10
  horizon=27 mass=z114.
Cells
  z46:B1:64087509;z47:0:Nlo:328300236;z25:0:Nhi:22634717;z48:0:Nhi:94060424;z134:J
  1:183145533;z51:1:Q:17138902;z52:J1:2;z127:1:A:32026294;z135:D1:A:12213917;z136:
  JD1:2;z137:D1:Q:3781334;z15:JD1:3763366;z17:JD1:87784010.
Sum=848936246; test 848936246/1000000000+(1-z114)^7 <= 9998288/10000000.
Leaf R0010110110 B=[z103,z111,z112,z113,z4,z114,z6,z7,z32,z9,z8,z8] h=z10
  horizon=27 mass=z4.
Cells
  z116:B1:59317561;z117:0:Nlo:330117358;z25:0:Nhi:23593519;z138:J1:101295411;z120:
  J1:166302378;z15:1:A:58384995;z139:1:A:96264864;z17:P:8912567.
Sum=844188653; test 844188653/1000000000+(1-z4)^7 <= 9998735/10000000.
Leaf R001011011100 B=[z124,z41,z125,z43,z114,z44,z126,z7,z32,z140,z8,z8] h=z10
  horizon=27 mass=z114.
Cells
  z46:B1:64087509;z47:0:Nlo:328300236;z25:0:Nhi:22634717;z141:0:Nhi:65723811;z142:
  J1:66409558;z52:J1:155587646;z127:1:A:32026292;z143:D1:A:10687873;z15:JD1:923292
  2;z144:JD1:32621736;z17:JD1:58738257.
Sum=846050557; test 846050557/1000000000+(1-z114)^7 <= 9969431/10000000.
Leaf R001011011101 B=[z124,z41,z125,z43,z114,z44,z126,z7,z140,z145,z8,z8] h=z10
  horizon=27 mass=z114.
Cells
  z46:B1:64087509;z47:0:Nlo:328300236;z25:0:Nhi:22634717;z146:0:Nhi:22825208;z147:
  J1:24238247;z52:J1:237911003;z127:1:A:32026292;z148:D1:A:9500468;z15:JD1:1058778
  1;z149:JD1:49104072;z17:JD1:47297678.
Sum=848513211; test 848513211/1000000000+(1-z114)^7 <= 9994058/10000000.
Leaf R001011011110 B=[z124,z150,z151,z152,z114,z153,z126,z7,z145,z9,z8,z8] h=z10
  horizon=27 mass=z114.
Cells
  z154:B1:61701772;z155:0:Nlo:329234894;z25:0:Nhi:23104181;z156:J1:274096927;z15:1
  :A:55248399;z157:1:A:94433961;z17:P:10015834.
Sum=847835968; test 847835968/1000000000+(1-z114)^7 <= 9987285/10000000.
Leaf R00101101111100 B=[z158,z159,z160,z161,z153,z162,z163,z7,z145,z164,z8,z8]
  h=z10 horizon=27 mass=z153.
Cells
  z165:B1:62894557;z166:0:Nlo:328773818;z25:0:Nhi:22867041;z167:J1:279219044;z168:
  1:A:32048333;z169:D1:A:8320195;z15:JD1:13266723;z170:JD1:63155386;z171:JD1:35796
  588;z17:P:1692085.
Sum=848033770; test 848033770/1000000000+(1-z153)^7 <= 9965780/10000000.
Leaf R00101101111101 B=[z158,z159,z160,z161,z153,z162,z163,z7,z164,z9,z8,z8] h=z10
  horizon=27 mass=z153.
Cells
  z165:B1:62894557;z166:0:Nlo:328773818;z25:0:Nhi:22867041;z167:J1:277614330;z15:1
  :A:53802905;z172:1:A:93511926;z17:P:10569391.
Sum=850033968; test 850033968/1000000000+(1-z153)^7 <= 9985782/10000000.
Leaf R00101101111110 B=[z173,z41,z174,z43,z162,z44,z175,z7,z145,z164,z8,z8] h=z10
  horizon=27 mass=z162.
Cells
  z46:B1:64087509;z47:0:Nlo:328300237;z25:0:Nhi:22634717;z52:J1:284319088;z176:1:A
  :29974652;z177:D1:A:8070358;z15:JD1:14209016;z178:JD1:62592823;z179:JD1:35852696
  ;z17:P:2091343.
Sum=852132439; test 852132439/1000000000+(1-z162)^7 <= 9995143/10000000.
Leaf R001011011111110 B=[z173,z180,z181,z182,z162,z183,z175,z7,z164,z9,z8,z8]
  h=z10 horizon=27 mass=z162.
Cells
  z184:B1:63491026;z185:0:Nlo:328538558;z25:0:Nhi:22750287;z186:J1:280115698;z15:1
  :A:53108098;z187:1:A:93049155;z17:P:10846734.
Sum=851899556; test 851899556/1000000000+(1-z162)^7 <= 9992814/10000000.
Leaf R0010110111111110 B=[z188,z41,z189,z43,z183,z44,z190,z7,z164,z191,z8,z8]
  h=z10 horizon=27 mass=z183.
Cells
  z46:B1:64087509;z47:0:Nlo:328300238;z25:0:Nhi:22634717;z52:J1:282611025;z192:1:A
  :29630125;z193:D1:A:7606481;z15:JD1:15101827;z194:JD1:78061366;z195:JD1:17440736
  ;z17:P:6656681.
Sum=852130705; test 852130705/1000000000+(1-z183)^7 <= 9989343/10000000.
Leaf R00101101111111110 B=[z188,z41,z189,z196,z183,z44,z190,z7,z191,z9,z8,z8]
  h=z10 horizon=27 mass=z183.
Cells
  z46:B1:64087509;z197:0:Nlo:184565915;z47:J1:138400301;z106:0:Nhi:11128825;z198:J
  1:270564233;z15:1:A:59215441;z199:1:A:92784406;z17:P:11055246.
Sum=831801876; test 831801876/1000000000+(1-z183)^7 <= 9786055/10000000.
Leaf R00101101111111111 B=[z188,z41,z200,z43,z183,z44,z190,z7,z191,z9,z8,z8] h=z10
  horizon=27 mass=z183.
Cells
  z46:B1:64087509;z47:0:Nlo:328300237;z25:0:Nhi:22634717;z52:J1:281883002;z15:1:A:
  52430970;z201:1:A:93287353;z17:P:9987716.
Sum=852611504; test 852611504/1000000000+(1-z183)^7 <= 9994151/10000000.
Leaf R0010111000 B=[z87,z1,z202,z203,z44,z5,z62,z7,z22,z115,z8,z8] h=z10
  horizon=27 mass=z44.
Cells
  z11:B1:73613867;z72:0:Nlo:324120273;z25:0:Nhi:20933220;z204:0:Nhi:86401271;z205:
  J1:164467703;z206:1:Q:37048706;z207:J1:2;z77:1:A:33659373;z208:D1:A:16117713;z20
  9:JD1:2;z15:D1:Q:5638291;z210:D1:Q:3809336;z17:JD1:75174345.
Sum=840984102; test 840984102/1000000000+(1-z44)^7 <= 9872114/10000000.
Leaf R0010111001 B=[z87,z1,z202,z203,z44,z5,z62,z7,z115,z32,z8,z8] h=z10
  horizon=27 mass=z44.
Cells
  z11:B1:73613867;z72:0:Nlo:324120273;z25:0:Nhi:20933220;z211:J1:261490441;z206:1:
  Q:18356429;z207:J1:2;z77:1:A:33659373;z212:D1:A:11630980;z213:JD1:2;z214:D1:Q:44
  85926;z15:JD1:6190990;z17:JD1:88697732.
Sum=843179235; test 843179235/1000000000+(1-z44)^7 <= 9894065/10000000.
Leaf R0010111010 B=[z87,z58,z59,z215,z44,z61,z62,z7,z32,z9,z8,z8] h=z10 horizon=27
  mass=z44.
Cells
  z64:B1:68856958;z216:0:Nlo:226217627;z65:J1:97271041;z217:0:Nhi:10702032;z218:J1
  :95518985;z219:J1:172043962;z15:1:A:61876219;z220:1:A:91218954;z17:P:13987606.
Sum=837693384; test 837693384/1000000000+(1-z44)^7 <= 9839207/10000000.
Leaf R0010111011 B=[z221,z1,z68,z203,z61,z5,z70,z7,z32,z9,z8,z8] h=z10 horizon=27
  mass=z61.
Cells
  z11:B1:73613867;z72:0:Nlo:324120273;z25:0:Nhi:20933220;z222:J1:109616043;z207:J1
  :163486821;z15:1:A:56755132;z223:1:A:89009988;z17:P:15704980.
Sum=853240324; test 853240324/1000000000+(1-z61)^7 <= 9949266/10000000.
Leaf R001011110000 B=[z87,z58,z224,z60,z44,z61,z62,z7,z22,z225,z8,z8] h=z10
  horizon=27 mass=z44.
Cells
  z64:B1:68856958;z65:0:Nlo:326291024;z25:0:Nhi:21750761;z66:0:Nhi:102744515;z226:
  J1:180662572;z75:1:Q:31884226;z76:J1:2;z77:1:A:24363348;z227:D1:A:19844221;z228:
  JD1:2;z15:D1:Q:1759054;z229:D1:Q:12765565;z17:JD1:58856656.
Sum=849778904; test 849778904/1000000000+(1-z44)^7 <= 9960062/10000000.
Leaf R001011110001 B=[z87,z58,z224,z60,z44,z61,z62,z7,z225,z115,z8,z8] h=z10
  horizon=27 mass=z44.
Cells
  z64:B1:68856958;z65:0:Nlo:326291024;z25:0:Nhi:21750761;z66:0:Nhi:102744515;z230:
  J1:193366227;z75:1:Q:15736043;z76:J1:2;z77:1:A:24363348;z231:D1:A:15568257;z232:
  JD1:2;z15:D1:Q:6307267;z233:D1:Q:4022599;z17:JD1:72150862.
Sum=851157865; test 851157865/1000000000+(1-z44)^7 <= 9973852/10000000.
Leaf R001011110010 B=[z221,z234,z235,z69,z61,z5,z70,z7,z22,z115,z8,z8] h=z10
  horizon=27 mass=z61.
Cells
  z236:B1:43458475;z237:0:Nlo:334314082;z25:0:Nhi:27516641;z238:0:Nhi:98126630;z97
  :J1:201863658;z81:1:Q:29514058;z82:J1:2;z83:1:A:17439061;z239:D1:A:13358714;z240
  :JD1:2;z15:D1:Q:11167767;z241:D1:Q:3272670;z17:JD1:69333464.
Sum=849365224; test 849365224/1000000000+(1-z61)^7 <= 9910515/10000000.
Leaf R0010111100110 B=[z242,z243,z244,z245,z61,z5,z70,z7,z22,z115,z8,z8] h=z246
  horizon=27 mass=z61.
Cells
  z247:B1:58445191;z248:0:Nlo:330426571;z25:0:Nhi:23777938;z249:0:Nhi:131708070;z2
  50:J1:157792886;z251:1:Q:30006573;z252:J1:2;z83:1:A:21549647;z253:D1:A:15548431;
  z254:JD1:2;z15:D1:Q:8698598;z255:D1:Q:3633716;z17:JD1:70185048.
Sum=851772673; test 851772673/1000000000+(1-z61)^7 <= 9934589/10000000.
Leaf R0010111100111 B=[z256,z1,z257,z258,z61,z5,z70,z7,z22,z115,z8,z8] h=z259
  horizon=27 mass=z61.
Cells
  z11:B1:73613867;z72:0:Nlo:324120273;z25:0:Nhi:20933220;z260:J1:207848720;z261:1:
  Q:30978761;z262:J1:2;z83:1:A:57123881;z15:D1:A:22580435;z263:D1:A:3406353;z264:J
  D1:2;z265:D1:Q:10932414;z17:JD1:55992591.
Sum=807530519; test 807530519/1000000000+(1-z61)^7 <= 9492168/10000000.
Leaf R001011110100 B=[z87,z58,z224,z60,z44,z61,z62,z7,z115,z266,z8,z8] h=z10
  horizon=27 mass=z44.
Cells
  z64:B1:68856958;z65:0:Nlo:326291024;z25:0:Nhi:21750761;z66:0:Nhi:102744515;z230:
  J1:190378981;z75:1:Q:15736043;z76:J1:2;z77:1:A:24363348;z267:D1:A:12805347;z268:
  JD1:2;z269:D1:Q:6336741;z15:JD1:3019607;z17:JD1:80835835.
Sum=853119164; test 853119164/1000000000+(1-z44)^7 <= 9993465/10000000.
Leaf R0010111101010 B=[z87,z270,z271,z272,z44,z273,z62,z7,z266,z32,z8,z8] h=z10
  horizon=27 mass=z44.
Cells
  z274:B1:66473092;z275:0:Nlo:327317630;z25:0:Nhi:22183942;z276:0:Nhi:98589927;z27
  7:J1:137586310;z278:J1:63335353;z77:1:A:26706552;z279:D1:A:11105095;z280:JD1:2;z
  281:D1:Q:2548211;z15:JD1:8703099;z282:JD1:10283558;z17:JD1:75093128.
Sum=849925899; test 849925899/1000000000+(1-z44)^7 <= 9961532/10000000.
Leaf R0010111101011 B=[z283,z58,z284,z60,z273,z61,z285,z7,z266,z32,z8,z8] h=z10
  horizon=27 mass=z273.
Cells
  z64:B1:68856958;z65:0:Nlo:326291024;z25:0:Nhi:21750761;z286:0:Nhi:100655218;z287
  :J1:144707377;z76:J1:60944396;z288:1:A:22966392;z289:D1:A:10329549;z15:JD1:13387
  802;z290:JD1:8994770;z17:JD1:76037579.
Sum=854921826; test 854921826/1000000000+(1-z273)^7 <= 9988632/10000000.
Leaf R001011110110 B=[z221,z234,z235,z69,z61,z5,z70,z7,z115,z32,z8,z8] h=z10
  horizon=27 mass=z61.
Cells
  z236:B1:43458475;z237:0:Nlo:334314082;z25:0:Nhi:27516641;z238:0:Nhi:98126630;z29
  1:J1:209471396;z81:1:Q:14541634;z82:J1:2;z83:1:A:17439061;z292:D1:A:9079347;z293
  :JD1:2;z294:D1:Q:7147876;z15:JD1:8963727;z17:JD1:82061448.
Sum=852120321; test 852120321/1000000000+(1-z61)^7 <= 9938066/10000000.
Leaf R0010111101110 B=[z242,z243,z244,z245,z61,z5,z70,z7,z115,z32,z8,z8] h=z246
  horizon=27 mass=z61.
Cells
  z247:B1:58445191;z248:0:Nlo:330426571;z25:0:Nhi:23777938;z249:0:Nhi:131708070;z2
  95:J1:167476724;z251:1:Q:14792069;z252:J1:2;z83:1:A:21549647;z296:D1:A:10687337;
  z297:JD1:2;z298:D1:Q:6910258;z15:JD1:7328478;z17:JD1:83428887.
Sum=856531174; test 856531174/1000000000+(1-z61)^7 <= 9982174/10000000.
Leaf R0010111101111 B=[z256,z1,z257,z258,z61,z5,z70,z7,z115,z32,z8,z8] h=z259
  horizon=27 mass=z61.
Cells
  z11:B1:73613867;z72:0:Nlo:324120273;z25:0:Nhi:20933220;z299:J1:216042323;z261:1:
  Q:15358317;z262:J1:2;z83:1:A:57123883;z300:D1:A:19843222;z301:JD1:2;z15:D1:Q:328
  9276;z17:JD1:79974583.
Sum=810298968; test 810298968/1000000000+(1-z61)^7 <= 9519852/10000000.
Leaf R001011111000 B=[z87,z242,z302,z60,z44,z61,z62,z7,z32,z145,z8,z8] h=z10
  horizon=27 mass=z44.
Cells
  z303:B1:40016386;z304:0:Nlo:334718303;z25:0:Nhi:28575111;z305:0:Nhi:76304879;z30
  6:J1:80904479;z76:J1:145952417;z77:1:A:24363348;z307:D1:A:8353313;z15:JD1:145084
  37;z308:JD1:28685744;z17:JD1:64218565.
Sum=846600982; test 846600982/1000000000+(1-z44)^7 <= 9928283/10000000.
Leaf R0010111110010 B=[z87,z309,z310,z272,z44,z273,z62,z7,z145,z9,z8,z8] h=z10
  horizon=27 mass=z44.
Cells
  z311:B1:38314968;z312:0:Nlo:334829176;z25:0:Nhi:29135452;z278:J1:294477923;z15:1
  :A:49886440;z313:1:A:95534673;z17:P:4803971.
Sum=846982603; test 846982603/1000000000+(1-z44)^7 <= 9932099/10000000.
Leaf R0010111110011 B=[z283,z242,z314,z60,z273,z61,z285,z7,z145,z9,z8,z8] h=z10
  horizon=27 mass=z273.
Cells
  z303:B1:40016386;z304:0:Nlo:334718303;z25:0:Nhi:28575111;z315:0:Nhi:102317143;z7
  6:J1:199819695;z15:1:A:47577062;z316:1:A:94572718;z17:P:5526370.
Sum=853122788; test 853122788/1000000000+(1-z273)^7 <= 9970642/10000000.
Leaf R00101111101000 B=[z317,z318,z319,z272,z44,z273,z62,z7,z32,z9,z8,z8] h=z10
  horizon=27 mass=z44.
Cells
  z320:B1:45186315;z321:0:Nlo:334029513;z25:0:Nhi:27019133;z322:0:Nhi:63696353;z32
  3:J1:80980460;z278:J1:150640165;z15:1:A:49886437;z324:1:A:94720945;z17:P:6568314
  .
Sum=852727635; test 852727635/1000000000+(1-z44)^7 <= 9989549/10000000.
Leaf R001011111010010 B=[z309,z325,z326,z327,z273,z61,z285,z7,z32,z145,z8,z8]
  h=z328 horizon=27 mass=z273.
Cells
  z329:B1:47080070;z330:0:Nlo:333661112;z25:0:Nhi:26497059;z331:0:Nhi:62169491;z33
  2:J1:93511057;z333:J1:146153644;z288:1:A:23492728;z334:D1:A:8065422;z15:JD1:1612
  8608;z335:JD1:27051619;z17:JD1:66288080.
Sum=850098890; test 850098890/1000000000+(1-z273)^7 <= 9940403/10000000.
Leaf R001011111010011 B=[z309,z325,z326,z327,z273,z61,z285,z7,z145,z9,z8,z8]
  h=z328 horizon=27 mass=z273.
Cells
  z329:B1:47080070;z330:0:Nlo:333661112;z25:0:Nhi:26497059;z336:0:Nhi:62898726;z33
  3:J1:235475415;z15:1:A:48077111;z337:1:A:93727087;z17:P:7236011.
Sum=854652591; test 854652591/1000000000+(1-z273)^7 <= 9985940/10000000.
Leaf R0010111110101 B=[z338,z256,z339,z340,z44,z61,z62,z7,z32,z9,z8,z8] h=z341
  horizon=27 mass=z44.
Cells
  z342:B1:54285483;z343:0:Nlo:331791661;z25:0:Nhi:24700560;z344:0:Nhi:58113579;z34
  5:J1:66035675;z346:J1:150442798;z15:1:A:59763447;z347:1:A:93567394;z17:P:6896827
  .
Sum=845597424; test 845597424/1000000000+(1-z44)^7 <= 9918247/10000000.
Leaf R001011111011 B=[z348,z58,z224,z349,z44,z61,z62,z7,z32,z9,z8,z8] h=z350
  horizon=27 mass=z44.
Cells
  z64:B1:68856958;z351:0:Nlo:229610832;z65:J1:93940066;z217:0:Nhi:10702032;z352:J1
  :85682209;z353:J1:155522215;z15:1:A:78122840;z354:1:A:91833765;z17:P:7931693.
Sum=822202610; test 822202610/1000000000+(1-z44)^7 <= 9684299/10000000.
Leaf R001011111100 B=[z221,z234,z235,z69,z61,z5,z70,z7,z32,z145,z8,z8] h=z10
  horizon=27 mass=z61.
Cells
  z236:B1:43458475;z237:0:Nlo:334314082;z25:0:Nhi:27516641;z100:0:Nhi:85287808;z10
  1:J1:94471636;z82:J1:137303860;z83:1:A:17439061;z355:D1:A:6875481;z15:JD1:188067
  67;z356:JD1:26132250;z17:JD1:66196711.
Sum=857802772; test 857802772/1000000000+(1-z61)^7 <= 9994890/10000000.
Leaf R00101111110100 B=[z221,z357,z358,z359,z61,z360,z70,z7,z145,z9,z8,z8] h=z10
  horizon=27 mass=z61.
Cells
  z361:B1:40872253;z362:0:Nlo:334639383;z25:0:Nhi:28302939;z363:0:Nhi:103993067;z3
  64:J1:201328458;z15:1:A:46500616;z365:1:A:93708701;z17:P:6028593.
Sum=855374010; test 855374010/1000000000+(1-z61)^7 <= 9970602/10000000.
Leaf R00101111110101 B=[z366,z367,z368,z369,z360,z370,z371,z7,z145,z9,z8,z8] h=z10
  horizon=27 mass=z360.
Cells
  z372:B1:41731333;z373:0:Nlo:334545414;z25:0:Nhi:28035898;z374:0:Nhi:106823309;z3
  75:J1:201718417;z15:1:A:45471731;z376:1:A:93222044;z17:P:6391377.
Sum=857939523; test 857939523/1000000000+(1-z360)^7 <= 9985096/10000000.
Leaf R001011111101100 B=[z377,z378,z379,z380,z370,z381,z382,z7,z145,z9,z8,z8]
  h=z10 horizon=27 mass=z370.
Cells
  z383:B1:42593460;z384:0:Nlo:334436838;z25:0:Nhi:27773846;z385:J1:292605562;z15:1
  :A:50337355;z386:1:A:92733485;z17:P:6754566.
Sum=847235112; test 847235112/1000000000+(1-z370)^7 <= 9866965/10000000.
Leaf R001011111101101 B=[z377,z378,z387,z388,z370,z381,z382,z7,z145,z9,z8,z8]
  h=z10 horizon=27 mass=z370.
Cells
  z383:B1:42593460;z384:0:Nlo:334436838;z25:0:Nhi:27773845;z389:0:Nhi:109530206;z3
  90:J1:202132690;z15:1:A:44487325;z391:1:A:93937005;z17:P:4243987.
Sum=859135356; test 859135356/1000000000+(1-z370)^7 <= 9985968/10000000.
Leaf R001011111101110 B=[z392,z234,z393,z394,z381,z5,z395,z7,z145,z9,z8,z8] h=z10
  horizon=27 mass=z381.
Cells
  z236:B1:43458475;z237:0:Nlo:334314082;z25:0:Nhi:27516640;z396:0:Nhi:94561982;z39
  7:J1:202024178;z15:1:A:49281431;z398:1:A:92242974;z17:P:7118189.
Sum=850517951; test 850517951/1000000000+(1-z381)^7 <= 9888782/10000000.
Leaf R0010111111011110 B=[z392,z234,z399,z69,z381,z5,z395,z7,z145,z164,z8,z8]
  h=z10 horizon=27 mass=z381.
Cells
  z236:B1:43458475;z237:0:Nlo:334314082;z25:0:Nhi:27516641;z400:0:Nhi:112120615;z8
  2:J1:202570944;z401:1:A:15285838;z402:D1:A:5427909;z15:JD1:22570719;z403:JD1:628
  78747;z17:JD1:31172704.
Sum=857316674; test 857316674/1000000000+(1-z381)^7 <= 9956769/10000000.
Leaf R0010111111011111 B=[z392,z234,z399,z69,z381,z5,z395,z7,z164,z9,z8,z8] h=z10
  horizon=27 mass=z381.
Cells
  z236:B1:43458475;z237:0:Nlo:334314083;z25:0:Nhi:27516641;z396:0:Nhi:94561982;z82
  :J1:218116956;z15:1:A:43544584;z404:1:A:93467013;z17:P:4586116.
Sum=859565850; test 859565850/1000000000+(1-z381)^7 <= 9979261/10000000.
Leaf R001011111110000 B=[z242,z405,z406,z407,z61,z370,z70,z7,z32,z145,z8,z8]
  h=z246 horizon=27 mass=z61.
Cells
  z408:B1:48983746;z409:0:Nlo:333235620;z25:0:Nhi:25994762;z410:0:Nhi:60713919;z41
  1:J1:96614257;z412:J1:143159456;z83:1:A:23744741;z413:D1:A:8419245;z15:JD1:16968
  569;z414:JD1:26334541;z17:JD1:66013535.
Sum=850182391; test 850182391/1000000000+(1-z61)^7 <= 9918686/10000000.
Leaf R001011111110001 B=[z242,z405,z406,z407,z61,z370,z70,z7,z145,z9,z8,z8] h=z246
  horizon=27 mass=z61.
Cells
  z408:B1:48983746;z409:0:Nlo:333235620;z25:0:Nhi:25994762;z415:0:Nhi:63377877;z41
  2:J1:233571498;z15:1:A:49569870;z416:1:A:92708268;z17:P:7353567.
Sum=854795208; test 854795208/1000000000+(1-z61)^7 <= 9964814/10000000.
Leaf R00101111111001 B=[z367,z417,z418,z419,z370,z5,z382,z7,z32,z9,z8,z8] h=z420
  horizon=27 mass=z370.
Cells
  z421:B1:50895946;z422:0:Nlo:332756637;z25:0:Nhi:25511140;z423:0:Nhi:59324770;z42
  4:J1:99649317;z425:J1:140286413;z15:1:A:50978817;z426:1:A:91696246;z17:P:7470696
  .
Sum=858569982; test 858569982/1000000000+(1-z370)^7 <= 9980314/10000000.
Leaf R0010111111101 B=[z325,z243,z244,z427,z61,z5,z70,z7,z32,z9,z8,z8] h=z428
  horizon=27 mass=z61.
Cells
  z247:B1:58445191;z248:0:Nlo:330426572;z25:0:Nhi:23777938;z429:0:Nhi:55421438;z43
  0:J1:70842424;z431:J1:144432117;z15:1:A:62889008;z432:1:A:91512826;z17:P:7092049
  .
Sum=844839563; test 844839563/1000000000+(1-z61)^7 <= 9865258/10000000.
Leaf R001011111111 B=[z256,z1,z257,z258,z61,z5,z70,z7,z32,z9,z8,z8] h=z259
  horizon=27 mass=z61.
Cells
  z11:B1:73613867;z433:0:Nlo:231291322;z72:J1:91213048;z434:0:Nhi:10306717;z435:J1
  :87527766;z262:J1:149235112;z15:1:A:81330732;z436:1:A:89734812;z17:P:8143511.
Sum=822396887; test 822396887/1000000000+(1-z61)^7 <= 9640831/10000000.
Leaf R0011000 B=[z0,z437,z3,z438,z5,z20,z21,z439,z8,z22,z8,z8] h=z10 horizon=27
  mass=z5.
Cells
  z440:B1:24396742;z441:0:Nlo:332573667;z25:0:Nhi:35079688;z260:0:Nhi:270281422;z4
  42:B11/25:35317134;z443:1:Q:5151764;z15:D1:Q:85921242;z17:D1:Q:58928851.
Sum=847650510; test 847650510/1000000000+(1-z5)^7 <= 9849171/10000000.
Leaf R0011001 B=[z0,z437,z3,z438,z5,z20,z71,z7,z8,z22,z8,z8] h=z10 horizon=29
  mass=z71.
Cells
  z440:B1:24396742;z441:0:Nlo:332573667;z25:0:Nhi:35079688;z260:0:Nhi:270281422;z4
  44:B11/25:30180264;z445:1:Q:76493938;z446:1:span:2;z29:1:A:3108324;z447:D1:A:157
  47974;z448:1:A:2;z15:D1:Q:10903066;z17:D1:Q:64149117;z449:D1:Q:88181958;z57:D1:Q
  :1792579.
Sum=952888743; test 952888743/1000000000+(1-z71)^7 <= 9625627/10000000.
Leaf R0011010 B=[z93,z18,z450,z438,z5,z20,z21,z7,z8,z451,z8,z8] h=z10 horizon=29
  mass=z21.
Cells
  z23:B1:92331671;z24:0:Nlo:314302035;z25:0:Nhi:18197106;z452:0:Nhi:238770347;z260
  :1:Q:26515767;z444:B11/25:30180264;z445:1:Q:76493940;z446:1:span:2;z29:1:A:31083
  24;z15:D1:A:25340242;z17:D1:A:46830997;z57:D1:A:52635288.
Sum=924705983; test 924705983/1000000000+(1-z21)^7 <= 9786822/10000000.
Leaf R0011011000 B=[z93,z453,z454,z455,z5,z456,z21,z457,z451,z22,z8,z8] h=z10
  horizon=27 mass=z5.
Cells
  z458:B1:50464347;z459:0:Nlo:332869070;z25:0:Nhi:25618552;z460:0:Nhi:211201379;z4
  52:J1:25223132;z260:1:Q:24360534;z461:B11/25:21432783;z462:1:Q:8962488;z15:D1:Q:
  90471756;z463:D1:Q:53779294;z17:JD1:5746659.
Sum=850129994; test 850129994/1000000000+(1-z5)^7 <= 9873966/10000000.
Leaf R0011011001 B=[z464,z465,z466,z438,z456,z20,z467,z439,z451,z22,z8,z8] h=z10
  horizon=27 mass=z456.
Cells
  z468:B1:57573359;z469:0:Nlo:330727943;z25:0:Nhi:23965262;z470:0:Nhi:227912410;z2
  60:J1:36852147;z444:B11/25:30180265;z15:D1:Q:93536630;z471:D1:Q:51165082;z17:JD1
  :6881346.
Sum=858794444; test 858794444/1000000000+(1-z456)^7 <= 9875752/10000000.
Leaf R001101101 B=[z93,z465,z472,z438,z5,z20,z71,z7,z451,z22,z8,z8] h=z10
  horizon=29 mass=z71.
Cells
  z468:B1:57573359;z469:0:Nlo:330727943;z25:0:Nhi:23965262;z460:0:Nhi:211201379;z2
  60:J1:53892488;z444:B11/25:30180264;z445:1:Q:76493940;z446:J1:2;z29:1:A:3108324;
  z447:D1:A:15747974;z448:JD1:2;z15:D1:Q:10903066;z473:D1:Q:62141147;z17:JD1:37888
  40;z449:JD1:97890719;z57:JD1:2044349.
Sum=979659058; test 979659058/1000000000+(1-z71)^7 <= 9893330/10000000.
Leaf R0011011100 B=[z234,z474,z475,z476,z5,z456,z21,z457,z451,z22,z8,z8] h=z477
  horizon=27 mass=z5.
Cells
  z478:B1:83050331;z479:0:Nlo:319396629;z25:0:Nhi:19469544;z480:0:Nhi:174274540;z4
  81:J1:49133647;z462:1:Q:59936157;z15:D1:Q:85865963;z482:D1:Q:45960180;z17:JD1:14
  175447.
Sum=851262438; test 851262438/1000000000+(1-z5)^7 <= 9885290/10000000.
Leaf R0011011101 B=[z234,z474,z475,z476,z5,z456,z71,z7,z451,z22,z8,z8] h=z477
  horizon=29 mass=z71.
Cells
  z478:B1:83050331;z479:0:Nlo:319396629;z25:0:Nhi:19469544;z480:0:Nhi:174274540;z4
  81:J1:49133647;z483:1:Q:113614284;z484:J1:2;z29:1:A:17821976;z15:D1:A:25735884;z
  485:D1:A:2658455;z486:JD1:2;z487:D1:Q:54379398;z17:JD1:8876148;z449:JD1:10763373
  5;z57:JD1:2327643.
Sum=978372218; test 978372218/1000000000+(1-z71)^7 <= 9880462/10000000.
Leaf R001101111 B=[z453,z18,z488,z489,z456,z20,z467,z7,z451,z22,z8,z8] h=z490
  horizon=27 mass=z456.
Cells
  z23:B1:92331671;z24:0:Nlo:314302035;z25:0:Nhi:18197106;z491:0:Nhi:158014272;z492
  :J1:46265560;z493:1:Q:126139492;z494:J1:2;z495:1:A:17388611;z15:D1:A:29705758;z4
  96:D1:A:3498095;z497:JD1:2;z498:D1:Q:53362277;z17:JD1:4463832.
Sum=863668713; test 863668713/1000000000+(1-z456)^7 <= 9924494/10000000.
Leaf R00111000 B=[z0,z499,z3,z455,z5,z456,z21,z7,z22,z9,z8,z8] h=z10 horizon=27
  mass=z5.
Cells
  z500:B1:2352474;z501:0:Nlo:279020911;z25:0:Nhi:69360445;z502:0:Nhi:115979443;z50
  3:J1:212810162;z504:1:Q:25679515;z505:J1:2;z15:1:A:37231334;z506:1:A:89812648;z1
  7:P:11396633.
Sum=843643567; test 843643567/1000000000+(1-z5)^7 <= 9809102/10000000.
Leaf R00111001 B=[z0,z507,z508,z438,z456,z20,z467,z7,z22,z9,z8,z8] h=z10
  horizon=27 mass=z456.
Cells
  z509:B1:3043209;z510:0:Nlo:286100484;z25:0:Nhi:65315234;z260:0:Nhi:270281422;z51
  1:B11/25:14860539;z512:J1:67090918;z445:1:Q:22716852;z446:D1:Q:2;z15:1:A:3251573
  3;z513:1:A:86077681;z17:P:13560334.
Sum=861562408; test 861562408/1000000000+(1-z456)^7 <= 9903431/10000000.
Leaf R001110100 B=[z514,z437,z3,z515,z5,z20,z21,z7,z22,z32,z8,z8] h=z10 horizon=27
  mass=z5.
Cells
  z440:B1:24396742;z441:0:Nlo:332573668;z25:0:Nhi:35079688;z516:0:Nhi:111964187;z5
  17:J1:191377370;z518:1:Q:28968234;z519:J1:2;z29:1:A:13620592;z520:D1:A:7468541;z
  521:1:A:2;z522:D1:Q:14772040;z15:JD1:5953385;z17:JD1:86212862.
Sum=852387313; test 852387313/1000000000+(1-z5)^7 <= 9896539/10000000.
Leaf R001110101 B=[z514,z437,z3,z515,z5,z20,z21,z7,z32,z9,z8,z8] h=z10 horizon=27
  mass=z5.
Cells
  z440:B1:24396742;z441:0:Nlo:332573668;z25:0:Nhi:35079688;z523:0:Nhi:87504964;z52
  4:J1:97775758;z519:J1:135259737;z15:1:A:42630532;z506:1:A:89812649;z17:P:1139663
  3.
Sum=856430371; test 856430371/1000000000+(1-z5)^7 <= 9936970/10000000.
Leaf R0011101100 B=[z514,z464,z203,z455,z5,z456,z21,z7,z22,z32,z8,z8] h=z10
  horizon=27 mass=z5.
Cells
  z525:B1:20493607;z526:0:Nlo:330392160;z25:0:Nhi:37435257;z502:0:Nhi:115697822;z5
  03:J1:212810162;z504:1:Q:25679515;z505:J1:2;z29:1:A:8036819;z527:D1:A:5566875;z5
  28:1:A:2;z529:D1:Q:16355049;z15:JD1:6511937;z17:JD1:82958998.
Sum=861938205; test 861938205/1000000000+(1-z5)^7 <= 9992048/10000000.
Leaf R00111011010 B=[z514,z530,z203,z531,z5,z532,z21,z7,z32,z9,z8,z8] h=z10
  horizon=27 mass=z5.
Cells
  z533:B1:18632593;z534:0:Nlo:328966389;z25:0:Nhi:38735565;z535:0:Nhi:93192921;z53
  6:J1:107270994;z537:J1:129532978;z15:1:A:40141526;z538:1:A:92538473;z17:P:586952
  5.
Sum=854880964; test 854880964/1000000000+(1-z5)^7 <= 9921475/10000000.
Leaf R00111011011 B=[z539,z464,z540,z455,z532,z456,z541,z7,z32,z9,z8,z8] h=z10
  horizon=27 mass=z532.
Cells
  z525:B1:20493607;z526:0:Nlo:330392160;z25:0:Nhi:37435257;z542:0:Nhi:99927143;z54
  3:J1:119439760;z505:J1:122533558;z15:1:A:37231332;z544:1:A:91016790;z17:P:644947
  9.
Sum=864919086; test 864919086/1000000000+(1-z532)^7 <= 9978847/10000000.
Leaf R00111011100 B=[z499,z437,z545,z438,z456,z20,z467,z7,z22,z115,z8,z8] h=z10
  horizon=27 mass=z456.
Cells
  z440:B1:24396742;z441:0:Nlo:332573667;z25:0:Nhi:35079688;z260:0:Nhi:268849477;z5
  11:B11/25:14860539;z512:J1:67090918;z495:1:Q:19700108;z546:D1:Q:19692361;z15:JD1
  :13795601;z17:JD1:67620094.
Sum=863659195; test 863659195/1000000000+(1-z456)^7 <= 9924399/10000000.
Leaf R00111011101 B=[z499,z437,z545,z438,z456,z20,z467,z7,z115,z32,z8,z8] h=z10
  horizon=27 mass=z456.
Cells
  z440:B1:24396742;z441:0:Nlo:332573667;z25:0:Nhi:35079688;z547:0:Nhi:120396349;z2
  60:J1:145810132;z511:B11/25:14860539;z495:J1:84666227;z445:1:Q:3016744;z446:D1:Q
  :2;z15:JD1:31134720;z17:JD1:77498258.
Sum=869433068; test 869433068/1000000000+(1-z456)^7 <= 9982138/10000000.
Leaf R001110111100 B=[z499,z548,z545,z549,z456,z550,z467,z7,z32,z145,z8,z8] h=z10
  horizon=27 mass=z456.
Cells
  z551:B1:22416592;z552:0:Nlo:331588675;z25:0:Nhi:36219276;z553:0:Nhi:105829829;z5
  54:J1:131092754;z495:J1:115551883;z555:1:Q:653362;z556:D1:Q:2;z557:1:A:4492394;z
  15:JD1:29542620;z558:JD1:19032277;z17:JD1:69267109.
Sum=865686773; test 865686773/1000000000+(1-z456)^7 <= 9944675/10000000.
Leaf R001110111101 B=[z499,z548,z545,z549,z456,z550,z467,z7,z145,z9,z8,z8] h=z10
  horizon=27 mass=z456.
Cells
  z551:B1:22416592;z552:0:Nlo:331588675;z25:0:Nhi:36219276;z559:0:Nhi:173483115;z4
  95:J1:173022924;z555:1:Q:653362;z556:J1:2;z15:1:A:34714253;z560:1:A:89485560;z17
  :P:7043602.
Sum=868627361; test 868627361/1000000000+(1-z456)^7 <= 9974081/10000000.
Leaf R001110111110 B=[z561,z437,z562,z438,z550,z20,z563,z7,z32,z145,z8,z8] h=z10
  horizon=27 mass=z550.
Cells
  z440:B1:24396742;z441:0:Nlo:332573667;z25:0:Nhi:35079688;z564:0:Nhi:115718645;z5
  65:J1:136606967;z566:J1:104264029;z15:JD1:37912260;z567:JD1:16208612;z17:JD1:710
  56517.
Sum=873817127; test 873817127/1000000000+(1-z550)^7 <= 9985263/10000000.
Leaf R0011101111110 B=[z561,z568,z562,z569,z550,z570,z563,z7,z145,z9,z8,z8] h=z10
  horizon=27 mass=z550.
Cells
  z571:B1:23399817;z572:0:Nlo:332106562;z25:0:Nhi:35640390;z573:0:Nhi:178809729;z5
  74:J1:172377598;z15:1:A:33579071;z575:1:A:87942270;z17:P:7654042.
Sum=871509479; test 871509479/1000000000+(1-z550)^7 <= 9962187/10000000.
Leaf R0011101111111 B=[z576,z437,z577,z438,z570,z20,z578,z7,z145,z9,z8,z8] h=z10
  horizon=27 mass=z570.
Cells
  z440:B1:24396742;z441:0:Nlo:332573667;z25:0:Nhi:35079688;z579:0:Nhi:183871214;z5
  80:J1:170683744;z445:1:Q:460160;z446:J1:2;z15:1:A:32515731;z581:1:A:87165237;z17
  :P:7966129.
Sum=874712314; test 874712314/1000000000+(1-z570)^7 <= 9974275/10000000.
Leaf R0011110000 B=[z93,z453,z454,z545,z5,z456,z21,z7,z22,z32,z8,z8] h=z10
  horizon=27 mass=z5.
Cells
  z458:B1:50464347;z459:0:Nlo:332869069;z25:0:Nhi:25618552;z582:0:Nhi:93430307;z58
  3:J1:185656640;z584:1:Q:32528031;z585:J1:2;z29:1:A:19838399;z586:D1:A:8815067;z5
  87:JD1:2;z588:D1:Q:13637032;z15:JD1:5545007;z17:JD1:87407816.
Sum=855810271; test 855810271/1000000000+(1-z5)^7 <= 9930769/10000000.
Leaf R0011110001 B=[z93,z453,z454,z545,z5,z456,z21,z7,z32,z9,z8,z8] h=z10
  horizon=27 mass=z5.
Cells
  z458:B1:50464347;z459:0:Nlo:332869069;z25:0:Nhi:25618552;z589:0:Nhi:73833235;z59
  0:J1:77416221;z585:J1:148237098;z15:1:A:48690900;z591:1:A:88844227;z17:P:1332735
  8.
Sum=859301007; test 859301007/1000000000+(1-z5)^7 <= 9965676/10000000.
Leaf R00111100100 B=[z464,z465,z466,z515,z456,z20,z467,z7,z22,z115,z8,z8] h=z10
  horizon=27 mass=z456.
Cells
  z468:B1:57573359;z469:0:Nlo:330727944;z25:0:Nhi:23965262;z592:0:Nhi:85262553;z59
  3:J1:224832049;z518:1:Q:24404584;z519:J1:2;z495:1:A:7685327;z594:D1:A:6590609;z5
  95:JD1:2;z596:D1:Q:16915125;z15:JD1:9145460;z17:JD1:72560386.
Sum=859662662; test 859662662/1000000000+(1-z456)^7 <= 9884434/10000000.
Leaf R00111100101 B=[z464,z465,z466,z515,z456,z20,z467,z7,z115,z32,z8,z8] h=z10
  horizon=27 mass=z456.
Cells
  z468:B1:57573359;z469:0:Nlo:330727944;z25:0:Nhi:23965262;z592:0:Nhi:85262553;z59
  7:J1:231281047;z518:1:Q:9836291;z519:J1:2;z495:1:A:7685327;z598:D1:A:4368623;z59
  9:JD1:2;z600:D1:Q:7260793;z15:JD1:21845016;z17:JD1:82954935.
Sum=862761154; test 862761154/1000000000+(1-z456)^7 <= 9915419/10000000.
Leaf R00111100110 B=[z464,z601,z602,z562,z456,z550,z467,z7,z32,z9,z8,z8] h=z10
  horizon=27 mass=z456.
Cells
  z603:B1:54009971;z604:0:Nlo:331875298;z25:0:Nhi:24764363;z605:0:Nhi:80959648;z60
  6:J1:87833295;z607:J1:133258257;z608:1:Q:8226068;z609:J1:2;z15:1:A:45459925;z610
  :1:A:84781719;z17:P:15993950.
Sum=867162496; test 867162496/1000000000+(1-z456)^7 <= 9959432/10000000.
Leaf R001111001110 B=[z548,z465,z611,z515,z550,z20,z563,z7,z32,z145,z8,z8] h=z10
  horizon=27 mass=z550.
Cells
  z468:B1:57573359;z469:0:Nlo:330727944;z25:0:Nhi:23965262;z612:0:Nhi:81689468;z52
  4:J1:103663205;z519:J1:135259740;z566:1:A:4629528;z613:D1:A:1998111;z614:1:A:2;z
  615:D1:Q:2133788;z15:JD1:33059520;z616:JD1:13995534;z17:JD1:79002056.
Sum=867697517; test 867697517/1000000000+(1-z550)^7 <= 9924067/10000000.
Leaf R001111001111 B=[z548,z465,z611,z515,z550,z20,z563,z7,z145,z9,z8,z8] h=z10
  horizon=27 mass=z550.
Cells
  z468:B1:57573359;z469:0:Nlo:330727944;z25:0:Nhi:23965262;z617:0:Nhi:102335839;z5
  19:J1:214660793;z15:1:A:42630535;z618:1:A:82557850;z17:P:17601935.
Sum=872053517; test 872053517/1000000000+(1-z550)^7 <= 9967627/10000000.
Leaf R001111010000 B=[z93,z453,z619,z455,z5,z456,z21,z457,z22,z115,z8,z8] h=z10
  horizon=27 mass=z5.
Cells
  z458:B1:50464347;z459:0:Nlo:332869070;z25:0:Nhi:25618552;z460:0:Nhi:211201379;z4
  62:J1:75311945;z15:JD1:92030698;z17:JD1:66802708.
Sum=854298699; test 854298699/1000000000+(1-z5)^7 <= 9915653/10000000.
Leaf R001111010001 B=[z93,z453,z619,z455,z5,z456,z71,z7,z22,z115,z8,z8] h=z10
  horizon=29 mass=z71.
Cells
  z458:B1:50464347;z459:0:Nlo:332869070;z25:0:Nhi:25618552;z460:0:Nhi:211201379;z5
  03:J1:115892770;z504:1:Q:25679515;z505:J1:2;z29:1:A:8036821;z620:D1:A:8735113;z6
  21:JD1:2;z15:D1:Q:18688057;z622:D1:Q:1684293;z17:JD1:70372832;z449:JD1:107739933
  ;z623:JD1:2138080;z57:P:162648.
Sum=979283414; test 979283414/1000000000+(1-z71)^7 <= 9889574/10000000.
Leaf R0011110100100 B=[z93,z624,z625,z531,z5,z532,z21,z7,z115,z266,z8,z8] h=z10
  horizon=27 mass=z5.
Cells
  z626:B1:46944301;z627:0:Nlo:333689396;z25:0:Nhi:26533722;z582:0:Nhi:93430307;z62
  8:J1:229037322;z629:1:Q:13513304;z537:J1:2;z29:1:A:11052820;z630:D1:A:8089945;z6
  31:JD1:2;z632:D1:Q:9140505;z15:JD1:10391263;z17:JD1:75011969.
Sum=856834858; test 856834858/1000000000+(1-z5)^7 <= 9941014/10000000.
Leaf R0011110100101 B=[z93,z624,z625,z531,z5,z532,z21,z7,z266,z32,z8,z8] h=z10
  horizon=27 mass=z5.
Cells
  z626:B1:46944301;z627:0:Nlo:333689396;z25:0:Nhi:26533722;z582:0:Nhi:93430307;z63
  3:J1:186240334;z537:J1:52899730;z29:1:A:11052820;z634:D1:A:6704761;z15:JD1:21222
  519;z635:JD1:5729835;z17:JD1:74219560.
Sum=858667285; test 858667285/1000000000+(1-z5)^7 <= 9959339/10000000.
Leaf R0011110100110 B=[z530,z453,z636,z455,z532,z456,z541,z7,z115,z266,z8,z8]
  h=z10 horizon=27 mass=z532.
Cells
  z458:B1:50464347;z459:0:Nlo:332869070;z25:0:Nhi:25618552;z637:0:Nhi:200502112;z6
  38:J1:140073730;z504:1:Q:6651821;z505:J1:2;z639:1:A:5058768;z640:D1:A:4387102;z6
  41:JD1:2;z642:D1:Q:10228358;z15:JD1:15862028;z17:JD1:74105507.
Sum=865821399; test 865821399/1000000000+(1-z532)^7 <= 9987870/10000000.
Leaf R00111101001110 B=[z530,z643,z644,z645,z532,z646,z541,z7,z266,z32,z8,z8]
  h=z10 horizon=27 mass=z532.
Cells
  z647:B1:48700607;z648:0:Nlo:333302241;z25:0:Nhi:26068113;z649:0:Nhi:89160751;z65
  0:J1:199435117;z651:J1:45305749;z652:1:Q:5868516;z653:J1:2;z639:1:A:6523421;z654
  :D1:A:4315731;z15:JD1:26426467;z655:JD1:2724086;z17:JD1:76183953.
Sum=864014754; test 864014754/1000000000+(1-z532)^7 <= 9969804/10000000.
Leaf R00111101001111 B=[z656,z453,z657,z455,z646,z456,z658,z7,z266,z32,z8,z8]
  h=z10 horizon=27 mass=z646.
Cells
  z458:B1:50464347;z459:0:Nlo:332869070;z25:0:Nhi:25618552;z659:0:Nhi:195542206;z6
  60:J1:99840221;z661:J1:39724875;z504:1:Q:9873196;z505:J1:2;z662:1:A:3546504;z663
  :D1:A:2535912;z664:1:A:2;z665:D1:Q:3456875;z15:JD1:26204329;z666:JD1:1148773;z17
  :JD1:77364131.
Sum=868188995; test 868188995/1000000000+(1-z646)^7 <= 9990478/10000000.
Leaf R001111010100 B=[z93,z624,z625,z667,z5,z532,z21,z7,z32,z9,z8,z8] h=z10
  horizon=27 mass=z5.
Cells
  z626:B1:46944301;z627:0:Nlo:333689395;z25:0:Nhi:26533722;z668:0:Nhi:80969123;z66
  9:J1:87813405;z670:J1:141498865;z15:1:A:45465827;z671:1:A:91427304;z17:P:8140067
  .
Sum=862482009; test 862482009/1000000000+(1-z5)^7 <= 9997486/10000000.
Leaf R00111101010100 B=[z93,z624,z672,z531,z5,z532,z21,z7,z32,z140,z8,z8] h=z10
  horizon=27 mass=z5.
Cells
  z626:B1:46944301;z627:0:Nlo:333689396;z25:0:Nhi:26533722;z535:0:Nhi:93005364;z53
  6:J1:107270994;z537:J1:129532979;z29:1:A:11052820;z673:D1:A:5724454;z15:JD1:2248
  9383;z674:JD1:29054171;z17:JD1:54679699.
Sum=859977283; test 859977283/1000000000+(1-z5)^7 <= 9972439/10000000.
Leaf R001111010101010 B=[z93,z675,z676,z677,z5,z678,z21,z7,z140,z145,z8,z8] h=z10
  horizon=27 mass=z5.
Cells
  z679:B1:45196536;z680:0:Nlo:334027680;z25:0:Nhi:27016251;z681:0:Nhi:111462386;z6
  82:J1:210037219;z29:1:A:12737987;z683:D1:A:5418152;z15:JD1:23038599;z684:JD1:470
  05092;z17:JD1:41704080.
Sum=857643982; test 857643982/1000000000+(1-z5)^7 <= 9949106/10000000.
Leaf R001111010101011 B=[z685,z624,z686,z531,z678,z532,z687,z7,z140,z145,z8,z8]
  h=z10 horizon=27 mass=z678.
Cells
  z626:B1:46944301;z627:0:Nlo:333689396;z25:0:Nhi:26533722;z688:0:Nhi:122251654;z6
  89:J1:203289177;z629:1:Q:1741799;z537:J1:2;z690:1:A:9582389;z691:D1:A:4363602;z1
  5:JD1:25565307;z692:JD1:45857631;z17:JD1:42537739.
Sum=862356719; test 862356719/1000000000+(1-z678)^7 <= 9974582/10000000.
Leaf R00111101010110 B=[z93,z693,z394,z531,z5,z532,z21,z7,z145,z9,z8,z8] h=z10
  horizon=27 mass=z5.
Cells
  z694:B1:31963193;z695:0:Nlo:334610977;z25:0:Nhi:31495458;z696:0:Nhi:124909531;z5
  37:J1:201260367;z15:1:A:40141528;z697:1:A:93935086;z17:P:2978340.
Sum=861294480; test 861294480/1000000000+(1-z5)^7 <= 9985611/10000000.
Leaf R0011110101011100 B=[z698,z675,z676,z677,z5,z678,z21,z7,z145,z164,z8,z8]
  h=z10 horizon=27 mass=z5.
Cells
  z679:B1:45196536;z680:0:Nlo:334027680;z25:0:Nhi:27016251;z699:0:Nhi:95066439;z68
  2:J1:224694477;z29:1:A:12737985;z700:D1:A:4816236;z15:JD1:23948821;z701:JD1:6220
  8949;z17:JD1:31860757.
Sum=861574131; test 861574131/1000000000+(1-z5)^7 <= 9988407/10000000.
Leaf R00111101010111010 B=[z698,z702,z703,z704,z5,z705,z21,z7,z164,z9,z8,z8] h=z10
  horizon=27 mass=z5.
Cells
  z706:B1:44326218;z707:0:Nlo:334177562;z25:0:Nhi:27264153;z708:0:Nhi:71583564;z70
  9:J1:244158890;z15:1:A:42640915;z710:1:A:92995175;z17:P:4928832.
Sum=862075309; test 862075309/1000000000+(1-z5)^7 <= 9993419/10000000.
Leaf R001111010101110110 B=[z711,z675,z712,z713,z705,z678,z714,z7,z164,z9,z8,z8]
  h=z10 horizon=27 mass=z705.
Cells
  z679:B1:45196536;z680:0:Nlo:334027681;z25:0:Nhi:27016251;z715:0:Nhi:70770340;z71
  6:J1:238640898;z15:1:A:44364449;z717:1:A:92521454;z17:P:5272168.
Sum=857809777; test 857809777/1000000000+(1-z705)^7 <= 9939901/10000000.
Leaf R0011110101011101110 B=[z711,z718,z719,z720,z705,z721,z714,z7,z164,z9,z8,z8]
  h=z10 horizon=27 mass=z705.
Cells
  z722:B1:44761065;z723:0:Nlo:334104267;z25:0:Nhi:27139638;z715:0:Nhi:70770340;z72
  4:J1:246693460;z15:1:A:42202984;z725:1:A:93231363;z17:P:3813177.
Sum=862716294; test 862716294/1000000000+(1-z705)^7 <= 9988966/10000000.
Leaf R0011110101011101111 B=[z726,z675,z727,z677,z721,z678,z728,z7,z164,z9,z8,z8]
  h=z10 horizon=27 mass=z721.
Cells
  z679:B1:45196536;z680:0:Nlo:334027680;z25:0:Nhi:27016253;z729:0:Nhi:70370594;z68
  2:J1:248804657;z15:1:A:41773949;z730:1:A:92999487;z17:P:3979475.
Sum=864168631; test 864168631/1000000000+(1-z721)^7 <= 9998086/10000000.
Leaf R0011110101011110 B=[z731,z624,z686,z732,z678,z532,z687,z7,z145,z9,z8,z8]
  h=z10 horizon=27 mass=z678.
Cells
  z626:B1:46944301;z627:0:Nlo:333689395;z25:0:Nhi:26533722;z733:0:Nhi:90023375;z73
  4:J1:226671025;z15:1:A:42638318;z735:1:A:91915386;z17:P:5880805.
Sum=864296327; test 864296327/1000000000+(1-z678)^7 <= 9993978/10000000.
Leaf R001111010101111100 B=[z731,z736,z737,z738,z678,z739,z687,z7,z145,z164,z8,z8]
  h=z10 horizon=27 mass=z678.
Cells
  z740:B1:46069280;z741:0:Nlo:333864831;z25:0:Nhi:26772815;z742:0:Nhi:96617886;z74
  3:J1:226124975;z690:1:A:10411461;z744:D1:A:4082066;z15:JD1:26152990;z745:JD1:619
  52230;z17:JD1:30956846.
Sum=863005380; test 863005380/1000000000+(1-z678)^7 <= 9981068/10000000.
Leaf R001111010101111101 B=[z746,z624,z747,z531,z739,z532,z748,z7,z145,z164,z8,z8]
  h=z10 horizon=27 mass=z739.
Cells
  z626:B1:46944301;z627:0:Nlo:333689396;z25:0:Nhi:26533722;z749:0:Nhi:98936863;z53
  7:J1:226718886;z750:1:A:8841682;z751:D1:A:3581642;z15:JD1:27411226;z752:JD1:6141
  6597;z17:JD1:31355409.
Sum=865429724; test 865429724/1000000000+(1-z739)^7 <= 9994596/10000000.
Leaf R0011110101011111100 B=[z731,z753,z754,z738,z678,z739,z687,z7,z164,z9,z8,z8]
  h=z10 horizon=27 mass=z678.
Cells
  z755:B1:38536805;z756:0:Nlo:334818325;z25:0:Nhi:29060878;z757:0:Nhi:69975321;z74
  3:J1:252608444;z15:1:A:40941489;z758:1:A:93939328;z17:P:1732714.
Sum=861613304; test 861613304/1000000000+(1-z678)^7 <= 9967147/10000000.
Leaf R0011110101011111101 B=[z746,z759,z760,z531,z739,z532,z748,z7,z164,z9,z8,z8]
  h=z10 horizon=27 mass=z739.
Cells
  z761:B1:39315725;z762:0:Nlo:334771566;z25:0:Nhi:28802674;z763:0:Nhi:69197905;z53
  7:J1:256840001;z15:1:A:40141523;z764:1:A:93494088;z17:P:2043702.
Sum=864607184; test 864607184/1000000000+(1-z739)^7 <= 9986371/10000000.
Leaf R001111010101111111000
  B=[z765,z766,z767,z738,z678,z739,z687,z7,z164,z9,z8,z8] h=z10 horizon=27
  mass=z678.
Cells
  z768:B1:40397948;z769:0:Nlo:334684970;z25:0:Nhi:28452999;z770:0:Nhi:62661390;z74
  3:J1:260571166;z15:1:A:40941489;z771:1:A:93627112;z17:P:2378529.
Sum=863715603; test 863715603/1000000000+(1-z678)^7 <= 9988170/10000000.
Leaf R001111010101111111001
  B=[z772,z773,z774,z775,z678,z739,z687,z7,z164,z9,z8,z8] h=z776 horizon=27
  mass=z678.
Cells
  z777:B1:42274874;z778:0:Nlo:334478591;z25:0:Nhi:27870006;z779:0:Nhi:61065077;z78
  0:J1:254827619;z15:1:A:43729333;z781:1:A:93296354;z17:P:2447925.
Sum=859989779; test 859989779/1000000000+(1-z678)^7 <= 9950912/10000000.
Leaf R001111010101111111010
  B=[z753,z782,z783,z784,z739,z532,z748,z7,z164,z9,z8,z8] h=z785 horizon=27
  mass=z739.
Cells
  z786:B1:41201594;z787:0:Nlo:334605073;z25:0:Nhi:28199851;z788:0:Nhi:134664869;z7
  89:J1:189216964;z15:1:A:40941144;z790:1:A:93171627;z17:P:2524324.
Sum=864525446; test 864525446/1000000000+(1-z739)^7 <= 9985553/10000000.
Leaf R001111010101111111011
  B=[z766,z791,z792,z793,z739,z532,z748,z7,z164,z9,z8,z8] h=z794 horizon=27
  mass=z739.
Cells
  z795:B1:43102786;z796:0:Nlo:334366200;z25:0:Nhi:27621724;z797:0:Nhi:60398338;z79
  8:J1:255169347;z15:1:A:44329761;z799:1:A:92835032;z17:P:2467083.
Sum=860290271; test 860290271/1000000000+(1-z739)^7 <= 9943202/10000000.
Leaf R0011110101011111111 B=[z800,z624,z801,z802,z678,z532,z687,z7,z164,z9,z8,z8]
  h=z803 horizon=27 mass=z678.
Cells
  z626:B1:46944301;z627:0:Nlo:333689396;z25:0:Nhi:26533724;z804:0:Nhi:59547865;z80
  5:J1:250885129;z15:1:A:46289779;z806:1:A:92519625;z17:P:3313382.
Sum=859723201; test 859723201/1000000000+(1-z678)^7 <= 9948246/10000000.
Leaf R0011110101100 B=[z530,z453,z636,z807,z532,z456,z541,z7,z32,z145,z8,z8] h=z10
  horizon=27 mass=z532.
Cells
  z458:B1:50464347;z459:0:Nlo:332869070;z25:0:Nhi:25618552;z808:0:Nhi:88305176;z80
  9:J1:99372395;z810:J1:130368393;z811:1:Q:3899647;z812:J1:2;z639:1:A:10233377;z81
  3:D1:A:4351819;z15:JD1:27016924;z814:JD1:20787944;z17:JD1:70394509.
Sum=863682155; test 863682155/1000000000+(1-z532)^7 <= 9966478/10000000.
Leaf R00111101011010 B=[z530,z643,z644,z815,z532,z646,z541,z7,z145,z9,z8,z8] h=z10
  horizon=27 mass=z532.
Cells
  z647:B1:48700607;z648:0:Nlo:333302243;z25:0:Nhi:26068113;z816:0:Nhi:105602776;z8
  17:J1:204886710;z818:1:Q:3041498;z819:J1:2;z15:1:A:43771037;z820:1:A:89649278;z1
  7:P:9161892.
Sum=864184156; test 864184156/1000000000+(1-z532)^7 <= 9971498/10000000.
Leaf R00111101011011 B=[z656,z453,z657,z807,z646,z456,z658,z7,z145,z9,z8,z8] h=z10
  horizon=27 mass=z646.
Cells
  z458:B1:50464347;z459:0:Nlo:332869070;z25:0:Nhi:25618552;z821:0:Nhi:109818390;z8
  12:J1:208921429;z15:1:A:42197899;z822:1:A:88639645;z17:P:9895352.
Sum=868424684; test 868424684/1000000000+(1-z646)^7 <= 9992835/10000000.
Leaf R001111010111000 B=[z530,z643,z823,z645,z532,z646,z541,z7,z32,z140,z8,z8]
  h=z10 horizon=27 mass=z532.
Cells
  z647:B1:48700607;z648:0:Nlo:333302241;z25:0:Nhi:26068113;z649:0:Nhi:89160751;z82
  4:J1:121577894;z651:J1:120066877;z652:1:Q:5868516;z653:J1:2;z639:1:A:6523421;z82
  5:D1:A:3661142;z15:JD1:27413456;z826:JD1:26680865;z17:JD1:56026882.
Sum=865050767; test 865050767/1000000000+(1-z532)^7 <= 9980164/10000000.
Leaf R0011110101110010 B=[z656,z453,z827,z455,z646,z456,z658,z7,z32,z828,z8,z8]
  h=z10 horizon=27 mass=z646.
Cells
  z458:B1:50464347;z459:0:Nlo:332869070;z25:0:Nhi:25618552;z829:0:Nhi:87168314;z54
  3:J1:133895331;z505:J1:122533559;z662:1:A:3546504;z830:D1:A:2320414;z831:JD1:2;z
  832:D1:Q:1843239;z15:JD1:28157762;z833:JD1:28201014;z17:JD1:50900380.
Sum=867518488; test 867518488/1000000000+(1-z646)^7 <= 9983773/10000000.
Leaf R0011110101110011 B=[z656,z453,z827,z455,z646,z456,z658,z7,z828,z140,z8,z8]
  h=z10 horizon=27 mass=z646.
Cells
  z458:B1:50464347;z459:0:Nlo:332869070;z25:0:Nhi:25618552;z834:0:Nhi:182396033;z5
  05:J1:159079960;z662:1:A:3546504;z835:D1:A:2138671;z836:1:A:2;z837:D1:Q:1938812;
  z15:JD1:28433360;z838:JD1:37723667;z17:JD1:44017548.
Sum=868226526; test 868226526/1000000000+(1-z646)^7 <= 9990854/10000000.
Leaf R001111010111010 B=[z530,z643,z823,z645,z532,z646,z541,z7,z140,z145,z8,z8]
  h=z10 horizon=27 mass=z532.
Cells
  z647:B1:48700607;z648:0:Nlo:333302241;z25:0:Nhi:26068113;z839:0:Nhi:132465221;z6
  53:J1:200223937;z639:1:A:6523421;z840:D1:A:3178954;z841:JD1:2;z842:D1:Q:214405;z
  15:JD1:28031046;z843:JD1:44693934;z17:JD1:43389040.
Sum=866790921; test 866790921/1000000000+(1-z532)^7 <= 9997566/10000000.
Leaf R0011110101110110 B=[z656,z844,z845,z846,z646,z847,z658,z7,z140,z145,z8,z8]
  h=z10 horizon=27 mass=z646.
Cells
  z848:B1:49581614;z849:0:Nlo:333091236;z25:0:Nhi:25841379;z850:0:Nhi:137361468;z8
  51:J1:197887512;z662:1:A:4269007;z852:D1:A:2160895;z853:1:A:2;z854:D1:Q:1657135;
  z15:JD1:29090207;z855:JD1:43642846;z17:JD1:43981025.
Sum=868564326; test 868564326/1000000000+(1-z646)^7 <= 9994232/10000000.
Leaf R00111101011101110 B=[z856,z453,z857,z455,z847,z456,z858,z7,z140,z859,z8,z8]
  h=z10 horizon=27 mass=z847.
Cells
  z458:B1:50464347;z459:0:Nlo:332869070;z25:0:Nhi:25618552;z860:0:Nhi:142136257;z5
  05:J1:195596496;z861:1:A:2784458;z862:D1:A:1564207;z863:1:A:2;z15:JD1:31864543;z
  864:JD1:45796585;z17:JD1:38313944.
Sum=867008461; test 867008461/1000000000+(1-z847)^7 <= 9968247/10000000.
Leaf R00111101011101111 B=[z856,z453,z857,z455,z847,z456,z858,z7,z859,z145,z8,z8]
  h=z10 horizon=27 mass=z847.
Cells
  z458:B1:50464347;z459:0:Nlo:332869070;z25:0:Nhi:25618552;z865:0:Nhi:147604906;z5
  05:J1:189721931;z861:1:A:2784458;z866:D1:A:1457973;z867:1:A:2;z15:JD1:32173941;z
  868:JD1:53636060;z17:JD1:33204891.
Sum=869536131; test 869536131/1000000000+(1-z847)^7 <= 9993523/10000000.
Leaf R001111010111100 B=[z530,z869,z667,z645,z532,z646,z541,z7,z145,z9,z8,z8]
  h=z10 horizon=27 mass=z532.
Cells
  z870:B1:33325422;z871:0:Nlo:334752331;z25:0:Nhi:30948845;z872:0:Nhi:126641238;z6
  53:J1:204621182;z15:1:A:38631757;z873:1:A:92592580;z17:P:3279449.
Sum=864792804; test 864792804/1000000000+(1-z532)^7 <= 9977584/10000000.
Leaf R001111010111101 B=[z656,z874,z815,z455,z646,z456,z658,z7,z145,z9,z8,z8]
  h=z10 horizon=27 mass=z646.
Cells
  z875:B1:34701164;z876:0:Nlo:334839168;z25:0:Nhi:30420862;z877:0:Nhi:130396112;z5
  05:J1:205846671;z15:1:A:37231335;z878:1:A:91922136;z17:P:3433331.
Sum=868790779; test 868790779/1000000000+(1-z646)^7 <= 9996496/10000000.
Leaf R00111101011111000 B=[z693,z879,z880,z645,z532,z646,z541,z7,z145,z164,z8,z8]
  h=z10 horizon=27 mass=z532.
Cells
  z881:B1:40882311;z882:0:Nlo:334638366;z25:0:Nhi:28299777;z883:0:Nhi:104126245;z6
  53:J1:227131121;z639:1:A:6523421;z884:D1:A:2808991;z885:1:A:2;z842:D1:Q:589952;z
  15:JD1:28390358;z886:JD1:61289034;z17:JD1:30910151.
Sum=865589729; test 865589729/1000000000+(1-z532)^7 <= 9985554/10000000.
Leaf R0011110101111100100 B=[z693,z887,z888,z889,z532,z890,z541,z7,z164,z9,z8,z8]
  h=z10 horizon=27 mass=z532.
Cells
  z891:B1:40097604;z892:0:Nlo:334711460;z25:0:Nhi:28549014;z893:0:Nhi:68437515;z89
  4:J1:250650484;z15:1:A:41824600;z895:1:A:92275186;z17:P:3922016.
Sum=860467879; test 860467879/1000000000+(1-z532)^7 <= 9934335/10000000.
Leaf R00111101011111001010 B=[z693,z896,z897,z898,z532,z899,z541,z7,z164,z9,z8,z8]
  h=z10 horizon=27 mass=z532.
Cells
  z900:B1:39706302;z901:0:Nlo:334743158;z25:0:Nhi:28675283;z893:0:Nhi:68437515;z90
  2:J1:259378005;z15:1:A:39753139;z903:1:A:93113773;z17:P:2219611.
Sum=866026786; test 866026786/1000000000+(1-z532)^7 <= 9989924/10000000.
Leaf R00111101011111001011 B=[z904,z887,z905,z906,z899,z890,z907,z7,z164,z9,z8,z8]
  h=z10 horizon=27 mass=z899.
Cells
  z891:B1:40097604;z892:0:Nlo:334711460;z25:0:Nhi:28549013;z908:0:Nhi:149062117;z9
  09:J1:180218314;z15:1:A:39372188;z910:1:A:92889873;z17:P:2375876.
Sum=867276445; test 867276445/1000000000+(1-z899)^7 <= 9997127/10000000.
Leaf R0011110101111100110 B=[z911,z879,z912,z913,z890,z646,z914,z7,z164,z9,z8,z8]
  h=z10 horizon=27 mass=z890.
Cells
  z881:B1:40882311;z882:0:Nlo:334638366;z25:0:Nhi:28299778;z915:0:Nhi:67693600;z91
  6:J1:254655491;z15:1:A:41041326;z917:1:A:91813079;z17:P:4248595.
Sum=863272546; test 863272546/1000000000+(1-z890)^7 <= 9951812/10000000.
Leaf R001111010111110011100
  B=[z911,z918,z919,z920,z890,z921,z914,z7,z164,z191,z8,z8] h=z10 horizon=27
  mass=z890.
Cells
  z922:B1:40489612;z923:0:Nlo:334676515;z25:0:Nhi:28423849;z924:0:Nhi:148181570;z9
  25:J1:182104862;z926:1:A:6155772;z927:D1:A:2479057;z928:1:A:2;z15:JD1:30192809;z
  929:JD1:77973382;z17:JD1:15134061.
Sum=865811491; test 865811491/1000000000+(1-z890)^7 <= 9977201/10000000.
Leaf R001111010111110011101
  B=[z911,z918,z919,z920,z890,z921,z914,z7,z191,z9,z8,z8] h=z10 horizon=27
  mass=z890.
Cells
  z922:B1:40489612;z923:0:Nlo:334676515;z25:0:Nhi:28423849;z924:0:Nhi:148181570;z9
  25:J1:181759202;z15:1:A:38998464;z930:1:A:92665519;z17:P:2532360.
Sum=867727091; test 867727091/1000000000+(1-z890)^7 <= 9996357/10000000.
Leaf R001111010111110011110
  B=[z931,z879,z932,z645,z921,z646,z933,z7,z164,z191,z8,z8] h=z10 horizon=27
  mass=z921.
Cells
  z881:B1:40882311;z882:0:Nlo:334638366;z25:0:Nhi:28299777;z934:0:Nhi:147311246;z6
  53:J1:183989813;z935:1:A:5395266;z936:D1:A:2207511;z937:1:A:1161838;z15:JD1:2969
  3026;z938:JD1:77733090;z17:JD1:15305808.
Sum=866618052; test 866618052/1000000000+(1-z921)^7 <= 9980009/10000000.
Leaf R0011110101111100111110
  B=[z931,z879,z932,z939,z921,z646,z933,z7,z191,z9,z8,z8] h=z10 horizon=27
  mass=z921.
Cells
  z881:B1:40882311;z882:0:Nlo:334638366;z25:0:Nhi:28299778;z940:0:Nhi:67327654;z94
  1:J1:259653662;z15:1:A:39800145;z942:1:A:92440702;z17:P:2689072.
Sum=865731690; test 865731690/1000000000+(1-z921)^7 <= 9971145/10000000.
Leaf R0011110101111100111111
  B=[z931,z879,z943,z645,z921,z646,z933,z7,z191,z9,z8,z8] h=z10 horizon=27
  mass=z921.
Cells
  z881:B1:40882311;z882:0:Nlo:334638366;z25:0:Nhi:28299778;z934:0:Nhi:147311245;z6
  53:J1:183634161;z15:1:A:38631756;z944:1:A:92841967;z17:P:1879262.
Sum=868118846; test 868118846/1000000000+(1-z921)^7 <= 9995017/10000000.
Leaf R00111101011111010 B=[z869,z945,z946,z947,z646,z456,z658,z7,z145,z9,z8,z8]
  h=z10 horizon=27 mass=z646.
Cells
  z948:B1:42459692;z949:0:Nlo:334454600;z25:0:Nhi:27814125;z950:0:Nhi:98837638;z95
  1:J1:229014656;z15:1:A:39559513;z952:1:A:91224272;z17:P:4823897.
Sum=868188393; test 868188393/1000000000+(1-z646)^7 <= 9990472/10000000.
Leaf R0011110101111101100
  B=[z869,z953,z954,z846,z646,z847,z658,z7,z145,z164,z8,z8] h=z10 horizon=27
  mass=z646.
Cells
  z955:B1:41669715;z956:0:Nlo:334552634;z25:0:Nhi:28054852;z957:0:Nhi:105387748;z8
  51:J1:228621850;z662:1:A:4269007;z958:D1:A:1905692;z959:1:A:1789069;z15:JD1:2961
  0334;z960:JD1:61186126;z17:JD1:29731536.
Sum=866778563; test 866778563/1000000000+(1-z646)^7 <= 9976374/10000000.
Leaf R0011110101111101101
  B=[z961,z945,z962,z455,z847,z456,z858,z7,z145,z164,z8,z8] h=z10 horizon=27
  mass=z847.
Cells
  z948:B1:42459692;z949:0:Nlo:334454599;z25:0:Nhi:27814125;z963:0:Nhi:144759873;z5
  05:J1:191664706;z861:1:A:2784458;z964:D1:A:1283619;z965:1:A:2760459;z15:JD1:3004
  4880;z966:JD1:60652234;z17:JD1:30120543.
Sum=868799188; test 868799188/1000000000+(1-z847)^7 <= 9986154/10000000.
Leaf R001111010111110111000
  B=[z869,z967,z968,z969,z646,z970,z658,z7,z164,z191,z8,z8] h=z10 horizon=27
  mass=z646.
Cells
  z971:B1:41275684;z972:0:Nlo:334597059;z25:0:Nhi:28176783;z973:0:Nhi:146450968;z9
  74:J1:185873458;z662:1:A:4639837;z975:D1:A:1928698;z976:1:A:1635558;z15:JD1:2989
  0307;z977:JD1:77492151;z17:JD1:15478162.
Sum=867438665; test 867438665/1000000000+(1-z646)^7 <= 9982975/10000000.
Leaf R0011110101111101110010
  B=[z869,z967,z968,z978,z646,z970,z658,z7,z191,z9,z8,z8] h=z10 horizon=27
  mass=z646.
Cells
  z971:B1:41275684;z972:0:Nlo:334597059;z25:0:Nhi:28176784;z973:0:Nhi:146450968;z9
  79:J1:182043098;z15:1:A:39430120;z980:1:A:92215419;z17:P:2846015.
Sum=867035147; test 867035147/1000000000+(1-z646)^7 <= 9978940/10000000.
Leaf R0011110101111101110011
  B=[z869,z967,z981,z969,z646,z970,z658,z7,z191,z9,z8,z8] h=z10 horizon=27
  mass=z646.
Cells
  z971:B1:41275684;z972:0:Nlo:334597059;z25:0:Nhi:28176784;z973:0:Nhi:146450968;z9
  74:J1:185507568;z15:1:A:38271877;z982:1:A:92620159;z17:P:2032572.
Sum=868932671; test 868932671/1000000000+(1-z646)^7 <= 9997915/10000000.
Leaf R001111010111110111010
  B=[z983,z953,z984,z846,z970,z847,z985,z7,z164,z191,z8,z8] h=z10 horizon=27
  mass=z970.
Cells
  z955:B1:41669715;z956:0:Nlo:334552634;z25:0:Nhi:28054852;z986:0:Nhi:145600567;z8
  51:J1:187756101;z987:1:A:3889274;z988:D1:A:1642437;z989:1:A:2111548;z15:JD1:3009
  4477;z990:JD1:77250555;z17:JD1:15651127.
Sum=868273287; test 868273287/1000000000+(1-z970)^7 <= 9986099/10000000.
Leaf R0011110101111101110110
  B=[z983,z953,z984,z991,z970,z847,z985,z7,z191,z9,z8,z8] h=z10 horizon=27
  mass=z970.
Cells
  z955:B1:41669715;z956:0:Nlo:334552633;z25:0:Nhi:28054852;z986:0:Nhi:145600566;z9
  92:J1:183878208;z15:1:A:39066903;z993:1:A:91989664;z17:P:3003195.
Sum=867815736; test 867815736/1000000000+(1-z970)^7 <= 9981524/10000000.
Leaf R00111101011111011101110
  B=[z983,z994,z995,z996,z970,z997,z985,z7,z191,z9,z8,z8] h=z10 horizon=27
  mass=z970.
Cells
  z998:B1:41472618;z999:0:Nlo:334575233;z25:0:Nhi:28115686;z986:0:Nhi:145600566;z1
  000:J1:186832607;z15:1:A:38094437;z1001:1:A:92433247;z17:P:2115201.
Sum=869239595; test 869239595/1000000000+(1-z970)^7 <= 9995762/10000000.
Leaf R00111101011111011101111
  B=[z1002,z953,z1003,z846,z997,z847,z1004,z7,z191,z9,z8,z8] h=z10 horizon=27
  mass=z997.
Cells
  z955:B1:41669715;z956:0:Nlo:334552634;z25:0:Nhi:28054852;z1005:0:Nhi:145179016;z
  851:J1:187767985;z15:1:A:37918633;z1006:1:A:92322014;z17:P:2192072.
Sum=869656921; test 869656921/1000000000+(1-z997)^7 <= 9997331/10000000.
Leaf R001111010111110111100
  B=[z961,z1007,z1008,z1009,z847,z1010,z858,z7,z164,z191,z8,z8] h=z10 horizon=27
  mass=z847.
Cells
  z1011:B1:42064390;z1012:0:Nlo:334505133;z25:0:Nhi:27933970;z963:0:Nhi:144759874;
  z1013:J1:189638027;z861:1:A:3143375;z1014:D1:A:1348537;z1015:1:A:2590007;z15:JD1
  :30305551;z1016:JD1:77008297;z17:JD1:15824706.
Sum=869121867; test 869121867/1000000000+(1-z847)^7 <= 9989381/10000000.
Leaf R001111010111110111101
  B=[z1017,z945,z1018,z455,z1010,z456,z1019,z7,z164,z191,z8,z8] h=z10 horizon=27
  mass=z1010.
Cells
  z948:B1:42459692;z949:0:Nlo:334454599;z25:0:Nhi:27814125;z1020:0:Nhi:143928725;z
  505:J1:191519522;z1021:1:A:2401943;z1022:D1:A:1046803;z1023:1:A:3071134;z15:JD1:
  30523541;z1024:JD1:76765363;z17:JD1:15998900.
Sum=869984347; test 869984347/1000000000+(1-z1010)^7 <= 9992819/10000000.
Leaf R0011110101111101111100
  B=[z961,z1007,z1008,z1025,z847,z1010,z858,z7,z191,z9,z8,z8] h=z10 horizon=27
  mass=z847.
Cells
  z1011:B1:42064390;z1012:0:Nlo:334505134;z25:0:Nhi:27933972;z963:0:Nhi:144759873;
  z1026:J1:185711591;z15:1:A:38710315;z1027:1:A:91763430;z17:P:3160617.
Sum=868609322; test 868609322/1000000000+(1-z847)^7 <= 9984255/10000000.
Leaf R00111101011111011111010
  B=[z961,z1028,z1029,z1030,z847,z1031,z858,z7,z191,z9,z8,z8] h=z10 horizon=27
  mass=z847.
Cells
  z1032:B1:41866973;z1033:0:Nlo:334529264;z25:0:Nhi:27994283;z963:0:Nhi:144759873;
  z1034:J1:188703124;z15:1:A:37744443;z1035:1:A:92210664;z17:P:2269004.
Sum=870077628; test 870077628/1000000000+(1-z847)^7 <= 9998938/10000000.
Leaf R001111010111110111110110
  B=[z1036,z1007,z1037,z1009,z1031,z1010,z1038,z7,z191,z1039,z8,z8] h=z10
  horizon=27 mass=z1031.
Cells
  z1011:B1:42064390;z1012:0:Nlo:334505133;z25:0:Nhi:27933971;z1040:0:Nhi:144343115
  ;z1013:J1:189638063;z1041:1:A:2952445;z1042:D1:A:1233180;z1043:1:A:2743603;z15:J
  D1:30548361;z1044:JD1:84905672;z17:JD1:8491700.
Sum=869359633; test 869359633/1000000000+(1-z1031)^7 <= 9989163/10000000.
Leaf R001111010111110111110111
  B=[z1036,z1007,z1037,z1009,z1031,z1010,z1038,z7,z1039,z9,z8,z8] h=z10 horizon=27
  mass=z1031.
Cells
  z1011:B1:42064390;z1012:0:Nlo:334505133;z25:0:Nhi:27933971;z1040:0:Nhi:144343115
  ;z1013:J1:189457647;z15:1:A:37571845;z1045:1:A:92099193;z17:P:2345998.
Sum=870321292; test 870321292/1000000000+(1-z1031)^7 <= 9998780/10000000.
Leaf R0011110101111101111110
  B=[z1017,z945,z1018,z1046,z1010,z456,z1019,z7,z191,z9,z8,z8] h=z10 horizon=27
  mass=z1010.
Cells
  z948:B1:42459692;z949:0:Nlo:334454600;z25:0:Nhi:27814126;z1020:0:Nhi:143928724;z
  1047:J1:187543520;z15:1:A:38360167;z1048:1:A:91536711;z17:P:3318286.
Sum=869415826; test 869415826/1000000000+(1-z1010)^7 <= 9987134/10000000.
Leaf R001111010111110111111100
  B=[z1017,z1049,z1050,z1051,z1010,z1052,z1019,z7,z191,z9,z8,z8] h=z10 horizon=27
  mass=z1010.
Cells
  z1053:B1:38356348;z1054:0:Nlo:334827237;z25:0:Nhi:29121506;z1020:0:Nhi:143928724
  ;z1055:J1:190572829;z15:1:A:37400816;z1056:1:A:92700704;z17:P:998759.
Sum=867906923; test 867906923/1000000000+(1-z1010)^7 <= 9972045/10000000.
Leaf R001111010111110111111101
  B=[z1057,z1058,z1059,z1060,z1010,z1052,z1019,z7,z191,z9,z8,z8] h=z1061
  horizon=27 mass=z1010.
Cells
  z1062:B1:42261963;z1063:0:Nlo:334480243;z25:0:Nhi:27873921;z1064:0:Nhi:135419558
  ;z1065:J1:198305525;z15:1:A:37533614;z1066:1:A:91987516;z17:P:2391457.
Sum=870253797; test 870253797/1000000000+(1-z1010)^7 <= 9995514/10000000.
Leaf R001111010111110111111110
  B=[z1067,z1068,z1069,z455,z1052,z456,z1070,z7,z191,z9,z8,z8] h=z10 horizon=27
  mass=z1052.
Cells
  z1071:B1:38541779;z1072:0:Nlo:334818070;z25:0:Nhi:29059212;z1073:0:Nhi:143516678
  ;z505:J1:191507467;z15:1:A:37231332;z1074:1:A:92592082;z17:P:1072676.
Sum=868339296; test 868339296/1000000000+(1-z1052)^7 <= 9973782/10000000.
Leaf R001111010111110111111111
  B=[z1049,z945,z1075,z1076,z1052,z456,z1070,z7,z191,z9,z8,z8] h=z1077 horizon=27
  mass=z1052.
Cells
  z948:B1:42459692;z949:0:Nlo:334454599;z25:0:Nhi:27814127;z1078:0:Nhi:135036043;z
  1079:J1:198557080;z15:1:A:37664522;z1080:1:A:91875756;z17:P:2396653.
Sum=870258472; test 870258472/1000000000+(1-z1052)^7 <= 9992974/10000000.
Leaf R001111010111111000
  B=[z759,z1081,z1082,z1083,z532,z890,z541,z7,z145,z9,z8,z8] h=z1084 horizon=27
  mass=z532.
Cells
  z1085:B1:43933263;z1086:0:Nlo:334241012;z25:0:Nhi:27377820;z1087:0:Nhi:90084308;
  z1088:J1:233378930;z15:1:A:41524235;z1089:1:A:91675954;z17:P:4653011.
Sum=866868533; test 866868533/1000000000+(1-z532)^7 <= 9998342/10000000.
Leaf R001111010111111001
  B=[z887,z1090,z1091,z1092,z890,z646,z914,z7,z145,z9,z8,z8] h=z1093 horizon=27
  mass=z890.
Cells
  z1094:B1:44766169;z1095:0:Nlo:334103386;z25:0:Nhi:27138183;z1096:0:Nhi:90236806;
  z1097:J1:232799283;z15:1:A:42091997;z1098:1:A:91206069;z17:P:4691123.
Sum=867033016; test 867033016/1000000000+(1-z890)^7 <= 9989416/10000000.
Leaf R001111010111111010
  B=[z879,z1099,z1100,z1101,z646,z847,z658,z7,z145,z9,z8,z8] h=z1102 horizon=27
  mass=z646.
Cells
  z1103:B1:45601370;z1104:0:Nlo:333953674;z25:0:Nhi:26902700;z1105:0:Nhi:90388573;
  z1106:J1:232235209;z15:1:A:42644901;z1107:1:A:90737745;z17:P:4729284.
Sum=867193456; test 867193456/1000000000+(1-z646)^7 <= 9980523/10000000.
Leaf R001111010111111011
  B=[z953,z1108,z1109,z1110,z847,z456,z858,z7,z145,z9,z8,z8] h=z1111 horizon=27
  mass=z847.
Cells
  z1112:B1:46438734;z1113:0:Nlo:333792217;z25:0:Nhi:26671268;z1114:0:Nhi:128574790
  ;z1115:J1:193505926;z15:1:A:43183397;z1116:1:A:90270973;z17:P:4767498.
Sum=867204803; test 867204803/1000000000+(1-z847)^7 <= 9970210/10000000.
Leaf R0011110101111111 B=[z791,z453,z1117,z1118,z532,z456,z541,z7,z145,z9,z8,z8]
  h=z1119 horizon=27 mass=z532.
Cells
  z458:B1:50464347;z459:0:Nlo:332869070;z25:0:Nhi:25618552;z1120:0:Nhi:85512604;z1
  121:J1:230608030;z15:1:A:45654699;z1122:1:A:90683998;z17:P:5209903.
Sum=866621203; test 866621203/1000000000+(1-z532)^7 <= 9995868/10000000.
Leaf R001111011000 B=[z464,z465,z1123,z438,z456,z20,z467,z439,z22,z115,z8,z8]
  h=z10 horizon=27 mass=z456.
Cells
  z468:B1:57573359;z469:0:Nlo:330727943;z25:0:Nhi:23965262;z1124:0:Nhi:190817805;z
  260:J1:70042811;z1125:B11/25:27282340;z15:JD1:97354121;z17:JD1:65310609.
Sum=863074250; test 863074250/1000000000+(1-z456)^7 <= 9918550/10000000.
Leaf R001111011001 B=[z464,z465,z1123,z438,z456,z20,z457,z7,z22,z115,z8,z8] h=z10
  horizon=29 mass=z457.
Cells
  z468:B1:57573359;z469:0:Nlo:330727943;z25:0:Nhi:23965262;z1124:0:Nhi:190817805;z
  260:J1:70042811;z511:B11/25:14860539;z512:J1:67090920;z495:1:Q:19700108;z1126:D1
  :Q:23450216;z15:JD1:10032649;z17:JD1:70045786;z1127:JD1:100257716;z1128:JD1:1983
  798;z57:P:163441.
Sum=980712353; test 980712353/1000000000+(1-z457)^7 <= 9891176/10000000.
Leaf R0011110110100 B=[z464,z601,z1129,z549,z456,z550,z467,z7,z115,z266,z8,z8]
  h=z10 horizon=27 mass=z456.
Cells
  z603:B1:54009971;z604:0:Nlo:331875297;z25:0:Nhi:24764363;z1124:0:Nhi:190817804;z
  1130:J1:150485189;z555:1:Q:12173760;z557:D1:Q:4472081;z15:JD1:28304283;z17:JD1:7
  3211901.
Sum=870114649; test 870114649/1000000000+(1-z456)^7 <= 9988954/10000000.
Leaf R00111101101010 B=[z464,z1131,z1132,z1133,z456,z1134,z467,z7,z266,z32,z8,z8]
  h=z10 horizon=27 mass=z456.
Cells
  z1135:B1:52234468;z1136:0:Nlo:332392570;z25:0:Nhi:25184222;z1124:0:Nhi:190817804
  ;z1137:J1:109065613;z1138:J1:48104864;z495:1:A:638866;z1139:D1:A:494132;z1140:1:
  A:2;z1141:D1:Q:4060843;z1142:JD1:28542487;z15:JD1:598567;z17:JD1:78120406.
Sum=870254844; test 870254844/1000000000+(1-z456)^7 <= 9990356/10000000.
Leaf R00111101101011 B=[z1143,z601,z1144,z549,z1134,z550,z1145,z7,z266,z32,z8,z8]
  h=z10 horizon=27 mass=z1134.
Cells
  z603:B1:54009971;z604:0:Nlo:331875297;z25:0:Nhi:24764363;z1146:0:Nhi:186312734;z
  1147:J1:118213708;z1148:J1:44457363;z555:1:Q:2216036;z556:D1:Q:2;z1149:JD1:30194
  155;z15:JD1:2805704;z17:JD1:77730515.
Sum=872579848; test 872579848/1000000000+(1-z1134)^7 <= 9993108/10000000.
Leaf R00111101101100 B=[z548,z465,z1150,z438,z550,z20,z563,z439,z115,z266,z8,z8]
  h=z10 horizon=27 mass=z550.
Cells
  z468:B1:57573359;z469:0:Nlo:330727943;z25:0:Nhi:23965262;z1151:0:Nhi:182012259;z
  260:J1:75959342;z1152:B11/25:10157563;z1153:J1:10212064;z15:JD1:102409187;z17:JD
  1:68508141.
Sum=861525120; test 861525120/1000000000+(1-z550)^7 <= 9862343/10000000.
Leaf R00111101101101 B=[z548,z465,z1150,z438,z550,z20,z1154,z7,z115,z266,z8,z8]
  h=z10 horizon=29 mass=z1154.
Cells
  z468:B1:57573359;z469:0:Nlo:330727943;z25:0:Nhi:23965262;z1151:0:Nhi:182012259;z
  260:J1:75959342;z511:B11/25:14860539;z566:J1:81456155;z15:JD1:36468580;z17:JD1:7
  2330939;z1155:JD1:108250668;z1156:JD1:1572465;z57:P:706011.
Sum=985883522; test 985883522/1000000000+(1-z1154)^7 <= 9937098/10000000.
Leaf R00111101101110 B=[z548,z1157,z1158,z569,z550,z570,z563,z7,z266,z32,z8,z8]
  h=z10 horizon=27 mass=z550.
Cells
  z1159:B1:55789902;z1160:0:Nlo:331319659;z25:0:Nhi:24358265;z1151:0:Nhi:182012258
  ;z1161:J1:127311306;z566:J1:40291280;z1162:JD1:31568788;z15:JD1:5188731;z17:JD1:
  77343201.
Sum=875183390; test 875183390/1000000000+(1-z550)^7 <= 9998926/10000000.
Leaf R001111011011110 B=[z568,z1163,z1164,z438,z570,z20,z578,z7,z266,z32,z8,z8]
  h=z10 horizon=27 mass=z570.
Cells
  z1165:B1:40321372;z1166:0:Nlo:334691898;z25:0:Nhi:28477405;z1167:0:Nhi:177902914
  ;z1168:J1:136382656;z1169:J1:36236195;z1170:JD1:30543496;z15:JD1:7774096;z17:JD1
  :74682672.
Sum=867012704; test 867012704/1000000000+(1-z570)^7 <= 9897279/10000000.
Leaf R001111011011111 B=[z1171,z465,z1172,z1173,z570,z20,z578,z7,z266,z32,z8,z8]
  h=z1174 horizon=27 mass=z570.
Cells
  z468:B1:57573359;z469:0:Nlo:330727943;z25:0:Nhi:23965262;z1175:0:Nhi:187016764;z
  1176:J1:124159220;z1169:J1:37764267;z1177:JD1:31216641;z15:JD1:6933409;z17:JD1:7
  6648704.
Sum=876005569; test 876005569/1000000000+(1-z570)^7 <= 9987207/10000000.
Leaf R00111101110000 B=[z464,z601,z1129,z1178,z456,z550,z467,z7,z32,z140,z8,z8]
  h=z10 horizon=27 mass=z456.
Cells
  z603:B1:54009971;z604:0:Nlo:331875297;z25:0:Nhi:24764363;z592:0:Nhi:85262553;z11
  79:J1:120894778;z1180:J1:127704228;z495:1:A:4269829;z1181:D1:A:2364223;z1182:1:A
  :2;z1183:D1:Q:1724769;z15:JD1:29787610;z1184:JD1:22885699;z17:JD1:60843282.
Sum=866386604; test 866386604/1000000000+(1-z456)^7 <= 9951673/10000000.
Leaf R00111101110001 B=[z464,z601,z1129,z1178,z456,z550,z467,z7,z140,z145,z8,z8]
  h=z10 horizon=27 mass=z456.
Cells
  z603:B1:54009971;z604:0:Nlo:331875297;z25:0:Nhi:24764363;z1185:0:Nhi:127424170;z
  1180:J1:202592372;z495:1:A:4269829;z1186:D1:A:2052869;z1187:1:A:2;z1188:D1:Q:188
  8905;z15:JD1:30351452;z1189:JD1:40817125;z17:JD1:48425221.
Sum=868471576; test 868471576/1000000000+(1-z456)^7 <= 9972523/10000000.
Leaf R001111011100100 B=[z464,z1190,z1191,z1192,z456,z1193,z467,z7,z145,z9,z8,z8]
  h=z10 horizon=27 mass=z456.
Cells
  z1194:B1:51348674;z1195:0:Nlo:332636073;z25:0:Nhi:25399531;z1196:0:Nhi:110813861
  ;z1197:J1:210398523;z15:1:A:41452937;z1198:1:A:87734097;z17:P:10415288.
Sum=870198984; test 870198984/1000000000+(1-z456)^7 <= 9989797/10000000.
Leaf R0011110111001010
  B=[z1199,z1131,z1200,z1201,z1193,z1134,z1202,z7,z145,z164,z8,z8] h=z10
  horizon=27 mass=z1193.
Cells
  z1135:B1:52234468;z1136:0:Nlo:332392572;z25:0:Nhi:25184222;z1203:0:Nhi:112751503
  ;z1204:J1:210928249;z1205:1:A:4940795;z1206:D1:A:2001634;z1207:1:A:1748552;z15:J
  D1:31652311;z1208:JD1:55959035;z1209:JD1:37363385;z17:P:887219.
Sum=868043945; test 868043945/1000000000+(1-z1193)^7 <= 9957962/10000000.
Leaf R0011110111001011
  B=[z1199,z1131,z1200,z1201,z1193,z1134,z1202,z7,z164,z9,z8,z8] h=z10 horizon=27
  mass=z1193.
Cells
  z1135:B1:52234468;z1136:0:Nlo:332392572;z25:0:Nhi:25184223;z1210:0:Nhi:84340435;
  z1204:J1:238269488;z15:1:A:40733789;z1211:1:A:87221839;z17:P:10784942.
Sum=871161756; test 871161756/1000000000+(1-z1193)^7 <= 9989141/10000000.
Leaf R001111011100110
  B=[z1143,z601,z1144,z1178,z1134,z550,z1145,z7,z145,z164,z8,z8] h=z10 horizon=27
  mass=z1134.
Cells
  z603:B1:54009971;z604:0:Nlo:331875297;z25:0:Nhi:24764363;z1212:0:Nhi:117378593;z
  1180:J1:211099954;z1148:1:A:2735912;z1213:D1:A:1171125;z1214:1:A:3102703;z15:JD1
  :31953861;z1215:JD1:55264950;z1216:JD1:37465414;z17:P:1459753.
Sum=872281896; test 872281896/1000000000+(1-z1134)^7 <= 9990128/10000000.
Leaf R00111101110011100
  B=[z1143,z1217,z1218,z1219,z1134,z1220,z1145,z7,z164,z9,z8,z8] h=z10 horizon=27
  mass=z1134.
Cells
  z1221:B1:52677877;z1222:0:Nlo:332266980;z25:0:Nhi:25077930;z1223:0:Nhi:83437956;
  z1224:J1:240579727;z15:1:A:40383484;z1225:1:A:86764475;z17:P:11047525.
Sum=872235954; test 872235954/1000000000+(1-z1134)^7 <= 9989669/10000000.
Leaf R00111101110011101
  B=[z1226,z1227,z1228,z1229,z1220,z1230,z1231,z7,z164,z9,z8,z8] h=z10 horizon=27
  mass=z1220.
Cells
  z1232:B1:53121608;z1233:0:Nlo:332138877;z25:0:Nhi:24972530;z1234:0:Nhi:82993887;
  z1235:J1:242420272;z15:1:A:40039141;z1236:1:A:86506371;z17:P:11233171.
Sum=873425857; test 873425857/1000000000+(1-z1220)^7 <= 9996487/10000000.
Leaf R00111101110011110
  B=[z1237,z601,z1238,z1239,z1230,z550,z1240,z7,z164,z9,z8,z8] h=z10 horizon=27
  mass=z1230.
Cells
  z603:B1:54009971;z604:0:Nlo:331875297;z25:0:Nhi:24764363;z1241:0:Nhi:82554498;z1
  242:J1:234592281;z15:1:A:42195356;z1243:1:A:86190002;z17:P:11526647.
Sum=867708415; test 867708415/1000000000+(1-z1230)^7 <= 9934250/10000000.
Leaf R001111011100111110
  B=[z1237,z1244,z1245,z1246,z1230,z1247,z1240,z7,z164,z9,z8,z8] h=z10 horizon=27
  mass=z1230.
Cells
  z1248:B1:53565644;z1249:0:Nlo:332008305;z25:0:Nhi:24868011;z1241:0:Nhi:82554498;
  z1250:J1:244261681;z15:1:A:39700617;z1251:1:A:86989462;z17:P:10029771.
Sum=873977989; test 873977989/1000000000+(1-z1230)^7 <= 9996946/10000000.
Leaf R0011110111001111110
  B=[z1252,z601,z1253,z1178,z1247,z550,z1254,z7,z164,z191,z8,z8] h=z10 horizon=27
  mass=z1247.
Cells
  z603:B1:54009971;z604:0:Nlo:331875297;z25:0:Nhi:24764363;z1255:0:Nhi:82119715;z1
  180:J1:246104165;z1256:1:A:1575137;z1257:D1:A:640519;z1258:1:A:3950681;z15:JD1:3
  2981627;z1259:JD1:71710256;z1260:JD1:18133400;z17:P:5219610.
Sum=873084741; test 873084741/1000000000+(1-z1247)^7 <= 9982968/10000000.
Leaf R0011110111001111111
  B=[z1252,z601,z1253,z1178,z1247,z550,z1254,z7,z191,z9,z8,z8] h=z10 horizon=27
  mass=z1247.
Cells
  z603:B1:54009971;z604:0:Nlo:331875297;z25:0:Nhi:24764364;z1255:0:Nhi:82119715;z1
  180:J1:245441720;z15:1:A:39367762;z1261:1:A:86735547;z17:P:10211088.
Sum=874525464; test 874525464/1000000000+(1-z1247)^7 <= 9997375/10000000.
Leaf R001111011101000 B=[z464,z1262,z807,z549,z456,z550,z467,z7,z32,z140,z8,z8]
  h=z10 horizon=27 mass=z456.
Cells
  z1263:B1:37489550;z1264:0:Nlo:334859646;z25:0:Nhi:29417103;z1124:0:Nhi:190817804
  ;z554:J1:43112554;z495:J1:115551885;z555:1:Q:653362;z556:D1:Q:2;z557:1:A:4492394
  ;z15:JD1:29023515;z1265:JD1:25672789;z17:JD1:54007100.
Sum=865097704; test 865097704/1000000000+(1-z456)^7 <= 9938784/10000000.
Leaf R001111011101001 B=[z464,z1262,z807,z549,z456,z550,z467,z7,z140,z145,z8,z8]
  h=z10 horizon=27 mass=z456.
Cells
  z1263:B1:37489550;z1264:0:Nlo:334859646;z25:0:Nhi:29417103;z1266:0:Nhi:160069339
  ;z495:J1:186214779;z555:1:Q:653362;z556:D1:Q:2;z15:JD1:33920534;z1267:JD1:445075
  31;z17:JD1:40575917.
Sum=867707763; test 867707763/1000000000+(1-z456)^7 <= 9964885/10000000.
Leaf R0011110111010100 B=[z874,z1268,z1269,z549,z456,z550,z467,z7,z32,z140,z8,z8]
  h=z10 horizon=27 mass=z456.
Cells
  z1270:B1:45642851;z1271:0:Nlo:333945940;z25:0:Nhi:26891129;z1272:0:Nhi:143106959
  ;z554:J1:89151525;z495:J1:115551886;z555:1:Q:653362;z556:D1:Q:2;z557:1:A:4492394
  ;z15:JD1:29023513;z1273:JD1:24740159;z17:JD1:56175016.
Sum=869374736; test 869374736/1000000000+(1-z456)^7 <= 9981554/10000000.
Leaf R00111101110101010
  B=[z874,z1274,z1275,z1133,z456,z1134,z467,z7,z140,z145,z8,z8] h=z10 horizon=27
  mass=z456.
Cells
  z1276:B1:44046861;z1277:0:Nlo:334222942;z25:0:Nhi:27344847;z1272:0:Nhi:143106959
  ;z1278:J1:7860162;z1138:J1:191147551;z495:1:A:638866;z1279:D1:A:356334;z1280:1:A
  :4142034;z15:JD1:29995411;z1281:JD1:43545149;z17:JD1:42549044.
Sum=868956160; test 868956160/1000000000+(1-z456)^7 <= 9977369/10000000.
Leaf R00111101110101011
  B=[z1282,z1268,z1283,z549,z1134,z550,z1145,z7,z140,z145,z8,z8] h=z10 horizon=27
  mass=z1134.
Cells
  z1270:B1:45642851;z1271:0:Nlo:333945940;z25:0:Nhi:26891129;z1284:0:Nhi:149741391
  ;z1266:J1:9928963;z1148:J1:184649931;z555:1:Q:2216036;z15:JD1:33850959;z1285:JD1
  :42341123;z17:JD1:43427624.
Sum=872635947; test 872635947/1000000000+(1-z1134)^7 <= 9993669/10000000.
Leaf R001111011101011 B=[z945,z601,z1286,z1287,z456,z550,z467,z7,z32,z145,z8,z8]
  h=z1288 horizon=27 mass=z456.
Cells
  z603:B1:54009971;z604:0:Nlo:331875298;z25:0:Nhi:24764363;z1289:0:Nhi:127136589;z
  1290:J1:86002721;z1291:J1:119043061;z495:1:A:6774559;z1292:D1:A:3647573;z1293:1:
  A:2;z15:JD1:30262522;z1294:JD1:20410831;z17:JD1:66922393.
Sum=870849883; test 870849883/1000000000+(1-z456)^7 <= 9996306/10000000.
Leaf R0011110111011000 B=[z464,z1295,z807,z1296,z456,z1193,z467,z7,z145,z9,z8,z8]
  h=z10 horizon=27 mass=z456.
Cells
  z1297:B1:35393816;z1298:0:Nlo:334862966;z25:0:Nhi:30163563;z1299:0:Nhi:131121879
  ;z1300:J1:207526987;z15:1:A:36568484;z1301:1:A:91251977;z17:P:3589651.
Sum=870479323; test 870479323/1000000000+(1-z456)^7 <= 9992600/10000000.
Leaf R00111101110110010
  B=[z1199,z1282,z1192,z1133,z1193,z1134,z1202,z7,z145,z164,z8,z8] h=z10
  horizon=27 mass=z1193.
Cells
  z1302:B1:36089503;z1303:0:Nlo:334874108;z25:0:Nhi:29910573;z1304:0:Nhi:132838869
  ;z1205:J1:208047327;z1305:1:Q:134584;z1138:D1:Q:2;z1306:1:A:4641822;z15:JD1:3090
  0702;z1307:JD1:59712005;z17:JD1:30633198.
Sum=867782693; test 867782693/1000000000+(1-z1193)^7 <= 9955350/10000000.
Leaf R001111011101100110
  B=[z1199,z1282,z1192,z1308,z1193,z1134,z1202,z7,z164,z9,z8,z8] h=z10 horizon=27
  mass=z1193.
Cells
  z1302:B1:36089503;z1303:0:Nlo:334874110;z25:0:Nhi:29910572;z1309:0:Nhi:89672512;
  z1310:J1:242965169;z15:1:A:38180868;z1311:1:A:90916942;z17:P:3668781.
Sum=866278457; test 866278457/1000000000+(1-z1193)^7 <= 9940308/10000000.
Leaf R001111011101100111
  B=[z1199,z1282,z1312,z1133,z1193,z1134,z1202,z7,z164,z9,z8,z8] h=z10 horizon=27
  mass=z1193.
Cells
  z1302:B1:36089503;z1303:0:Nlo:334874108;z25:0:Nhi:29910573;z1313:0:Nhi:100162372
  ;z1205:J1:241216465;z1305:1:Q:134584;z1138:D1:Q:2;z15:1:A:35928801;z1314:1:A:918
  40482;z17:P:1852291.
Sum=872009181; test 872009181/1000000000+(1-z1193)^7 <= 9997615/10000000.
Leaf R0011110111011010
  B=[z1143,z1262,z1201,z549,z1134,z550,z1145,z7,z145,z164,z8,z8] h=z10 horizon=27
  mass=z1134.
Cells
  z1263:B1:37489550;z1264:0:Nlo:334859646;z25:0:Nhi:29417103;z1315:0:Nhi:137075272
  ;z1148:J1:206318819;z1316:JD1:1108554;z555:1:Q:1106037;z15:JD1:34313244;z1317:JD
  1:59294704;z17:JD1:30780553.
Sum=871763482; test 871763482/1000000000+(1-z1134)^7 <= 9984944/10000000.
Leaf R001111011101101100
  B=[z1143,z1318,z1201,z1319,z1134,z1230,z1145,z7,z164,z9,z8,z8] h=z10 horizon=27
  mass=z1134.
Cells
  z1320:B1:36788117;z1321:0:Nlo:334872903;z25:0:Nhi:29661787;z1322:0:Nhi:91764138;
  z1323:J1:243497713;z15:1:A:37526931;z1324:1:A:90581896;z17:P:3748588.
Sum=868442073; test 868442073/1000000000+(1-z1134)^7 <= 9951730/10000000.
Leaf R0011110111011011010
  B=[z1143,z1325,z1308,z1326,z1134,z1220,z1145,z7,z164,z9,z8,z8] h=z10 horizon=27
  mass=z1134.
Cells
  z1327:B1:36438451;z1328:0:Nlo:334875030;z25:0:Nhi:29785662;z1329:0:Nhi:100701166
  ;z1330:J1:241537402;z1331:1:Q:622545;z1332:J1:2;z15:1:A:35617271;z1333:1:A:91531
  796;z17:P:1893167.
Sum=873002492; test 873002492/1000000000+(1-z1134)^7 <= 9997334/10000000.
Leaf R00111101110110110110
  B=[z1226,z1318,z1334,z1335,z1220,z1230,z1231,z7,z164,z191,z8,z8] h=z10
  horizon=27 mass=z1220.
Cells
  z1320:B1:36788117;z1321:0:Nlo:334872901;z25:0:Nhi:29661787;z1336:0:Nhi:101693247
  ;z1337:J1:240492429;z15:JD1:37064943;z1338:JD1:76579723;z17:JD1:14556076.
Sum=871709223; test 871709223/1000000000+(1-z1220)^7 <= 9979321/10000000.
Leaf R001111011101101101110
  B=[z1226,z1318,z1334,z1339,z1220,z1230,z1231,z7,z191,z9,z8,z8] h=z10 horizon=27
  mass=z1220.
Cells
  z1320:B1:36788117;z1321:0:Nlo:334872901;z25:0:Nhi:29661789;z1234:0:Nhi:82993887;
  z1340:J1:257347068;z1341:1:Q:407690;z1342:J1:2;z15:1:A:36385336;z1343:1:A:913776
  18;z17:P:1913752.
Sum=871748160; test 871748160/1000000000+(1-z1220)^7 <= 9979711/10000000.
Leaf R00111101110110110111100
  B=[z1226,z1344,z1345,z1346,z1220,z1347,z1231,z7,z191,z9,z8,z8] h=z10 horizon=27
  mass=z1220.
Cells
  z1348:B1:36613195;z1349:0:Nlo:334874345;z25:0:Nhi:29723596;z1350:0:Nhi:83508806;
  z1351:J1:259055218;z15:1:A:35994749;z1352:1:A:91863349;z17:P:961508.
Sum=872594766; test 872594766/1000000000+(1-z1220)^7 <= 9988177/10000000.
Leaf R001111011101101101111010
  B=[z1226,z1344,z1353,z1354,z1220,z1347,z1231,z7,z191,z1039,z8,z8] h=z10
  horizon=27 mass=z1220.
Cells
  z1348:B1:36613195;z1349:0:Nlo:334874345;z25:0:Nhi:29723596;z1355:0:Nhi:185218983
  ;z1337:J1:157442729;z15:JD1:37157365;z1356:JD1:84923211;z17:JD1:6577851.
Sum=872531275; test 872531275/1000000000+(1-z1220)^7 <= 9987542/10000000.
Leaf R001111011101101101111011
  B=[z1226,z1344,z1353,z1354,z1220,z1347,z1231,z7,z1039,z9,z8,z8] h=z10 horizon=27
  mass=z1220.
Cells
  z1348:B1:36613195;z1349:0:Nlo:334874345;z25:0:Nhi:29723596;z1355:0:Nhi:185218981
  ;z1357:J1:159111725;z15:1:A:35463523;z1358:1:A:92107207;z17:P:481667.
Sum=873594239; test 873594239/1000000000+(1-z1220)^7 <= 9998171/10000000.
Leaf R00111101110110110111110
  B=[z1359,z1318,z1360,z1361,z1347,z1230,z1362,z7,z191,z9,z8,z8] h=z10 horizon=27
  mass=z1347.
Cells
  z1320:B1:36788117;z1321:0:Nlo:334872901;z25:0:Nhi:29661787;z1363:0:Nhi:84043198;
  z1364:J1:259195629;z15:1:A:35840176;z1365:1:A:91789739;z17:P:966736.
Sum=873158283; test 873158283/1000000000+(1-z1347)^7 <= 9991278/10000000.
Leaf R001111011101101101111110
  B=[z1359,z1318,z1346,z1335,z1347,z1230,z1362,z7,z191,z1039,z8,z8] h=z10
  horizon=27 mass=z1347.
Cells
  z1320:B1:36788117;z1321:0:Nlo:334872901;z25:0:Nhi:29661787;z1366:0:Nhi:184676831
  ;z1367:J1:157983055;z15:JD1:37363111;z1368:JD1:84848797;z17:JD1:6581975.
Sum=872776574; test 872776574/1000000000+(1-z1347)^7 <= 9987461/10000000.
Leaf R001111011101101101111111
  B=[z1359,z1318,z1346,z1335,z1347,z1230,z1362,z7,z1039,z9,z8,z8] h=z10 horizon=27
  mass=z1347.
Cells
  z1320:B1:36788117;z1321:0:Nlo:334872901;z25:0:Nhi:29661788;z1366:0:Nhi:184676829
  ;z1369:J1:160009502;z15:1:A:35311096;z1370:1:A:92035333;z17:P:484297.
Sum=873839863; test 873839863/1000000000+(1-z1347)^7 <= 9998094/10000000.
Leaf R001111011101101110
  B=[z1237,z1262,z1229,z1371,z1230,z550,z1240,z7,z164,z9,z8,z8] h=z10 horizon=27
  mass=z1230.
Cells
  z1263:B1:37489550;z1264:0:Nlo:334859646;z25:0:Nhi:29417102;z1372:0:Nhi:93788182;
  z1373:J1:243385336;z1374:1:Q:662642;z1375:J1:2;z15:1:A:36894988;z1376:1:A:902468
  17;z17:P:3829098.
Sum=870573363; test 870573363/1000000000+(1-z1230)^7 <= 9962900/10000000.
Leaf R00111101110110111100
  B=[z1237,z1377,z1319,z1378,z1230,z1247,z1240,z7,z164,z191,z8,z8] h=z10
  horizon=27 mass=z1230.
Cells
  z1379:B1:37138488;z1380:0:Nlo:334867762;z25:0:Nhi:29538939;z1381:0:Nhi:102668642
  ;z1373:J1:240079028;z15:JD1:37475225;z1382:JD1:76411759;z17:JD1:14586792.
Sum=872766635; test 872766635/1000000000+(1-z1230)^7 <= 9984832/10000000.
Leaf R001111011101101111010
  B=[z1237,z1377,z1319,z1383,z1230,z1247,z1240,z7,z191,z9,z8,z8] h=z10 horizon=27
  mass=z1230.
Cells
  z1379:B1:37138488;z1380:0:Nlo:334867762;z25:0:Nhi:29538940;z1384:0:Nhi:82674043;
  z1385:J1:259619176;z15:1:A:36075782;z1386:1:A:91223547;z17:P:1934436.
Sum=873072174; test 873072174/1000000000+(1-z1230)^7 <= 9987888/10000000.
Leaf R00111101110110111101100
  B=[z1237,z1387,z1339,z1388,z1230,z1389,z1240,z7,z191,z9,z8,z8] h=z10 horizon=27
  mass=z1230.
Cells
  z1390:B1:36963216;z1391:0:Nlo:334870706;z25:0:Nhi:29600235;z1392:0:Nhi:184137792
  ;z1393:J1:159556872;z15:1:A:35686925;z1394:1:A:91716172;z17:P:971979.
Sum=873503897; test 873503897/1000000000+(1-z1230)^7 <= 9992205/10000000.
Leaf R001111011101101111011010
  B=[z1237,z1387,z1361,z1395,z1230,z1389,z1240,z7,z191,z1039,z8,z8] h=z10
  horizon=27 mass=z1230.
Cells
  z1390:B1:36963216;z1391:0:Nlo:334870706;z25:0:Nhi:29600237;z1392:0:Nhi:184137792
  ;z1373:J1:158523841;z15:JD1:37569350;z1396:JD1:84774406;z17:JD1:6586140.
Sum=873025688; test 873025688/1000000000+(1-z1230)^7 <= 9987423/10000000.
Leaf R001111011101101111011011
  B=[z1237,z1387,z1361,z1395,z1230,z1389,z1240,z7,z1039,z9,z8,z8] h=z10 horizon=27
  mass=z1230.
Cells
  z1390:B1:36963216;z1391:0:Nlo:334870706;z25:0:Nhi:29600238;z1392:0:Nhi:184137792
  ;z1397:J1:160906908;z15:1:A:35159971;z1398:1:A:91963513;z17:P:486934.
Sum=874089278; test 874089278/1000000000+(1-z1230)^7 <= 9998059/10000000.
Leaf R00111101110110111101110
  B=[z1399,z1377,z1400,z1401,z1389,z1247,z1402,z7,z191,z9,z8,z8] h=z10 horizon=27
  mass=z1389.
Cells
  z1379:B1:37138488;z1380:0:Nlo:334867762;z25:0:Nhi:29538939;z1403:0:Nhi:183601843
  ;z1404:J1:160447733;z15:1:A:35534975;z1405:1:A:91642645;z17:P:977235.
Sum=873749620; test 873749620/1000000000+(1-z1389)^7 <= 9992137/10000000.
Leaf R001111011101101111011110
  B=[z1399,z1377,z1388,z1378,z1389,z1247,z1402,z7,z191,z1039,z8,z8] h=z10
  horizon=27 mass=z1389.
Cells
  z1379:B1:37138488;z1380:0:Nlo:334867762;z25:0:Nhi:29538939;z1403:0:Nhi:183601844
  ;z1406:J1:159065099;z15:JD1:37776083;z1407:JD1:84700036;z17:JD1:6590351.
Sum=873278602; test 873278602/1000000000+(1-z1389)^7 <= 9987427/10000000.
Leaf R001111011101101111011111
  B=[z1399,z1377,z1388,z1378,z1389,z1247,z1402,z7,z1039,z9,z8,z8] h=z10 horizon=27
  mass=z1389.
Cells
  z1379:B1:37138488;z1380:0:Nlo:334867762;z25:0:Nhi:29538940;z1403:0:Nhi:183601841
  ;z1408:J1:161803971;z15:1:A:35010132;z1409:1:A:91891740;z17:P:489579.
Sum=874342453; test 874342453/1000000000+(1-z1389)^7 <= 9998065/10000000.
Leaf R00111101110110111110
  B=[z1252,z1262,z1410,z549,z1247,z550,z1254,z7,z164,z191,z8,z8] h=z10 horizon=27
  mass=z1247.
Cells
  z1263:B1:37489550;z1264:0:Nlo:334859646;z25:0:Nhi:29417103;z1411:0:Nhi:183068954
  ;z1256:J1:160179677;z15:JD1:37887467;z1412:JD1:76243610;z17:JD1:14617940.
Sum=873763947; test 873763947/1000000000+(1-z1247)^7 <= 9989760/10000000.
Leaf R001111011101101111110
  B=[z1252,z1262,z1410,z1413,z1247,z550,z1254,z7,z191,z9,z8,z8] h=z10 horizon=27
  mass=z1247.
Cells
  z1263:B1:37489550;z1264:0:Nlo:334859646;z25:0:Nhi:29417103;z1411:0:Nhi:183068953
  ;z1414:J1:160247467;z15:1:A:35771445;z1415:1:A:91069582;z17:P:1955222.
Sum=873878968; test 873878968/1000000000+(1-z1247)^7 <= 9990910/10000000.
Leaf R00111101110110111111100
  B=[z1252,z1416,z1383,z1417,z1247,z1418,z1254,z7,z191,z9,z8,z8] h=z10 horizon=27
  mass=z1247.
Cells
  z1419:B1:37313934;z1420:0:Nlo:334864074;z25:0:Nhi:29477895;z1411:0:Nhi:183068954
  ;z1421:J1:161338222;z15:1:A:35384316;z1422:1:A:91569163;z17:P:982504.
Sum=873999062; test 873999062/1000000000+(1-z1247)^7 <= 9992111/10000000.
Leaf R001111011101101111111010
  B=[z1252,z1416,z1401,z1423,z1247,z1418,z1254,z7,z191,z1039,z8,z8] h=z10
  horizon=27 mass=z1247.
Cells
  z1419:B1:37313934;z1420:0:Nlo:334864074;z25:0:Nhi:29477895;z1411:0:Nhi:183068954
  ;z1256:J1:159606843;z15:JD1:37983311;z1424:JD1:84625687;z17:JD1:6594599.
Sum=873535297; test 873535297/1000000000+(1-z1247)^7 <= 9987473/10000000.
Leaf R001111011101101111111011
  B=[z1252,z1416,z1401,z1423,z1247,z1418,z1254,z7,z1039,z9,z8,z8] h=z10 horizon=27
  mass=z1247.
Cells
  z1419:B1:37313934;z1420:0:Nlo:334864074;z25:0:Nhi:29477897;z1411:0:Nhi:183068953
  ;z1425:J1:162700724;z15:1:A:34861566;z1426:1:A:91820023;z17:P:492230.
Sum=874599401; test 874599401/1000000000+(1-z1247)^7 <= 9998114/10000000.
Leaf R00111101110110111111110
  B=[z1427,z1262,z1428,z1429,z1418,z550,z1430,z7,z191,z9,z8,z8] h=z10 horizon=27
  mass=z1418.
Cells
  z1263:B1:37489550;z1264:0:Nlo:334859646;z25:0:Nhi:29417103;z1431:0:Nhi:182539102
  ;z1432:J1:162228372;z15:1:A:35234928;z1433:1:A:91495724;z17:P:987787.
Sum=874252212; test 874252212/1000000000+(1-z1418)^7 <= 9992126/10000000.
Leaf R001111011101101111111110
  B=[z1427,z1262,z1417,z549,z1418,z550,z1430,z7,z191,z1039,z8,z8] h=z10 horizon=27
  mass=z1418.
Cells
  z1263:B1:37489550;z1264:0:Nlo:334859646;z25:0:Nhi:29417103;z1431:0:Nhi:182539102
  ;z1434:J1:160149082;z15:JD1:38191035;z1435:JD1:84551357;z17:JD1:6598891.
Sum=873795766; test 873795766/1000000000+(1-z1418)^7 <= 9987562/10000000.
Leaf R001111011101101111111111
  B=[z1427,z1262,z1417,z549,z1418,z550,z1430,z7,z1039,z9,z8,z8] h=z10 horizon=27
  mass=z1418.
Cells
  z1263:B1:37489550;z1264:0:Nlo:334859646;z25:0:Nhi:29417104;z1431:0:Nhi:182539100
  ;z556:J1:163597198;z15:1:A:34714253;z1436:1:A:91748354;z17:P:494888.
Sum=874860093; test 874860093/1000000000+(1-z1418)^7 <= 9998205/10000000.
Leaf R001111011101110000
  B=[z874,z1437,z1438,z1312,z456,z1193,z467,z7,z145,z9,z8,z8] h=z10 horizon=27
  mass=z456.
Cells
  z1439:B1:43252114;z1440:0:Nlo:334344596;z25:0:Nhi:27577492;z1441:0:Nhi:100093501
  ;z1442:J1:230430684;z15:1:A:38857981;z1443:1:A:90414777;z17:P:5233750.
Sum=870204895; test 870204895/1000000000+(1-z456)^7 <= 9989856/10000000.
Leaf R0011110111011100010
  B=[z1295,z1444,z1445,z1308,z1193,z1134,z1202,z7,z145,z9,z8,z8] h=z10 horizon=27
  mass=z1193.
Cells
  z1446:B1:40031415;z1447:0:Nlo:334717047;z25:0:Nhi:28570277;z1448:0:Nhi:102047992
  ;z1310:J1:231072217;z15:1:A:38180867;z1449:1:A:90595854;z17:P:4296504.
Sum=869512173; test 869512173/1000000000+(1-z1193)^7 <= 9972645/10000000.
Leaf R0011110111011100011
  B=[z1450,z1274,z1451,z1452,z1193,z1134,z1202,z7,z145,z9,z8,z8] h=z1453
  horizon=27 mass=z1193.
Cells
  z1276:B1:44046861;z1277:0:Nlo:334222943;z25:0:Nhi:27344847;z1454:0:Nhi:133150277
  ;z1455:J1:195099909;z15:1:A:40158317;z1456:1:A:89955578;z17:P:5099845.
Sum=869078577; test 869078577/1000000000+(1-z1193)^7 <= 9968309/10000000.
Leaf R0011110111011100100
  B=[z874,z1437,z1457,z1296,z456,z1193,z467,z7,z145,z164,z8,z8] h=z10 horizon=27
  mass=z456.
Cells
  z1439:B1:43252114;z1440:0:Nlo:334344595;z25:0:Nhi:27577493;z1272:0:Nhi:143106960
  ;z1300:J1:195484846;z495:1:A:1317085;z1458:D1:A:626972;z1459:1:A:3744410;z15:JD1
  :30508170;z1460:JD1:60114465;z17:JD1:30513576.
Sum=870590686; test 870590686/1000000000+(1-z456)^7 <= 9993714/10000000.
Leaf R00111101110111001010
  B=[z1295,z1444,z1461,z1133,z1193,z1134,z1202,z7,z145,z164,z8,z8] h=z10
  horizon=27 mass=z1193.
Cells
  z1446:B1:40031415;z1447:0:Nlo:334717046;z25:0:Nhi:28570279;z1462:0:Nhi:141490961
  ;z1205:J1:199173991;z1305:1:Q:134584;z1138:D1:Q:2;z1306:1:A:4641822;z15:JD1:3090
  0702;z1463:JD1:60319660;z17:JD1:29429213.
Sum=869409675; test 869409675/1000000000+(1-z1193)^7 <= 9971620/10000000.
Leaf R00111101110111001011
  B=[z1450,z1274,z1464,z1465,z1193,z1134,z1202,z7,z145,z164,z8,z8] h=z1453
  horizon=27 mass=z1193.
Cells
  z1276:B1:44046861;z1277:0:Nlo:334222942;z25:0:Nhi:27344847;z1454:0:Nhi:133150278
  ;z1466:J1:203089671;z1205:1:A:1947512;z1467:D1:A:934237;z1468:1:A:3240165;z15:JD
  1:31287252;z1469:JD1:59779813;z17:JD1:30222737.
Sum=869266315; test 869266315/1000000000+(1-z1193)^7 <= 9970186/10000000.
Leaf R001111011101110011000
  B=[z874,z1470,z1471,z1472,z456,z1473,z467,z7,z164,z9,z8,z8] h=z10 horizon=27
  mass=z456.
Cells
  z1474:B1:38913168;z1475:0:Nlo:334797397;z25:0:Nhi:28935417;z1272:0:Nhi:143106960
  ;z1476:J1:193400855;z15:1:A:36896937;z1477:1:A:92002552;z17:P:2104190.
Sum=870157476; test 870157476/1000000000+(1-z456)^7 <= 9989382/10000000.
Leaf R001111011101110011001
  B=[z1478,z1450,z1479,z1296,z1473,z1193,z1480,z7,z164,z9,z8,z8] h=z10 horizon=27
  mass=z1473.
Cells
  z1481:B1:39285245;z1482:0:Nlo:334773644;z25:0:Nhi:28812673;z1483:0:Nhi:142294424
  ;z1300:J1:195282293;z15:1:A:36568485;z1484:1:A:91780722;z17:P:2256384.
Sum=871053870; test 871053870/1000000000+(1-z1473)^7 <= 9993195/10000000.
Leaf R001111011101110011010
  B=[z1295,z1485,z1486,z1487,z1193,z1488,z1202,z7,z164,z9,z8,z8] h=z10 horizon=27
  mass=z1193.
Cells
  z1489:B1:39658000;z1490:0:Nlo:334746847;z25:0:Nhi:28690964;z1462:0:Nhi:141490962
  ;z1491:J1:197164102;z15:1:A:36245825;z1492:1:A:91558417;z17:P:2408844.
Sum=871963961; test 871963961/1000000000+(1-z1193)^7 <= 9997163/10000000.
Leaf R0011110111011100110110
  B=[z1493,z1444,z1494,z1133,z1488,z1134,z1495,z7,z164,z191,z8,z8] h=z10
  horizon=27 mass=z1488.
Cells
  z1446:B1:40031415;z1447:0:Nlo:334717046;z25:0:Nhi:28570279;z1496:0:Nhi:140696424
  ;z1497:J1:198523094;z1305:1:Q:523115;z1138:JD1:2;z1306:1:A:4641822;z15:JD1:31084
  486;z1498:JD1:76541208;z17:JD1:15225173.
Sum=870554064; test 870554064/1000000000+(1-z1488)^7 <= 9977948/10000000.
Leaf R0011110111011100110111
  B=[z1493,z1444,z1494,z1133,z1488,z1134,z1495,z7,z191,z9,z8,z8] h=z10 horizon=27
  mass=z1488.
Cells
  z1446:B1:40031415;z1447:0:Nlo:334717046;z25:0:Nhi:28570279;z1496:0:Nhi:140696423
  ;z1499:J1:198339865;z1305:1:Q:261453;z1138:J1:2;z15:1:A:35928799;z1500:1:A:91335
  627;z17:P:2561577.
Sum=872442486; test 872442486/1000000000+(1-z1488)^7 <= 9996832/10000000.
Leaf R0011110111011100111000
  B=[z1068,z1501,z1502,z1503,z456,z1473,z467,z7,z164,z9,z8,z8] h=z1504 horizon=27
  mass=z456.
Cells
  z1505:B1:40875892;z1506:0:Nlo:334639015;z25:0:Nhi:28301795;z1507:0:Nhi:134654672
  ;z1508:J1:199824582;z15:1:A:37624034;z1509:1:A:91655604;z17:P:2617235.
Sum=870192829; test 870192829/1000000000+(1-z456)^7 <= 9989735/10000000.
Leaf R0011110111011100111001
  B=[z1470,z1510,z1511,z1512,z1473,z1193,z1480,z7,z164,z9,z8,z8] h=z1513
  horizon=27 mass=z1473.
Cells
  z1514:B1:41260308;z1515:0:Nlo:334598731;z25:0:Nhi:28181566;z1516:0:Nhi:133898293
  ;z1517:J1:200334570;z15:1:A:37881379;z1518:1:A:91432010;z17:P:2628296.
Sum=870215153; test 870215153/1000000000+(1-z1473)^7 <= 9984808/10000000.
Leaf R001111011101110011101
  B=[z1519,z1437,z1457,z1520,z456,z1193,z467,z7,z164,z9,z8,z8] h=z1521 horizon=27
  mass=z456.
Cells
  z1439:B1:43252114;z1440:0:Nlo:334344595;z25:0:Nhi:27577492;z1522:0:Nhi:130788730
  ;z1523:J1:197403666;z15:1:A:40439596;z1524:1:A:91242631;z17:P:2687308.
Sum=867736132; test 867736132/1000000000+(1-z456)^7 <= 9965168/10000000.
Leaf R001111011101110011110
  B=[z1450,z1525,z1526,z1465,z1193,z1134,z1202,z7,z164,z9,z8,z8] h=z1453
  horizon=27 mass=z1193.
Cells
  z1527:B1:42031011;z1528:0:Nlo:334509264;z25:0:Nhi:27944148;z1454:0:Nhi:133150278
  ;z1466:J1:202018959;z15:1:A:37797708;z1529:1:A:91141208;z17:P:2772858.
Sum=871365434; test 871365434/1000000000+(1-z1193)^7 <= 9991177/10000000.
Leaf R001111011101110011111
  B=[z1510,z1274,z1464,z1530,z1193,z1134,z1202,z7,z164,z9,z8,z8] h=z1531
  horizon=27 mass=z1193.
Cells
  z1276:B1:44046861;z1277:0:Nlo:334222944;z25:0:Nhi:27344847;z1532:0:Nhi:129334771
  ;z1533:J1:198335296;z15:1:A:40950330;z1534:1:A:90794181;z17:P:2708459.
Sum=867737689; test 867737689/1000000000+(1-z1193)^7 <= 9954900/10000000.
Leaf R0011110111011101000
  B=[z1282,z1535,z1536,z1319,z1134,z1230,z1145,z7,z145,z9,z8,z8] h=z10 horizon=27
  mass=z1134.
Cells
  z1537:B1:40780171;z1538:0:Nlo:334648588;z25:0:Nhi:28331923;z1539:0:Nhi:139910666
  ;z1323:J1:195295551;z15:1:A:37526930;z1540:1:A:90134065;z17:P:4617514.
Sum=871245408; test 871245408/1000000000+(1-z1134)^7 <= 9979764/10000000.
Leaf R0011110111011101001
  B=[z1318,z1541,z1542,z1371,z1230,z550,z1240,z7,z145,z9,z8,z8] h=z10 horizon=27
  mass=z1230.
Cells
  z1543:B1:41531399;z1544:0:Nlo:334568571;z25:0:Nhi:28097510;z1545:0:Nhi:138364912
  ;z1373:J1:198283081;z1374:1:Q:662642;z1375:J1:2;z15:1:A:36894987;z1546:1:A:89670
  138;z17:P:4939638.
Sum=873012880; test 873012880/1000000000+(1-z1230)^7 <= 9987295/10000000.
Leaf R00111101110111010100
  B=[z1282,z1535,z1547,z1335,z1134,z1230,z1145,z7,z145,z164,z8,z8] h=z10
  horizon=27 mass=z1134.
Cells
  z1537:B1:40780171;z1538:0:Nlo:334648587;z25:0:Nhi:28331924;z1539:0:Nhi:139910664
  ;z1148:J1:201563065;z1548:JD1:788098;z1549:1:Q:786265;z15:JD1:34910505;z1550:JD1
  :59782489;z17:JD1:29817880.
Sum=871319648; test 871319648/1000000000+(1-z1134)^7 <= 9980506/10000000.
Leaf R00111101110111010101
  B=[z1318,z1541,z1551,z549,z1230,z550,z1240,z7,z145,z164,z8,z8] h=z10 horizon=27
  mass=z1230.
Cells
  z1543:B1:41531399;z1544:0:Nlo:334568571;z25:0:Nhi:28097512;z1545:0:Nhi:138364911
  ;z1373:J1:203973285;z15:JD1:37297863;z1552:JD1:59241065;z17:JD1:30211025.
Sum=873285631; test 873285631/1000000000+(1-z1230)^7 <= 9990022/10000000.
Leaf R001111011101110101100
  B=[z1282,z1535,z1547,z1335,z1134,z1230,z1145,z7,z164,z191,z8,z8] h=z10
  horizon=27 mass=z1134.
Cells
  z1537:B1:40780171;z1538:0:Nlo:334648587;z25:0:Nhi:28331924;z1539:0:Nhi:139910664
  ;z1148:J1:200470774;z15:JD1:36677704;z1553:JD1:76228775;z17:JD1:15534994.
Sum=872583593; test 872583593/1000000000+(1-z1134)^7 <= 9993145/10000000.
Leaf R0011110111011101011010
  B=[z1282,z1535,z1547,z1339,z1134,z1230,z1145,z7,z191,z9,z8,z8] h=z10 horizon=27
  mass=z1134.
Cells
  z1537:B1:40780171;z1538:0:Nlo:334648587;z25:0:Nhi:28331925;z1539:0:Nhi:139910663
  ;z1554:J1:197557253;z1341:1:Q:212768;z1342:J1:2;z15:1:A:36385337;z1555:1:A:91045
  103;z17:P:2845960.
Sum=871717769; test 871717769/1000000000+(1-z1134)^7 <= 9984487/10000000.
Leaf R00111101110111010110110
  B=[z1282,z1556,z1557,z1326,z1134,z1220,z1145,z7,z191,z9,z8,z8] h=z10 horizon=27
  mass=z1134.
Cells
  z1558:B1:40405476;z1559:0:Nlo:334684280;z25:0:Nhi:28450602;z1539:0:Nhi:139910664
  ;z1332:J1:200472211;z15:1:A:35617270;z1560:1:A:91574356;z17:P:1809631.
Sum=872924490; test 872924490/1000000000+(1-z1134)^7 <= 9996554/10000000.
Leaf R001111011101110101101110
  B=[z1325,z1561,z1562,z1335,z1220,z1230,z1231,z7,z191,z9,z8,z8] h=z10 horizon=27
  mass=z1220.
Cells
  z1563:B1:38774094;z1564:0:Nlo:334805496;z25:0:Nhi:28981623;z1565:0:Nhi:139133541
  ;z1369:J1:202343837;z15:1:A:35311094;z1566:1:A:91733007;z17:P:1217494.
Sum=872300186; test 872300186/1000000000+(1-z1220)^7 <= 9985231/10000000.
Leaf R001111011101110101101111
  B=[z1567,z1535,z1568,z1569,z1220,z1230,z1231,z7,z191,z9,z8,z8] h=z1570
  horizon=27 mass=z1220.
Cells
  z1537:B1:40780171;z1538:0:Nlo:334648587;z25:0:Nhi:28331924;z1571:0:Nhi:134921745
  ;z1572:J1:205342263;z15:1:A:35801105;z1573:1:A:91355940;z17:P:1832744.
Sum=873014479; test 873014479/1000000000+(1-z1220)^7 <= 9992374/10000000.
Leaf R00111101110111010111000
  B=[z1318,z1574,z1575,z1378,z1230,z1247,z1240,z7,z164,z191,z8,z8] h=z10
  horizon=27 mass=z1230.
Cells
  z1576:B1:39137055;z1577:0:Nlo:334783465;z25:0:Nhi:28861408;z1545:0:Nhi:138364911
  ;z1373:J1:202018578;z15:JD1:37475225;z1578:JD1:76206548;z17:JD1:14983167.
Sum=871830357; test 871830357/1000000000+(1-z1230)^7 <= 9975469/10000000.
Leaf R00111101110111010111001
  B=[z1318,z1574,z1575,z1378,z1230,z1247,z1240,z7,z191,z9,z8,z8] h=z10 horizon=27
  mass=z1230.
Cells
  z1576:B1:39137055;z1577:0:Nlo:334783465;z25:0:Nhi:28861408;z1545:0:Nhi:138364911
  ;z1408:J1:204216494;z15:1:A:35010132;z1579:1:A:91031140;z17:P:2309076.
Sum=873713681; test 873713681/1000000000+(1-z1230)^7 <= 9994303/10000000.
Leaf R00111101110111010111010
  B=[z1377,z1580,z1581,z549,z1247,z550,z1254,z7,z164,z191,z8,z8] h=z10 horizon=27
  mass=z1247.
Cells
  z1582:B1:39500665;z1583:0:Nlo:334758520;z25:0:Nhi:28742184;z1584:0:Nhi:137604639
  ;z1256:J1:203192981;z15:JD1:37887466;z1585:JD1:75966356;z17:JD1:15152016.
Sum=872804827; test 872804827/1000000000+(1-z1247)^7 <= 9980169/10000000.
Leaf R00111101110111010111011
  B=[z1377,z1580,z1581,z549,z1247,z550,z1254,z7,z191,z9,z8,z8] h=z10 horizon=27
  mass=z1247.
Cells
  z1582:B1:39500665;z1583:0:Nlo:334758520;z25:0:Nhi:28742184;z1584:0:Nhi:137604639
  ;z556:J1:206090415;z15:1:A:34714252;z1586:1:A:90809447;z17:P:2459841.
Sum=874679963; test 874679963/1000000000+(1-z1247)^7 <= 9998920/10000000.
Leaf R0011110111011101011110
  B=[z1561,z1587,z1588,z1589,z1230,z1247,z1240,z7,z164,z9,z8,z8] h=z1590
  horizon=27 mass=z1230.
Cells
  z1591:B1:41155483;z1592:0:Nlo:334610005;z25:0:Nhi:28214231;z1593:0:Nhi:134180380
  ;z1594:J1:205625826;z1595:1:Q:758903;z1596:J1:2;z15:1:A:36042597;z1597:1:A:90669
  760;z17:P:2753332.
Sum=874010519; test 874010519/1000000000+(1-z1230)^7 <= 9997271/10000000.
Leaf R0011110111011101011111
  B=[z1574,z1541,z1598,z1599,z1247,z550,z1254,z7,z164,z9,z8,z8] h=z1600 horizon=27
  mass=z1247.
Cells
  z1543:B1:41531399;z1544:0:Nlo:334568571;z25:0:Nhi:28097511;z1601:0:Nhi:133447039
  ;z1602:J1:206129496;z1603:1:Q:812612;z1604:J1:2;z15:1:A:36281114;z1605:1:A:90449
  145;z17:P:2764992.
Sum=874081881; test 874081881/1000000000+(1-z1247)^7 <= 9992939/10000000.
Leaf R00111101110111011000
  B=[z1444,z1606,z1607,z1608,z1134,z1220,z1145,z7,z145,z9,z8,z8] h=z1609
  horizon=27 mass=z1134.
Cells
  z1610:B1:42417270;z1611:0:Nlo:334460162;z25:0:Nhi:27826929;z1612:0:Nhi:131678802
  ;z1613:J1:202933309;z15:1:A:38634044;z1614:1:A:89884398;z17:P:4383158.
Sum=872218072; test 872218072/1000000000+(1-z1134)^7 <= 9989490/10000000.
Leaf R00111101110111011001
  B=[z1556,z1615,z1616,z1617,z1220,z1230,z1231,z7,z145,z9,z8,z8] h=z1618
  horizon=27 mass=z1220.
Cells
  z1619:B1:42804115;z1620:0:Nlo:334408197;z25:0:Nhi:27710690;z1621:0:Nhi:130955075
  ;z1622:J1:203452632;z15:1:A:38878634;z1623:1:A:89656676;z17:P:4401563.
Sum=872267582; test 872267582/1000000000+(1-z1220)^7 <= 9984905/10000000.
Leaf R0011110111011101101
  B=[z1525,z1624,z1625,z1626,z1134,z1230,z1145,z7,z145,z9,z8,z8] h=z1627
  horizon=27 mass=z1134.
Cells
  z1628:B1:44843812;z1629:0:Nlo:334089956;z25:0:Nhi:27116092;z1630:0:Nhi:127912482
  ;z1631:J1:200302801;z15:1:A:41448137;z1632:1:A:89510056;z17:P:4378951.
Sum=869602287; test 869602287/1000000000+(1-z1134)^7 <= 9963332/10000000.
Leaf R0011110111011101110
  B=[z1535,z1633,z1634,z1635,z1230,z550,z1240,z7,z145,z9,z8,z8] h=z1636 horizon=27
  mass=z1230.
Cells
  z1637:B1:43579504;z1638:0:Nlo:334295831;z25:0:Nhi:27481098;z1639:0:Nhi:130239182
  ;z1640:J1:205192397;z15:1:A:38780382;z1641:1:A:89366594;z17:P:4541719.
Sum=873476707; test 873476707/1000000000+(1-z1230)^7 <= 9991933/10000000.
Leaf R0011110111011101111
  B=[z1615,z1268,z1642,z1643,z1230,z550,z1240,z7,z145,z9,z8,z8] h=z1644 horizon=27
  mass=z1230.
Cells
  z1270:B1:45642851;z1271:0:Nlo:333945941;z25:0:Nhi:26891127;z1645:0:Nhi:126520850
  ;z1646:J1:201252018;z15:1:A:41933401;z1647:1:A:89054034;z17:P:4414061.
Sum=869654283; test 869654283/1000000000+(1-z1230)^7 <= 9953709/10000000.
Leaf R00111101110111100
  B=[z945,z1648,z1649,z1650,z456,z1134,z467,z7,z145,z9,z8,z8] h=z1288 horizon=27
  mass=z456.
Cells
  z1651:B1:48119446;z1652:0:Nlo:333435385;z25:0:Nhi:26220134;z1289:0:Nhi:127136590
  ;z1653:J1:196902314;z15:1:A:42907264;z1654:1:A:89677234;z17:P:5060836.
Sum=869459203; test 869459203/1000000000+(1-z456)^7 <= 9982399/10000000.
Leaf R00111101110111101
  B=[z1108,z1131,z1655,z1656,z456,z1134,z467,z7,z145,z9,z8,z8] h=z1657 horizon=27
  mass=z456.
Cells
  z1135:B1:52234468;z1136:0:Nlo:332392571;z25:0:Nhi:25184222;z1658:0:Nhi:79999450;
  z1659:J1:227970759;z15:1:A:49655853;z1660:1:A:89062848;z17:P:4823462.
Sum=861323633; test 861323633/1000000000+(1-z456)^7 <= 9901043/10000000.
Leaf R0011110111011111
  B=[z1274,z601,z1661,z1662,z1134,z550,z1145,z7,z145,z9,z8,z8] h=z1663 horizon=27
  mass=z1134.
Cells
  z603:B1:54009971;z604:0:Nlo:331875296;z25:0:Nhi:24764363;z1664:0:Nhi:124353759;z
  1665:J1:198651270;z15:1:A:43913375;z1666:1:A:88113336;z17:P:6386176.
Sum=872067546; test 872067546/1000000000+(1-z1134)^7 <= 9987985/10000000.
Leaf R00111101111000 B=[z548,z465,z1150,z1667,z550,z20,z563,z7,z32,z140,z8,z8]
  h=z10 horizon=27 mass=z550.
Cells
  z468:B1:57573359;z469:0:Nlo:330727943;z25:0:Nhi:23965262;z1151:0:Nhi:182012258;z
  1668:J1:39149597;z566:J1:120241024;z1669:1:Q:1449602;z15:JD1:35484317;z1670:JD1:
  20148221;z17:JD1:62903757.
Sum=873655340; test 873655340/1000000000+(1-z550)^7 <= 9983645/10000000.
Leaf R001111011110010 B=[z548,z1157,z1158,z1671,z550,z570,z563,z7,z140,z145,z8,z8]
  h=z10 horizon=27 mass=z550.
Cells
  z1159:B1:55789902;z1160:0:Nlo:331319661;z25:0:Nhi:24358265;z1672:0:Nhi:136128944
  ;z566:J1:198282297;z1673:1:Q:170676;z1674:D1:Q:2;z1675:1:A:4497128;z15:JD1:32660
  723;z1676:JD1:38544483;z17:JD1:49865595.
Sum=871617676; test 871617676/1000000000+(1-z550)^7 <= 9963269/10000000.
Leaf R001111011110011 B=[z568,z465,z1172,z1667,z570,z20,z578,z7,z140,z145,z8,z8]
  h=z10 horizon=27 mass=z570.
Cells
  z468:B1:57573359;z469:0:Nlo:330727943;z25:0:Nhi:23965262;z1677:0:Nhi:144448919;z
  1169:J1:191414636;z15:JD1:38920508;z1678:JD1:37277983;z17:JD1:50841440.
Sum=875170050; test 875170050/1000000000+(1-z570)^7 <= 9978852/10000000.
Leaf R00111101111010 B=[z548,z1163,z1679,z1667,z550,z20,z563,z7,z145,z9,z8,z8]
  h=z10 horizon=27 mass=z550.
Cells
  z1165:B1:40321372;z1166:0:Nlo:334691899;z25:0:Nhi:28477405;z1680:0:Nhi:125795651
  ;z566:J1:210205890;z1669:1:Q:1449602;z1681:J1:2;z15:1:A:36893044;z1682:1:A:87628
  346;z17:P:8245061.
Sum=873708272; test 873708272/1000000000+(1-z550)^7 <= 9984175/10000000.
Leaf R00111101111011000
  B=[z1262,z1683,z1684,z1671,z550,z570,z563,z7,z145,z9,z8,z8] h=z10 horizon=27
  mass=z550.
Cells
  z1685:B1:43040836;z1686:0:Nlo:334375044;z25:0:Nhi:27640120;z1687:0:Nhi:136852590
  ;z566:J1:196160862;z1673:1:Q:170676;z1674:D1:Q:2;z15:1:A:38090288;z1688:1:A:8725
  1953;z17:P:8951725.
Sum=872534096; test 872534096/1000000000+(1-z550)^7 <= 9972433/10000000.
Leaf R00111101111011001
  B=[z1541,z1689,z1690,z1691,z550,z570,z563,z7,z145,z9,z8,z8] h=z1692 horizon=27
  mass=z550.
Cells
  z1693:B1:47246741;z1694:0:Nlo:333626005;z25:0:Nhi:26452207;z1695:0:Nhi:88257166;
  z1696:J1:231774421;z15:1:A:43720041;z1697:1:A:86765978;z17:P:8685712.
Sum=866528271; test 866528271/1000000000+(1-z550)^7 <= 9912375/10000000.
Leaf R0011110111101101 B=[z1171,z1698,z1699,z1700,z570,z20,z578,z7,z145,z9,z8,z8]
  h=z1174 horizon=27 mass=z570.
Cells
  z1701:B1:48857643;z1702:0:Nlo:333265433;z25:0:Nhi:26027374;z1703:0:Nhi:133924032
  ;z1169:J1:198776340;z1704:1:Q:1612778;z1705:J1:2;z15:1:A:38149914;z1706:1:A:8569
  2789;z17:P:10418198.
Sum=876724503; test 876724503/1000000000+(1-z570)^7 <= 9994397/10000000.
Leaf R001111011110111 B=[z1268,z465,z1150,z1707,z550,z20,z563,z7,z145,z9,z8,z8]
  h=z1708 horizon=27 mass=z550.
Cells
  z468:B1:57573359;z469:0:Nlo:330727943;z25:0:Nhi:23965262;z1709:0:Nhi:80209871;z1
  710:J1:228567989;z15:1:A:49043615;z1711:1:A:85520835;z17:P:9668041.
Sum=865276915; test 865276915/1000000000+(1-z550)^7 <= 9899861/10000000.
Leaf R001111011111000 B=[z548,z1163,z1712,z438,z550,z20,z563,z7,z32,z140,z8,z8]
  h=z10 horizon=27 mass=z550.
Cells
  z1165:B1:40321372;z1166:0:Nlo:334691898;z25:0:Nhi:28477405;z1151:0:Nhi:182012259
  ;z565:J1:64123602;z566:J1:104264031;z15:JD1:37288799;z1713:JD1:22897909;z17:JD1:
  55895721.
Sum=869972996; test 869972996/1000000000+(1-z550)^7 <= 9946822/10000000.
Leaf R001111011111001 B=[z548,z1163,z1712,z438,z550,z20,z563,z7,z140,z145,z8,z8]
  h=z10 horizon=27 mass=z550.
Cells
  z1165:B1:40321372;z1166:0:Nlo:334691898;z25:0:Nhi:28477405;z1714:0:Nhi:176255899
  ;z566:J1:172608809;z15:JD1:37760423;z1715:JD1:42214071;z17:JD1:42080054.
Sum=874409931; test 874409931/1000000000+(1-z550)^7 <= 9991191/10000000.
Leaf R001111011111010000
  B=[z1262,z1683,z1716,z569,z550,z570,z563,z7,z32,z140,z8,z8] h=z10 horizon=27
  mass=z550.
Cells
  z1685:B1:43040836;z1686:0:Nlo:334375043;z25:0:Nhi:27640122;z1717:0:Nhi:189780176
  ;z1718:J1:50040192;z566:J1:108225774;z15:JD1:37195121;z1719:JD1:22574681;z17:JD1
  :56657004.
Sum=869528949; test 869528949/1000000000+(1-z550)^7 <= 9942382/10000000.
Leaf R001111011111010001
  B=[z1262,z1683,z1716,z569,z550,z570,z563,z7,z140,z145,z8,z8] h=z10 horizon=27
  mass=z550.
Cells
  z1685:B1:43040836;z1686:0:Nlo:334375043;z25:0:Nhi:27640122;z1720:0:Nhi:168017811
  ;z566:J1:177723353;z15:JD1:37667294;z1721:JD1:41772682;z17:JD1:42975650.
Sum=873212791; test 873212791/1000000000+(1-z550)^7 <= 9979220/10000000.
Leaf R001111011111010010
  B=[z1171,z1722,z1723,z1173,z570,z20,z578,z7,z32,z140,z8,z8] h=z1174 horizon=27
  mass=z570.
Cells
  z1724:B1:44558864;z1725:0:Nlo:334138745;z25:0:Nhi:27197371;z1175:0:Nhi:187016764
  ;z1726:J1:55881718;z1169:J1:104421250;z15:JD1:38622313;z1727:JD1:21488229;z17:JD
  1:57053996.
Sum=870379250; test 870379250/1000000000+(1-z570)^7 <= 9930944/10000000.
Leaf R001111011111010011
  B=[z1171,z1722,z1723,z1173,z570,z20,z578,z7,z140,z145,z8,z8] h=z1174 horizon=27
  mass=z570.
Cells
  z1724:B1:44558864;z1725:0:Nlo:334138745;z25:0:Nhi:27197371;z1728:0:Nhi:172571663
  ;z1169:J1:172913662;z15:JD1:39131244;z1729:JD1:40782220;z17:JD1:43316577.
Sum=874610346; test 874610346/1000000000+(1-z570)^7 <= 9973255/10000000.
Leaf R00111101111101010
  B=[z1541,z1689,z1730,z1731,z550,z570,z563,z7,z32,z145,z8,z8] h=z1692 horizon=27
  mass=z550.
Cells
  z1693:B1:47246741;z1694:0:Nlo:333626005;z25:0:Nhi:26452208;z1732:0:Nhi:128830406
  ;z1733:J1:96720773;z1734:J1:115418717;z566:1:A:654166;z1735:D1:A:387847;z1736:1:
  A:3943391;z15:JD1:32797663;z1737:JD1:17957946;z17:JD1:67453725.
Sum=871489588; test 871489588/1000000000+(1-z550)^7 <= 9961988/10000000.
Leaf R00111101111101011
  B=[z1683,z1698,z1738,z1739,z570,z20,z578,z7,z32,z145,z8,z8] h=z1740 horizon=27
  mass=z570.
Cells
  z1701:B1:48857643;z1702:0:Nlo:333265432;z25:0:Nhi:26027375;z1741:0:Nhi:175361078
  ;z1742:J1:51253138;z1743:J1:113436605;z1169:1:A:192673;z1744:D1:A:118378;z1745:1
  :A:4220347;z15:JD1:34095332;z1746:JD1:17101207;z17:JD1:67407693.
Sum=871336901; test 871336901/1000000000+(1-z570)^7 <= 9940521/10000000.
Leaf R001111011111011 B=[z1268,z465,z1747,z1748,z550,z20,z563,z7,z32,z145,z8,z8]
  h=z1708 horizon=27 mass=z550.
Cells
  z468:B1:57573359;z469:0:Nlo:330727943;z25:0:Nhi:23965263;z1749:0:Nhi:121689114;z
  1750:J1:93986262;z1751:J1:114984823;z566:1:A:6076773;z1752:D1:A:3500105;z1753:1:
  A:2;z15:JD1:32934614;z1754:JD1:18837121;z17:JD1:66652267.
Sum=870927646; test 870927646/1000000000+(1-z550)^7 <= 9956368/10000000.
Leaf R0011110111111000 B=[z548,z1171,z1755,z1756,z550,z570,z563,z7,z145,z9,z8,z8]
  h=z10 horizon=27 mass=z550.
Cells
  z1757:B1:38900449;z1758:0:Nlo:334798156;z25:0:Nhi:28939635;z1759:0:Nhi:130897201
  ;z1760:J1:209671061;z1761:1:Q:1367535;z1762:J1:2;z15:1:A:35692827;z1763:1:A:8977
  3313;z17:P:4175473.
Sum=874215652; test 874215652/1000000000+(1-z550)^7 <= 9989249/10000000.
Leaf R00111101111110010
  B=[z568,z1764,z1765,z1766,z570,z1767,z578,z7,z145,z9,z8,z8] h=z10 horizon=27
  mass=z570.
Cells
  z1768:B1:39609708;z1769:0:Nlo:334750486;z25:0:Nhi:28706662;z1770:0:Nhi:131473602
  ;z1771:J1:212221572;z1772:1:Q:454934;z1773:J1:2;z15:1:A:35120627;z1774:1:A:88977
  470;z17:P:4573001.
Sum=875888064; test 875888064/1000000000+(1-z570)^7 <= 9986032/10000000.
Leaf R00111101111110011
  B=[z1775,z1163,z1776,z1777,z1767,z20,z1778,z7,z145,z9,z8,z8] h=z10 horizon=27
  mass=z1767.
Cells
  z1165:B1:40321372;z1166:0:Nlo:334691898;z25:0:Nhi:28477405;z1779:0:Nhi:132942262
  ;z1780:J1:211293096;z1781:1:Q:2075398;z1782:J1:2;z15:1:A:34566472;z1783:1:A:8851
  5878;z17:P:4889236.
Sum=877773019; test 877773019/1000000000+(1-z1767)^7 <= 9995015/10000000.
Leaf R00111101111110100
  B=[z548,z1171,z1784,z569,z550,z570,z563,z7,z145,z164,z8,z8] h=z10 horizon=27
  mass=z550.
Cells
  z1757:B1:38900449;z1758:0:Nlo:334798156;z25:0:Nhi:28939636;z1785:0:Nhi:140051436
  ;z566:J1:204966401;z15:JD1:38164203;z1786:JD1:59347742;z17:JD1:29339768.
Sum=874507791; test 874507791/1000000000+(1-z550)^7 <= 9992170/10000000.
Leaf R00111101111110101000
  B=[z548,z1787,z1371,z1788,z550,z1789,z563,z7,z164,z191,z8,z8] h=z10 horizon=27
  mass=z550.
Cells
  z1790:B1:37841291;z1791:0:Nlo:334848592;z25:0:Nhi:29296267;z1151:0:Nhi:182012259
  ;z566:J1:161276297;z15:JD1:38301689;z1792:JD1:76075269;z17:JD1:14649528.
Sum=874301192; test 874301192/1000000000+(1-z550)^7 <= 9990104/10000000.
Leaf R001111011111101010010
  B=[z548,z1787,z1371,z1793,z550,z1789,z563,z7,z191,z9,z8,z8] h=z10 horizon=27
  mass=z550.
Cells
  z1790:B1:37841291;z1791:0:Nlo:334848592;z25:0:Nhi:29296267;z1151:0:Nhi:182012259
  ;z1794:J1:162011743;z15:1:A:35472197;z1795:1:A:90915720;z17:P:1976112.
Sum=874374181; test 874374181/1000000000+(1-z550)^7 <= 9990834/10000000.
Leaf R00111101111110101001100
  B=[z548,z1796,z1413,z1797,z550,z1798,z563,z7,z191,z9,z8,z8] h=z10 horizon=27
  mass=z550.
Cells
  z1799:B1:37665336;z1800:0:Nlo:334854484;z25:0:Nhi:29356560;z1151:0:Nhi:182012260
  ;z1801:J1:163118210;z15:1:A:35086793;z1802:1:A:91422325;z17:P:993084.
Sum=874509052; test 874509052/1000000000+(1-z550)^7 <= 9992183/10000000.
Leaf R001111011111101010011010
  B=[z548,z1796,z1429,z1803,z550,z1798,z563,z7,z191,z1039,z8,z8] h=z10 horizon=27
  mass=z550.
Cells
  z1799:B1:37665336;z1800:0:Nlo:334854484;z25:0:Nhi:29356560;z1151:0:Nhi:182012259
  ;z566:J1:160691831;z15:JD1:38399261;z1804:JD1:84477047;z17:JD1:6603228.
Sum=874060006; test 874060006/1000000000+(1-z550)^7 <= 9987692/10000000.
Leaf R001111011111101010011011
  B=[z548,z1796,z1429,z1803,z550,z1798,z563,z7,z1039,z9,z8,z8] h=z10 horizon=27
  mass=z550.
Cells
  z1799:B1:37665336;z1800:0:Nlo:334854484;z25:0:Nhi:29356560;z1151:0:Nhi:182012259
  ;z1805:J1:164493420;z15:1:A:34568180;z1806:1:A:91676736;z17:P:497553.
Sum=875124528; test 875124528/1000000000+(1-z550)^7 <= 9998337/10000000.
Leaf R00111101111110101001110
  B=[z1807,z1787,z1808,z1809,z1798,z1789,z1810,z7,z191,z9,z8,z8] h=z10 horizon=27
  mass=z1798.
Cells
  z1790:B1:37841291;z1791:0:Nlo:334848592;z25:0:Nhi:29296267;z1811:0:Nhi:181488401
  ;z1812:J1:164007770;z15:1:A:34939898;z1813:1:A:91348969;z17:P:998394.
Sum=874769582; test 874769582/1000000000+(1-z1798)^7 <= 9992280/10000000.
Leaf R001111011111101010011110
  B=[z1807,z1787,z1797,z1788,z1798,z1789,z1810,z7,z191,z1039,z8,z8] h=z10
  horizon=27 mass=z1798.
Cells
  z1790:B1:37841291;z1791:0:Nlo:334848592;z25:0:Nhi:29296267;z1811:0:Nhi:181488400
  ;z1814:J1:161235097;z15:JD1:38607994;z1815:JD1:84402757;z17:JD1:6607606.
Sum=874328004; test 874328004/1000000000+(1-z1798)^7 <= 9987864/10000000.
Leaf R001111011111101010011111
  B=[z1807,z1787,z1797,z1788,z1798,z1789,z1810,z7,z1039,z9,z8,z8] h=z10 horizon=27
  mass=z1798.
Cells
  z1790:B1:37841291;z1791:0:Nlo:334848592;z25:0:Nhi:29296267;z1811:0:Nhi:181488402
  ;z1816:J1:165389422;z15:1:A:34423330;z1817:1:A:91605169;z17:P:500226.
Sum=875392699; test 875392699/1000000000+(1-z1798)^7 <= 9998511/10000000.
Leaf R00111101111110101010
  B=[z1818,z1819,z1820,z1821,z1789,z1822,z1823,z7,z164,z9,z8,z8] h=z10 horizon=27
  mass=z1789.
Cells
  z1824:B1:38193696;z1825:0:Nlo:334834635;z25:0:Nhi:29176418;z1826:0:Nhi:100519401
  ;z1827:J1:244378697;z15:1:A:35177906;z1828:1:A:90742505;z17:P:2034626.
Sum=875057884; test 875057884/1000000000+(1-z1789)^7 <= 9992660/10000000.
Leaf R001111011111101010110
  B=[z1818,z1819,z1829,z1830,z1789,z1822,z1823,z7,z164,z191,z8,z8] h=z10
  horizon=27 mass=z1789.
Cells
  z1824:B1:38193696;z1825:0:Nlo:334834635;z25:0:Nhi:29176418;z1831:0:Nhi:180967504
  ;z1832:J1:162375225;z15:JD1:38717920;z1833:JD1:76434204;z17:JD1:13675225.
Sum=874374827; test 874374827/1000000000+(1-z1789)^7 <= 9985829/10000000.
Leaf R00111101111110101011100
  B=[z1818,z1834,z1793,z1835,z1789,z1836,z1823,z7,z191,z9,z8,z8] h=z10 horizon=27
  mass=z1789.
Cells
  z1837:B1:38017411;z1838:0:Nlo:334841974;z25:0:Nhi:29236219;z1831:0:Nhi:180967504
  ;z1839:J1:164897083;z15:1:A:34794229;z1840:1:A:91275655;z17:P:1003719.
Sum=875033794; test 875033794/1000000000+(1-z1789)^7 <= 9992419/10000000.
Leaf R001111011111101010111010
  B=[z1818,z1834,z1809,z1841,z1789,z1836,z1823,z7,z191,z1039,z8,z8] h=z10
  horizon=27 mass=z1789.
Cells
  z1837:B1:38017411;z1838:0:Nlo:334841974;z25:0:Nhi:29236220;z1831:0:Nhi:180967503
  ;z1832:J1:161778893;z15:JD1:38817234;z1842:JD1:84328487;z17:JD1:6612027.
Sum=874599749; test 874599749/1000000000+(1-z1789)^7 <= 9988079/10000000.
Leaf R001111011111101010111011
  B=[z1818,z1834,z1809,z1841,z1789,z1836,z1823,z7,z1039,z9,z8,z8] h=z10 horizon=27
  mass=z1789.
Cells
  z1837:B1:38017411;z1838:0:Nlo:334841974;z25:0:Nhi:29236220;z1831:0:Nhi:180967504
  ;z1843:J1:166285230;z15:1:A:34279685;z1844:1:A:91533653;z17:P:502905.
Sum=875664582; test 875664582/1000000000+(1-z1789)^7 <= 9998727/10000000.
Leaf R00111101111110101011110
  B=[z1845,z1819,z1846,z1847,z1836,z1822,z1848,z7,z191,z9,z8,z8] h=z10 horizon=27
  mass=z1836.
Cells
  z1824:B1:38193696;z1825:0:Nlo:334834635;z25:0:Nhi:29176418;z1849:0:Nhi:180449541
  ;z1850:J1:165786174;z15:1:A:34649766;z1851:1:A:91182083;z17:P:1048344.
Sum=875320657; test 875320657/1000000000+(1-z1836)^7 <= 9992789/10000000.
Leaf R001111011111101010111110
  B=[z1845,z1819,z1852,z1830,z1836,z1822,z1848,z7,z191,z1039,z8,z8] h=z10
  horizon=27 mass=z1836.
Cells
  z1824:B1:38193696;z1825:0:Nlo:334834635;z25:0:Nhi:29176418;z1849:0:Nhi:180449541
  ;z1853:J1:162323228;z15:JD1:39026982;z1854:JD1:84232638;z17:JD1:6657863.
Sum=874895001; test 874895001/1000000000+(1-z1836)^7 <= 9988532/10000000.
Leaf R0011110111111010101111110
  B=[z1845,z1855,z1856,z1857,z1836,z1858,z1848,z7,z1039,z9,z8,z8] h=z10 horizon=27
  mass=z1836.
Cells
  z1859:B1:38105533;z1860:0:Nlo:334838395;z25:0:Nhi:29206288;z1849:0:Nhi:180449541
  ;z1861:J1:166965075;z15:1:A:34208313;z1862:1:A:91459037;z17:P:511703.
Sum=875743885; test 875743885/1000000000+(1-z1836)^7 <= 9997021/10000000.
Leaf R0011110111111010101111111
  B=[z1863,z1819,z1864,z1830,z1858,z1822,z1865,z7,z1039,z9,z8,z8] h=z10 horizon=27
  mass=z1858.
Cells
  z1824:B1:38193696;z1825:0:Nlo:334834635;z25:0:Nhi:29176418;z1866:0:Nhi:180191653
  ;z1867:J1:167412705;z15:1:A:34137236;z1868:1:A:91405744;z17:P:547122.
Sum=875899209; test 875899209/1000000000+(1-z1858)^7 <= 9997326/10000000.
Leaf R00111101111110101100
  B=[z1869,z1870,z1871,z1872,z1822,z1873,z1874,z7,z164,z191,z8,z8] h=z10
  horizon=27 mass=z1822.
Cells
  z1875:B1:38546753;z1876:0:Nlo:334817812;z25:0:Nhi:29057544;z1877:0:Nhi:179934490
  ;z1878:J1:163476552;z15:JD1:39136182;z1879:JD1:75646546;z17:JD1:14888475.
Sum=875504354; test 875504354/1000000000+(1-z1822)^7 <= 9992131/10000000.
Leaf R00111101111110101101
  B=[z1880,z1171,z1881,z569,z1873,z570,z1882,z7,z164,z191,z8,z8] h=z10 horizon=27
  mass=z1873.
Cells
  z1757:B1:38900449;z1758:0:Nlo:334798156;z25:0:Nhi:28939636;z1883:0:Nhi:178913023
  ;z1884:J1:164580372;z15:JD1:39556498;z1885:JD1:75406343;z17:JD1:15056485.
Sum=876150962; test 876150962/1000000000+(1-z1873)^7 <= 9993621/10000000.
Leaf R001111011111101011100
  B=[z1869,z1870,z1871,z1886,z1822,z1873,z1874,z7,z191,z9,z8,z8] h=z10 horizon=27
  mass=z1822.
Cells
  z1875:B1:38546753;z1876:0:Nlo:334817812;z25:0:Nhi:29057545;z1877:0:Nhi:179934490
  ;z1887:J1:165536414;z15:1:A:34888458;z1888:1:A:90522483;z17:P:2183110.
Sum=875487065; test 875487065/1000000000+(1-z1822)^7 <= 9991958/10000000.
Leaf R00111101111110101110100
  B=[z1869,z1889,z1890,z1891,z1822,z1892,z1874,z7,z191,z9,z8,z8] h=z10 horizon=27
  mass=z1822.
Cells
  z1893:B1:38370143;z1894:0:Nlo:334826580;z25:0:Nhi:29116859;z1877:0:Nhi:179934490
  ;z1895:J1:166675071;z15:1:A:34506497;z1896:1:A:91074299;z17:P:1120365.
Sum=875624304; test 875624304/1000000000+(1-z1822)^7 <= 9993330/10000000.
Leaf R001111011111101011101010
  B=[z1869,z1889,z1897,z1898,z1822,z1892,z1874,z7,z191,z1039,z8,z8] h=z10
  horizon=27 mass=z1822.
Cells
  z1893:B1:38370143;z1894:0:Nlo:334826580;z25:0:Nhi:29116861;z1877:0:Nhi:179934490
  ;z1878:J1:162868113;z15:JD1:39237245;z1899:JD1:84121653;z17:JD1:6732614.
Sum=875207699; test 875207699/1000000000+(1-z1822)^7 <= 9989164/10000000.
Leaf R0011110111111010111010110
  B=[z1869,z1900,z1901,z1902,z1822,z1903,z1874,z7,z1039,z9,z8,z8] h=z10 horizon=27
  mass=z1822.
Cells
  z1904:B1:38281899;z1905:0:Nlo:334830696;z25:0:Nhi:29146609;z1877:0:Nhi:179934490
  ;z1906:J1:167860303;z15:1:A:34066454;z1907:1:A:91352421;z17:P:582560.
Sum=876055432; test 876055432/1000000000+(1-z1822)^7 <= 9997642/10000000.
Leaf R0011110111111010111010111
  B=[z1908,z1889,z1909,z1898,z1903,z1892,z1910,z7,z1039,z9,z8,z8] h=z10 horizon=27
  mass=z1903.
Cells
  z1893:B1:38370143;z1894:0:Nlo:334826580;z25:0:Nhi:29116861;z1911:0:Nhi:179678047
  ;z1912:J1:168307872;z15:1:A:33995965;z1913:1:A:91299068;z17:P:618018.
Sum=876212554; test 876212554/1000000000+(1-z1903)^7 <= 9997967/10000000.
Leaf R00111101111110101110110
  B=[z1914,z1870,z1915,z1916,z1892,z1873,z1917,z7,z191,z9,z8,z8] h=z10 horizon=27
  mass=z1892.
Cells
  z1875:B1:38546753;z1876:0:Nlo:334817812;z25:0:Nhi:29057544;z1918:0:Nhi:179422324
  ;z1919:J1:167563802;z15:1:A:34364407;z1920:1:A:90966392;z17:P:1192466.
Sum=875931500; test 875931500/1000000000+(1-z1892)^7 <= 9993912/10000000.
Leaf R001111011111101011101110
  B=[z1914,z1870,z1921,z1872,z1892,z1873,z1917,z7,z191,z1039,z8,z8] h=z10
  horizon=27 mass=z1892.
Cells
  z1875:B1:38546753;z1876:0:Nlo:334817812;z25:0:Nhi:29057544;z1918:0:Nhi:179422325
  ;z1922:J1:163413565;z15:JD1:39448023;z1923:JD1:84010520;z17:JD1:6807519.
Sum=875524061; test 875524061/1000000000+(1-z1892)^7 <= 9989838/10000000.
Leaf R0011110111111010111011110
  B=[z1914,z1924,z1925,z1926,z1892,z1927,z1917,z7,z1039,z9,z8,z8] h=z10 horizon=27
  mass=z1892.
Cells
  z1928:B1:38458428;z1929:0:Nlo:334822284;z25:0:Nhi:29087172;z1918:0:Nhi:179422325
  ;z1930:J1:168755417;z15:1:A:33925765;z1931:1:A:91245688;z17:P:653495.
Sum=876370574; test 876370574/1000000000+(1-z1892)^7 <= 9998303/10000000.
Leaf R0011110111111010111011111
  B=[z1932,z1870,z1933,z1872,z1927,z1873,z1934,z7,z1039,z9,z8,z8] h=z10 horizon=27
  mass=z1927.
Cells
  z1875:B1:38546753;z1876:0:Nlo:334817812;z25:0:Nhi:29057544;z1935:0:Nhi:179167317
  ;z1936:J1:169202938;z15:1:A:33855857;z1937:1:A:91192277;z17:P:688992.
Sum=876529490; test 876529490/1000000000+(1-z1927)^7 <= 9998648/10000000.
Leaf R001111011111101011110
  B=[z1880,z1171,z1881,z1938,z1873,z570,z1882,z7,z191,z9,z8,z8] h=z10 horizon=27
  mass=z1873.
Cells
  z1757:B1:38900449;z1758:0:Nlo:334798156;z25:0:Nhi:28939636;z1883:0:Nhi:178913023
  ;z1939:J1:167297263;z15:1:A:34603728;z1940:1:A:90301947;z17:P:2331913.
Sum=876086115; test 876086115/1000000000+(1-z1873)^7 <= 9992972/10000000.
Leaf R00111101111110101111100
  B=[z1880,z1941,z1942,z1943,z1873,z1944,z1882,z7,z191,z9,z8,z8] h=z10 horizon=27
  mass=z1873.
Cells
  z1945:B1:38723522;z1946:0:Nlo:334808335;z25:0:Nhi:28998470;z1883:0:Nhi:178913023
  ;z1947:J1:168452401;z15:1:A:34223484;z1948:1:A:90858366;z17:P:1264646.
Sum=876242247; test 876242247/1000000000+(1-z1873)^7 <= 9994533/10000000.
Leaf R001111011111101011111010
  B=[z1880,z1941,z1949,z1950,z1873,z1944,z1882,z7,z191,z1039,z8,z8] h=z10
  horizon=27 mass=z1873.
Cells
  z1945:B1:38723522;z1946:0:Nlo:334808335;z25:0:Nhi:28998471;z1883:0:Nhi:178913022
  ;z1884:J1:163959589;z15:JD1:39659322;z1951:JD1:83899240;z17:JD1:6882579.
Sum=875844080; test 875844080/1000000000+(1-z1873)^7 <= 9990552/10000000.
Leaf R00111101111110101111101100
  B=[z1880,z1952,z1916,z1953,z1873,z1954,z1882,z7,z1039,z9,z8,z8] h=z10 horizon=27
  mass=z1873.
Cells
  z1955:B1:30666747;z1956:0:Nlo:334421046;z25:0:Nhi:32039650;z1883:0:Nhi:178913023
  ;z1957:J1:169497545;z1958:1:Q:152880;z1959:J1:2;z15:1:A:33786233;z1960:1:A:91248
  091;z17:P:513697.
Sum=871238914; test 871238914/1000000000+(1-z1873)^7 <= 9944500/10000000.
Leaf R00111101111110101111101101
  B=[z1961,z1962,z1963,z1953,z1873,z1954,z1882,z7,z1039,z9,z8,z8] h=z10 horizon=27
  mass=z1873.
Cells
  z1964:B1:38635117;z1965:0:Nlo:334813161;z25:0:Nhi:29027977;z1966:0:Nhi:153692186
  ;z1959:J1:193392974;z15:1:A:33786233;z1967:1:A:91138834;z17:P:724508.
Sum=875210990; test 875210990/1000000000+(1-z1873)^7 <= 9984221/10000000.
Leaf R00111101111110101111101110
  B=[z1968,z1969,z1970,z1950,z1954,z1944,z1971,z7,z1039,z9,z8,z8] h=z10 horizon=27
  mass=z1954.
Cells
  z1972:B1:30742193;z1973:0:Nlo:334433658;z25:0:Nhi:32007304;z1974:0:Nhi:178659438
  ;z1975:J1:170097931;z15:1:A:33716896;z1976:1:A:91212452;z17:P:515054.
Sum=871384926; test 871384926/1000000000+(1-z1954)^7 <= 9944719/10000000.
Leaf R00111101111110101111101111
  B=[z1952,z1941,z1977,z1950,z1954,z1944,z1971,z7,z1039,z9,z8,z8] h=z10 horizon=27
  mass=z1954.
Cells
  z1945:B1:38723522;z1946:0:Nlo:334808335;z25:0:Nhi:28998471;z1978:0:Nhi:153480773
  ;z1975:J1:193850733;z15:1:A:33716896;z1979:1:A:91085363;z17:P:760044.
Sum=875424137; test 875424137/1000000000+(1-z1954)^7 <= 9985111/10000000.
Leaf R00111101111110101111110
  B=[z1980,z1171,z1981,z1982,z1944,z570,z1983,z7,z191,z9,z8,z8] h=z10 horizon=27
  mass=z1944.
Cells
  z1757:B1:38900449;z1758:0:Nlo:334798156;z25:0:Nhi:28939635;z1984:0:Nhi:178406559
  ;z1985:J1:168952331;z1986:1:Q:388508;z1987:J1:2;z15:1:A:34083707;z1988:1:A:90750
  215;z17:P:1336906.
Sum=876556468; test 876556468/1000000000+(1-z1944)^7 <= 9995194/10000000.
Leaf R001111011111101011111110
  B=[z1980,z1171,z1989,z569,z1944,z570,z1983,z7,z191,z1039,z8,z8] h=z10 horizon=27
  mass=z1944.
Cells
  z1757:B1:38900449;z1758:0:Nlo:334798156;z25:0:Nhi:28939636;z1984:0:Nhi:178406560
  ;z1990:J1:164506195;z15:JD1:39871142;z1991:JD1:83787810;z17:JD1:6957792.
Sum=876167740; test 876167740/1000000000+(1-z1944)^7 <= 9991307/10000000.
Leaf R00111101111110101111111100
  B=[z1980,z1992,z1943,z1993,z1944,z1994,z1983,z7,z1039,z9,z8,z8] h=z10 horizon=27
  mass=z1944.
Cells
  z1995:B1:30817686;z1996:0:Nlo:334446082;z25:0:Nhi:31975023;z1984:0:Nhi:178406560
  ;z1997:J1:170545406;z15:1:A:33647844;z1998:1:A:91176826;z17:P:516413.
Sum=871531840; test 871531840/1000000000+(1-z1944)^7 <= 9944948/10000000.
Leaf R00111101111110101111111101
  B=[z1969,z1999,z2000,z1993,z1944,z1994,z1983,z7,z1039,z9,z8,z8] h=z10 horizon=27
  mass=z1944.
Cells
  z2001:B1:38811966;z2002:0:Nlo:334803333;z25:0:Nhi:28969023;z2003:0:Nhi:153269932
  ;z1997:J1:194308562;z15:1:A:33647844;z2004:1:A:91031863;z17:P:795601.
Sum=875638124; test 875638124/1000000000+(1-z1944)^7 <= 9986010/10000000.
Leaf R00111101111110101111111110
  B=[z2005,z2006,z2007,z569,z1994,z570,z2008,z7,z1039,z9,z8,z8] h=z10 horizon=27
  mass=z1994.
Cells
  z2009:B1:30893228;z2010:0:Nlo:334458316;z25:0:Nhi:31942807;z2011:0:Nhi:178154386
  ;z574:J1:170992871;z15:1:A:33579072;z2012:1:A:91141211;z17:P:517774.
Sum=871679665; test 871679665/1000000000+(1-z1994)^7 <= 9945187/10000000.
Leaf R00111101111110101111111111
  B=[z1992,z1171,z2013,z569,z1994,z570,z2008,z7,z1039,z9,z8,z8] h=z10 horizon=27
  mass=z1994.
Cells
  z1757:B1:38900449;z1758:0:Nlo:334798156;z25:0:Nhi:28939636;z2014:0:Nhi:153059663
  ;z574:J1:194766463;z15:1:A:33579072;z2015:1:A:90978331;z17:P:831177.
Sum=875852947; test 875852947/1000000000+(1-z1994)^7 <= 9986919/10000000.
Leaf R001111011111101100
  B=[z568,z1764,z2016,z2017,z570,z1767,z578,z7,z145,z164,z8,z8] h=z10 horizon=27
  mass=z570.
Cells
  z1768:B1:39609708;z1769:0:Nlo:334750486;z25:0:Nhi:28706661;z1167:0:Nhi:177902915
  ;z1169:J1:167094267;z15:JD1:39782005;z2018:JD1:58400085;z17:JD1:29853954.
Sum=876100081; test 876100081/1000000000+(1-z570)^7 <= 9988153/10000000.
Leaf R001111011111101101
  B=[z1775,z1163,z2019,z438,z1767,z20,z1778,z7,z145,z164,z8,z8] h=z10 horizon=27
  mass=z1767.
Cells
  z1165:B1:40321372;z1166:0:Nlo:334691898;z25:0:Nhi:28477405;z2020:0:Nhi:175916025
  ;z2021:J1:169374982;z15:JD1:40626498;z2022:JD1:57849468;z17:JD1:30253212.
Sum=877510860; test 877510860/1000000000+(1-z1767)^7 <= 9992393/10000000.
Leaf R001111011111101110 B=[z568,z2023,z1756,z438,z570,z20,z578,z7,z164,z9,z8,z8]
  h=z10 horizon=27 mass=z570.
Cells
  z2024:B1:32108329;z2025:0:Nlo:334628792;z25:0:Nhi:31436031;z1167:0:Nhi:177902915
  ;z580:J1:174763300;z445:1:Q:460160;z446:J1:2;z15:1:A:32515731;z2026:1:A:90301258
  ;z17:P:2060744.
Sum=876177262; test 876177262/1000000000+(1-z570)^7 <= 9988924/10000000.
Leaf R00111101111110111100
  B=[z2006,z1764,z2016,z2027,z570,z1767,z578,z7,z164,z9,z8,z8] h=z10 horizon=27
  mass=z570.
Cells
  z1768:B1:39609708;z1769:0:Nlo:334750486;z25:0:Nhi:28706661;z2028:0:Nhi:152849961
  ;z2029:J1:193915239;z15:1:A:34047977;z2030:1:A:90014134;z17:P:2608204.
Sum=876502370; test 876502370/1000000000+(1-z570)^7 <= 9992175/10000000.
Leaf R001111011111101111010
  B=[z2006,z1764,z2031,z2017,z570,z1767,z578,z7,z164,z191,z8,z8] h=z10 horizon=27
  mass=z570.
Cells
  z1768:B1:39609708;z1769:0:Nlo:334750486;z25:0:Nhi:28706661;z2028:0:Nhi:152849962
  ;z1169:J1:190463576;z15:JD1:40003885;z2032:JD1:75651915;z17:JD1:14303168.
Sum=876339361; test 876339361/1000000000+(1-z570)^7 <= 9990545/10000000.
Leaf R00111101111110111101100
  B=[z2006,z2033,z2034,z2035,z570,z2036,z578,z7,z191,z9,z8,z8] h=z10 horizon=27
  mass=z570.
Cells
  z2037:B1:39077533;z2038:0:Nlo:334787277;z25:0:Nhi:28881039;z2028:0:Nhi:152849961
  ;z2039:J1:195688912;z15:1:A:33442370;z2040:1:A:90641940;z17:P:1409247.
Sum=876778279; test 876778279/1000000000+(1-z570)^7 <= 9994934/10000000.
Leaf R00111101111110111101101
  B=[z2041,z2042,z2043,z2044,z2036,z2045,z2046,z7,z191,z9,z8,z8] h=z10 horizon=27
  mass=z2036.
Cells
  z2047:B1:39254771;z2048:0:Nlo:334775702;z25:0:Nhi:28822677;z2049:0:Nhi:152432258
  ;z2050:J1:196608441;z15:1:A:33306775;z2051:1:A:90533541;z17:P:1481670.
Sum=877215835; test 877215835/1000000000+(1-z2036)^7 <= 9996837/10000000.
Leaf R00111101111110111101110
  B=[z2052,z2053,z2054,z2055,z2045,z2056,z2057,z7,z191,z9,z8,z8] h=z10 horizon=27
  mass=z2045.
Cells
  z2058:B1:39432164;z2059:0:Nlo:334763437;z25:0:Nhi:28764552;z2060:0:Nhi:152016806
  ;z2061:J1:197528357;z15:1:A:33172275;z2062:1:A:90425016;z17:P:1554175.
Sum=877656782; test 877656782/1000000000+(1-z2045)^7 <= 9998777/10000000.
Leaf R001111011111101111011110
  B=[z2063,z1764,z2064,z2065,z2056,z1767,z2066,z7,z191,z9,z8,z8] h=z10 horizon=27
  mass=z2056.
Cells
  z1768:B1:39609708;z1769:0:Nlo:334750486;z25:0:Nhi:28706662;z2067:0:Nhi:151603582
  ;z2068:J1:196573350;z15:1:A:33535832;z2069:1:A:90316363;z17:P:1626765.
Sum=876722748; test 876722748/1000000000+(1-z2056)^7 <= 9986972/10000000.
Leaf R001111011111101111011111
  B=[z2063,z1764,z2070,z2017,z2056,z1767,z2066,z7,z191,z9,z8,z8] h=z10 horizon=27
  mass=z2056.
Cells
  z1768:B1:39609708;z1769:0:Nlo:334750486;z25:0:Nhi:28706661;z2067:0:Nhi:151603583
  ;z2071:J1:198195698;z2072:1:Q:252915;z2073:J1:2;z15:1:A:33038854;z2074:1:A:90584
  896;z17:P:1114878.
Sum=877857681; test 877857681/1000000000+(1-z2056)^7 <= 9998322/10000000.
Leaf R001111011111101111100
  B=[z2075,z2076,z2077,z2078,z1767,z2079,z1778,z7,z164,z9,z8,z8] h=z10 horizon=27
  mass=z1767.
Cells
  z2080:B1:39965246;z2081:0:Nlo:334722540;z25:0:Nhi:28591574;z2082:0:Nhi:151192572
  ;z2083:J1:196542924;z15:1:A:33776735;z2084:1:A:89637208;z17:P:2780294.
Sum=877209093; test 877209093/1000000000+(1-z1767)^7 <= 9989375/10000000.
Leaf R001111011111101111101
  B=[z2085,z1163,z2086,z2087,z2079,z20,z2088,z7,z164,z9,z8,z8] h=z10 horizon=27
  mass=z2079.
Cells
  z1165:B1:40321372;z1166:0:Nlo:334691898;z25:0:Nhi:28477406;z2089:0:Nhi:150377124
  ;z2090:J1:197718210;z2091:1:Q:636656;z2092:J1:2;z15:1:A:33509779;z2093:1:A:89414
  557;z17:P:2930432.
Sum=878077436; test 878077436/1000000000+(1-z2079)^7 <= 9993151/10000000.
Leaf R001111011111101111110
  B=[z2075,z1163,z2094,z438,z1767,z20,z1778,z7,z164,z191,z8,z8] h=z10 horizon=27
  mass=z1767.
Cells
  z1165:B1:40321372;z1166:0:Nlo:334691898;z25:0:Nhi:28477405;z2082:0:Nhi:151192573
  ;z2021:J1:192795753;z15:JD1:40856059;z2095:JD1:75175586;z17:JD1:14632490.
Sum=878143136; test 878143136/1000000000+(1-z1767)^7 <= 9998716/10000000.
Leaf R0011110111111011111110
  B=[z2075,z2096,z2027,z438,z1767,z20,z1778,z7,z191,z9,z8,z8] h=z10 horizon=27
  mass=z1767.
Cells
  z2097:B1:36164143;z2098:0:Nlo:334874564;z25:0:Nhi:29883744;z2082:0:Nhi:151192574
  ;z446:J1:200895095;z15:1:A:32515732;z2099:1:A:90544778;z17:P:1057765.
Sum=877128395; test 877128395/1000000000+(1-z1767)^7 <= 9988568/10000000.
Leaf R001111011111101111111100
  B=[z2100,z2101,z2027,z2102,z1767,z2079,z1778,z7,z191,z9,z8,z8] h=z10 horizon=27
  mass=z1767.
Cells
  z2103:B1:37887783;z2104:0:Nlo:334846915;z25:0:Nhi:29280385;z2105:0:Nhi:141240464
  ;z2106:J1:210062368;z15:1:A:32775206;z2099:1:A:90544778;z17:P:1057765.
Sum=877695664; test 877695664/1000000000+(1-z1767)^7 <= 9994241/10000000.
Leaf R001111011111101111111101
  B=[z2107,z2108,z2109,z438,z2079,z20,z2088,z7,z191,z9,z8,z8] h=z10 horizon=27
  mass=z2079.
Cells
  z2110:B1:38231455;z2111:0:Nlo:334832971;z25:0:Nhi:29163646;z2112:0:Nhi:140488078
  ;z446:J1:211930753;z15:1:A:32515731;z2113:1:A:90370622;z17:P:1122816.
Sum=878656072; test 878656072/1000000000+(1-z2079)^7 <= 9998937/10000000.
Leaf R00111101111110111111111000
  B=[z2114,z2115,z2116,z2117,z1767,z2118,z1778,z7,z191,z9,z8,z8] h=z10 horizon=27
  mass=z1767.
Cells
  z2119:B1:38749085;z2120:0:Nlo:334806908;z25:0:Nhi:28989951;z2121:0:Nhi:136735228
  ;z2122:J1:214219786;z15:1:A:32906503;z2123:1:A:90413310;z17:P:1308188.
Sum=878128959; test 878128959/1000000000+(1-z1767)^7 <= 9998574/10000000.
Leaf R001111011111101111111110010
  B=[z2124,z2125,z2126,z2102,z2118,z2079,z2127,z7,z191,z9,z8,z8] h=z10 horizon=27
  mass=z2118.
Cells
  z2128:B1:38405109;z2129:0:Nlo:334824899;z25:0:Nhi:29105092;z2130:0:Nhi:136372163
  ;z2106:J1:215158450;z15:1:A:32775207;z2131:1:A:90408783;z17:P:1183339.
Sum=878233042; test 878233042/1000000000+(1-z2118)^7 <= 9997159/10000000.
Leaf R001111011111101111111110011
  B=[z2132,z2133,z2134,z2135,z2118,z2079,z2127,z7,z191,z9,z8,z8] h=z2136
  horizon=27 mass=z2118.
Cells
  z2137:B1:38923822;z2138:0:Nlo:334796759;z25:0:Nhi:28931884;z2139:0:Nhi:135293327
  ;z2140:J1:215786104;z15:1:A:32972355;z2141:1:A:90307375;z17:P:1323341.
Sum=878334967; test 878334967/1000000000+(1-z2118)^7 <= 9998178/10000000.
Leaf R0011110111111011111111101000
  B=[z2101,z2142,z2143,z2144,z2079,z2145,z2088,z7,z191,z9,z8,z8] h=z10 horizon=27
  mass=z2079.
Cells
  z2146:B1:38578437;z2147:0:Nlo:334816164;z25:0:Nhi:29046933;z2148:0:Nhi:136010999
  ;z2149:J1:214013691;z15:1:A:33136337;z2150:1:A:90301073;z17:P:1254851.
Sum=877158485; test 877158485/1000000000+(1-z2079)^7 <= 9983961/10000000.
Leaf R0011110111111011111111101001
  B=[z2101,z2142,z2151,z2152,z2079,z2145,z2088,z7,z191,z9,z8,z8] h=z10 horizon=27
  mass=z2079.
Cells
  z2146:B1:38578437;z2147:0:Nlo:334816164;z25:0:Nhi:29046933;z2148:0:Nhi:136011000
  ;z2153:J1:216097788;z15:1:A:32644953;z2154:1:A:90579374;z17:P:725998.
Sum=878500647; test 878500647/1000000000+(1-z2079)^7 <= 9997383/10000000.
Leaf R00111101111110111111111010100
  B=[z2155,z2156,z2157,z2158,z2145,z2159,z2160,z7,z191,z9,z8,z8] h=z10 horizon=27
  mass=z2145.
Cells
  z2161:B1:38665158;z2162:0:Nlo:334811541;z25:0:Nhi:29017942;z2163:0:Nhi:135651726
  ;z2164:J1:214665594;z15:1:A:33070677;z2165:1:A:90210633;z17:P:1293500.
Sum=877386771; test 877386771/1000000000+(1-z2145)^7 <= 9983796/10000000.
Leaf R00111101111110111111111010101
  B=[z2155,z2156,z2166,z2167,z2145,z2159,z2160,z7,z191,z9,z8,z8] h=z10 horizon=27
  mass=z2145.
Cells
  z2161:B1:38665158;z2162:0:Nlo:334811541;z25:0:Nhi:29017942;z2163:0:Nhi:135651726
  ;z2168:J1:216758231;z15:1:A:32580214;z2169:1:A:90490491;z17:P:762675.
Sum=878737978; test 878737978/1000000000+(1-z2145)^7 <= 9997308/10000000.
Leaf R00111101111110111111111010110
  B=[z2170,z2171,z2172,z2173,z2159,z20,z2174,z7,z191,z9,z8,z8] h=z2175 horizon=27
  mass=z2159.
Cells
  z2176:B1:38751918;z2177:0:Nlo:334806748;z25:0:Nhi:28989007;z2178:0:Nhi:135472792
  ;z2179:J1:214929772;z15:1:A:33082872;z2180:1:A:90157593;z17:P:1307026.
Sum=877497728; test 877497728/1000000000+(1-z2159)^7 <= 9983684/10000000.
Leaf R00111101111110111111111010111
  B=[z2170,z2171,z2181,z2182,z2159,z20,z2174,z7,z191,z9,z8,z8] h=z2175 horizon=27
  mass=z2159.
Cells
  z2176:B1:38751918;z2177:0:Nlo:334806748;z25:0:Nhi:28989007;z2178:0:Nhi:135472793
  ;z2183:J1:217027903;z15:1:A:32592242;z2184:1:A:90437972;z17:P:775596.
Sum=878854179; test 878854179/1000000000+(1-z2159)^7 <= 9997248/10000000.
Leaf R001111011111101111111110110
  B=[z2125,z2185,z2186,z2187,z2079,z2145,z2088,z7,z191,z9,z8,z8] h=z2188
  horizon=27 mass=z2079.
Cells
  z2189:B1:39098711;z2190:0:Nlo:334785929;z25:0:Nhi:28874049;z2191:0:Nhi:134935518
  ;z2192:J1:216103094;z15:1:A:33080425;z2193:1:A:90201968;z17:P:1326216.
Sum=878405910; test 878405910/1000000000+(1-z2079)^7 <= 9996435/10000000.
Leaf R001111011111101111111110111
  B=[z2142,z2194,z2195,z2196,z2145,z20,z2160,z7,z191,z9,z8,z8] h=z2197 horizon=27
  mass=z2145.
Cells
  z2198:B1:39273752;z2199:0:Nlo:334774422;z25:0:Nhi:28816445;z2200:0:Nhi:134579575
  ;z2201:J1:216419984;z15:1:A:33187859;z2202:1:A:90096658;z17:P:1329095.
Sum=878477790; test 878477790/1000000000+(1-z2145)^7 <= 9994707/10000000.
Leaf R00111101111110111111111100
  B=[z2203,z2204,z2205,z2206,z1767,z2118,z1778,z7,z191,z9,z8,z8] h=z2207
  horizon=27 mass=z1767.
Cells
  z2208:B1:39787403;z2209:0:Nlo:334736852;z25:0:Nhi:28649002;z2210:0:Nhi:134587633
  ;z2211:J1:214731868;z15:1:A:33583075;z2212:1:A:90214638;z17:P:1506586.
Sum=877797057; test 877797057/1000000000+(1-z1767)^7 <= 9995255/10000000.
Leaf R00111101111110111111111101
  B=[z2115,z2076,z2213,z2214,z2118,z2079,z2127,z7,z191,z9,z8,z8] h=z2215
  horizon=27 mass=z2118.
Cells
  z2080:B1:39965246;z2081:0:Nlo:334722540;z25:0:Nhi:28591573;z2216:0:Nhi:134231255
  ;z2217:J1:215042544;z15:1:A:33691776;z2218:1:A:90108685;z17:P:1509860.
Sum=877863479; test 877863479/1000000000+(1-z2118)^7 <= 9993463/10000000.
Leaf R0011110111111011111111111
  B=[z2133,z1163,z2219,z2220,z2079,z20,z2088,z7,z191,z9,z8,z8] h=z2221 horizon=27
  mass=z2079.
Cells
  z1165:B1:40321372;z1166:0:Nlo:334691898;z25:0:Nhi:28477405;z2222:0:Nhi:133876740
  ;z2223:J1:215620504;z2224:1:Q:300405;z2225:J1:2;z15:1:A:33664969;z2226:1:A:89967
  752;z17:P:1579790.
Sum=878500837; test 878500837/1000000000+(1-z2079)^7 <= 9997385/10000000.
Leaf R0011110111111100000
  B=[z1262,z2227,z2228,z2229,z550,z1822,z563,z7,z145,z9,z8,z8] h=z10 horizon=27
  mass=z550.
Cells
  z2230:B1:42284991;z2231:0:Nlo:334477293;z25:0:Nhi:27866941;z1687:0:Nhi:136852590
  ;z2232:J1:201549940;z2233:1:Q:1050181;z2234:J1:2;z15:1:A:36283962;z2235:1:A:8920
  4016;z17:P:5262921.
Sum=874832837; test 874832837/1000000000+(1-z550)^7 <= 9995420/10000000.
Leaf R00111101111111000010
  B=[z1819,z2236,z2237,z2238,z1822,z570,z1874,z7,z145,z9,z8,z8] h=z2239 horizon=27
  mass=z1822.
Cells
  z2240:B1:40961329;z2241:0:Nlo:334630315;z25:0:Nhi:28274969;z2242:0:Nhi:135372637
  ;z2243:J1:204206257;z2244:1:Q:1674737;z2245:J1:2;z15:1:A:35850029;z2246:1:A:8908
  7308;z17:P:4884183.
Sum=874941766; test 874941766/1000000000+(1-z1822)^7 <= 9986505/10000000.
Leaf R00111101111111000011
  B=[z2247,z1683,z2248,z2249,z1822,z570,z1874,z7,z145,z9,z8,z8] h=z2250 horizon=27
  mass=z1822.
Cells
  z1685:B1:43040836;z1686:0:Nlo:334375044;z25:0:Nhi:27640120;z2251:0:Nhi:131293871
  ;z2252:J1:202499955;z15:1:A:38965047;z2253:1:A:88773932;z17:P:4748734.
Sum=871337539; test 871337539/1000000000+(1-z1822)^7 <= 9950463/10000000.
Leaf R001111011111110001000
  B=[z1262,z2247,z2254,z1830,z550,z1822,z563,z7,z145,z164,z8,z8] h=z10 horizon=27
  mass=z550.
Cells
  z2255:B1:40229779;z2256:0:Nlo:334700030;z25:0:Nhi:28506663;z1687:0:Nhi:136852590
  ;z566:J1:206405411;z15:JD1:38117888;z2257:JD1:59088727;z17:JD1:29841984.
Sum=873743072; test 873743072/1000000000+(1-z550)^7 <= 9984523/10000000.
Leaf R001111011111110001001
  B=[z1580,z2227,z2258,z2259,z550,z1822,z563,z7,z145,z164,z8,z8] h=z2260
  horizon=27 mass=z550.
Cells
  z2230:B1:42284991;z2231:0:Nlo:334477293;z25:0:Nhi:27866941;z2261:0:Nhi:132721589
  ;z566:J1:207793938;z2262:JD1:1035789;z2263:1:Q:1033414;z15:JD1:35774697;z2264:JD
  1:58957153;z17:JD1:29784438.
Sum=871730243; test 871730243/1000000000+(1-z550)^7 <= 9964394/10000000.
Leaf R001111011111110001010
  B=[z1819,z2236,z2265,z2266,z1822,z570,z1874,z7,z145,z164,z8,z8] h=z2239
  horizon=27 mass=z1822.
Cells
  z2240:B1:40961329;z2241:0:Nlo:334630315;z25:0:Nhi:28274969;z2242:0:Nhi:135372635
  ;z1878:J1:208644965;z15:JD1:38925068;z2267:JD1:58562983;z17:JD1:30176347.
Sum=875548611; test 875548611/1000000000+(1-z1822)^7 <= 9992574/10000000.
Leaf R001111011111110001011
  B=[z2247,z1683,z2268,z2269,z1822,z570,z1874,z7,z145,z164,z8,z8] h=z2250
  horizon=27 mass=z1822.
Cells
  z1685:B1:43040836;z1686:0:Nlo:334375043;z25:0:Nhi:27640121;z2251:0:Nhi:131293872
  ;z1878:J1:208711557;z2270:JD1:1152655;z2271:1:Q:1150020;z15:JD1:36219065;z2272:J
  D1:58548935;z17:JD1:29758143.
Sum=871890247; test 871890247/1000000000+(1-z1822)^7 <= 9955990/10000000.
Leaf R0011110111111100011000
  B=[z1262,z2247,z2254,z1830,z550,z1822,z563,z7,z164,z191,z8,z8] h=z10 horizon=27
  mass=z550.
Cells
  z2255:B1:40229779;z2256:0:Nlo:334700030;z25:0:Nhi:28506663;z1687:0:Nhi:136852589
  ;z566:J1:205190477;z15:JD1:38324681;z2273:JD1:75654201;z17:JD1:15458647.
Sum=874917067; test 874917067/1000000000+(1-z550)^7 <= 9996263/10000000.
Leaf R00111101111111000110010
  B=[z1262,z2247,z2254,z1821,z550,z1822,z563,z7,z191,z9,z8,z8] h=z10 horizon=27
  mass=z550.
Cells
  z2255:B1:40229779;z2256:0:Nlo:334700030;z25:0:Nhi:28506664;z1687:0:Nhi:136852590
  ;z1827:J1:205096722;z15:1:A:35177905;z2274:1:A:90520245;z17:P:2740152.
Sum=873824087; test 873824087/1000000000+(1-z550)^7 <= 9985333/10000000.
Leaf R0011110111111100011001100
  B=[z1262,z2275,z2276,z1788,z550,z1789,z563,z7,z191,z9,z8,z8] h=z10 horizon=27
  mass=z550.
Cells
  z2277:B1:38850533;z2278:0:Nlo:334801098;z25:0:Nhi:28956204;z1687:0:Nhi:136852590
  ;z1816:J1:207965813;z15:1:A:34423329;z2279:1:A:91275268;z17:P:1278946.
Sum=874403781; test 874403781/1000000000+(1-z550)^7 <= 9991130/10000000.
Leaf R0011110111111100011001101
  B=[z1787,z2280,z2281,z1830,z1789,z1822,z1823,z7,z191,z9,z8,z8] h=z10 horizon=27
  mass=z1789.
Cells
  z2282:B1:39209200;z2283:0:Nlo:334778743;z25:0:Nhi:28837656;z2284:0:Nhi:136108633
  ;z1867:J1:209842910;z15:1:A:34137235;z2285:1:A:91058456;z17:P:1424348.
Sum=875397181; test 875397181/1000000000+(1-z1789)^7 <= 9996053/10000000.
Leaf R0011110111111100011001110
  B=[z2286,z2287,z2288,z2289,z550,z1789,z563,z7,z191,z9,z8,z8] h=z2290 horizon=27
  mass=z550.
Cells
  z2291:B1:39864911;z2292:0:Nlo:334730696;z25:0:Nhi:28623939;z2293:0:Nhi:134755760
  ;z2294:J1:208626736;z15:1:A:35017372;z2295:1:A:91083290;z17:P:1498499.
Sum=874201203; test 874201203/1000000000+(1-z550)^7 <= 9989104/10000000.
Leaf R0011110111111100011001111
  B=[z2275,z2247,z2296,z2297,z1789,z1822,z1823,z7,z191,z9,z8,z8] h=z2298
  horizon=27 mass=z1789.
Cells
  z2255:B1:40229779;z2256:0:Nlo:334700030;z25:0:Nhi:28506665;z2299:0:Nhi:134025166
  ;z2300:J1:209202833;z15:1:A:35250070;z2301:1:A:90868262;z17:P:1504681.
Sum=874287486; test 874287486/1000000000+(1-z1789)^7 <= 9984956/10000000.
Leaf R0011110111111100011010000
  B=[z1819,z2302,z2303,z2304,z1822,z1892,z1874,z7,z164,z9,z8,z8] h=z2239
  horizon=27 mass=z1822.
Cells
  z2305:B1:39388771;z2306:0:Nlo:334766500;z25:0:Nhi:28778746;z2242:0:Nhi:135372636
  ;z2307:J1:207243681;z15:1:A:35187626;z2308:1:A:90366391;z17:P:2443983.
Sum=873548334; test 873548334/1000000000+(1-z1822)^7 <= 9972571/10000000.
Leaf R0011110111111100011010001
  B=[z1819,z2302,z2309,z2310,z1822,z1892,z1874,z7,z164,z9,z8,z8] h=z2239
  horizon=27 mass=z1822.
Cells
  z2305:B1:39388771;z2306:0:Nlo:334766500;z25:0:Nhi:28778745;z2242:0:Nhi:135372637
  ;z2311:J1:211313208;z15:1:A:34146702;z2312:1:A:90876976;z17:P:1461802.
Sum=876105341; test 876105341/1000000000+(1-z1822)^7 <= 9998141/10000000.
Leaf R0011110111111100011010010
  B=[z1889,z2313,z2314,z2315,z1892,z1873,z1917,z7,z164,z191,z8,z8] h=z2316
  horizon=27 mass=z1892.
Cells
  z2317:B1:39568498;z2318:0:Nlo:334753552;z25:0:Nhi:28720074;z2319:0:Nhi:135007585
  ;z1922:J1:206360002;z15:JD1:39277934;z2320:JD1:75384378;z17:JD1:15156409.
Sum=874228432; test 874228432/1000000000+(1-z1892)^7 <= 9976881/10000000.
Leaf R0011110111111100011010011
  B=[z1889,z2313,z2314,z2315,z1892,z1873,z1917,z7,z191,z9,z8,z8] h=z2316
  horizon=27 mass=z1892.
Cells
  z2317:B1:39568498;z2318:0:Nlo:334753552;z25:0:Nhi:28720074;z2319:0:Nhi:135007585
  ;z2321:J1:211080337;z15:1:A:34260732;z2322:1:A:90257759;z17:P:2449327.
Sum=876097864; test 876097864/1000000000+(1-z1892)^7 <= 9995576/10000000.
Leaf R0011110111111100011010100
  B=[z1870,z2323,z2324,z2325,z1873,z1944,z1882,z7,z164,z191,z8,z8] h=z2326
  horizon=27 mass=z1873.
Cells
  z2327:B1:39748380;z2328:0:Nlo:334739903;z25:0:Nhi:28661641;z2329:0:Nhi:134644477
  ;z1884:J1:206598320;z15:JD1:39452445;z2330:JD1:75280171;z17:JD1:15155268.
Sum=874280605; test 874280605/1000000000+(1-z1873)^7 <= 9974917/10000000.
Leaf R0011110111111100011010101
  B=[z1870,z2323,z2324,z2325,z1873,z1944,z1882,z7,z191,z9,z8,z8] h=z2326
  horizon=27 mass=z1873.
Cells
  z2327:B1:39748380;z2328:0:Nlo:334739903;z25:0:Nhi:28661641;z2329:0:Nhi:134644478
  ;z2331:J1:211379019;z15:1:A:34374074;z2332:1:A:90149217;z17:P:2454677.
Sum=876151389; test 876151389/1000000000+(1-z1873)^7 <= 9993625/10000000.
Leaf R001111011111110001101011
  B=[z1941,z2333,z2334,z2335,z1944,z570,z1983,z7,z164,z9,z8,z8] h=z2336 horizon=27
  mass=z1944.
Cells
  z2337:B1:39928413;z2338:0:Nlo:334725558;z25:0:Nhi:28603445;z2339:0:Nhi:134283298
  ;z2340:J1:212218477;z15:1:A:34486730;z2341:1:A:90040770;z17:P:2460033.
Sum=876746724; test 876746724/1000000000+(1-z1944)^7 <= 9997096/10000000.
Leaf R00111101111111000110110
  B=[z2280,z2342,z2343,z2344,z1822,z1873,z1874,z7,z164,z9,z8,z8] h=z2345
  horizon=27 mass=z1822.
Cells
  z2346:B1:40595256;z2347:0:Nlo:334666558;z25:0:Nhi:28390344;z2348:0:Nhi:133302373
  ;z2349:J1:210303194;z15:1:A:35479942;z2350:1:A:90154860;z17:P:2473173.
Sum=875365700; test 875365700/1000000000+(1-z1822)^7 <= 9990744/10000000.
Leaf R00111101111111000110111
  B=[z2313,z2236,z2351,z2352,z1873,z570,z1882,z7,z164,z9,z8,z8] h=z2353 horizon=27
  mass=z1873.
Cells
  z2240:B1:40961329;z2241:0:Nlo:334630315;z25:0:Nhi:28274969;z2354:0:Nhi:132587257
  ;z2355:J1:210884234;z15:1:A:35707032;z2356:1:A:89937288;z17:P:2483623.
Sum=875466047; test 875466047/1000000000+(1-z1873)^7 <= 9986771/10000000.
Leaf R0011110111111100011100
  B=[z1580,z2357,z2358,z2359,z550,z1789,z563,z7,z164,z9,z8,z8] h=z2260 horizon=27
  mass=z550.
Cells
  z2360:B1:41907906;z2361:0:Nlo:334524322;z25:0:Nhi:27981751;z2261:0:Nhi:132721590
  ;z2362:J1:206631037;z2363:1:Q:867983;z2364:J1:2;z15:1:A:36516697;z2365:1:A:90228
  904;z17:P:2776674.
Sum=874156866; test 874156866/1000000000+(1-z550)^7 <= 9988661/10000000.
Leaf R0011110111111100011101
  B=[z2287,z2227,z2366,z2367,z1789,z1822,z1823,z7,z164,z9,z8,z8] h=z2368
  horizon=27 mass=z1789.
Cells
  z2230:B1:42284991;z2231:0:Nlo:334477293;z25:0:Nhi:27866940;z2369:0:Nhi:132003907
  ;z2370:J1:207130505;z2371:1:Q:925001;z2372:J1:2;z15:1:A:36749390;z2373:1:A:90009
  041;z17:P:2788380.
Sum=874235450; test 874235450/1000000000+(1-z1789)^7 <= 9984436/10000000.
Leaf R001111011111110001111
  B=[z2247,z1683,z2268,z2269,z1822,z570,z1874,z7,z164,z9,z8,z8] h=z2250 horizon=27
  mass=z1822.
Cells
  z1685:B1:43040836;z1686:0:Nlo:334375043;z25:0:Nhi:27640121;z2251:0:Nhi:131293872
  ;z2374:J1:209790240;z15:1:A:36670495;z2375:1:A:89721422;z17:P:2931396.
Sum=875463425; test 875463425/1000000000+(1-z1822)^7 <= 9991722/10000000.
Leaf R0011110111111100100
  B=[z1171,z2376,z2377,z2378,z570,z1767,z578,z7,z145,z9,z8,z8] h=z1174 horizon=27
  mass=z570.
Cells
  z2379:B1:43798829;z2380:0:Nlo:334262102;z25:0:Nhi:27416961;z1703:0:Nhi:133924032
  ;z2381:J1:205184387;z2382:1:Q:1786656;z2383:J1:2;z15:1:A:36326796;z2384:1:A:8828
  3332;z17:P:5592302.
Sum=876575399; test 876575399/1000000000+(1-z570)^7 <= 9992906/10000000.
Leaf R0011110111111100101
  B=[z1764,z1722,z2385,z2386,z1767,z20,z1778,z7,z145,z9,z8,z8] h=z2387 horizon=27
  mass=z1767.
Cells
  z1724:B1:44558864;z1725:0:Nlo:334138745;z25:0:Nhi:27197373;z2388:0:Nhi:132505799
  ;z2389:J1:206154382;z2390:1:Q:1905110;z2391:J1:2;z15:1:A:36792243;z2392:1:A:8783
  0215;z17:P:5638513.
Sum=876721246; test 876721246/1000000000+(1-z1767)^7 <= 9984497/10000000.
Leaf R001111011111110011000
  B=[z1171,z2393,z2394,z2395,z570,z1767,z578,z7,z145,z164,z8,z8] h=z1174
  horizon=27 mass=z570.
Cells
  z2396:B1:41695211;z2397:0:Nlo:334549654;z25:0:Nhi:28047006;z1703:0:Nhi:133924033
  ;z1169:J1:209641572;z15:JD1:39616331;z2398:JD1:58151481;z17:JD1:30157502.
Sum=875782790; test 875782790/1000000000+(1-z570)^7 <= 9984980/10000000.
Leaf R001111011111110011001
  B=[z1764,z2399,z2400,z2401,z1767,z20,z1778,z7,z145,z164,z8,z8] h=z2387
  horizon=27 mass=z1767.
Cells
  z2402:B1:42431321;z2403:0:Nlo:334458323;z25:0:Nhi:27822686;z2388:0:Nhi:132505801
  ;z2021:J1:210624389;z15:JD1:40309271;z2404:JD1:57740400;z17:JD1:30140087.
Sum=876032278; test 876032278/1000000000+(1-z1767)^7 <= 9977607/10000000.
Leaf R001111011111110011010000
  B=[z1171,z2405,z2406,z2407,z570,z2036,z578,z7,z164,z9,z8,z8] h=z1174 horizon=27
  mass=z570.
Cells
  z2408:B1:40108599;z2409:0:Nlo:334710522;z25:0:Nhi:28545485;z1703:0:Nhi:133924033
  ;z2410:J1:212520033;z15:1:A:34598709;z2411:1:A:89932412;z17:P:2465396.
Sum=876805189; test 876805189/1000000000+(1-z570)^7 <= 9995204/10000000.
Leaf R001111011111110011010001
  B=[z2033,z2412,z2413,z2414,z2036,z2045,z2046,z7,z164,z9,z8,z8] h=z2415
  horizon=27 mass=z2036.
Cells
  z2416:B1:40288934;z2417:0:Nlo:334694798;z25:0:Nhi:28487759;z2418:0:Nhi:133566664
  ;z2419:J1:212821495;z15:1:A:34710011;z2420:1:A:89824147;z17:P:2470764.
Sum=876864572; test 876864572/1000000000+(1-z2036)^7 <= 9993324/10000000.
Leaf R00111101111111001101001
  B=[z2333,z2421,z2422,z2423,z570,z2045,z578,z7,z164,z9,z8,z8] h=z2424 horizon=27
  mass=z570.
Cells
  z2425:B1:41327985;z2426:0:Nlo:334591336;z25:0:Nhi:28160527;z2427:0:Nhi:131879699
  ;z2428:J1:211464886;z15:1:A:35931374;z2429:1:A:89720090;z17:P:2494097.
Sum=875569994; test 875569994/1000000000+(1-z570)^7 <= 9982852/10000000.
Leaf R00111101111111001101010
  B=[z2042,z2430,z2431,z2432,z2045,z1767,z2057,z7,z164,z9,z8,z8] h=z2433
  horizon=27 mass=z2045.
Cells
  z2434:B1:40650047;z2435:0:Nlo:334661305;z25:0:Nhi:28373004;z2436:0:Nhi:133211180
  ;z2437:J1:213700540;z15:1:A:34679012;z2438:1:A:89682303;z17:P:2540312.
Sum=877497703; test 877497703/1000000000+(1-z2045)^7 <= 9997187/10000000.
Leaf R00111101111111001101011
  B=[z2412,z2393,z2439,z2440,z2045,z1767,z2057,z7,z164,z9,z8,z8] h=z2441
  horizon=27 mass=z2045.
Cells
  z2396:B1:41695211;z2397:0:Nlo:334549654;z25:0:Nhi:28047007;z2442:0:Nhi:131179578
  ;z2443:J1:212045179;z15:1:A:36153010;z2444:1:A:89503263;z17:P:2504595.
Sum=875677497; test 875677497/1000000000+(1-z2045)^7 <= 9978985/10000000.
Leaf R00111101111111001101100
  B=[z1764,z2445,z2446,z2447,z1767,z2079,z1778,z7,z164,z9,z8,z8] h=z2387
  horizon=27 mass=z1767.
Cells
  z2448:B1:41011740;z2449:0:Nlo:334625114;z25:0:Nhi:28259168;z2388:0:Nhi:132505800
  ;z2450:J1:214306076;z15:1:A:34898064;z2451:1:A:89466153;z17:P:2551085.
Sum=877623200; test 877623200/1000000000+(1-z1767)^7 <= 9993516/10000000.
Leaf R00111101111111001101101
  B=[z2430,z2452,z2453,z2454,z1767,z2079,z1778,z7,z164,z9,z8,z8] h=z2455
  horizon=27 mass=z1767.
Cells
  z2456:B1:42062994;z2457:0:Nlo:334505306;z25:0:Nhi:27934396;z2458:0:Nhi:130486781
  ;z2459:J1:212625144;z15:1:A:36371979;z2460:1:A:89286808;z17:P:2515116.
Sum=875788524; test 875788524/1000000000+(1-z1767)^7 <= 9975170/10000000.
Leaf R0011110111111100110111
  B=[z2076,z2399,z2461,z2462,z2079,z20,z2088,z7,z164,z9,z8,z8] h=z2463 horizon=27
  mass=z2079.
Cells
  z2402:B1:42431321;z2403:0:Nlo:334458323;z25:0:Nhi:27822688;z2464:0:Nhi:131807778
  ;z2465:J1:214911282;z15:1:A:35114504;z2466:1:A:89053759;z17:P:2934476.
Sum=878534131; test 878534131/1000000000+(1-z2079)^7 <= 9997718/10000000.
Leaf R00111101111111001110
  B=[z2236,z2376,z2467,z2468,z570,z1767,z578,z7,z145,z9,z8,z8] h=z2469 horizon=27
  mass=z570.
Cells
  z2379:B1:43798829;z2380:0:Nlo:334262102;z25:0:Nhi:27416962;z2470:0:Nhi:129896252
  ;z2471:J1:210891691;z2472:1:Q:1273040;z2473:J1:2;z15:1:A:37120965;z2474:1:A:8928
  3264;z17:P:2954906.
Sum=876898013; test 876898013/1000000000+(1-z570)^7 <= 9996132/10000000.
Leaf R00111101111111001111
  B=[z2393,z1722,z2475,z2476,z1767,z20,z1778,z7,z145,z9,z8,z8] h=z2477 horizon=27
  mass=z1767.
Cells
  z1724:B1:44558864;z1725:0:Nlo:334138745;z25:0:Nhi:27197373;z2478:0:Nhi:128527797
  ;z2479:J1:211911506;z2480:1:Q:1402359;z2481:J1:2;z15:1:A:37560631;z2482:1:A:8884
  6588;z17:P:2978520.
Sum=877122385; test 877122385/1000000000+(1-z1767)^7 <= 9988508/10000000.
Leaf R001111011111110100
  B=[z1541,z2483,z2484,z2485,z550,z1822,z563,z7,z145,z9,z8,z8] h=z1692 horizon=27
  mass=z550.
Cells
  z2486:B1:46443865;z2487:0:Nlo:333791193;z25:0:Nhi:26669864;z1732:0:Nhi:128830409
  ;z2488:J1:206241548;z15:1:A:39253575;z2489:1:A:88577248;z17:P:5225537.
Sum=875033239; test 875033239/1000000000+(1-z550)^7 <= 9997424/10000000.
Leaf R001111011111110101
  B=[z2227,z1689,z2490,z2491,z1822,z570,z1874,z7,z145,z9,z8,z8] h=z2492 horizon=27
  mass=z1822.
Cells
  z1693:B1:47246741;z1694:0:Nlo:333626005;z25:0:Nhi:26452209;z2493:0:Nhi:127451503
  ;z2494:J1:207289534;z15:1:A:39715133;z2495:1:A:88120629;z17:P:5267660.
Sum=875169414; test 875169414/1000000000+(1-z1822)^7 <= 9988782/10000000.
Leaf R001111011111110110
  B=[z1683,z2496,z2497,z2498,z570,z1767,z578,z7,z145,z9,z8,z8] h=z1740 horizon=27
  mass=z570.
Cells
  z2499:B1:48051369;z2500:0:Nlo:333450660;z25:0:Nhi:26238073;z2501:0:Nhi:126101536
  ;z2502:J1:208336579;z15:1:A:40165386;z2503:1:A:87665405;z17:P:5309906.
Sum=875318914; test 875318914/1000000000+(1-z570)^7 <= 9980341/10000000.
Leaf R001111011111110111
  B=[z2376,z1698,z2504,z2505,z1767,z20,z1778,z7,z145,z9,z8,z8] h=z2506 horizon=27
  mass=z1767.
Cells
  z1701:B1:48857643;z1702:0:Nlo:333265432;z25:0:Nhi:26027375;z2507:0:Nhi:124779610
  ;z2508:J1:209382892;z15:1:A:40604660;z2509:1:A:87211562;z17:P:5352280.
Sum=875481454; test 875481454/1000000000+(1-z1767)^7 <= 9972099/10000000.
Leaf R0011110111111110 B=[z1268,z1157,z2510,z2511,z550,z570,z563,z7,z145,z9,z8,z8]
  h=z1708 horizon=27 mass=z550.
Cells
  z1159:B1:55789902;z1160:0:Nlo:331319660;z25:0:Nhi:24358265;z1749:0:Nhi:121689114
  ;z2512:J1:200395012;z15:1:A:44869439;z2513:1:A:87177275;z17:P:6481645.
Sum=872080312; test 872080312/1000000000+(1-z550)^7 <= 9967895/10000000.
Leaf R0011110111111111 B=[z1689,z465,z2514,z2515,z570,z20,z578,z7,z145,z9,z8,z8]
  h=z2516 horizon=27 mass=z570.
Cells
  z468:B1:57573359;z469:0:Nlo:330727943;z25:0:Nhi:23965262;z2517:0:Nhi:119135337;z
  2518:J1:202135085;z15:1:A:45778268;z2519:1:A:86246966;z17:P:6577436.
Sum=872139656; test 872139656/1000000000+(1-z570)^7 <= 9948548/10000000.
Leaf R00111110000 B=[z234,z2520,z2521,z2522,z5,z456,z21,z7,z22,z32,z8,z8] h=z477
  horizon=27 mass=z5.
Cells
  z2523:B1:66792178;z2524:0:Nlo:327182740;z25:0:Nhi:22124987;z2525:0:Nhi:57997609;
  z2526:J1:193677239;z2527:1:Q:33503813;z2528:J1:2;z29:1:A:32060406;z2529:D1:A:128
  18342;z2530:JD1:2;z2531:D1:Q:12637112;z15:JD1:1668440;z17:JD1:86660346.
Sum=847123216; test 847123216/1000000000+(1-z5)^7 <= 9843898/10000000.
Leaf R00111110001 B=[z234,z2520,z2521,z2522,z5,z456,z21,z7,z32,z9,z8,z8] h=z477
  horizon=27 mass=z5.
Cells
  z2523:B1:66792178;z2524:0:Nlo:327182740;z25:0:Nhi:22124987;z2525:0:Nhi:57997609;
  z2532:J1:64915626;z2528:J1:150661430;z15:1:A:60204852;z2533:1:A:87667226;z17:P:1
  3756700.
Sum=851303348; test 851303348/1000000000+(1-z5)^7 <= 9885699/10000000.
Leaf R0011111001000 B=[z234,z2534,z2535,z2536,z5,z532,z21,z7,z22,z115,z8,z8]
  h=z477 horizon=27 mass=z5.
Cells
  z2537:B1:62617324;z2538:0:Nlo:328882109;z25:0:Nhi:22921719;z2539:0:Nhi:125369316
  ;z2540:J1:161859463;z2541:1:Q:28680481;z2542:J1:2;z29:1:A:21780139;z2543:D1:A:16
  966954;z2544:JD1:2;z15:D1:Q:9430920;z2545:D1:Q:3402753;z17:JD1:68171002.
Sum=850082184; test 850082184/1000000000+(1-z5)^7 <= 9873488/10000000.
Leaf R0011111001001 B=[z234,z2534,z2535,z2536,z5,z532,z21,z7,z115,z32,z8,z8]
  h=z477 horizon=27 mass=z5.
Cells
  z2537:B1:62617324;z2538:0:Nlo:328882109;z25:0:Nhi:22921719;z2539:0:Nhi:125369316
  ;z2546:J1:170674970;z2541:1:Q:14129063;z2542:J1:2;z29:1:A:21780139;z2547:D1:A:11
  555533;z2548:JD1:2;z2549:D1:Q:7009709;z15:JD1:8635447;z17:JD1:81321239.
Sum=854896572; test 854896572/1000000000+(1-z5)^7 <= 9921632/10000000.
Leaf R001111100101 B=[z624,z2520,z2550,z2551,z532,z456,z541,z7,z22,z32,z8,z8]
  h=z2552 horizon=27 mass=z532.
Cells
  z2523:B1:66792178;z2524:0:Nlo:327182740;z25:0:Nhi:22124987;z2553:0:Nhi:119607847
  ;z2554:J1:165783430;z2555:1:Q:27464995;z2556:J1:2;z639:1:A:21736323;z2557:D1:A:1
  2335755;z2558:JD1:2;z2559:D1:Q:14195607;z15:JD1:3111315;z17:JD1:82144195.
Sum=862479376; test 862479376/1000000000+(1-z532)^7 <= 9954450/10000000.
Leaf R00111110011000 B=[z234,z2560,z2561,z2562,z5,z678,z21,z7,z32,z9,z8,z8] h=z477
  horizon=27 mass=z5.
Cells
  z2563:B1:52815345;z2564:0:Nlo:332227550;z25:0:Nhi:25045173;z2525:0:Nhi:57997609;
  z2565:J1:102620925;z2566:J1:137527255;z15:1:A:52309384;z2567:1:A:90690950;z17:P:
  7587429.
Sum=858821620; test 858821620/1000000000+(1-z5)^7 <= 9960882/10000000.
Leaf R00111110011001 B=[z417,z2568,z2569,z2570,z5,z678,z21,z7,z32,z9,z8,z8]
  h=z2571 horizon=27 mass=z5.
Cells
  z2572:B1:60530340;z2573:0:Nlo:329675161;z25:0:Nhi:23341984;z2574:0:Nhi:52967170;
  z2575:J1:62754904;z2576:J1:142922286;z15:1:A:68808415;z2577:1:A:89719537;z17:P:6
  794020.
Sum=837513817; test 837513817/1000000000+(1-z5)^7 <= 9747804/10000000.
Leaf R0011111001101 B=[z675,z2534,z2578,z2579,z678,z532,z687,z7,z32,z9,z8,z8]
  h=z2580 horizon=27 mass=z678.
Cells
  z2537:B1:62617324;z2538:0:Nlo:328882109;z25:0:Nhi:22921719;z2581:0:Nhi:56728387;
  z2582:J1:105533403;z2583:J1:134875301;z15:1:A:53566547;z2584:1:A:88777033;z17:P:
  9574217.
Sum=863476040; test 863476040/1000000000+(1-z678)^7 <= 9985775/10000000.
Leaf R0011111001110 B=[z624,z2585,z2586,z2587,z532,z646,z541,z7,z32,z9,z8,z8]
  h=z2552 horizon=27 mass=z532.
Cells
  z2588:B1:64704970;z2589:0:Nlo:328050376;z25:0:Nhi:22516312;z2590:0:Nhi:55513399;
  z2591:J1:108390732;z2592:J1:132324389;z15:1:A:54754884;z2593:1:A:87764091;z17:P:
  9716752.
Sum=863735905; test 863735905/1000000000+(1-z532)^7 <= 9967015/10000000.
Leaf R0011111001111 B=[z643,z2520,z2594,z2595,z646,z456,z658,z7,z32,z9,z8,z8]
  h=z2596 horizon=27 mass=z646.
Cells
  z2523:B1:66792178;z2524:0:Nlo:327182740;z25:0:Nhi:22124987;z2597:0:Nhi:54349247;
  z2598:J1:111196591;z2599:J1:129868812;z15:1:A:55878607;z2600:1:A:86757516;z17:P:
  9858725.
Sum=864009403; test 864009403/1000000000+(1-z646)^7 <= 9948682/10000000.
Leaf R00111110100 B=[z453,z2601,z2602,z2603,z456,z550,z467,z7,z22,z32,z8,z8]
  h=z490 horizon=27 mass=z456.
Cells
  z2604:B1:70961224;z2605:0:Nlo:325350035;z25:0:Nhi:21381754;z2606:0:Nhi:114348730
  ;z2607:J1:169590041;z2608:1:Q:26346977;z2609:J1:2;z495:1:A:21447243;z2610:D1:A:1
  3021516;z2611:JD1:2;z2612:D1:Q:13723156;z15:JD1:5155069;z17:JD1:82155550.
Sum=863481299; test 863481299/1000000000+(1-z456)^7 <= 9922620/10000000.
Leaf R00111110101 B=[z601,z2613,z2614,z2615,z550,z20,z563,z7,z22,z32,z8,z8]
  h=z2616 horizon=27 mass=z550.
Cells
  z2617:B1:75117000;z2618:0:Nlo:323403030;z25:0:Nhi:20686808;z2619:0:Nhi:109529400
  ;z2620:J1:173299774;z2621:1:Q:25315273;z2622:J1:2;z566:1:A:20937158;z2623:D1:A:1
  3604706;z2624:JD1:2;z2625:D1:Q:14734304;z15:JD1:5809123;z17:JD1:80160327.
Sum=862596907; test 862596907/1000000000+(1-z550)^7 <= 9873061/10000000.
Leaf R00111110110 B=[z453,z2601,z2602,z2603,z456,z550,z467,z7,z32,z9,z8,z8] h=z490
  horizon=27 mass=z456.
Cells
  z2604:B1:70961224;z2605:0:Nlo:325350035;z25:0:Nhi:21381754;z2606:0:Nhi:114348730
  ;z2626:J1:61516015;z2609:J1:124129351;z15:1:A:54751702;z2627:1:A:83771164;z17:P:
  13905383.
Sum=870115358; test 870115358/1000000000+(1-z456)^7 <= 9988961/10000000.
Leaf R00111110111 B=[z601,z2613,z2614,z2615,z550,z20,z563,z7,z32,z9,z8,z8] h=z2616
  horizon=27 mass=z550.
Cells
  z2617:B1:75117000;z2618:0:Nlo:323403030;z25:0:Nhi:20686808;z2619:0:Nhi:109529400
  ;z2628:J1:68040871;z2622:J1:119884595;z15:1:A:56717808;z2629:1:A:81708480;z17:P:
  14277650.
Sum=869365642; test 869365642/1000000000+(1-z550)^7 <= 9940748/10000000.
Leaf R001111110 B=[z243,z474,z475,z2630,z5,z456,z21,z7,z22,z9,z8,z8] h=z2631
  horizon=27 mass=z5.
Cells
  z478:B1:83050331;z479:0:Nlo:319396628;z25:0:Nhi:19469544;z2632:0:Nhi:48738233;z2
  633:J1:176681824;z2634:1:Q:29906655;z2635:J1:2;z15:1:A:76441108;z2636:1:A:864646
  49;z17:P:10925405.
Sum=851074379; test 851074379/1000000000+(1-z5)^7 <= 9883410/10000000.
Leaf R001111111 B=[z2520,z18,z488,z2637,z456,z20,z467,z7,z22,z9,z8,z8] h=z2638
  horizon=27 mass=z456.
Cells
  z23:B1:92331671;z24:0:Nlo:314302035;z25:0:Nhi:18197106;z2639:0:Nhi:44803704;z264
  0:J1:175358956;z2641:1:Q:27556841;z2642:J1:2;z15:1:A:81283412;z2643:1:A:82335744
  ;z17:P:11438014.
Sum=847607485; test 847607485/1000000000+(1-z456)^7 <= 9763882/10000000.
Leaf R0100 B=[z0,z2644,z2,z2645,z20,z2646,z2647,z7,z8,z451,z8,z8] h=z10 horizon=29
  mass=z2647.
Cells
  z2648:B1:127181673;z2649:0:Nlo:292388757;z25:0:Nhi:14425572;z260:0:Nhi:270281422
  ;z2650:B11/25:73624988;z2651:1:Q:30754783;z2652:D1:Q:24344887;z2653:D1:span:2;z1
  5:D1:A:12387968;z2654:D1:A:39983614;z2655:D1:span:2;z17:D1:Q:2734118;z57:D1:Q:48
  425003.
Sum=936532789; test 936532789/1000000000+(1-z2647)^7 <= 9709617/10000000.
Leaf R010100 B=[z0,z2656,z2,z2657,z20,z2646,z2647,z7,z451,z22,z8,z8] h=z10
  horizon=27 mass=z20.
Cells
  z2658:B1:41771714;z2659:0:Nlo:334540643;z25:0:Nhi:28023493;z2660:0:Nhi:113850214
  ;z2661:J1:140812132;z2662:1:Q:93687336;z2663:J1:2;z2651:1:A:582687;z2664:D1:A:12
  00931;z2665:1:A:2;z15:D1:Q:35333545;z2666:D1:Q:49733003;z17:JD1:17352286.
Sum=856887988; test 856887988/1000000000+(1-z20)^7 <= 9776365/10000000.
Leaf R010101 B=[z0,z2656,z2667,z2645,z20,z2646,z2647,z7,z451,z22,z8,z8] h=z10
  horizon=29 mass=z2647.
Cells
  z2658:B1:41771714;z2659:0:Nlo:334540642;z25:0:Nhi:28023493;z260:0:Nhi:270281422;
  z2650:B11/25:73624988;z2651:1:Q:30754783;z15:D1:Q:40347562;z17:D1:Q:59484933;z57
  :D1:Q:73023135.
Sum=951852672; test 951852672/1000000000+(1-z2647)^7 <= 9862816/10000000.
Leaf R01011000 B=[z437,z2668,z2,z2669,z20,z2670,z2647,z7,z451,z22,z8,z8] h=z10
  horizon=27 mass=z20.
Cells
  z2671:B1:71874014;z2672:0:Nlo:324932200;z25:0:Nhi:21225378;z2673:0:Nhi:78402597;
  z2674:J1:93321169;z2675:1:Q:148248105;z2676:J1:2;z2651:1:A:9106892;z2677:D1:A:11
  096000;z2678:1:A:2;z15:D1:Q:24881080;z2666:D1:Q:49733003;z17:JD1:17352286.
Sum=850172728; test 850172728/1000000000+(1-z20)^7 <= 9709213/10000000.
Leaf R010110010 B=[z437,z2668,z2679,z2680,z20,z2670,z2647,z2681,z451,z22,z8,z8]
  h=z10 horizon=29 mass=z2647.
Cells
  z2671:B1:71874014;z2672:0:Nlo:324932199;z25:0:Nhi:21225378;z260:0:Nhi:267195197;
  z2682:B11/25:52385194;z15:D1:Q:77849765;z2683:D1:Q:41091337;z17:JD1:16478342;z57
  :JD1:85961207.
Sum=958992633; test 958992633/1000000000+(1-z2647)^7 <= 9934216/10000000.
Leaf R010110011 B=[z437,z2668,z2679,z2680,z20,z2670,z439,z7,z451,z22,z8,z8] h=z10
  horizon=29 mass=z439.
Cells
  z2671:B1:71874014;z2672:0:Nlo:324932199;z25:0:Nhi:21225378;z260:0:Nhi:267195197;
  z2684:B11/25:55918204;z2651:1:Q:45855102;z15:D1:Q:38990492;z2685:D1:Q:56566965;z
  17:JD1:5425880;z2686:JD1:83668751;z57:JD1:1764535.
Sum=973416717; test 973416717/1000000000+(1-z439)^7 <= 9806986/10000000.
Leaf R01011010 B=[z2687,z2688,z2,z2657,z2670,z2646,z2689,z7,z451,z22,z8,z8] h=z10
  horizon=27 mass=z2670.
Cells
  z2690:B1:86010892;z2691:0:Nlo:317815380;z25:0:Nhi:19047475;z2692:0:Nhi:147783184
  ;z2693:J1:52552057;z260:1:Q:54269283;z2694:B11/25:3024341;z2695:1:Q:73702986;z15
  :D1:Q:47733756;z2696:D1:Q:41652708;z17:JD1:22068054.
Sum=865660116; test 865660116/1000000000+(1-z2670)^7 <= 9716245/10000000.
Leaf R01011011 B=[z2687,z2688,z2697,z2645,z2670,z2646,z2689,z7,z451,z22,z8,z8]
  h=z10 horizon=29 mass=z2689.
Cells
  z2690:B1:86010892;z2691:0:Nlo:317815379;z25:0:Nhi:19047475;z260:0:Nhi:266772233;
  z2698:B11/25:80880716;z2695:1:Q:7070401;z15:D1:Q:54292140;z2699:D1:Q:48400357;z1
  7:JD1:9778982;z57:JD1:73224348.
Sum=963292923; test 963292923/1000000000+(1-z2689)^7 <= 9845858/10000000.
Leaf R0101110 B=[z465,z2700,z2701,z2702,z20,z2670,z2647,z7,z451,z22,z8,z8] h=z2703
  horizon=27 mass=z20.
Cells
  z2704:B1:110258983;z2705:0:Nlo:303489722;z25:0:Nhi:16093385;z2706:0:Nhi:20502961
  3;z2707:J1:37164957;z260:1:Q:18364824;z2708:B11/25:11690873;z2709:1:Q:69573397;z
  2710:J1:2;z2651:1:A:9295400;z15:D1:A:33909148;z2711:D1:A:3713166;z2712:JD1:2;z27
  13:D1:Q:43685603;z17:JD1:11977959.
Sum=874247034; test 874247034/1000000000+(1-z20)^7 <= 9949956/10000000.
Leaf R0101111 B=[z2668,z2644,z2714,z2715,z2670,z2646,z2689,z7,z451,z22,z8,z8]
  h=z2716 horizon=27 mass=z2670.
Cells
  z2648:B1:127181673;z2649:0:Nlo:292388757;z25:0:Nhi:14425572;z2717:0:Nhi:22540830
  3;z260:1:Q:35171303;z2718:B11/25:8953579;z2719:1:Q:62156856;z2720:J1:2;z2695:1:A
  :4551026;z15:D1:A:41519411;z2721:D1:A:4763927;z2722:JD1:2;z2723:D1:Q:40752749;z1
  7:JD1:6107449.
Sum=863380609; test 863380609/1000000000+(1-z2670)^7 <= 9693450/10000000.
Leaf R011000 B=[z0,z2700,z2,z2669,z20,z2670,z2647,z7,z22,z32,z8,z8] h=z10
  horizon=27 mass=z20.
Cells
  z2704:B1:110258983;z2705:0:Nlo:303489723;z25:0:Nhi:16093385;z2724:0:Nhi:99026555
  ;z2725:J1:176261594;z2675:1:Q:33197596;z2676:J1:2;z2651:1:A:9106890;z2726:D1:A:4
  153594;z2727:1:A:2;z2728:D1:Q:14496131;z15:JD1:20775176;z17:JD1:90421102.
Sum=877280733; test 877280733/1000000000+(1-z20)^7 <= 9980293/10000000.
Leaf R0110010 B=[z0,z2729,z2,z2730,z20,z2731,z2647,z7,z32,z9,z8,z8] h=z10
  horizon=27 mass=z20.
Cells
  z2732:B1:101411733;z2733:0:Nlo:308966888;z25:0:Nhi:17080735;z2734:J1:117840160;z
  2735:J1:160743030;z15:1:A:55213583;z2666:1:A:74784098;z17:P:28773581.
Sum=864813808; test 864813808/1000000000+(1-z20)^7 <= 9855623/10000000.
Leaf R0110011 B=[z0,z2700,z2,z2669,z2731,z2670,z2736,z7,z32,z9,z8,z8] h=z10
  horizon=27 mass=z2731.
Cells
  z2704:B1:110258983;z2705:0:Nlo:303489723;z25:0:Nhi:16093385;z2737:0:Nhi:71504010
  ;z2738:J1:73868809;z2676:J1:150583664;z15:1:A:49858038;z2739:1:A:69628063;z17:P:
  32314536.
Sum=877599211; test 877599211/1000000000+(1-z2731)^7 <= 9907488/10000000.
Leaf R0110100 B=[z0,z2644,z2,z2657,z2670,z2646,z2689,z7,z22,z115,z8,z8] h=z10
  horizon=27 mass=z2670.
Cells
  z2648:B1:127181673;z2649:0:Nlo:292388757;z25:0:Nhi:14425572;z2660:0:Nhi:11385021
  4;z2740:J1:201397974;z2695:1:Q:7798659;z2662:D1:Q:12611651;z15:JD1:37376447;z17:
  JD1:73515456.
Sum=880546403; test 880546403/1000000000+(1-z2670)^7 <= 9865108/10000000.
Leaf R0110101 B=[z0,z2644,z2,z2657,z2670,z2646,z2689,z7,z115,z32,z8,z8] h=z10
  horizon=27 mass=z2670.
Cells
  z2648:B1:127181673;z2649:0:Nlo:292388757;z25:0:Nhi:14425572;z2660:0:Nhi:11385021
  4;z2695:J1:202150652;z15:JD1:51227252;z17:JD1:85124356.
Sum=886348476; test 886348476/1000000000+(1-z2670)^7 <= 9923129/10000000.
Leaf R0110110 B=[z0,z2741,z2,z2742,z2670,z2743,z2689,z7,z32,z9,z8,z8] h=z10
  horizon=27 mass=z2670.
Cells
  z2744:B1:118852987;z2745:0:Nlo:297944979;z25:0:Nhi:15213919;z2746:0:Nhi:81296216
  ;z2747:J1:87873071;z2748:J1:136479893;z2749:1:Q:4967206;z2750:J1:2;z15:1:A:45448
  120;z2696:1:A:64319243;z17:P:35793294.
Sum=888188930; test 888188930/1000000000+(1-z2670)^7 <= 9941533/10000000.
Leaf R0110111 B=[z0,z2644,z2,z2657,z2743,z2646,z2751,z7,z32,z9,z8,z8] h=z10
  horizon=27 mass=z2743.
Cells
  z2648:B1:127181673;z2649:0:Nlo:292388757;z25:0:Nhi:14425572;z2752:0:Nhi:89672898
  ;z2753:J1:101033235;z2663:J1:133269973;z15:1:A:41754017;z2754:1:A:58851160;z17:P
  :39212125.
Sum=897789410; test 897789410/1000000000+(1-z2743)^7 <= 9969632/10000000.
Leaf R0111000 B=[z0,z2755,z19,z2680,z20,z2670,z2647,z7,z22,z9,z8,z8] h=z10
  horizon=27 mass=z20.
Cells
  z2756:B1:4745306;z2757:0:Nlo:298087734;z25:0:Nhi:58486109;z260:0:Nhi:270281420;z
  2684:B11/25:55918201;z2651:J1:44258456;z2758:J1:909287;z2759:1:Q:16325266;z2760:
  J1:2;z15:1:A:25942503;z2761:1:A:82227774;z17:P:15789099.
Sum=872971157; test 872971157/1000000000+(1-z20)^7 <= 9937197/10000000.
Leaf R0111001 B=[z0,z2762,z2669,z2645,z2670,z2646,z2689,z7,z22,z9,z8,z8] h=z10
  horizon=27 mass=z2670.
Cells
  z2763:B1:6872234;z2764:0:Nlo:307666687;z25:0:Nhi:52944723;z260:0:Nhi:270281422;z
  2650:B11/25:73624988;z2695:J1:13621876;z2765:J1:31032854;z2766:1:Q:7579193;z2767
  :J1:2;z15:1:A:21579306;z2768:1:A:74066350;z17:P:20531541.
Sum=879801176; test 879801176/1000000000+(1-z2670)^7 <= 9857656/10000000.
Leaf R0111010000 B=[z507,z2769,z19,z2770,z20,z2731,z2647,z7,z22,z115,z8,z8] h=z10
  horizon=27 mass=z20.
Cells
  z2771:B1:28510016;z2772:0:Nlo:333972779;z25:0:Nhi:33002642;z260:0:Nhi:268744765;
  z2773:B11/25:44358001;z2774:J1:50396570;z2651:1:Q:3300146;z2775:D1:Q:6925592;z15
  :JD1:33035641;z17:JD1:68571500.
Sum=870817652; test 870817652/1000000000+(1-z20)^7 <= 9915662/10000000.
Leaf R01110100010 B=[z507,z2776,z19,z2777,z20,z2778,z2647,z7,z115,z32,z8,z8] h=z10
  horizon=27 mass=z20.
Cells
  z2779:B1:26429387;z2780:0:Nlo:333363392;z25:0:Nhi:34009527;z260:0:Nhi:268744764;
  z2781:B11/25:18470042;z2651:J1:76161595;z15:JD1:40310718;z17:JD1:79194826.
Sum=876684251; test 876684251/1000000000+(1-z20)^7 <= 9974328/10000000.
Leaf R01110100011 B=[z2782,z2769,z2783,z2770,z2778,z2731,z2784,z7,z115,z32,z8,z8]
  h=z10 horizon=27 mass=z2778.
Cells
  z2771:B1:28510016;z2772:0:Nlo:333972779;z25:0:Nhi:33002642;z260:0:Nhi:268692387;
  z2785:B11/25:21690989;z2786:J1:70978018;z15:JD1:43657617;z17:JD1:78233007.
Sum=878737455; test 878737455/1000000000+(1-z2778)^7 <= 9956336/10000000.
Leaf R0111010010 B=[z2787,z2687,z2730,z2680,z2731,z2670,z2736,z7,z22,z115,z8,z8]
  h=z10 horizon=27 mass=z2731.
Cells
  z2788:B1:32798051;z2789:0:Nlo:334704385;z25:0:Nhi:31157537;z260:0:Nhi:268639994;
  z2684:B11/25:55918201;z2790:J1:36957616;z15:JD1:46720393;z17:JD1:66299587.
Sum=873195764; test 873195764/1000000000+(1-z2731)^7 <= 9863454/10000000.
Leaf R0111010011 B=[z2787,z2687,z2730,z2680,z2731,z2670,z2736,z7,z115,z32,z8,z8]
  h=z10 horizon=27 mass=z2731.
Cells
  z2788:B1:32798051;z2789:0:Nlo:334704385;z25:0:Nhi:31157537;z260:0:Nhi:268639994;
  z2791:B11/25:27193528;z2790:J1:64446146;z15:JD1:47474953;z17:JD1:77284058.
Sum=883698652; test 883698652/1000000000+(1-z2731)^7 <= 9968483/10000000.
Leaf R0111010100 B=[z507,z2769,z19,z2792,z20,z2731,z2647,z7,z32,z9,z8,z8] h=z10
  horizon=27 mass=z20.
Cells
  z2771:B1:28510016;z2772:0:Nlo:333972779;z25:0:Nhi:33002642;z2793:0:Nhi:98320613;
  z2794:J1:116485321;z2651:J1:120646955;z2795:1:Q:3537634;z2796:J1:2;z15:1:A:37910
  417;z2761:1:A:82227776;z17:P:15789099.
Sum=870403254; test 870403254/1000000000+(1-z20)^7 <= 9911518/10000000.
Leaf R0111010101 B=[z2787,z2687,z2730,z2797,z2731,z2670,z2736,z7,z32,z9,z8,z8]
  h=z10 horizon=27 mass=z2731.
Cells
  z2788:B1:32798051;z2789:0:Nlo:334704385;z25:0:Nhi:31157539;z2798:0:Nhi:107172964
  ;z2799:J1:133970108;z2800:J1:109741255;z2801:1:Q:4957026;z2802:J1:2;z15:1:A:3413
  0576;z2803:1:A:78235285;z17:P:18104209.
Sum=884971400; test 884971400/1000000000+(1-z2731)^7 <= 9981210/10000000.
Leaf R011101011000 B=[z507,z2776,z515,z2804,z20,z2778,z2647,z7,z32,z9,z8,z8] h=z10
  horizon=27 mass=z20.
Cells
  z2779:B1:26429387;z2780:0:Nlo:333363392;z25:0:Nhi:34009529;z2805:0:Nhi:105819225
  ;z2806:J1:131109519;z2807:J1:112687197;z2808:1:Q:3502198;z2809:J1:2;z15:1:A:3471
  0810;z2810:1:A:86384103;z17:P:8283228.
Sum=876298590; test 876298590/1000000000+(1-z20)^7 <= 9970471/10000000.
Leaf R0111010110010
  B=[z2782,z2769,z2811,z2812,z2778,z2731,z2784,z7,z32,z145,z8,z8] h=z10 horizon=27
  mass=z2778.
Cells
  z2771:B1:28510016;z2772:0:Nlo:333972779;z25:0:Nhi:33002642;z2813:0:Nhi:113625731
  ;z2814:J1:137036003;z2786:J1:98639931;z15:JD1:44176798;z2815:JD1:9943205;z17:JD1
  :75301519.
Sum=874208624; test 874208624/1000000000+(1-z2778)^7 <= 9911048/10000000.
Leaf R0111010110011 B=[z2782,z2769,z2811,z2812,z2778,z2731,z2784,z7,z145,z9,z8,z8]
  h=z10 horizon=27 mass=z2778.
Cells
  z2771:B1:28510016;z2772:0:Nlo:333972779;z25:0:Nhi:33002642;z2816:0:Nhi:182603127
  ;z2817:J1:171443337;z15:1:A:32772139;z2818:1:A:84807862;z17:P:8933910.
Sum=876045812; test 876045812/1000000000+(1-z2778)^7 <= 9929420/10000000.
Leaf R0111010110100 B=[z507,z2776,z1667,z2777,z20,z2778,z2647,z7,z32,z145,z8,z8]
  h=z10 horizon=27 mass=z20.
Cells
  z2779:B1:26429387;z2780:0:Nlo:333363392;z25:0:Nhi:34009527;z2819:0:Nhi:131680557
  ;z260:J1:133110233;z2820:B11/25:18502090;z2651:J1:74944942;z15:JD1:41249953;z282
  1:JD1:14060282;z17:JD1:70052464.
Sum=877402827; test 877402827/1000000000+(1-z20)^7 <= 9981514/10000000.
Leaf R01110101101010 B=[z507,z2822,z1667,z2823,z20,z2824,z2647,z7,z145,z9,z8,z8]
  h=z10 horizon=27 mass=z20.
Cells
  z2825:B1:25406789;z2826:0:Nlo:332991975;z25:0:Nhi:34536331;z2827:0:Nhi:188676313
  ;z2828:J1:169976326;z15:1:A:31517623;z2829:1:A:88569850;z17:P:4243098.
Sum=875918305; test 875918305/1000000000+(1-z20)^7 <= 9966668/10000000.
Leaf R01110101101011
  B=[z2830,z2776,z2831,z2777,z2824,z2778,z2832,z7,z145,z9,z8,z8] h=z10 horizon=27
  mass=z2824.
Cells
  z2779:B1:26429387;z2780:0:Nlo:333363392;z25:0:Nhi:34009527;z2833:0:Nhi:193243629
  ;z2834:J1:168869109;z15:1:A:30578930;z2835:1:A:87897728;z17:P:4414569.
Sum=878806271; test 878806271/1000000000+(1-z2824)^7 <= 9976152/10000000.
Leaf R01110101101100
  B=[z2782,z2769,z2804,z2770,z2778,z2731,z2784,z7,z32,z140,z8,z8] h=z10 horizon=27
  mass=z2778.
Cells
  z2771:B1:28510016;z2772:0:Nlo:333972779;z25:0:Nhi:33002642;z2836:0:Nhi:142023744
  ;z260:J1:126328699;z2837:B11/25:25997474;z2786:J1:65548638;z15:JD1:43891587;z283
  8:JD1:17511135;z17:JD1:58491618.
Sum=875278332; test 875278332/1000000000+(1-z2778)^7 <= 9921745/10000000.
Leaf R01110101101101
  B=[z2782,z2769,z2804,z2770,z2778,z2731,z2784,z7,z140,z145,z8,z8] h=z10
  horizon=27 mass=z2778.
Cells
  z2771:B1:28510016;z2772:0:Nlo:333972779;z25:0:Nhi:33002642;z2839:0:Nhi:205309208
  ;z260:J1:55735802;z2785:B11/25:21690989;z2786:J1:69439128;z15:JD1:44515808;z2840
  :JD1:38434318;z17:JD1:43212193.
Sum=873822883; test 873822883/1000000000+(1-z2778)^7 <= 9907190/10000000.
Leaf R01110101101110
  B=[z2782,z2841,z2804,z2842,z2778,z2843,z2784,z7,z145,z9,z8,z8] h=z10 horizon=27
  mass=z2778.
Cells
  z2844:B1:27463979;z2845:0:Nlo:333689743;z25:0:Nhi:33498530;z2846:0:Nhi:197590024
  ;z260:J1:61506350;z2847:B11/25:20125062;z2848:J1:85995297;z15:1:A:29694503;z2849
  :1:A:87224424;z17:P:4589767.
Sum=881377679; test 881377679/1000000000+(1-z2778)^7 <= 9982738/10000000.
Leaf R01110101101111
  B=[z2850,z2769,z2851,z2770,z2843,z2731,z2852,z7,z145,z9,z8,z8] h=z10 horizon=27
  mass=z2843.
Cells
  z2771:B1:28510016;z2772:0:Nlo:333972779;z25:0:Nhi:33002642;z2853:0:Nhi:201730830
  ;z260:J1:58595633;z2785:B11/25:21690989;z2854:J1:86080922;z15:1:A:28859767;z2855
  :1:A:86549631;z17:P:4768967.
Sum=883762176; test 883762176/1000000000+(1-z2843)^7 <= 9987720/10000000.
Leaf R0111010111000
  B=[z2787,z2856,z2792,z2857,z2731,z2858,z2736,z7,z32,z140,z8,z8] h=z10 horizon=27
  mass=z2731.
Cells
  z2859:B1:30634288;z2860:0:Nlo:334415559;z25:0:Nhi:32053592;z260:0:Nhi:268639993;
  z2861:B11/25:32786104;z2790:J1:56520454;z15:JD1:47407108;z2862:JD1:13004863;z17:
  JD1:64048208.
Sum=879510169; test 879510169/1000000000+(1-z2731)^7 <= 9926598/10000000.
Leaf R0111010111001
  B=[z2787,z2856,z2792,z2857,z2731,z2858,z2736,z7,z140,z145,z8,z8] h=z10
  horizon=27 mass=z2731.
Cells
  z2859:B1:30634288;z2860:0:Nlo:334415559;z25:0:Nhi:32053592;z2863:0:Nhi:217687458
  ;z260:J1:45543643;z2864:B11/25:24582841;z2790:J1:64325666;z15:JD1:48115165;z2865
  :JD1:33850327;z17:JD1:49004357.
Sum=880212896; test 880212896/1000000000+(1-z2731)^7 <= 9933625/10000000.
Leaf R011101011101 B=[z2866,z2687,z2867,z2680,z2858,z2670,z2868,z7,z32,z145,z8,z8]
  h=z10 horizon=27 mass=z2858.
Cells
  z2788:B1:32798051;z2789:0:Nlo:334704385;z25:0:Nhi:31157537;z260:0:Nhi:268587585;
  z2869:B11/25:38962753;z2870:J1:47773258;z15:JD1:52185445;z2871:JD1:2599009;z17:J
  D1:80688019.
Sum=889456042; test 889456042/1000000000+(1-z2858)^7 <= 9989625/10000000.
Leaf R0111010111100 B=[z2787,z2856,z2792,z2872,z2731,z2858,z2736,z7,z145,z9,z8,z8]
  h=z10 horizon=27 mass=z2731.
Cells
  z2859:B1:30634288;z2860:0:Nlo:334415559;z25:0:Nhi:32053592;z2873:0:Nhi:190952669
  ;z2874:J1:169228892;z2875:1:Q:182660;z2876:J1:2;z15:1:A:31038433;z2877:1:A:83209
  914;z17:P:9609224.
Sum=881325233; test 881325233/1000000000+(1-z2731)^7 <= 9944749/10000000.
Leaf R0111010111101 B=[z2866,z2687,z2867,z2878,z2858,z2670,z2868,z7,z145,z9,z8,z8]
  h=z10 horizon=27 mass=z2858.
Cells
  z2788:B1:32798051;z2789:0:Nlo:334704385;z25:0:Nhi:31157537;z2879:0:Nhi:198599399
  ;z260:J1:60761383;z2880:B11/25:20529266;z2881:J1:86015963;z15:1:A:29478841;z2882
  :1:A:81586095;z17:P:10312765.
Sum=885943685; test 885943685/1000000000+(1-z2858)^7 <= 9954502/10000000.
Leaf R01110101111100
  B=[z2787,z2883,z2812,z2884,z2731,z2885,z2736,z7,z145,z9,z8,z8] h=z10 horizon=27
  mass=z2731.
Cells
  z2886:B1:29566960;z2887:0:Nlo:334214179;z25:0:Nhi:32521203;z2888:0:Nhi:205680010
  ;z260:J1:55773646;z2889:B11/25:23174821;z2890:J1:84494478;z2891:1:Q:1681557;z289
  2:J1:2;z15:1:A:28070655;z2893:1:A:85873013;z17:P:4952466.
Sum=886002990; test 886002990/1000000000+(1-z2731)^7 <= 9991526/10000000.
Leaf R01110101111101
  B=[z2894,z2856,z2895,z2857,z2885,z2858,z2896,z7,z145,z9,z8,z8] h=z10 horizon=27
  mass=z2885.
Cells
  z2859:B1:30634288;z2860:0:Nlo:334415559;z25:0:Nhi:32053592;z2897:0:Nhi:209450297
  ;z260:J1:53034138;z2864:B11/25:24582841;z2898:J1:86282237;z15:1:A:27323527;z2899
  :1:A:85194220;z17:P:5140584.
Sum=888111283; test 888111283/1000000000+(1-z2885)^7 <= 9994266/10000000.
Leaf R01110101111110
  B=[z2866,z2900,z2872,z2901,z2858,z2902,z2868,z7,z145,z9,z8,z8] h=z10 horizon=27
  mass=z2858.
Cells
  z2903:B1:31711485;z2904:0:Nlo:334578464;z25:0:Nhi:31599220;z2905:0:Nhi:213053339
  ;z260:J1:50371353;z2906:B11/25:25920706;z2907:J1:84809568;z2908:1:Q:1586703;z290
  9:J1:2;z15:1:A:26615119;z2910:1:A:84512858;z17:P:5333667.
Sum=890092484; test 890092484/1000000000+(1-z2858)^7 <= 9995990/10000000.
Leaf R01110101111111
  B=[z2911,z2687,z2912,z2680,z2902,z2670,z2913,z7,z145,z9,z8,z8] h=z10 horizon=27
  mass=z2902.
Cells
  z2788:B1:32798051;z2789:0:Nlo:334704385;z25:0:Nhi:31157537;z2914:0:Nhi:216499801
  ;z260:J1:47779983;z2791:B11/25:27193528;z2760:J1:86520460;z15:1:A:25942502;z2915
  :1:A:83828516;z17:P:5532093.
Sum=891956856; test 891956856/1000000000+(1-z2902)^7 <= 9996798/10000000.
Leaf R011101100 B=[z2755,z2656,z2916,z2645,z2670,z2646,z2689,z7,z22,z115,z8,z8]
  h=z10 horizon=29 mass=z2689.
Cells
  z2658:B1:41771714;z2659:0:Nlo:334540642;z25:0:Nhi:28023493;z260:0:Nhi:268535162;
  z2650:B11/25:73624988;z2695:J1:13621876;z15:JD1:55066369;z17:JD1:64385872;z57:JD
  1:82830457.
Sum=962400573; test 962400573/1000000000+(1-z2689)^7 <= 9836935/10000000.
Leaf R011101101 B=[z2755,z2656,z2916,z2645,z2670,z2646,z2689,z7,z115,z32,z8,z8]
  h=z10 horizon=27 mass=z2670.
Cells
  z2658:B1:41771714;z2659:0:Nlo:334540642;z25:0:Nhi:28023493;z260:0:Nhi:268535162;
  z2650:B11/25:73624988;z2695:J1:13205275;z15:JD1:55987378;z17:JD1:75740069.
Sum=891428721; test 891428721/1000000000+(1-z2670)^7 <= 9973931/10000000.
Leaf R01110111000 B=[z2755,z2917,z2669,z2918,z2670,z2919,z2689,z7,z32,z9,z8,z8]
  h=z10 horizon=27 mass=z2670.
Cells
  z2920:B1:34997344;z2921:0:Nlo:334850926;z25:0:Nhi:30310164;z2922:0:Nhi:115712048
  ;z2923:J1:136596774;z2924:J1:110459127;z15:1:A:32509690;z2768:1:A:74066351;z17:P
  :20531541.
Sum=890033965; test 890033965/1000000000+(1-z2670)^7 <= 9959983/10000000.
Leaf R01110111001 B=[z2925,z2926,z2927,z2928,z2919,z2743,z2929,z7,z32,z9,z8,z8]
  h=z10 horizon=27 mass=z2919.
Cells
  z2930:B1:37228399;z2931:0:Nlo:334865963;z25:0:Nhi:29507616;z2932:0:Nhi:127813287
  ;z2933:J1:133991493;z260:J1:2187742;z2934:B11/25:17616993;z2935:J1:83609296;z293
  6:1:Q:2957788;z2937:J1:2;z15:1:A:31035681;z2938:1:A:71902982;z17:P:21796980.
Sum=894514222; test 894514222/1000000000+(1-z2919)^7 <= 9970351/10000000.
Leaf R01110111010 B=[z2939,z2940,z2941,z2942,z2743,z2943,z2751,z7,z32,z9,z8,z8]
  h=z10 horizon=27 mass=z2743.
Cells
  z2944:B1:39487648;z2945:0:Nlo:334759462;z25:0:Nhi:28746430;z2946:0:Nhi:136910359
  ;z260:J1:129651674;z2947:B11/25:22366761;z2948:J1:84508263;z15:1:A:29689462;z294
  9:1:A:69540611;z17:P:23312326.
Sum=898972996; test 898972996/1000000000+(1-z2743)^7 <= 9981468/10000000.
Leaf R01110111011 B=[z2950,z2656,z2951,z2952,z2943,z2646,z2953,z7,z32,z9,z8,z8]
  h=z10 horizon=27 mass=z2943.
Cells
  z2658:B1:41771714;z2659:0:Nlo:334540642;z25:0:Nhi:28023493;z260:0:Nhi:268377804;
  z2954:B11/25:27777270;z2955:J1:79455167;z2956:1:Q:2122226;z2957:J1:2;z15:1:A:284
  55115;z2958:1:A:67020553;z17:P:24995480.
Sum=902539466; test 902539466/1000000000+(1-z2943)^7 <= 9984603/10000000.
Leaf R01110111100 B=[z2755,z2959,z2797,z2960,z2670,z2743,z2689,z7,z32,z9,z8,z8]
  h=z10 horizon=27 mass=z2670.
Cells
  z2961:B1:18877822;z2962:0:Nlo:329171118;z25:0:Nhi:38556387;z260:0:Nhi:268535162;
  z2963:B11/25:49781966;z2964:J1:69522410;z15:1:A:23560676;z2965:1:A:79931621;z17:
  P:11048675.
Sum=888985837; test 888985837/1000000000+(1-z2670)^7 <= 9949502/10000000.
Leaf R01110111101 B=[z2939,z2966,z2928,z2645,z2743,z2646,z2751,z7,z32,z9,z8,z8]
  h=z10 horizon=27 mass=z2743.
Cells
  z2967:B1:21705504;z2968:0:Nlo:331175958;z25:0:Nhi:36655309;z260:0:Nhi:268430271;
  z2969:B11/25:55173035;z2767:J1:68145304;z15:1:A:21579306;z2970:1:A:76507639;z17:
  P:12637619.
Sum=892009945; test 892009945/1000000000+(1-z2743)^7 <= 9911838/10000000.
Leaf R011101111100 B=[z2971,z2926,z2797,z2960,z2670,z2743,z2689,z7,z32,z145,z8,z8]
  h=z10 horizon=27 mass=z2670.
Cells
  z2930:B1:37228399;z2931:0:Nlo:334865963;z25:0:Nhi:29507616;z2972:0:Nhi:240984362
  ;z260:J1:25913428;z2963:B11/25:49781966;z2695:J1:34817585;z2973:JD1:54357227;z15
  :JD1:2251558;z17:JD1:82331019.
Sum=892039123; test 892039123/1000000000+(1-z2670)^7 <= 9980035/10000000.
Leaf R01110111110100
  B=[z2971,z2917,z2797,z2974,z2670,z2919,z2689,z7,z145,z9,z8,z8] h=z10 horizon=27
  mass=z2670.
Cells
  z2920:B1:34997344;z2921:0:Nlo:334850926;z25:0:Nhi:30310164;z2975:0:Nhi:215404953
  ;z260:J1:45814184;z2976:B11/25:23179060;z2977:J1:86177033;z15:1:A:28068402;z2965
  :1:A:79931624;z17:P:11048675.
Sum=889782365; test 889782365/1000000000+(1-z2670)^7 <= 9957467/10000000.
Leaf R01110111110101
  B=[z2978,z2926,z2918,z2979,z2919,z2743,z2929,z7,z145,z9,z8,z8] h=z10 horizon=27
  mass=z2919.
Cells
  z2930:B1:37228399;z2931:0:Nlo:334865963;z25:0:Nhi:29507616;z2980:0:Nhi:206965207
  ;z260:J1:55581005;z2981:B11/25:25596404;z2982:J1:86367782;z15:1:A:26786705;z2983
  :1:A:78240956;z17:P:11821758.
Sum=892961795; test 892961795/1000000000+(1-z2919)^7 <= 9954827/10000000.
Leaf R011101111101100
  B=[z2971,z2984,z2878,z2985,z2670,z2986,z2689,z7,z145,z9,z8,z8] h=z10 horizon=27
  mass=z2670.
Cells
  z2987:B1:33893496;z2988:0:Nlo:334794747;z25:0:Nhi:30728017;z2975:0:Nhi:215404952
  ;z260:J1:49108117;z2989:B11/25:28405932;z2990:J1:86652336;z15:1:A:25303028;z2991
  :1:A:83140743;z17:P:5736271.
Sum=893167639; test 893167639/1000000000+(1-z2670)^7 <= 9991320/10000000.
Leaf R011101111101101
  B=[z2992,z2917,z2993,z2994,z2986,z2919,z2995,z7,z145,z9,z8,z8] h=z10 horizon=27
  mass=z2986.
Cells
  z2920:B1:34997344;z2921:0:Nlo:334850926;z25:0:Nhi:30310164;z2996:0:Nhi:238718104
  ;z260:J1:26536099;z2997:B11/25:29562115;z2998:J1:86792208;z15:1:A:24694311;z2999
  :1:A:82449042;z17:P:5946646.
Sum=894856959; test 894856959/1000000000+(1-z2986)^7 <= 9990874/10000000.
Leaf R011101111101110
  B=[z2978,z3000,z2974,z3001,z2919,z3002,z2929,z7,z145,z9,z8,z8] h=z10 horizon=27
  mass=z2919.
Cells
  z3003:B1:36109129;z3004:0:Nlo:334874242;z25:0:Nhi:29903512;z3005:0:Nhi:236530628
  ;z260:J1:29094112;z3006:B11/25:30665897;z3007:J1:86939722;z15:1:A:24114183;z3008
  :1:A:81752881;z17:P:6163706.
Sum=896148012; test 896148012/1000000000+(1-z2919)^7 <= 9986689/10000000.
Leaf R011101111101111
  B=[z3009,z2926,z3010,z2960,z3002,z2743,z3011,z7,z145,z9,z8,z8] h=z10 horizon=27
  mass=z3002.
Cells
  z2930:B1:37228399;z2931:0:Nlo:334865963;z25:0:Nhi:29507616;z3012:0:Nhi:234417901
  ;z260:J1:31676031;z3013:B11/25:31720757;z2964:J1:87094546;z15:1:A:23560675;z3014
  :1:A:81051681;z17:P:6387984.
Sum=897511553; test 897511553/1000000000+(1-z3002)^7 <= 9983470/10000000.
Leaf R0111011111100 B=[z2959,z2940,z3015,z3016,z2743,z2943,z2751,z7,z32,z9,z8,z8]
  h=z10 horizon=27 mass=z2743.
Cells
  z2944:B1:39487648;z2945:0:Nlo:334759462;z25:0:Nhi:28746430;z3017:0:Nhi:232376154
  ;z260:J1:32637054;z3018:B11/25:40429276;z3019:J1:73058112;z3020:1:Q:1618771;z302
  1:J1:2;z15:1:A:25616903;z3022:1:A:76258220;z17:P:13025030.
Sum=898013062; test 898013062/1000000000+(1-z2743)^7 <= 9971869/10000000.
Leaf R01110111111010 B=[z2959,z3023,z3024,z3025,z2743,z3026,z2751,z7,z32,z9,z8,z8]
  h=z10 horizon=27 mass=z2743.
Cells
  z3027:B1:38354716;z3028:0:Nlo:334827312;z25:0:Nhi:29122055;z260:0:Nhi:267497683;
  z3029:B11/25:52212286;z3030:J1:64507344;z3031:1:Q:3661237;z3032:J1:2;z15:1:A:230
  32001;z3033:1:A:80284503;z17:P:6715507.
Sum=900214646; test 900214646/1000000000+(1-z2743)^7 <= 9993885/10000000.
Leaf R01110111111011 B=[z3034,z2940,z3035,z3036,z3026,z2943,z3037,z7,z32,z9,z8,z8]
  h=z10 horizon=27 mass=z3026.
Cells
  z2944:B1:39487648;z2945:0:Nlo:334759462;z25:0:Nhi:28746430;z260:0:Nhi:267458134;
  z3038:B11/25:54545851;z3039:J1:66874353;z15:1:A:22526521;z3040:1:A:79307878;z17:
  P:7365759.
Sum=901072036; test 901072036/1000000000+(1-z3026)^7 <= 9986077/10000000.
Leaf R0111011111110 B=[z3041,z2656,z3042,z3043,z2943,z2646,z2953,z7,z32,z9,z8,z8]
  h=z10 horizon=27 mass=z2943.
Cells
  z2658:B1:41771714;z2659:0:Nlo:334540642;z25:0:Nhi:28023493;z3044:0:Nhi:228491766
  ;z260:J1:37600586;z3045:B11/25:45285251;z3046:J1:72010345;z15:1:A:24544956;z3047
  :1:A:74050545;z17:P:14520664.
Sum=900839962; test 900839962/1000000000+(1-z2943)^7 <= 9967608/10000000.
Leaf R0111011111111 B=[z3041,z2656,z3048,z2645,z2943,z2646,z2953,z7,z32,z9,z8,z8]
  h=z10 horizon=27 mass=z2943.
Cells
  z2658:B1:41771714;z2659:0:Nlo:334540642;z25:0:Nhi:28023493;z260:0:Nhi:267418578;
  z3049:B11/25:58944838;z2767:J1:64418076;z15:1:A:21579308;z3050:1:A:78047972;z17:
  P:8437898.
Sum=903182519; test 903182519/1000000000+(1-z2943)^7 <= 9991034/10000000.
Leaf R01111000000 B=[z437,z3051,z3052,z2770,z20,z2731,z2647,z7,z22,z115,z8,z8]
  h=z10 horizon=27 mass=z20.
Cells
  z3053:B1:46089781;z3054:0:Nlo:333860857;z25:0:Nhi:26767156;z3055:0:Nhi:218778620
  ;z260:J1:45924200;z2773:B11/25:44358001;z3056:J1:50370499;z2651:1:Q:3326232;z277
  5:D1:Q:6925592;z15:JD1:33035641;z17:JD1:69231442.
Sum=878668021; test 878668021/1000000000+(1-z20)^7 <= 9994165/10000000.
Leaf R0111100000100
  B=[z1163,z3057,z3058,z3059,z20,z2778,z2647,z3060,z22,z115,z8,z8] h=z3061
  horizon=27 mass=z20.
Cells
  z3062:B1:61147465;z3063:0:Nlo:329444800;z25:0:Nhi:23216088;z3064:0:Nhi:182824168
  ;z260:J1:79093879;z3065:B11/25:18939480;z15:JD1:103876865;z17:JD1:65144028.
Sum=863686773; test 863686773/1000000000+(1-z20)^7 <= 9844353/10000000.
Leaf R0111100000101 B=[z1163,z3057,z3058,z3059,z20,z2778,z439,z7,z22,z115,z8,z8]
  h=z3061 horizon=29 mass=z439.
Cells
  z3062:B1:61147465;z3063:0:Nlo:329444800;z25:0:Nhi:23216088;z3064:0:Nhi:182824168
  ;z260:J1:79093879;z3066:B11/25:24701243;z3067:J1:63891722;z2651:1:Q:6670207;z306
  8:D1:Q:16104410;z15:JD1:22976013;z17:JD1:69626281;z2686:JD1:105702404;z3069:JD1:
  1545956;z57:P:679027.
Sum=987623663; test 987623663/1000000000+(1-z439)^7 <= 9949055/10000000.
Leaf R011110000011 B=[z3070,z3071,z3072,z3073,z2778,z2731,z2784,z7,z22,z115,z8,z8]
  h=z3074 horizon=27 mass=z2778.
Cells
  z3075:B1:64725958;z3076:0:Nlo:328041827;z25:0:Nhi:22512308;z3077:0:Nhi:228885701
  ;z260:J1:33053150;z3078:B11/25:19503896;z3079:J1:66561079;z2786:1:Q:5640298;z308
  0:D1:Q:13374199;z15:JD1:28224469;z17:JD1:67717731.
Sum=878240616; test 878240616/1000000000+(1-z2778)^7 <= 9951368/10000000.
Leaf R01111000010 B=[z2769,z3081,z3082,z2680,z2731,z2670,z2736,z7,z22,z115,z8,z8]
  h=z10 horizon=27 mass=z2731.
Cells
  z3083:B1:51959834;z3084:0:Nlo:332469130;z25:0:Nhi:25250549;z260:0:Nhi:266983835;
  z3085:B11/25:40497173;z2790:J1:52365303;z15:JD1:46720393;z17:JD1:67400923.
Sum=883647140; test 883647140/1000000000+(1-z2731)^7 <= 9967968/10000000.
Leaf R01111000011 B=[z3051,z2668,z3086,z3087,z2731,z2670,z2736,z7,z22,z115,z8,z8]
  h=z3088 horizon=27 mass=z2731.
Cells
  z2671:B1:71874014;z2672:0:Nlo:324932199;z25:0:Nhi:21225378;z3089:0:Nhi:218931276
  ;z260:J1:44463553;z3090:B11/25:38937900;z3091:J1:47685623;z2790:1:Q:2903300;z309
  2:D1:Q:6798613;z15:JD1:37697904;z17:JD1:66128034.
Sum=881577794; test 881577794/1000000000+(1-z2731)^7 <= 9947274/10000000.
Leaf R01111000100 B=[z437,z3071,z3093,z2792,z20,z2731,z2647,z7,z115,z32,z8,z8]
  h=z10 horizon=27 mass=z20.
Cells
  z3075:B1:64725958;z3076:0:Nlo:328041826;z25:0:Nhi:22512308;z2674:0:Nhi:173972380
  ;z3094:J1:164853181;z2795:1:Q:3585699;z15:JD1:36011056;z17:JD1:81569644.
Sum=875272052; test 875272052/1000000000+(1-z20)^7 <= 9960206/10000000.
Leaf R01111000101 B=[z2769,z2668,z3086,z2797,z2731,z2670,z2736,z7,z115,z32,z8,z8]
  h=z10 horizon=27 mass=z2731.
Cells
  z2671:B1:71874014;z2672:0:Nlo:324932199;z25:0:Nhi:21225378;z3095:0:Nhi:159825866
  ;z2790:J1:180770886;z15:JD1:45990078;z17:JD1:80196662.
Sum=884815083; test 884815083/1000000000+(1-z2731)^7 <= 9979647/10000000.
Leaf R0111100011000 B=[z437,z3070,z3096,z2777,z20,z2778,z2647,z7,z115,z32,z8,z8]
  h=z10 horizon=27 mass=z20.
Cells
  z3097:B1:43190129;z3098:0:Nlo:334353610;z25:0:Nhi:27595831;z3055:0:Nhi:218778620
  ;z260:J1:42356374;z2781:B11/25:18470042;z2651:J1:76161598;z15:JD1:40310717;z17:J
  D1:75783625.
Sum=877000546; test 877000546/1000000000+(1-z20)^7 <= 9977491/10000000.
Leaf R0111100011001
  B=[z2776,z3051,z3099,z2770,z2778,z2731,z2784,z7,z115,z32,z8,z8] h=z10 horizon=27
  mass=z2778.
Cells
  z3053:B1:46089781;z3054:0:Nlo:333860857;z25:0:Nhi:26767156;z3100:0:Nhi:214734744
  ;z260:J1:47979113;z3101:B11/25:17983121;z2786:J1:74787847;z15:JD1:43657615;z17:J
  D1:74985128.
Sum=880845362; test 880845362/1000000000+(1-z2778)^7 <= 9977415/10000000.
Leaf R01111000110100 B=[z1163,z3102,z3103,z3059,z20,z2778,z2647,z7,z115,z32,z8,z8]
  h=z3061 horizon=27 mass=z20.
Cells
  z3104:B1:52097134;z3105:0:Nlo:332430973;z25:0:Nhi:25217342;z3064:0:Nhi:182824168
  ;z260:J1:75881767;z3106:B11/25:17544821;z2651:J1:75721492;z15:JD1:39813020;z17:J
  D1:76113642.
Sum=877644359; test 877644359/1000000000+(1-z20)^7 <= 9983929/10000000.
Leaf R01111000110101 B=[z1698,z3057,z3107,z3108,z20,z2778,z2647,z7,z115,z32,z8,z8]
  h=z3109 horizon=27 mass=z20.
Cells
  z3062:B1:61147465;z3063:0:Nlo:329444800;z25:0:Nhi:23216090;z3110:0:Nhi:161447700
  ;z3111:J1:159526159;z3112:1:Q:11302736;z3113:J1:2;z2651:1:A:5179774;z3114:D1:A:4
  475569;z3115:JD1:2;z3116:D1:Q:9151807;z15:JD1:24285578;z17:JD1:74114716.
Sum=863292398; test 863292398/1000000000+(1-z20)^7 <= 9840409/10000000.
Leaf R0111100011011
  B=[z3070,z3071,z3117,z3073,z2778,z2731,z2784,z7,z115,z32,z8,z8] h=z3074
  horizon=27 mass=z2778.
Cells
  z3075:B1:64725958;z3076:0:Nlo:328041827;z25:0:Nhi:22512308;z3118:0:Nhi:174970953
  ;z260:J1:84812701;z3078:B11/25:19503896;z2786:J1:70282796;z15:JD1:42421365;z17:J
  D1:75481124.
Sum=882752928; test 882752928/1000000000+(1-z2778)^7 <= 9996491/10000000.
Leaf R0111100011100
  B=[z2769,z3119,z3120,z2857,z2731,z2858,z2736,z7,z115,z32,z8,z8] h=z10 horizon=27
  mass=z2731.
Cells
  z3121:B1:49014736;z3122:0:Nlo:333228258;z25:0:Nhi:25986761;z3123:0:Nhi:210988175
  ;z260:J1:53764616;z3124:B11/25:37818526;z2790:J1:52487591;z15:JD1:47156743;z17:J
  D1:74197031.
Sum=884642437; test 884642437/1000000000+(1-z2731)^7 <= 9977921/10000000.
Leaf R0111100011101
  B=[z2856,z3081,z3125,z2680,z2858,z2670,z2868,z7,z115,z32,z8,z8] h=z10 horizon=27
  mass=z2858.
Cells
  z3083:B1:51959834;z3084:0:Nlo:332469130;z25:0:Nhi:25250549;z260:0:Nhi:266878064;
  z3126:B11/25:35246332;z2870:J1:52377924;z15:JD1:50826664;z17:JD1:73418890.
Sum=888427387; test 888427387/1000000000+(1-z2858)^7 <= 9979339/10000000.
Leaf R0111100011110
  B=[z3051,z3127,z3128,z3129,z2731,z2858,z2736,z7,z115,z32,z8,z8] h=z3088
  horizon=27 mass=z2731.
Cells
  z3130:B1:68303164;z3131:0:Nlo:326533340;z25:0:Nhi:21849920;z3132:0:Nhi:218931274
  ;z260:J1:41019736;z3133:B11/25:15856347;z2790:J1:70333027;z15:JD1:45053277;z17:J
  D1:73687455.
Sum=881567540; test 881567540/1000000000+(1-z2731)^7 <= 9947172/10000000.
Leaf R0111100011111
  B=[z3119,z2668,z3134,z3135,z2858,z2670,z2868,z7,z115,z32,z8,z8] h=z3136
  horizon=27 mass=z2858.
Cells
  z2671:B1:71874014;z2672:0:Nlo:324932199;z25:0:Nhi:21225378;z3137:0:Nhi:209791161
  ;z260:J1:49989232;z3138:B11/25:15917198;z2870:J1:66679550;z15:JD1:47715119;z17:J
  D1:71930356.
Sum=880054207; test 880054207/1000000000+(1-z2858)^7 <= 9895607/10000000.
Leaf R011110010000 B=[z437,z3070,z3139,z2811,z20,z2778,z2647,z7,z32,z9,z8,z8]
  h=z10 horizon=27 mass=z20.
Cells
  z3097:B1:43190129;z3098:0:Nlo:334353612;z25:0:Nhi:27595831;z2673:0:Nhi:78402597;
  z3140:J1:123388744;z3094:J1:128311746;z3141:1:Q:1192889;z3142:J1:2;z15:1:A:40132
  319;z3143:1:A:81782699;z17:P:16580750.
Sum=874931318; test 874931318/1000000000+(1-z20)^7 <= 9956798/10000000.
Leaf R011110010001 B=[z2776,z3051,z3144,z2792,z2778,z2731,z2784,z7,z32,z9,z8,z8]
  h=z10 horizon=27 mass=z2778.
Cells
  z3053:B1:46089781;z3054:0:Nlo:333860858;z25:0:Nhi:26767156;z3145:0:Nhi:166603515
  ;z2794:J1:47468689;z3146:J1:120799838;z2795:1:Q:3384788;z2796:J1:2;z15:1:A:37910
  417;z3147:1:A:79544013;z17:P:18156721.
Sum=880585778; test 880585778/1000000000+(1-z2778)^7 <= 9974819/10000000.
Leaf R011110010010 B=[z1163,z3057,z3058,z3148,z20,z2778,z2647,z7,z32,z9,z8,z8]
  h=z3061 horizon=27 mass=z20.
Cells
  z3062:B1:61147465;z3063:0:Nlo:329444801;z25:0:Nhi:23216088;z3149:0:Nhi:131117001
  ;z3150:J1:59263674;z3151:J1:130475223;z15:1:A:43828853;z3152:1:A:80413773;z17:P:
  18347263.
Sum=877254141; test 877254141/1000000000+(1-z20)^7 <= 9980027/10000000.
Leaf R011110010011 B=[z3070,z3071,z3072,z3153,z2778,z2731,z2784,z7,z32,z9,z8,z8]
  h=z3074 horizon=27 mass=z2778.
Cells
  z3075:B1:64725958;z3076:0:Nlo:328041827;z25:0:Nhi:22512308;z3154:0:Nhi:125838687
  ;z3155:J1:66245953;z3156:J1:126260571;z15:1:A:45882944;z3157:1:A:78311153;z17:P:
  18856511.
Sum=876675912; test 876675912/1000000000+(1-z2778)^7 <= 9935721/10000000.
Leaf R011110010100 B=[z2769,z3119,z3158,z2867,z2731,z2858,z2736,z7,z32,z9,z8,z8]
  h=z10 horizon=27 mass=z2731.
Cells
  z3121:B1:49014736;z3122:0:Nlo:333228258;z25:0:Nhi:25986763;z3095:0:Nhi:159825866
  ;z3159:J1:64978126;z3160:J1:115853184;z3161:1:Q:3409466;z3162:J1:2;z15:1:A:35921
  426;z3163:1:A:77257201;z17:P:19747421.
Sum=885222449; test 885222449/1000000000+(1-z2731)^7 <= 9983721/10000000.
Leaf R0111100101010 B=[z2856,z3164,z3165,z2797,z2858,z2670,z2868,z7,z32,z9,z8,z8]
  h=z10 horizon=27 mass=z2858.
Cells
  z3166:B1:42192363;z3167:0:Nlo:334489094;z25:0:Nhi:27895041;z3168:0:Nhi:153571703
  ;z2799:J1:82177313;z2802:J1:114706175;z15:1:A:34130579;z3169:1:A:75793518;z17:P:
  19927065.
Sum=884882851; test 884882851/1000000000+(1-z2858)^7 <= 9943894/10000000.
Leaf R0111100101011 B=[z3170,z3081,z3171,z3172,z2858,z2670,z2868,z7,z32,z9,z8,z8]
  h=z3173 horizon=27 mass=z2858.
Cells
  z3083:B1:51959834;z3084:0:Nlo:332469130;z25:0:Nhi:25250550;z3174:0:Nhi:132486049
  ;z3175:J1:98564716;z3176:J1:109623106;z3177:1:Q:5648141;z3178:J1:2;z15:1:A:36211
  397;z3179:1:A:75059951;z17:P:20733210.
Sum=888006086; test 888006086/1000000000+(1-z2858)^7 <= 9975126/10000000.
Leaf R01111001011 B=[z3051,z2668,z3086,z3180,z2731,z2670,z2736,z7,z32,z9,z8,z8]
  h=z3088 horizon=27 mass=z2731.
Cells
  z2671:B1:71874014;z2672:0:Nlo:324932201;z25:0:Nhi:21225378;z3181:0:Nhi:120965436
  ;z3182:J1:86003834;z2790:J1:116288420;z3183:1:Q:1306023;z3184:J1:2;z15:1:A:45238
  545;z3185:1:A:75933250;z17:P:19859879.
Sum=883626982; test 883626982/1000000000+(1-z2731)^7 <= 9967766/10000000.
Leaf R01111001100000 B=[z437,z3070,z3096,z2804,z20,z2778,z2647,z7,z32,z145,z8,z8]
  h=z10 horizon=27 mass=z20.
Cells
  z3097:B1:43190129;z3098:0:Nlo:334353610;z25:0:Nhi:27595832;z2674:0:Nhi:173972380
  ;z2806:J1:58628575;z2651:J1:109159365;z15:JD1:40805150;z3186:JD1:12915279;z17:JD
  1:74064253.
Sum=874684573; test 874684573/1000000000+(1-z20)^7 <= 9954331/10000000.
Leaf R011110011000010 B=[z437,z3187,z3188,z2831,z20,z2824,z2647,z7,z145,z9,z8,z8]
  h=z10 horizon=27 mass=z20.
Cells
  z3189:B1:41751522;z3190:0:Nlo:334543032;z25:0:Nhi:28029695;z3191:0:Nhi:126908930
  ;z3192:J1:214820114;z15:1:A:35768701;z3193:1:A:85854629;z17:P:9251606.
Sum=876928229; test 876928229/1000000000+(1-z20)^7 <= 9976768/10000000.
Leaf R011110011000011
  B=[z2822,z3070,z3194,z2804,z2824,z2778,z2832,z7,z145,z9,z8,z8] h=z10 horizon=27
  mass=z2824.
Cells
  z3097:B1:43190129;z3098:0:Nlo:334353610;z25:0:Nhi:27595832;z3195:0:Nhi:129683417
  ;z3196:J1:215342957;z2808:1:Q:829036;z2809:J1:2;z15:1:A:34710810;z3197:1:A:84852
  471;z17:P:9950112.
Sum=880508376; test 880508376/1000000000+(1-z2824)^7 <= 9993173/10000000.
Leaf R01111001100010
  B=[z2776,z3051,z3099,z2812,z2778,z2731,z2784,z7,z32,z145,z8,z8] h=z10 horizon=27
  mass=z2778.
Cells
  z3053:B1:46089781;z3054:0:Nlo:333860857;z25:0:Nhi:26767156;z3145:0:Nhi:166603516
  ;z2814:J1:77727202;z2786:J1:98639934;z15:JD1:44176796;z3198:JD1:9605648;z17:JD1:
  76763246.
Sum=880234136; test 880234136/1000000000+(1-z2778)^7 <= 9971303/10000000.
Leaf R0111100110001100
  B=[z2776,z3199,z3200,z3201,z2778,z3202,z2784,z7,z145,z9,z8,z8] h=z10 horizon=27
  mass=z2778.
Cells
  z3203:B1:43912372;z3204:0:Nlo:334244309;z25:0:Nhi:27383895;z3145:0:Nhi:166603517
  ;z3205:J1:181068262;z15:1:A:34204969;z3206:1:A:83944332;z17:P:10468107.
Sum=881829763; test 881829763/1000000000+(1-z2778)^7 <= 9987259/10000000.
Leaf R0111100110001101
  B=[z3207,z3208,z3209,z2851,z3202,z2843,z3210,z7,z145,z9,z8,z8] h=z10 horizon=27
  mass=z3202.
Cells
  z3211:B1:44636453;z3212:0:Nlo:334125596;z25:0:Nhi:27175184;z3213:0:Nhi:164856511
  ;z3214:J1:184423642;z15:1:A:33713647;z3215:1:A:83434008;z17:P:10822711.
Sum=883187752; test 883187752/1000000000+(1-z3202)^7 <= 9991375/10000000.
Leaf R0111100110001110
  B=[z2841,z3216,z3217,z3218,z2843,z3219,z2852,z7,z145,z9,z8,z8] h=z10 horizon=27
  mass=z2843.
Cells
  z3220:B1:45362285;z3221:0:Nlo:333997703;z25:0:Nhi:26969629;z3222:0:Nhi:163145279
  ;z3223:J1:187782795;z15:1:A:33236231;z3224:1:A:82920693;z17:P:11178894.
Sum=884593509; test 884593509/1000000000+(1-z2843)^7 <= 9996033/10000000.
Leaf R01111001100011110
  B=[z3225,z3051,z3226,z2812,z3219,z2731,z3227,z7,z145,z164,z8,z8] h=z10
  horizon=27 mass=z3219.
Cells
  z3053:B1:46089781;z3054:0:Nlo:333860857;z25:0:Nhi:26767156;z3228:0:Nhi:161468741
  ;z3229:J1:176152840;z15:JD1:47105961;z3230:JD1:49840637;z3231:JD1:39436611;z17:P
  :705185.
Sum=881427769; test 881427769/1000000000+(1-z3219)^7 <= 9955043/10000000.
Leaf R01111001100011111
  B=[z3225,z3051,z3226,z2812,z3219,z2731,z3227,z7,z164,z9,z8,z8] h=z10 horizon=27
  mass=z3219.
Cells
  z3053:B1:46089781;z3054:0:Nlo:333860857;z25:0:Nhi:26767156;z3228:0:Nhi:161468741
  ;z2817:J1:190124879;z15:1:A:32772137;z3232:1:A:82404321;z17:P:11536709.
Sum=885024581; test 885024581/1000000000+(1-z3219)^7 <= 9991011/10000000.
Leaf R011110011001000 B=[z437,z3070,z3233,z2777,z20,z2778,z2647,z7,z32,z140,z8,z8]
  h=z10 horizon=27 mass=z20.
Cells
  z3097:B1:43190129;z3098:0:Nlo:334353610;z25:0:Nhi:27595831;z2674:0:Nhi:173972381
  ;z260:J1:84730379;z2820:B11/25:18502090;z2651:J1:74944945;z15:JD1:40523843;z3234
  :JD1:19885976;z17:JD1:58131739.
Sum=875830923; test 875830923/1000000000+(1-z20)^7 <= 9965795/10000000.
Leaf R0111100110010010
  B=[z437,z3187,z3235,z2823,z20,z2824,z2647,z7,z140,z145,z8,z8] h=z10 horizon=27
  mass=z20.
Cells
  z3189:B1:41751522;z3190:0:Nlo:334543032;z25:0:Nhi:28029694;z2674:0:Nhi:173972380
  ;z3236:J1:9681226;z2651:J1:164444752;z15:JD1:40959307;z3237:JD1:39955495;z17:JD1
  :43423962.
Sum=876761370; test 876761370/1000000000+(1-z20)^7 <= 9975099/10000000.
Leaf R0111100110010011
  B=[z2822,z3070,z3238,z2777,z2824,z2778,z2832,z7,z140,z145,z8,z8] h=z10
  horizon=27 mass=z2824.
Cells
  z3097:B1:43190129;z3098:0:Nlo:334353610;z25:0:Nhi:27595831;z3239:0:Nhi:180466434
  ;z3240:J1:10369771;z260:J1:66567014;z2781:B11/25:18470042;z3241:J1:72942247;z15:
  JD1:42655356;z3242:JD1:38666886;z17:JD1:44377684.
Sum=879655004; test 879655004/1000000000+(1-z2824)^7 <= 9984640/10000000.
Leaf R011110011001010
  B=[z2776,z3051,z3243,z2770,z2778,z2731,z2784,z7,z32,z140,z8,z8] h=z10 horizon=27
  mass=z2778.
Cells
  z3053:B1:46089781;z3054:0:Nlo:333860857;z25:0:Nhi:26767156;z3100:0:Nhi:214734744
  ;z260:J1:46306237;z3244:B11/25:22257912;z2786:J1:69237123;z15:JD1:43891587;z3245
  :JD1:16692288;z17:JD1:60560605.
Sum=880398290; test 880398290/1000000000+(1-z2778)^7 <= 9972945/10000000.
Leaf R0111100110010110
  B=[z2776,z3208,z3246,z2842,z2778,z2843,z2784,z7,z140,z145,z8,z8] h=z10
  horizon=27 mass=z2778.
Cells
  z3211:B1:44636453;z3212:0:Nlo:334125596;z25:0:Nhi:27175184;z3247:0:Nhi:197757181
  ;z260:J1:61066390;z3101:B11/25:17983121;z2786:J1:72422101;z15:JD1:44387125;z3248
  :JD1:37348478;z17:JD1:45363180.
Sum=882264809; test 882264809/1000000000+(1-z2778)^7 <= 9991610/10000000.
Leaf R0111100110010111
  B=[z2841,z3051,z3249,z2770,z2843,z2731,z2852,z7,z140,z145,z8,z8] h=z10
  horizon=27 mass=z2843.
Cells
  z3053:B1:46089781;z3054:0:Nlo:333860857;z25:0:Nhi:26767156;z2839:0:Nhi:204292200
  ;z260:J1:55735802;z3250:B11/25:15232279;z3251:J1:74162174;z15:JD1:46156490;z3252
  :JD1:35998316;z17:JD1:46382363.
Sum=884677418; test 884677418/1000000000+(1-z2843)^7 <= 9996872/10000000.
Leaf R0111100110011000 B=[z437,z3253,z1667,z3254,z20,z2778,z2647,z7,z145,z9,z8,z8]
  h=z10 horizon=27 mass=z20.
Cells
  z3255:B1:34572727;z3256:0:Nlo:334833321;z25:0:Nhi:30469185;z2674:0:Nhi:173972382
  ;z3257:J1:178423672;z3258:1:Q:1430251;z3259:J1:2;z15:1:A:32514219;z2829:1:A:8856
  9850;z17:P:4243098.
Sum=879028707; test 879028707/1000000000+(1-z20)^7 <= 9997772/10000000.
Leaf R011110011001100100
  B=[z437,z3260,z1777,z3261,z20,z3262,z2647,z7,z145,z9,z8,z8] h=z10 horizon=27
  mass=z20.
Cells
  z3263:B1:32720283;z3264:0:Nlo:334696601;z25:0:Nhi:31188619;z2674:0:Nhi:173972382
  ;z3265:J1:179801051;z3266:1:Q:1857544;z3267:J1:2;z15:1:A:32008904;z3268:1:A:8968
  8257;z17:P:2147188.
Sum=878080831; test 878080831/1000000000+(1-z20)^7 <= 9988294/10000000.
Leaf R011110011001100101
  B=[z3269,z3270,z3271,z2823,z3262,z2824,z3272,z7,z145,z9,z8,z8] h=z10 horizon=27
  mass=z3262.
Cells
  z3273:B1:33335058;z3274:0:Nlo:334753128;z25:0:Nhi:30945066;z3275:0:Nhi:172070605
  ;z2828:J1:185342512;z15:1:A:31517622;z3276:1:A:89382258;z17:P:2191132.
Sum=879537381; test 879537381/1000000000+(1-z3262)^7 <= 9993128/10000000.
Leaf R011110011001100110
  B=[z2822,z3277,z3278,z3279,z2824,z3280,z2832,z7,z145,z9,z8,z8] h=z10 horizon=27
  mass=z2824.
Cells
  z3281:B1:33952568;z3282:0:Nlo:334798620;z25:0:Nhi:30705284;z3283:0:Nhi:170209372
  ;z3284:J1:189035468;z15:1:A:31041186;z3285:1:A:89076564;z17:P:2235580.
Sum=881054642; test 881054642/1000000000+(1-z2824)^7 <= 9998636/10000000.
Leaf R0111100110011001110
  B=[z3286,z3253,z3287,z2777,z3280,z2778,z3288,z7,z145,z164,z8,z8] h=z10
  horizon=27 mass=z3280.
Cells
  z3255:B1:34572727;z3256:0:Nlo:334833321;z25:0:Nhi:30469185;z3289:0:Nhi:168387414
  ;z3290:J1:178644900;z15:JD1:44092275;z3291:JD1:56630312;z17:JD1:29962395.
Sum=877592529; test 877592529/1000000000+(1-z3280)^7 <= 9954418/10000000.
Leaf R0111100110011001111
  B=[z3286,z3253,z3287,z2777,z3280,z2778,z3288,z7,z164,z9,z8,z8] h=z10 horizon=27
  mass=z3280.
Cells
  z3255:B1:34572727;z3256:0:Nlo:334833321;z25:0:Nhi:30469185;z3289:0:Nhi:168387415
  ;z2834:J1:191635778;z15:1:A:30578930;z3292:1:A:88771151;z17:P:2280552.
Sum=881529059; test 881529059/1000000000+(1-z3280)^7 <= 9993783/10000000.
Leaf R011110011001101000
  B=[z2023,z3293,z3294,z3271,z20,z3262,z2647,z7,z145,z9,z8,z8] h=z10 horizon=27
  mass=z20.
Cells
  z3295:B1:41035343;z3296:0:Nlo:334622661;z25:0:Nhi:28251778;z3297:0:Nhi:149570321
  ;z3298:J1:197884420;z3299:1:Q:397056;z3300:J1:2;z15:1:A:34029517;z3301:1:A:88051
  951;z17:P:5206848.
Sum=879049897; test 879049897/1000000000+(1-z20)^7 <= 9997984/10000000.
Leaf R0111100110011010010
  B=[z3260,z3187,z3302,z3278,z3262,z2824,z3272,z7,z145,z164,z8,z8] h=z10
  horizon=27 mass=z3262.
Cells
  z3189:B1:41751522;z3190:0:Nlo:334543032;z25:0:Nhi:28029696;z3303:0:Nhi:147982113
  ;z3304:J1:192738449;z15:JD1:42122100;z3305:JD1:55617500;z17:JD1:33207564.
Sum=875991976; test 875991976/1000000000+(1-z3262)^7 <= 9957674/10000000.
Leaf R0111100110011010011
  B=[z3260,z3187,z3302,z3278,z3262,z2824,z3272,z7,z164,z9,z8,z8] h=z10 horizon=27
  mass=z3262.
Cells
  z3189:B1:41751522;z3190:0:Nlo:334543032;z25:0:Nhi:28029696;z3303:0:Nhi:147982113
  ;z3306:J1:200758371;z15:1:A:33508977;z3307:1:A:87585622;z17:P:5525885.
Sum=879685218; test 879685218/1000000000+(1-z3262)^7 <= 9994606/10000000.
Leaf R011110011001101010
  B=[z3270,z3070,z3238,z3254,z2824,z2778,z2832,z7,z145,z164,z8,z8] h=z10
  horizon=27 mass=z2824.
Cells
  z3097:B1:43190129;z3098:0:Nlo:334353610;z25:0:Nhi:27595831;z3308:0:Nhi:146426897
  ;z3241:J1:196445612;z15:JD1:43035530;z3309:JD1:54912635;z17:JD1:33884344.
Sum=879844588; test 879844588/1000000000+(1-z2824)^7 <= 9986536/10000000.
Leaf R01111001100110101100
  B=[z3270,z3310,z3311,z3312,z2824,z3313,z2832,z7,z164,z9,z8,z8] h=z10 horizon=27
  mass=z2824.
Cells
  z3314:B1:42110410;z3315:0:Nlo:334499401;z25:0:Nhi:27919956;z3308:0:Nhi:146426897
  ;z3316:J1:203319865;z15:1:A:33254628;z3317:1:A:87180004;z17:P:5730881.
Sum=880442042; test 880442042/1000000000+(1-z2824)^7 <= 9992510/10000000.
Leaf R01111001100110101101
  B=[z3318,z3319,z3320,z3287,z3313,z3280,z3321,z7,z164,z9,z8,z8] h=z10 horizon=27
  mass=z3313.
Cells
  z3322:B1:42469816;z3323:0:Nlo:334453266;z25:0:Nhi:27811072;z3324:0:Nhi:145661344
  ;z3325:J1:205096106;z15:1:A:33004109;z3326:1:A:86944892;z17:P:5891733.
Sum=881332338; test 881332338/1000000000+(1-z3313)^7 <= 9996606/10000000.
Leaf R011110011001101011100
  B=[z3277,z3327,z3328,z3329,z3280,z3330,z3288,z7,z164,z9,z8,z8] h=z10 horizon=27
  mass=z3280.
Cells
  z3331:B1:42829726;z3332:0:Nlo:334404660;z25:0:Nhi:27703035;z3333:0:Nhi:144903663
  ;z3334:J1:202633519;z15:1:A:33827259;z3335:1:A:86709137;z17:P:6052977.
Sum=879063976; test 879063976/1000000000+(1-z3280)^7 <= 9969132/10000000.
Leaf R011110011001101011101
  B=[z3277,z3327,z3336,z3337,z3280,z3330,z3288,z7,z164,z9,z8,z8] h=z10 horizon=27
  mass=z3280.
Cells
  z3331:B1:42829726;z3332:0:Nlo:334404660;z25:0:Nhi:27703034;z3333:0:Nhi:144903663
  ;z3338:J1:206874369;z15:1:A:32757336;z3339:1:A:87272320;z17:P:5028845.
Sum=881773953; test 881773953/1000000000+(1-z3280)^7 <= 9996232/10000000.
Leaf R011110011001101011110
  B=[z3340,z3341,z3342,z3254,z3330,z2778,z3343,z7,z164,z9,z8,z8] h=z10 horizon=27
  mass=z3330.
Cells
  z3344:B1:38834640;z3345:0:Nlo:334802023;z25:0:Nhi:28961484;z3346:0:Nhi:144153738
  ;z3259:J1:208654829;z15:1:A:32514220;z3347:1:A:87256343;z17:P:4794018.
Sum=879971295; test 879971295/1000000000+(1-z3330)^7 <= 9973432/10000000.
Leaf R0111100110011010111110
  B=[z3348,z3349,z3350,z3351,z3330,z2778,z3343,z7,z164,z9,z8,z8] h=z3352
  horizon=27 mass=z3330.
Cells
  z3353:B1:41002106;z3354:0:Nlo:334626111;z25:0:Nhi:28262185;z3355:0:Nhi:134742998
  ;z3356:J1:217168329;z15:1:A:33066844;z3357:1:A:86878392;z17:P:5341704.
Sum=881088669; test 881088669/1000000000+(1-z3330)^7 <= 9984605/10000000.
Leaf R0111100110011010111111
  B=[z3358,z3070,z3359,z3360,z3330,z2778,z3343,z7,z164,z9,z8,z8] h=z3361
  horizon=27 mass=z3330.
Cells
  z3097:B1:43190129;z3098:0:Nlo:334353610;z25:0:Nhi:27595832;z3362:0:Nhi:130479596
  ;z3363:J1:213528601;z3364:1:Q:547540;z3365:J1:2;z15:1:A:36013909;z3366:1:A:86564
  433;z17:P:5186470.
Sum=877460122; test 877460122/1000000000+(1-z3330)^7 <= 9948320/10000000.
Leaf R01111001100110110000
  B=[z2023,z3293,z3367,z3261,z20,z3262,z2647,z7,z145,z3368,z8,z8] h=z10 horizon=27
  mass=z20.
Cells
  z3295:B1:41035343;z3296:0:Nlo:334622661;z25:0:Nhi:28251778;z3297:0:Nhi:149570323
  ;z2651:J1:196361326;z15:JD1:41121764;z3369:JD1:60264507;z17:JD1:24205993.
Sum=875433695; test 875433695/1000000000+(1-z20)^7 <= 9961822/10000000.
Leaf R01111001100110110001
  B=[z2023,z3293,z3367,z3261,z20,z3262,z2647,z7,z3368,z164,z8,z8] h=z10 horizon=27
  mass=z20.
Cells
  z3295:B1:41035343;z3296:0:Nlo:334622661;z25:0:Nhi:28251778;z3297:0:Nhi:149570322
  ;z2651:J1:195719950;z15:JD1:41416942;z3370:JD1:67352338;z17:JD1:19961444.
Sum=877930778; test 877930778/1000000000+(1-z20)^7 <= 9986793/10000000.
Leaf R01111001100110110010
  B=[z3260,z3187,z3371,z2823,z3262,z2824,z3272,z7,z145,z3368,z8,z8] h=z10
  horizon=27 mass=z3262.
Cells
  z3189:B1:41751522;z3190:0:Nlo:334543032;z25:0:Nhi:28029694;z3303:0:Nhi:147982113
  ;z260:J1:107803203;z3372:B11/25:3182308;z3304:J1:87778459;z15:JD1:41970291;z3373
  :JD1:59740799;z17:JD1:24564254.
Sum=877345675; test 877345675/1000000000+(1-z3262)^7 <= 9971211/10000000.
Leaf R01111001100110110011
  B=[z3260,z3187,z3371,z2823,z3262,z2824,z3272,z7,z3368,z164,z8,z8] h=z10
  horizon=27 mass=z3262.
Cells
  z3189:B1:41751522;z3190:0:Nlo:334543032;z25:0:Nhi:28029694;z3303:0:Nhi:147982113
  ;z260:J1:107284377;z3372:B11/25:3182308;z3304:J1:87629930;z15:JD1:42275958;z3374
  :JD1:66847798;z17:JD1:20311928.
Sum=879838660; test 879838660/1000000000+(1-z3262)^7 <= 9996140/10000000.
Leaf R011110011001101101000
  B=[z2023,z3375,z1777,z3376,z20,z3377,z2647,z7,z164,z9,z8,z8] h=z10 horizon=27
  mass=z20.
Cells
  z3378:B1:36495774;z3379:0:Nlo:334874888;z25:0:Nhi:29765266;z3297:0:Nhi:149570323
  ;z3380:J1:204085570;z15:1:A:32260327;z3268:1:A:89688259;z17:P:2147188.
Sum=878887595; test 878887595/1000000000+(1-z20)^7 <= 9996361/10000000.
Leaf R0111100110011011010010
  B=[z3381,z3382,z3383,z3384,z3377,z3262,z3385,z7,z164,z9,z8,z8] h=z10 horizon=27
  mass=z3377.
Cells
  z3386:B1:36828051;z3387:0:Nlo:334872467;z25:0:Nhi:29647721;z3388:0:Nhi:148772029
  ;z3389:J1:201984828;z15:1:A:32988321;z3390:1:A:89535219;z17:P:2169098.
Sum=876797734; test 876797734/1000000000+(1-z3377)^7 <= 9970588/10000000.
Leaf R0111100110011011010011
  B=[z3381,z3382,z3391,z3261,z3377,z3262,z3385,z7,z164,z9,z8,z8] h=z10 horizon=27
  mass=z3377.
Cells
  z3386:B1:36828051;z3387:0:Nlo:334872467;z25:0:Nhi:29647721;z3388:0:Nhi:148772030
  ;z3267:J1:205948883;z15:1:A:32008904;z3392:1:A:90108175;z17:P:1090928.
Sum=879277159; test 879277159/1000000000+(1-z3377)^7 <= 9995383/10000000.
Leaf R011110011001101101010
  B=[z3260,z3393,z3271,z3394,z3262,z2824,z3272,z7,z164,z9,z8,z8] h=z10 horizon=27
  mass=z3262.
Cells
  z3395:B1:37494496;z3396:0:Nlo:334859511;z25:0:Nhi:29415395;z3303:0:Nhi:147982114
  ;z3397:J1:204816076;z15:1:A:32482832;z3276:1:A:89382258;z17:P:2191132.
Sum=878623814; test 878623814/1000000000+(1-z3262)^7 <= 9983992/10000000.
Leaf R01111001100110110101100
  B=[z3260,z3398,z3384,z3399,z3262,z3400,z3272,z7,z164,z191,z8,z8] h=z10
  horizon=27 mass=z3262.
Cells
  z3401:B1:37160962;z3402:0:Nlo:334867330;z25:0:Nhi:29531101;z3303:0:Nhi:147982114
  ;z260:J1:106280568;z3372:B11/25:3182308;z3304:J1:87276927;z15:JD1:42558367;z3403
  :JD1:74998613;z17:JD1:13842190.
Sum=877680480; test 877680480/1000000000+(1-z3262)^7 <= 9974559/10000000.
Leaf R01111001100110110101101
  B=[z3260,z3398,z3384,z3399,z3262,z3400,z3272,z7,z191,z9,z8,z8] h=z10 horizon=27
  mass=z3262.
Cells
  z3401:B1:37160962;z3402:0:Nlo:334867330;z25:0:Nhi:29531101;z3303:0:Nhi:147982114
  ;z3404:J1:207270774;z15:1:A:31761366;z3405:1:A:89962954;z17:P:1102112.
Sum=879638713; test 879638713/1000000000+(1-z3262)^7 <= 9994141/10000000.
Leaf R01111001100110110101110
  B=[z3406,z3393,z3407,z2823,z3400,z2824,z3408,z7,z164,z191,z8,z8] h=z10
  horizon=27 mass=z3400.
Cells
  z3395:B1:37494496;z3396:0:Nlo:334859511;z25:0:Nhi:29415395;z3409:0:Nhi:147200445
  ;z260:J1:107645829;z3410:B11/25:2561609;z3411:J1:87702917;z15:JD1:42996039;z3412
  :JD1:74835785;z17:JD1:13867526.
Sum=878579552; test 878579552/1000000000+(1-z3400)^7 <= 9978709/10000000.
Leaf R01111001100110110101111
  B=[z3406,z3393,z3407,z2823,z3400,z2824,z3408,z7,z191,z9,z8,z8] h=z10 horizon=27
  mass=z3400.
Cells
  z3395:B1:37494496;z3396:0:Nlo:334859511;z25:0:Nhi:29415395;z3409:0:Nhi:147200445
  ;z260:J1:107221502;z3410:B11/25:2561609;z2828:J1:99334287;z15:1:A:31517622;z3413
  :1:A:89817885;z17:P:1113362.
Sum=880536114; test 880536114/1000000000+(1-z3400)^7 <= 9998274/10000000.
Leaf R01111001100110110110000
  B=[z2096,z3414,z3415,z3391,z20,z3377,z2647,z7,z164,z191,z8,z8] h=z10 horizon=27
  mass=z20.
Cells
  z3416:B1:40678076;z3417:0:Nlo:334658595;z25:0:Nhi:28364142;z3418:0:Nhi:139743582
  ;z2651:J1:201609067;z15:JD1:41587564;z3419:JD1:74193520;z17:JD1:15908359.
Sum=876742905; test 876742905/1000000000+(1-z20)^7 <= 9974914/10000000.
Leaf R01111001100110110110001
  B=[z2096,z3414,z3415,z3391,z20,z3377,z2647,z7,z191,z9,z8,z8] h=z10 horizon=27
  mass=z20.
Cells
  z3416:B1:40678076;z3417:0:Nlo:334658595;z25:0:Nhi:28364142;z3418:0:Nhi:139743582
  ;z3420:J1:209678687;z15:1:A:33247006;z3421:1:A:89191359;z17:P:3080921.
Sum=878642368; test 878642368/1000000000+(1-z20)^7 <= 9993909/10000000.
Leaf R01111001100110110110010
  B=[z3375,z3422,z3423,z3384,z3377,z3262,z3385,z7,z164,z9,z8,z8] h=z10 horizon=27
  mass=z3377.
Cells
  z3424:B1:38920642;z3425:0:Nlo:334796949;z25:0:Nhi:28932938;z3426:0:Nhi:139006850
  ;z3389:J1:212053656;z15:1:A:32988321;z3427:1:A:89373852;z17:P:2471745.
Sum=878544953; test 878544953/1000000000+(1-z3377)^7 <= 9988061/10000000.
Leaf R01111001100110110110011
  B=[z3428,z3293,z3429,z3430,z3377,z3262,z3385,z7,z164,z9,z8,z8] h=z3431
  horizon=27 mass=z3377.
Cells
  z3295:B1:41035343;z3296:0:Nlo:334622661;z25:0:Nhi:28251778;z3432:0:Nhi:134585087
  ;z3433:J1:214206295;z3434:1:Q:764366;z3435:J1:2;z15:1:A:33662811;z3436:1:A:88978
  573;z17:P:3037215.
Sum=879144131; test 879144131/1000000000+(1-z3377)^7 <= 9994052/10000000.
Leaf R011110011001101101101000
  B=[z2096,z3414,z3437,z3376,z20,z3377,z2647,z7,z164,z3438,z8,z8] h=z10 horizon=27
  mass=z20.
Cells
  z3416:B1:40678076;z3417:0:Nlo:334658595;z25:0:Nhi:28364142;z3418:0:Nhi:139743581
  ;z2651:J1:204681530;z15:JD1:41511367;z3439:JD1:76053132;z17:JD1:11809059.
Sum=877499482; test 877499482/1000000000+(1-z20)^7 <= 9982480/10000000.
Leaf R011110011001101101101001
  B=[z2096,z3414,z3437,z3376,z20,z3377,z2647,z7,z3438,z191,z8,z8] h=z10 horizon=27
  mass=z20.
Cells
  z3416:B1:40678076;z3417:0:Nlo:334658595;z25:0:Nhi:28364142;z3418:0:Nhi:139743581
  ;z2651:J1:204389789;z15:JD1:41662707;z3440:JD1:79279525;z17:JD1:10004726.
Sum=878781141; test 878781141/1000000000+(1-z20)^7 <= 9995297/10000000.
Leaf R011110011001101101101010
  B=[z3375,z3422,z3441,z3261,z3377,z3262,z3385,z7,z164,z191,z8,z8] h=z10
  horizon=27 mass=z3377.
Cells
  z3424:B1:38920642;z3425:0:Nlo:334796949;z25:0:Nhi:28932938;z3426:0:Nhi:139006850
  ;z3442:J1:205881214;z15:JD1:42122958;z3443:JD1:74981579;z17:JD1:14151127.
Sum=878794257; test 878794257/1000000000+(1-z3377)^7 <= 9990554/10000000.
Leaf R011110011001101101101011
  B=[z3428,z3293,z3444,z3445,z3377,z3262,z3385,z7,z164,z191,z8,z8] h=z3431
  horizon=27 mass=z3377.
Cells
  z3295:B1:41035343;z3296:0:Nlo:334622661;z25:0:Nhi:28251778;z3446:0:Nhi:188005752
  ;z3442:J1:155992039;z15:JD1:42017939;z3447:JD1:74580631;z17:JD1:14751478.
Sum=879257621; test 879257621/1000000000+(1-z3377)^7 <= 9995187/10000000.
Leaf R0111100110011011011011000
  B=[z2096,z3448,z3449,z3450,z20,z3451,z2647,z7,z191,z9,z8,z8] h=z10 horizon=27
  mass=z20.
Cells
  z3452:B1:38403523;z3453:0:Nlo:334824976;z25:0:Nhi:29105626;z3418:0:Nhi:139743581
  ;z3454:J1:213256950;z15:1:A:32387527;z3455:1:A:90190246;z17:P:1199618.
Sum=879112047; test 879112047/1000000000+(1-z20)^7 <= 9998606/10000000.
Leaf R01111001100110110110110010
  B=[z3456,z3428,z3457,z3458,z3451,z3377,z3459,z7,z191,z9,z8,z8] h=z10 horizon=27
  mass=z3451.
Cells
  z3460:B1:38575746;z3461:0:Nlo:334816305;z25:0:Nhi:29047835;z3462:0:Nhi:139374252
  ;z3463:J1:212128059;z15:1:A:32746242;z3464:1:A:90082606;z17:P:1270939.
Sum=878041984; test 878041984/1000000000+(1-z3451)^7 <= 9985466/10000000.
Leaf R01111001100110110110110011
  B=[z3456,z3428,z3465,z3376,z3451,z3377,z3459,z7,z191,z9,z8,z8] h=z10 horizon=27
  mass=z3451.
Cells
  z3460:B1:38575746;z3461:0:Nlo:334816305;z25:0:Nhi:29047835;z3462:0:Nhi:139374252
  ;z3380:J1:214192454;z15:1:A:32260329;z3466:1:A:90366672;z17:P:733857.
Sum=879367450; test 879367450/1000000000+(1-z3451)^7 <= 9998721/10000000.
Leaf R01111001100110110110110100
  B=[z3375,z3467,z3468,z3469,z3377,z3470,z3385,z7,z191,z9,z8,z8] h=z10 horizon=27
  mass=z3377.
Cells
  z3471:B1:38748118;z3472:0:Nlo:334806961;z25:0:Nhi:28990273;z3426:0:Nhi:139006850
  ;z3473:J1:213051845;z15:1:A:32618242;z3474:1:A:89974836;z17:P:1342349.
Sum=878539474; test 878539474/1000000000+(1-z3377)^7 <= 9988006/10000000.
Leaf R011110011001101101101101010
  B=[z3375,z3467,z3475,z3476,z3377,z3470,z3385,z7,z191,z1039,z8,z8] h=z10
  horizon=27 mass=z3377.
Cells
  z3471:B1:38748118;z3472:0:Nlo:334806961;z25:0:Nhi:28990273;z3426:0:Nhi:139006850
  ;z3442:J1:204889059;z15:JD1:42236546;z3477:JD1:83000695;z17:JD1:6954153.
Sum=878632655; test 878632655/1000000000+(1-z3377)^7 <= 9988938/10000000.
Leaf R011110011001101101101101011
  B=[z3375,z3467,z3475,z3476,z3377,z3470,z3385,z7,z1039,z9,z8,z8] h=z10 horizon=27
  mass=z3377.
Cells
  z3471:B1:38748118;z3472:0:Nlo:334806961;z25:0:Nhi:28990273;z3426:0:Nhi:139006850
  ;z3478:J1:214856918;z15:1:A:32134124;z3479:1:A:90260130;z17:P:804030.
Sum=879607404; test 879607404/1000000000+(1-z3377)^7 <= 9998685/10000000.
Leaf R01111001100110110110110110
  B=[z3480,z3422,z3481,z3482,z3470,z3262,z3483,z7,z191,z9,z8,z8] h=z10 horizon=27
  mass=z3470.
Cells
  z3424:B1:38920642;z3425:0:Nlo:334796949;z25:0:Nhi:28932938;z3484:0:Nhi:138641358
  ;z3485:J1:213976270;z15:1:A:32491237;z3486:1:A:89866935;z17:P:1413847.
Sum=879040176; test 879040176/1000000000+(1-z3470)^7 <= 9990582/10000000.
Leaf R011110011001101101101101110
  B=[z3480,z3422,z3487,z3261,z3470,z3262,z3483,z7,z191,z1039,z8,z8] h=z10
  horizon=27 mass=z3470.
Cells
  z3424:B1:38920642;z3425:0:Nlo:334796949;z25:0:Nhi:28932938;z3484:0:Nhi:138641357
  ;z3488:J1:205481138;z15:JD1:42454882;z3489:JD1:82889212;z17:JD1:7028996.
Sum=879146114; test 879146114/1000000000+(1-z3470)^7 <= 9991641/10000000.
Leaf R0111100110011011011011011110
  B=[z3480,z3490,z3491,z3492,z3470,z3493,z3483,z7,z1039,z9,z8,z8] h=z10 horizon=27
  mass=z3470.
Cells
  z3494:B1:38834362;z3495:0:Nlo:334802038;z25:0:Nhi:28961577;z3484:0:Nhi:138641359
  ;z3496:J1:215517408;z15:1:A:32071392;z3497:1:A:90171278;z17:P:840697.
Sum=879840111; test 879840111/1000000000+(1-z3470)^7 <= 9998581/10000000.
Leaf R01111001100110110110110111110
  B=[z3498,z3422,z3499,z3500,z3493,z3262,z3501,z7,z1039,z9,z8,z8] h=z10 horizon=27
  mass=z3493.
Cells
  z3424:B1:38920642;z3425:0:Nlo:334796949;z25:0:Nhi:28932938;z3502:0:Nhi:138459326
  ;z3503:J1:214943402;z15:1:A:32248267;z3504:1:A:90117913;z17:P:875858.
Sum=879295295; test 879295295/1000000000+(1-z3493)^7 <= 9991920/10000000.
Leaf R01111001100110110110110111111
  B=[z3498,z3422,z3505,z3261,z3493,z3262,z3501,z7,z1039,z9,z8,z8] h=z10 horizon=27
  mass=z3493.
Cells
  z3424:B1:38920642;z3425:0:Nlo:334796949;z25:0:Nhi:28932938;z3502:0:Nhi:138459325
  ;z3267:J1:215984051;z15:1:A:32008905;z3506:1:A:90262049;z17:P:604130.
Sum=879968989; test 879968989/1000000000+(1-z3493)^7 <= 9998656/10000000.
Leaf R0111100110011011011011100000
  B=[z2108,z3507,z3508,z3509,z20,z3510,z2647,z7,z191,z9,z8,z8] h=z3511 horizon=27
  mass=z20.
Cells
  z3512:B1:38838716;z3513:0:Nlo:334801786;z25:0:Nhi:28960130;z3514:0:Nhi:135294324
  ;z3515:J1:217189121;z15:1:A:32645604;z3516:1:A:90105059;z17:P:1308483.
Sum=879143223; test 879143223/1000000000+(1-z20)^7 <= 9998918/10000000.
Leaf R0111100110011011011011100001
  B=[z3517,z3518,z3519,z3520,z3510,z3451,z3521,z7,z191,z9,z8,z8] h=z3522
  horizon=27 mass=z3510.
Cells
  z3523:B1:38925551;z3524:0:Nlo:334796656;z25:0:Nhi:28931310;z3525:0:Nhi:135116323
  ;z3526:J1:217350317;z15:1:A:32698808;z3527:1:A:90052549;z17:P:1309941.
Sum=879181455; test 879181455/1000000000+(1-z3510)^7 <= 9998080/10000000.
Leaf R011110011001101101101110001
  B=[z2171,z3528,z3529,z3530,z20,z3451,z2647,z7,z191,z9,z8,z8] h=z3531 horizon=27
  mass=z20.
Cells
  z3532:B1:39448942;z3533:0:Nlo:334762242;z25:0:Nhi:28759069;z3534:0:Nhi:134225488
  ;z3535:J1:216736779;z15:1:A:33294657;z3536:1:A:89991442;z17:P:1331979.
Sum=878550598; test 878550598/1000000000+(1-z20)^7 <= 9992991/10000000.
Leaf R0111100110011011011011100100
  B=[z3448,z3537,z3538,z3539,z3451,z3540,z3459,z7,z191,z9,z8,z8] h=z3541
  horizon=27 mass=z3451.
Cells
  z3542:B1:39012424;z3543:0:Nlo:334791356;z25:0:Nhi:28902549;z3544:0:Nhi:134938783
  ;z3545:J1:217511488;z15:1:A:32751855;z3546:1:A:90000065;z17:P:1311401.
Sum=879219921; test 879219921/1000000000+(1-z3451)^7 <= 9997245/10000000.
Leaf R0111100110011011011011100101
  B=[z3547,z3548,z3549,z3550,z3540,z3377,z3551,z7,z191,z9,z8,z8] h=z3552
  horizon=27 mass=z3540.
Cells
  z3553:B1:39099335;z3554:0:Nlo:334785889;z25:0:Nhi:28873843;z3555:0:Nhi:134761705
  ;z3556:J1:217672641;z15:1:A:32804746;z3557:1:A:89947599;z17:P:1312862.
Sum=879258620; test 879258620/1000000000+(1-z3540)^7 <= 9996414/10000000.
Leaf R011110011001101101101110011
  B=[z3518,z3558,z3559,z3560,z3451,z3377,z3459,z7,z191,z9,z8,z8] h=z3561
  horizon=27 mass=z3451.
Cells
  z3562:B1:39624280;z3563:0:Nlo:334749392;z25:0:Nhi:28701921;z3564:0:Nhi:133873241
  ;z3565:J1:217053484;z15:1:A:33400825;z3566:1:A:89886324;z17:P:1334867.
Sum=878624334; test 878624334/1000000000+(1-z3451)^7 <= 9991289/10000000.
Leaf R011110011001101101101110100
  B=[z3428,z3567,z3568,z3569,z3377,z3470,z3385,z7,z191,z9,z8,z8] h=z3431
  horizon=27 mass=z3377.
Cells
  z3570:B1:39273268;z3571:0:Nlo:334774455;z25:0:Nhi:28816604;z3432:0:Nhi:134585086
  ;z3572:J1:218115616;z15:1:A:32792917;z3573:1:A:89877697;z17:P:1347286.
Sum=879582929; test 879582929/1000000000+(1-z3377)^7 <= 9998440/10000000.
Leaf R011110011001101101101110101
  B=[z3548,z3574,z3575,z3576,z3377,z3470,z3385,z7,z191,z9,z8,z8] h=z3577
  horizon=27 mass=z3377.
Cells
  z3578:B1:39799765;z3579:0:Nlo:334735879;z25:0:Nhi:28645000;z3580:0:Nhi:133522820
  ;z3581:J1:217370101;z15:1:A:33506370;z3582:1:A:89781297;z17:P:1337759.
Sum=878698991; test 878698991/1000000000+(1-z3377)^7 <= 9989601/10000000.
Leaf R011110011001101101101110110
  B=[z3467,z3583,z3584,z3585,z3470,z3262,z3483,z7,z191,z9,z8,z8] h=z3586
  horizon=27 mass=z3470.
Cells
  z3587:B1:39447348;z3588:0:Nlo:334762356;z25:0:Nhi:28759590;z3589:0:Nhi:134233221
  ;z3590:J1:218438573;z15:1:A:32897867;z3591:1:A:89772867;z17:P:1350216.
Sum=879662038; test 879662038/1000000000+(1-z3470)^7 <= 9996801/10000000.
Leaf R011110011001101101101110111
  B=[z3567,z3592,z3593,z3594,z3470,z3262,z3483,z7,z191,z9,z8,z8] h=z3595
  horizon=27 mass=z3470.
Cells
  z3596:B1:39975394;z3597:0:Nlo:334721703;z25:0:Nhi:28588305;z3598:0:Nhi:133174208
  ;z3599:J1:217686634;z15:1:A:33611291;z3600:1:A:89676367;z17:P:1340655.
Sum=878774557; test 878774557/1000000000+(1-z3470)^7 <= 9987926/10000000.
Leaf R0111100110011011011011110
  B=[z2194,z3414,z3437,z3601,z20,z3377,z2647,z7,z191,z9,z8,z8] h=z3602 horizon=27
  mass=z20.
Cells
  z3416:B1:40678076;z3417:0:Nlo:334658595;z25:0:Nhi:28364142;z3603:0:Nhi:133173241
  ;z3604:J1:216288258;z3605:1:Q:256540;z3606:J1:2;z15:1:A:33878928;z3607:1:A:89756
  238;z17:P:1586373.
Sum=878640393; test 878640393/1000000000+(1-z20)^7 <= 9993889/10000000.
Leaf R0111100110011011011011111
  B=[z3558,z3293,z3444,z3608,z3377,z3262,z3385,z7,z191,z9,z8,z8] h=z3609
  horizon=27 mass=z3377.
Cells
  z3295:B1:41035343;z3296:0:Nlo:334622661;z25:0:Nhi:28251778;z3610:0:Nhi:132477026
  ;z3611:J1:216802557;z3612:1:Q:365785;z3613:J1:2;z15:1:A:34090370;z3614:1:A:89545
  104;z17:P:1592974.
Sum=878783600; test 878783600/1000000000+(1-z3377)^7 <= 9990447/10000000.
Leaf R01111001100110110111000
  B=[z3382,z3615,z3616,z3407,z3262,z3400,z3272,z7,z164,z9,z8,z8] h=z10 horizon=27
  mass=z3262.
Cells
  z3617:B1:39266133;z3618:0:Nlo:334774937;z25:0:Nhi:28818946;z3619:0:Nhi:138277763
  ;z3620:J1:213894985;z15:1:A:32733625;z3621:1:A:89152933;z17:P:2619647.
Sum=879538969; test 879538969/1000000000+(1-z3262)^7 <= 9993144/10000000.
Leaf R01111001100110110111001
  B=[z3398,z3622,z3623,z3394,z3400,z2824,z3408,z7,z164,z9,z8,z8] h=z10 horizon=27
  mass=z3400.
Cells
  z3624:B1:39612208;z3625:0:Nlo:334750298;z25:0:Nhi:28705848;z3626:0:Nhi:137556208
  ;z3397:J1:215739072;z15:1:A:32482831;z3627:1:A:88931454;z17:P:2767919.
Sum=880545838; test 880545838/1000000000+(1-z3400)^7 <= 9998372/10000000.
Leaf R011110011001101101110100
  B=[z3382,z3615,z3628,z3399,z3262,z3400,z3272,z7,z164,z191,z8,z8] h=z10
  horizon=27 mass=z3262.
Cells
  z3617:B1:39266133;z3618:0:Nlo:334774937;z25:0:Nhi:28818946;z3629:0:Nhi:193541732
  ;z3304:J1:151674800;z15:JD1:42558367;z3630:JD1:74743412;z17:JD1:14315094.
Sum=879693421; test 879693421/1000000000+(1-z3262)^7 <= 9994688/10000000.
Leaf R011110011001101101110101
  B=[z3398,z3622,z3631,z2823,z3400,z2824,z3408,z7,z164,z191,z8,z8] h=z10
  horizon=27 mass=z3400.
Cells
  z3624:B1:39612208;z3625:0:Nlo:334750298;z25:0:Nhi:28705848;z3632:0:Nhi:192458466
  ;z3411:J1:152768386;z15:JD1:42996039;z3633:JD1:74504417;z17:JD1:14479934.
Sum=880275596; test 880275596/1000000000+(1-z3400)^7 <= 9995669/10000000.
Leaf R0111100110011011011101100
  B=[z3382,z3615,z3628,z3634,z3262,z3400,z3272,z7,z191,z9,z8,z8] h=z10 horizon=27
  mass=z3262.
Cells
  z3617:B1:39266133;z3618:0:Nlo:334774937;z25:0:Nhi:28818946;z3619:0:Nhi:138277764
  ;z3635:J1:215442527;z15:1:A:32240173;z3636:1:A:89723920;z17:P:1551079.
Sum=880095479; test 880095479/1000000000+(1-z3262)^7 <= 9998709/10000000.
Leaf R011110011001101101110110100
  B=[z3382,z3637,z3638,z3639,z3262,z3640,z3272,z7,z191,z1039,z8,z8] h=z10
  horizon=27 mass=z3262.
Cells
  z3641:B1:39093314;z3642:0:Nlo:334786273;z25:0:Nhi:28875830;z3619:0:Nhi:138277765
  ;z3304:J1:206074370;z15:JD1:42673782;z3643:JD1:82777568;z17:JD1:7104004.
Sum=879662906; test 879662906/1000000000+(1-z3262)^7 <= 9994383/10000000.
Leaf R01111001100110110111011010100
  B=[z3382,z3644,z3645,z3646,z3262,z3647,z3272,z7,z1039,z9,z8,z8] h=z10 horizon=27
  mass=z3262.
Cells
  z3648:B1:39006959;z3649:0:Nlo:334791694;z25:0:Nhi:28904356;z3619:0:Nhi:138277764
  ;z3650:J1:215407103;z15:1:A:32185583;z3651:1:A:90064521;z17:P:911040.
Sum=879549020; test 879549020/1000000000+(1-z3262)^7 <= 9993244/10000000.
Leaf R011110011001101101110110101010
  B=[z3382,z3644,z3652,z3653,z3262,z3647,z3272,z7,z1039,z3654,z8,z8] h=z10
  horizon=27 mass=z3262.
Cells
  z3648:B1:39006959;z3649:0:Nlo:334791694;z25:0:Nhi:28904356;z3619:0:Nhi:138277763
  ;z3304:J1:205594330;z15:JD1:42732953;z3655:JD1:86627654;z17:JD1:3665328.
Sum=879601037; test 879601037/1000000000+(1-z3262)^7 <= 9993764/10000000.
Leaf R011110011001101101110110101011
  B=[z3382,z3644,z3652,z3653,z3262,z3647,z3272,z7,z3654,z9,z8,z8] h=z10 horizon=27
  mass=z3262.
Cells
  z3648:B1:39006959;z3649:0:Nlo:334791694;z25:0:Nhi:28904356;z3619:0:Nhi:138277764
  ;z3656:J1:216316898;z15:1:A:31946658;z3657:1:A:90208967;z17:P:638997.
Sum=880092293; test 880092293/1000000000+(1-z3262)^7 <= 9998677/10000000.
Leaf R01111001100110110111011010110
  B=[z3658,z3637,z3659,z3660,z3647,z3640,z3661,z7,z1039,z9,z8,z8] h=z10 horizon=27
  mass=z3647.
Cells
  z3641:B1:39093314;z3642:0:Nlo:334786273;z25:0:Nhi:28875830;z3662:0:Nhi:138096674
  ;z3663:J1:215870968;z15:1:A:32123141;z3664:1:A:90011095;z17:P:946245.
Sum=879803540; test 879803540/1000000000+(1-z3647)^7 <= 9994578/10000000.
Leaf R011110011001101101110110101110
  B=[z3658,z3637,z3665,z3639,z3647,z3640,z3661,z7,z1039,z3654,z8,z8] h=z10
  horizon=27 mass=z3647.
Cells
  z3641:B1:39093314;z3642:0:Nlo:334786273;z25:0:Nhi:28875830;z3662:0:Nhi:138096674
  ;z3666:J1:205889098;z15:JD1:42842851;z3667:JD1:86573402;z17:JD1:3701363.
Sum=879858805; test 879858805/1000000000+(1-z3647)^7 <= 9995130/10000000.
Leaf R0111100110011011011101101011110
  B=[z3658,z3668,z3669,z3670,z3647,z3671,z3661,z7,z3654,z9,z8,z8] h=z10 horizon=27
  mass=z3647.
Cells
  z3672:B1:39050133;z3673:0:Nlo:334789005;z25:0:Nhi:28890085;z3662:0:Nhi:138096673
  ;z3674:J1:216646508;z15:1:A:31915626;z3675:1:A:90164885;z17:P:656890.
Sum=880209805; test 880209805/1000000000+(1-z3647)^7 <= 9998640/10000000.
Leaf R01111001100110110111011010111110
  B=[z3676,z3637,z3677,z3678,z3671,z3640,z3679,z7,z3654,z9,z8,z8] h=z10 horizon=27
  mass=z3671.
Cells
  z3641:B1:39093314;z3642:0:Nlo:334786273;z25:0:Nhi:28875830;z3680:0:Nhi:138006303
  ;z3681:J1:216357098;z15:1:A:32003452;z3682:1:A:90138322;z17:P:674342.
Sum=879934934; test 879934934/1000000000+(1-z3671)^7 <= 9995286/10000000.
Leaf R01111001100110110111011010111111
  B=[z3676,z3637,z3683,z3639,z3671,z3640,z3679,z7,z3654,z9,z8,z8] h=z10 horizon=27
  mass=z3671.
Cells
  z3641:B1:39093314;z3642:0:Nlo:334786273;z25:0:Nhi:28875830;z3680:0:Nhi:138006305
  ;z3684:J1:216879561;z15:1:A:31884654;z3685:1:A:90210921;z17:P:537669.
Sum=880274527; test 880274527/1000000000+(1-z3671)^7 <= 9998682/10000000.
Leaf R011110011001101101110110110
  B=[z3686,z3615,z3687,z3399,z3640,z3400,z3688,z7,z191,z1039,z8,z8] h=z10
  horizon=27 mass=z3640.
Cells
  z3617:B1:39266133;z3618:0:Nlo:334774937;z25:0:Nhi:28818946;z3689:0:Nhi:137916051
  ;z3690:J1:206668768;z15:JD1:42893250;z3691:JD1:82665762;z17:JD1:7179178.
Sum=880183025; test 880183025/1000000000+(1-z3640)^7 <= 9997162/10000000.
Leaf R01111001100110110111011011100
  B=[z3686,z3692,z3693,z3694,z3640,z3695,z3688,z7,z1039,z9,z8,z8] h=z10 horizon=27
  mass=z3640.
Cells
  z3696:B1:39179706;z3697:0:Nlo:334780687;z25:0:Nhi:28847360;z3689:0:Nhi:137916052
  ;z3698:J1:216335010;z15:1:A:32060939;z3699:1:A:89957640;z17:P:981472.
Sum=880058866; test 880058866/1000000000+(1-z3640)^7 <= 9995920/10000000.
Leaf R011110011001101101110110111010
  B=[z3686,z3692,z3700,z3701,z3640,z3695,z3688,z7,z1039,z3654,z8,z8] h=z10
  horizon=27 mass=z3640.
Cells
  z3696:B1:39179706;z3697:0:Nlo:334780687;z25:0:Nhi:28847360;z3689:0:Nhi:137916051
  ;z3690:J1:206184150;z15:JD1:42952892;z3702:JD1:86519116;z17:JD1:3737431.
Sum=880117393; test 880117393/1000000000+(1-z3640)^7 <= 9996505/10000000.
Leaf R01111001100110110111011011101100
  B=[z3686,z3703,z3704,z3705,z3640,z3706,z3688,z7,z3654,z9,z8,z8] h=z10 horizon=27
  mass=z3640.
Cells
  z3707:B1:39136505;z3708:0:Nlo:334783501;z25:0:Nhi:28861588;z3689:0:Nhi:137916052
  ;z3709:J1:216589413;z15:1:A:31972433;z3710:1:A:90111748;z17:P:691800.
Sum=880063040; test 880063040/1000000000+(1-z3640)^7 <= 9995962/10000000.
Leaf R011110011001101101110110111011010
  B=[z3686,z3703,z3711,z3712,z3640,z3706,z3688,z7,z3654,z3713,z8,z8] h=z10
  horizon=27 mass=z3640.
Cells
  z3707:B1:39136505;z3708:0:Nlo:334783501;z25:0:Nhi:28861588;z3689:0:Nhi:137916051
  ;z3690:J1:205947813;z15:JD1:42983055;z3714:JD1:88405773;z17:JD1:2056398.
Sum=880090684; test 880090684/1000000000+(1-z3640)^7 <= 9996238/10000000.
Leaf R011110011001101101110110111011011
  B=[z3686,z3703,z3711,z3712,z3640,z3706,z3688,z7,z3713,z9,z8,z8] h=z10 horizon=27
  mass=z3640.
Cells
  z3707:B1:39136505;z3708:0:Nlo:334783501;z25:0:Nhi:28861588;z3689:0:Nhi:137916051
  ;z3715:J1:217046130;z15:1:A:31853742;z3716:1:A:90184428;z17:P:555048.
Sum=880336993; test 880336993/1000000000+(1-z3640)^7 <= 9998701/10000000.
Leaf R01111001100110110111011011101110
  B=[z3717,z3692,z3718,z3719,z3706,z3695,z3720,z7,z3654,z9,z8,z8] h=z10 horizon=27
  mass=z3706.
Cells
  z3696:B1:39179706;z3697:0:Nlo:334780687;z25:0:Nhi:28847360;z3721:0:Nhi:137825915
  ;z3722:J1:216821771;z15:1:A:31941471;z3723:1:A:90085171;z17:P:709264.
Sum=880191345; test 880191345/1000000000+(1-z3706)^7 <= 9996640/10000000.
Leaf R011110011001101101110110111011110
  B=[z3717,z3692,z3724,z3701,z3706,z3695,z3720,z7,z3654,z3713,z8,z8] h=z10
  horizon=27 mass=z3706.
Cells
  z3696:B1:39179706;z3697:0:Nlo:334780687;z25:0:Nhi:28847360;z3721:0:Nhi:137825916
  ;z3725:J1:206094885;z15:JD1:43038187;z3726:JD1:88378997;z17:JD1:2074081.
Sum=880219819; test 880219819/1000000000+(1-z3706)^7 <= 9996925/10000000.
Leaf R0111100110011011011101101110111110
  B=[z3717,z3727,z3728,z3729,z3706,z3730,z3720,z7,z3713,z9,z8,z8] h=z10 horizon=27
  mass=z3706.
Cells
  z3731:B1:39158104;z3732:0:Nlo:334782099;z25:0:Nhi:28854472;z3721:0:Nhi:137825916
  ;z3733:J1:217210779;z15:1:A:31838309;z3734:1:A:90162472;z17:P:563883.
Sum=880396034; test 880396034/1000000000+(1-z3706)^7 <= 9998687/10000000.
Leaf R01111001100110110111011011101111110
  B=[z3735,z3736,z3737,z3701,z3730,z3695,z3738,z7,z3713,z9,z8,z8] h=z10 horizon=27
  mass=z3730.
Cells
  z3739:B1:38125782;z3740:0:Nlo:334837547;z25:0:Nhi:29199420;z3741:0:Nhi:137780891
  ;z3742:J1:217327238;z15:1:A:31822891;z3743:1:A:90371887;z17:P:153325.
Sum=879618981; test 879618981/1000000000+(1-z3730)^7 <= 9990614/10000000.
Leaf R011110011001101101110110111011111110
  B=[z3744,z3745,z3746,z3747,z3730,z3695,z3738,z7,z3713,z9,z8,z8] h=z3748
  horizon=27 mass=z3730.
Cells
  z3749:B1:38652039;z3750:0:Nlo:334812251;z25:0:Nhi:29022324;z3751:0:Nhi:189462285
  ;z3752:J1:165658355;z15:1:A:31842738;z3753:1:A:90260738;z17:P:357226.
Sum=880067956; test 880067956/1000000000+(1-z3730)^7 <= 9995104/10000000.
Leaf R011110011001101101110110111011111111
  B=[z3754,z3692,z3755,z3756,z3730,z3695,z3738,z7,z3713,z9,z8,z8] h=z3757
  horizon=27 mass=z3730.
Cells
  z3696:B1:39179706;z3697:0:Nlo:334780687;z25:0:Nhi:28847360;z3758:0:Nhi:134472815
  ;z3759:J1:218957177;z15:1:A:32547583;z3760:1:A:90158641;z17:P:355534.
Sum=879299503; test 879299503/1000000000+(1-z3730)^7 <= 9987419/10000000.
Leaf R01111001100110110111011011110
  B=[z3761,z3615,z3762,z3763,z3695,z3400,z3764,z7,z1039,z9,z8,z8] h=z10 horizon=27
  mass=z3695.
Cells
  z3617:B1:39266133;z3618:0:Nlo:334774937;z25:0:Nhi:28818946;z3765:0:Nhi:137735897
  ;z3766:J1:216799224;z15:1:A:31998977;z3767:1:A:89904150;z17:P:1016723.
Sum=880314987; test 880314987/1000000000+(1-z3695)^7 <= 9997272/10000000.
Leaf R011110011001101101110110111110
  B=[z3761,z3768,z3769,z3399,z3695,z3400,z3764,z7,z1039,z9,z8,z8] h=z10 horizon=27
  mass=z3695.
Cells
  z3770:B1:38210647;z3771:0:Nlo:334833892;z25:0:Nhi:29170682;z3765:0:Nhi:137735897
  ;z3404:J1:217852431;z15:1:A:31761366;z3772:1:A:90271356;z17:P:326519.
Sum=880162790; test 880162790/1000000000+(1-z3695)^7 <= 9995750/10000000.
Leaf R0111100110011011011101101111110
  B=[z3736,z3773,z3774,z3775,z3695,z3400,z3764,z7,z1039,z9,z8,z8] h=z3776
  horizon=27 mass=z3695.
Cells
  z3777:B1:38737687;z3778:0:Nlo:334807545;z25:0:Nhi:28993748;z3779:0:Nhi:189396163
  ;z3780:J1:165968500;z15:1:A:31809444;z3781:1:A:90161021;z17:P:520866.
Sum=880394974; test 880394974/1000000000+(1-z3695)^7 <= 9998072/10000000.
Leaf R0111100110011011011101101111111
  B=[z3745,z3615,z3782,z3783,z3695,z3400,z3764,z7,z1039,z9,z8,z8] h=z3784
  horizon=27 mass=z3695.
Cells
  z3617:B1:39266133;z3618:0:Nlo:334774937;z25:0:Nhi:28818946;z3785:0:Nhi:187772306
  ;z3786:J1:165929432;z15:1:A:32513034;z3787:1:A:90059632;z17:P:518080.
Sum=879652500; test 879652500/1000000000+(1-z3695)^7 <= 9990647/10000000.
Leaf R01111001100110110111011100
  B=[z3398,z3788,z3789,z3790,z3400,z3791,z3408,z7,z191,z9,z8,z8] h=z10 horizon=27
  mass=z3400.
Cells
  z3792:B1:39439098;z3793:0:Nlo:334762944;z25:0:Nhi:28762285;z3626:0:Nhi:137556206
  ;z3794:J1:216753581;z15:1:A:32116087;z3795:1:A:89542443;z17:P:1628887.
Sum=880561531; test 880561531/1000000000+(1-z3400)^7 <= 9998529/10000000.
Leaf R011110011001101101110111010
  B=[z3796,z3797,z3798,z3799,z3791,z2824,z3800,z7,z191,z9,z8,z8] h=z10 horizon=27
  mass=z3791.
Cells
  z3801:B1:38550483;z3802:0:Nlo:334817619;z25:0:Nhi:29056294;z3803:0:Nhi:137198216
  ;z3804:J1:217680776;z15:1:A:31992954;z3805:1:A:89650785;z17:P:1295957.
Sum=880243084; test 880243084/1000000000+(1-z3791)^7 <= 9992930/10000000.
Leaf R011110011001101101110111011
  B=[z3806,z3622,z3807,z3808,z3791,z2824,z3800,z7,z191,z9,z8,z8] h=z3809
  horizon=27 mass=z3791.
Cells
  z3624:B1:39612208;z3625:0:Nlo:334750298;z25:0:Nhi:28705848;z3810:0:Nhi:188606228
  ;z3811:J1:165363357;z15:1:A:32382927;z3812:1:A:89440400;z17:P:1583683.
Sum=880444949; test 880444949/1000000000+(1-z3791)^7 <= 9994949/10000000.
Leaf R0111100110011011011101111000
  B=[z3398,z3806,z3813,z3814,z3400,z3791,z3408,z7,z191,z1039,z8,z8] h=z10
  horizon=27 mass=z3400.
Cells
  z3815:B1:38380490;z3816:0:Nlo:334826086;z25:0:Nhi:29113375;z3632:0:Nhi:192458466
  ;z3411:J1:152189758;z15:JD1:43113287;z3817:JD1:82783170;z17:JD1:6827799.
Sum=879692431; test 879692431/1000000000+(1-z3400)^7 <= 9989838/10000000.
Leaf R01111001100110110111011110010
  B=[z3398,z3818,z3819,z3820,z3400,z3821,z3408,z7,z1039,z9,z8,z8] h=z10 horizon=27
  mass=z3400.
Cells
  z3822:B1:38295550;z3823:0:Nlo:334830071;z25:0:Nhi:29142001;z3626:0:Nhi:137556207
  ;z3824:J1:218319993;z15:1:A:31700076;z3825:1:A:90070714;z17:P:639017.
Sum=880553629; test 880553629/1000000000+(1-z3400)^7 <= 9998450/10000000.
Leaf R011110011001101101110111100110
  B=[z3826,z3806,z3827,z3828,z3821,z3791,z3829,z7,z1039,z9,z8,z8] h=z10 horizon=27
  mass=z3821.
Cells
  z3815:B1:38380490;z3816:0:Nlo:334826086;z25:0:Nhi:29113375;z3830:0:Nhi:137376982
  ;z3831:J1:217728185;z15:1:A:31875772;z3832:1:A:90017636;z17:P:673837.
Sum=879992363; test 879992363/1000000000+(1-z3821)^7 <= 9991629/10000000.
Leaf R011110011001101101110111100111
  B=[z3826,z3806,z3833,z3814,z3821,z3791,z3829,z7,z1039,z9,z8,z8] h=z10 horizon=27
  mass=z3821.
Cells
  z3815:B1:38380490;z3816:0:Nlo:334826086;z25:0:Nhi:29113375;z3834:0:Nhi:192189509
  ;z3835:J1:163900059;z15:1:A:31639025;z3836:1:A:90165873;z17:P:395485.
Sum=880609902; test 880609902/1000000000+(1-z3821)^7 <= 9997805/10000000.
Leaf R0111100110011011011101111010
  B=[z3796,z3797,z3837,z2823,z3791,z2824,z3800,z7,z191,z1039,z8,z8] h=z10
  horizon=27 mass=z3791.
Cells
  z3801:B1:38550483;z3802:0:Nlo:334817619;z25:0:Nhi:29056294;z3838:0:Nhi:191921290
  ;z3839:J1:152731243;z15:JD1:43333900;z3840:JD1:82671978;z17:JD1:6902134.
Sum=879984941; test 879984941/1000000000+(1-z3791)^7 <= 9990349/10000000.
Leaf R011110011001101101110111101100
  B=[z3796,z3841,z3842,z3843,z3791,z3844,z3800,z7,z1039,z9,z8,z8] h=z10 horizon=27
  mass=z3791.
Cells
  z3845:B1:38465468;z3846:0:Nlo:334821934;z25:0:Nhi:29084807;z3803:0:Nhi:137198216
  ;z3847:J1:218192943;z15:1:A:31814525;z3848:1:A:89964525;z17:P:708679.
Sum=880251097; test 880251097/1000000000+(1-z3791)^7 <= 9993010/10000000.
Leaf R011110011001101101110111101101
  B=[z3796,z3841,z3849,z3850,z3791,z3844,z3800,z7,z1039,z9,z8,z8] h=z10 horizon=27
  mass=z3791.
Cells
  z3845:B1:38465468;z3846:0:Nlo:334821934;z25:0:Nhi:29084807;z3838:0:Nhi:191921290
  ;z3851:J1:164341196;z15:1:A:31578207;z3852:1:A:90113085;z17:P:430002.
Sum=880755989; test 880755989/1000000000+(1-z3791)^7 <= 9998059/10000000.
Leaf R011110011001101101110111101110
  B=[z3853,z3797,z3854,z3855,z3844,z2824,z3856,z7,z1039,z9,z8,z8] h=z10 horizon=27
  mass=z3844.
Cells
  z3801:B1:38550483;z3802:0:Nlo:334817619;z25:0:Nhi:29056294;z3857:0:Nhi:137019910
  ;z3858:J1:218657884;z15:1:A:31753511;z3859:1:A:89911381;z17:P:743543.
Sum=880510625; test 880510625/1000000000+(1-z3844)^7 <= 9994400/10000000.
Leaf R011110011001101101110111101111
  B=[z3853,z3797,z3860,z2823,z3844,z2824,z3856,z7,z1039,z9,z8,z8] h=z10 horizon=27
  mass=z3844.
Cells
  z3801:B1:38550483;z3802:0:Nlo:334817619;z25:0:Nhi:29056294;z3861:0:Nhi:191653808
  ;z2828:J1:164782360;z15:1:A:31517622;z3862:1:A:90060265;z17:P:464541.
Sum=880902992; test 880902992/1000000000+(1-z3844)^7 <= 9998324/10000000.
Leaf R011110011001101101110111110000
  B=[z3768,z3863,z3864,z3865,z3400,z3821,z3408,z7,z191,z9,z8,z8] h=z3866
  horizon=27 mass=z3400.
Cells
  z3867:B1:38559283;z3868:0:Nlo:334817163;z25:0:Nhi:29053347;z3869:0:Nhi:189132130
  ;z3870:J1:166321265;z15:1:A:31860987;z3871:1:A:90017913;z17:P:693784.
Sum=880455872; test 880455872/1000000000+(1-z3400)^7 <= 9997472/10000000.
Leaf R011110011001101101110111110001
  B=[z3872,z3873,z3874,z3875,z3400,z3821,z3408,z7,z191,z9,z8,z8] h=z3876
  horizon=27 mass=z3400.
Cells
  z3877:B1:38823372;z3878:0:Nlo:334802675;z25:0:Nhi:28965229;z3879:0:Nhi:188318144
  ;z3880:J1:166304698;z15:1:A:32212068;z3881:1:A:89967818;z17:P:691320.
Sum=880085324; test 880085324/1000000000+(1-z3400)^7 <= 9993767/10000000.
Leaf R01111001100110110111011111001
  B=[z3818,z3882,z3883,z3884,z3821,z3791,z3829,z7,z191,z9,z8,z8] h=z3885
  horizon=27 mass=z3821.
Cells
  z3886:B1:38909095;z3887:0:Nlo:334797640;z25:0:Nhi:28936767;z3888:0:Nhi:188868818
  ;z3889:J1:166517104;z15:1:A:31912379;z3890:1:A:89911283;z17:P:797971.
Sum=880651057; test 880651057/1000000000+(1-z3821)^7 <= 9998216/10000000.
Leaf R0111100110011011011101111101
  B=[z3773,z3788,z3891,z3892,z3400,z3791,z3408,z7,z191,z9,z8,z8] h=z3893
  horizon=27 mass=z3400.
Cells
  z3792:B1:39439098;z3793:0:Nlo:334762944;z25:0:Nhi:28762285;z3894:0:Nhi:187511023
  ;z3895:J1:166481125;z15:1:A:32501469;z3896:1:A:89845100;z17:P:825523.
Sum=880128567; test 880128567/1000000000+(1-z3400)^7 <= 9994199/10000000.
Leaf R0111100110011011011101111110
  B=[z3806,z3897,z3898,z3899,z3791,z2824,z3800,z7,z191,z9,z8,z8] h=z3809
  horizon=27 mass=z3791.
Cells
  z3900:B1:39080650;z3901:0:Nlo:334787079;z25:0:Nhi:28880008;z3810:0:Nhi:188606228
  ;z3902:J1:166913135;z15:1:A:31902135;z3903:1:A:89841824;z17:P:832338.
Sum=880843397; test 880843397/1000000000+(1-z3791)^7 <= 9998933/10000000.
Leaf R0111100110011011011101111111
  B=[z3882,z3622,z3904,z3905,z3791,z2824,z3800,z7,z191,z9,z8,z8] h=z3906
  horizon=27 mass=z3791.
Cells
  z3624:B1:39612208;z3625:0:Nlo:334750298;z25:0:Nhi:28705848;z3907:0:Nhi:186990593
  ;z3908:J1:166866900;z15:1:A:32604018;z3909:1:A:89741732;z17:P:827277.
Sum=880098874; test 880098874/1000000000+(1-z3791)^7 <= 9991488/10000000.
Leaf R011110011001101101111000
  B=[z3422,z3910,z3911,z3912,z3262,z3400,z3272,z7,z164,z9,z8,z8] h=z3913
  horizon=27 mass=z3262.
Cells
  z3914:B1:40327082;z3915:0:Nlo:334691386;z25:0:Nhi:28475583;z3916:0:Nhi:133883172
  ;z3917:J1:214712473;z3918:1:Q:872776;z3919:J1:2;z15:1:A:33877836;z3920:1:A:88966
  822;z17:P:2669465.
Sum=878476597; test 878476597/1000000000+(1-z3262)^7 <= 9982520/10000000.
Leaf R01111001100110110111100100
  B=[z3422,z3921,z3922,z3923,z3262,z3640,z3272,z7,z164,z191,z8,z8] h=z3913
  horizon=27 mass=z3262.
Cells
  z3924:B1:40151167;z3925:0:Nlo:334706871;z25:0:Nhi:28531832;z3926:0:Nhi:186955652
  ;z3304:J1:156339461;z15:JD1:42362930;z3927:JD1:74639344;z17:JD1:14257997.
Sum=877945254; test 877945254/1000000000+(1-z3262)^7 <= 9977206/10000000.
Leaf R01111001100110110111100101
  B=[z3422,z3921,z3922,z3923,z3262,z3640,z3272,z7,z191,z9,z8,z8] h=z3913
  horizon=27 mass=z3262.
Cells
  z3924:B1:40151167;z3925:0:Nlo:334706871;z25:0:Nhi:28531832;z3926:0:Nhi:186955652
  ;z3928:J1:165642409;z15:1:A:33002203;z3929:1:A:89561944;z17:P:1552993.
Sum=880105071; test 880105071/1000000000+(1-z3262)^7 <= 9998805/10000000.
Leaf R01111001100110110111100110
  B=[z3637,z3910,z3930,z3931,z3640,z3400,z3688,z7,z164,z191,z8,z8] h=z3932
  horizon=27 mass=z3640.
Cells
  z3914:B1:40327082;z3915:0:Nlo:334691386;z25:0:Nhi:28475583;z3933:0:Nhi:186434918
  ;z3690:J1:156644005;z15:JD1:42542535;z3934:JD1:74537792;z17:JD1:14255834.
Sum=877909135; test 877909135/1000000000+(1-z3640)^7 <= 9974423/10000000.
Leaf R01111001100110110111100111
  B=[z3637,z3910,z3930,z3931,z3640,z3400,z3688,z7,z191,z9,z8,z8] h=z3932
  horizon=27 mass=z3640.
Cells
  z3914:B1:40327082;z3915:0:Nlo:334691386;z25:0:Nhi:28475583;z3933:0:Nhi:186434919
  ;z3935:J1:166022926;z15:1:A:33105927;z3936:1:A:89456947;z17:P:1556379.
Sum=880071149; test 880071149/1000000000+(1-z3640)^7 <= 9996043/10000000.
Leaf R011110011001101101111010
  B=[z3615,z3937,z3938,z3939,z3400,z2824,z3408,z7,z164,z9,z8,z8] h=z3940
  horizon=27 mass=z3400.
Cells
  z3941:B1:40679332;z3942:0:Nlo:334658472;z25:0:Nhi:28363746;z3943:0:Nhi:133188465
  ;z3944:J1:215215474;z3945:1:Q:984053;z3946:J1:2;z15:1:A:34090354;z3947:1:A:88753
  064;z17:P:2680907.
Sum=878613869; test 878613869/1000000000+(1-z3400)^7 <= 9979052/10000000.
Leaf R0111100110011011011110110
  B=[z3615,z3948,z3949,z3950,z3400,z3791,z3408,z7,z164,z9,z8,z8] h=z3940
  horizon=27 mass=z3400.
Cells
  z3951:B1:40503137;z3952:0:Nlo:334675252;z25:0:Nhi:28419555;z3953:0:Nhi:185917032
  ;z3954:J1:166740843;z15:1:A:33209046;z3955:1:A:89352041;z17:P:1559770.
Sum=880376676; test 880376676/1000000000+(1-z3400)^7 <= 9996680/10000000.
Leaf R0111100110011011011110111
  B=[z3788,z3937,z3956,z3957,z3791,z2824,z3800,z7,z164,z9,z8,z8] h=z3958
  horizon=27 mass=z3791.
Cells
  z3941:B1:40679332;z3942:0:Nlo:334658472;z25:0:Nhi:28363746;z3959:0:Nhi:185401969
  ;z3960:J1:167122519;z15:1:A:33311562;z3961:1:A:89247227;z17:P:1563165.
Sum=880347992; test 880347992/1000000000+(1-z3791)^7 <= 9993979/10000000.
Leaf R01111001100110110111110
  B=[z3592,z3962,z3963,z3964,z3262,z3400,z3272,z7,z164,z9,z8,z8] h=z3965
  horizon=27 mass=z3262.
Cells
  z3966:B1:41393163;z3967:0:Nlo:334584129;z25:0:Nhi:28140298;z3968:0:Nhi:183825319
  ;z3969:J1:165673878;z3970:1:Q:477905;z3971:J1:2;z15:1:A:34299329;z3972:1:A:88785
  931;z17:P:2631777.
Sum=879811731; test 879811731/1000000000+(1-z3262)^7 <= 9995871/10000000.
Leaf R01111001100110110111111
  B=[z3910,z3187,z3973,z3974,z3400,z2824,z3408,z7,z164,z9,z8,z8] h=z3975
  horizon=27 mass=z3400.
Cells
  z3189:B1:41751522;z3190:0:Nlo:334543032;z25:0:Nhi:28029694;z3976:0:Nhi:182807751
  ;z3977:J1:166301032;z3978:1:Q:592910;z3979:J1:2;z15:1:A:34505839;z3980:1:A:88571
  886;z17:P:2642950.
Sum=879746618; test 879746618/1000000000+(1-z3400)^7 <= 9990380/10000000.
Leaf R0111100110011011100
  B=[z3270,z3070,z3981,z2777,z2824,z2778,z2832,z7,z145,z3368,z8,z8] h=z10
  horizon=27 mass=z2824.
Cells
  z3097:B1:43190129;z3098:0:Nlo:334353610;z25:0:Nhi:27595831;z3982:0:Nhi:203501709
  ;z260:J1:53794659;z3983:B11/25:3902727;z3241:J1:87107718;z15:JD1:42886338;z3984:
  JD1:59061409;z17:JD1:25203647.
Sum=880597777; test 880597777/1000000000+(1-z2824)^7 <= 9994067/10000000.
Leaf R011110011001101110100
  B=[z3270,z3310,z3985,z3986,z2824,z3313,z2832,z7,z3368,z164,z8,z8] h=z10
  horizon=27 mass=z2824.
Cells
  z3314:B1:42110410;z3315:0:Nlo:334499401;z25:0:Nhi:27919956;z3308:0:Nhi:146426897
  ;z260:J1:109502947;z3983:B11/25:3902727;z3241:J1:86296822;z15:JD1:43114501;z3987
  :JD1:66413979;z17:JD1:20528898.
Sum=880716538; test 880716538/1000000000+(1-z2824)^7 <= 9995255/10000000.
Leaf R0111100110011011101010
  B=[z3318,z3319,z3988,z3279,z3313,z3280,z3321,z7,z3368,z3989,z8,z8] h=z10
  horizon=27 mass=z3313.
Cells
  z3322:B1:42469816;z3323:0:Nlo:334453266;z25:0:Nhi:27811072;z3324:0:Nhi:145661345
  ;z260:J1:110896281;z3990:B11/25:2682925;z3991:J1:87327202;z15:JD1:43356597;z3992
  :JD1:67590568;z17:JD1:17532194.
Sum=879781266; test 879781266/1000000000+(1-z3313)^7 <= 9981095/10000000.
Leaf R0111100110011011101011
  B=[z3318,z3319,z3988,z3279,z3313,z3280,z3321,z7,z3989,z164,z8,z8] h=z10
  horizon=27 mass=z3313.
Cells
  z3322:B1:42469816;z3323:0:Nlo:334453266;z25:0:Nhi:27811072;z3324:0:Nhi:145661345
  ;z260:J1:110639229;z3990:B11/25:2682925;z3991:J1:87257042;z15:JD1:43519195;z3993
  :JD1:70966342;z17:JD1:15588973.
Sum=881049205; test 881049205/1000000000+(1-z3313)^7 <= 9993775/10000000.
Leaf R0111100110011011101100
  B=[z3277,z3327,z3994,z3995,z3280,z3330,z3288,z7,z3368,z3989,z8,z8] h=z10
  horizon=27 mass=z3280.
Cells
  z3331:B1:42829726;z3332:0:Nlo:334404660;z25:0:Nhi:27703034;z3996:0:Nhi:202643691
  ;z260:J1:54121661;z3997:B11/25:1477271;z3290:J1:88355666;z15:JD1:43792187;z3998:
  JD1:67343266;z17:JD1:17699210.
Sum=880370372; test 880370372/1000000000+(1-z3280)^7 <= 9982196/10000000.
Leaf R0111100110011011101101
  B=[z3277,z3327,z3994,z3995,z3280,z3330,z3288,z7,z3989,z164,z8,z8] h=z10
  horizon=27 mass=z3280.
Cells
  z3331:B1:42829726;z3332:0:Nlo:334404660;z25:0:Nhi:27703034;z3996:0:Nhi:202643691
  ;z260:J1:54025478;z3997:B11/25:1477271;z3290:J1:88283214;z15:JD1:43957547;z3999:
  JD1:70722569;z17:JD1:15755228.
Sum=881802418; test 881802418/1000000000+(1-z3280)^7 <= 9996517/10000000.
Leaf R0111100110011011101110
  B=[z3340,z3341,z4000,z2777,z3330,z2778,z3343,z7,z3368,z164,z8,z8] h=z10
  horizon=27 mass=z3330.
Cells
  z3344:B1:38834640;z3345:0:Nlo:334802023;z25:0:Nhi:28961484;z4001:0:Nhi:202220731
  ;z260:J1:54747314;z4002:B11/25:285524;z4003:J1:89382343;z15:JD1:44431708;z4004:J
  D1:66572102;z17:JD1:19376905.
Sum=879614774; test 879614774/1000000000+(1-z3330)^7 <= 9969866/10000000.
Leaf R0111100110011011101111
  B=[z3348,z3070,z4005,z4006,z3330,z2778,z3343,z7,z3368,z164,z8,z8] h=z3352
  horizon=27 mass=z3330.
Cells
  z3097:B1:43190129;z3098:0:Nlo:334353610;z25:0:Nhi:27595831;z4007:0:Nhi:188242092
  ;z260:J1:67598130;z4008:B11/25:12205409;z4003:J1:77156975;z15:JD1:44336894;z4009
  :JD1:65709418;z17:JD1:20845016.
Sum=881233504; test 881233504/1000000000+(1-z3330)^7 <= 9986054/10000000.
Leaf R011110011001101111000
  B=[z3270,z4010,z4011,z4012,z2824,z3280,z2832,z7,z164,z9,z8,z8] h=z10 horizon=27
  mass=z2824.
Cells
  z4013:B1:38163389;z4014:0:Nlo:334835948;z25:0:Nhi:29186676;z3308:0:Nhi:146426897
  ;z4015:J1:208466639;z15:1:A:31992587;z4016:1:A:89061994;z17:P:2262647.
Sum=880396777; test 880396777/1000000000+(1-z2824)^7 <= 9992057/10000000.
Leaf R0111100110011011110010
  B=[z3277,z3348,z4017,z4018,z3280,z3330,z3288,z7,z164,z9,z8,z8] h=z10 horizon=27
  mass=z3280.
Cells
  z4019:B1:38498726;z4020:0:Nlo:334820266;z25:0:Nhi:29073645;z3333:0:Nhi:144903664
  ;z260:J1:109546440;z3997:B11/25:1477271;z4021:J1:100069348;z15:1:A:31752970;z402
  2:1:A:88689527;z17:P:2431110.
Sum=881262967; test 881262967/1000000000+(1-z3280)^7 <= 9991122/10000000.
Leaf R0111100110011011110011
  B=[z3340,z3341,z4000,z4023,z3330,z2778,z3343,z7,z164,z9,z8,z8] h=z10 horizon=27
  mass=z3330.
Cells
  z3344:B1:38834640;z3345:0:Nlo:334802023;z25:0:Nhi:28961484;z3346:0:Nhi:144153738
  ;z260:J1:110889184;z4002:B11/25:285524;z4024:J1:101751685;z15:1:A:31516914;z4025
  :1:A:88469306;z17:P:2577501.
Sum=882241999; test 882241999/1000000000+(1-z3330)^7 <= 9996139/10000000.
Leaf R01111001100110111101000
  B=[z3270,z4026,z3394,z3986,z2824,z3313,z2832,z7,z164,z191,z8,z8] h=z10
  horizon=27 mass=z2824.
Cells
  z4027:B1:37828643;z4028:0:Nlo:334849040;z25:0:Nhi:29300589;z3308:0:Nhi:146426896
  ;z260:J1:109017432;z3983:B11/25:3902727;z3241:J1:86164477;z15:JD1:43435997;z4029
  :JD1:74672750;z17:JD1:13893330.
Sum=879491881; test 879491881/1000000000+(1-z2824)^7 <= 9983008/10000000.
Leaf R011110011001101111010010
  B=[z3270,z4030,z3394,z4031,z2824,z4032,z2832,z7,z191,z9,z8,z8] h=z10 horizon=27
  mass=z2824.
Cells
  z4033:B1:37661494;z4034:0:Nlo:334854604;z25:0:Nhi:29357880;z3308:0:Nhi:146426897
  ;z260:J1:108307856;z4035:B11/25:1947402;z4036:J1:100194575;z15:1:A:31397149;z403
  7:1:A:89672968;z17:P:1124680.
Sum=880945505; test 880945505/1000000000+(1-z2824)^7 <= 9997545/10000000.
Leaf R0111100110011011110100110
  B=[z4038,z4026,z4039,z4040,z4032,z3313,z4041,z7,z191,z9,z8,z8] h=z10 horizon=27
  mass=z4032.
Cells
  z4027:B1:37828643;z4028:0:Nlo:334849040;z25:0:Nhi:29300589;z4042:0:Nhi:146043130
  ;z260:J1:107924809;z4043:B11/25:1642702;z4044:J1:99781463;z15:1:A:31749495;z4045
  :1:A:89600567;z17:P:1130365.
Sum=879850803; test 879850803/1000000000+(1-z4032)^7 <= 9984192/10000000.
Leaf R0111100110011011110100111
  B=[z4038,z4026,z4046,z3986,z4032,z3313,z4041,z7,z191,z9,z8,z8] h=z10 horizon=27
  mass=z4032.
Cells
  z4027:B1:37828643;z4028:0:Nlo:334849040;z25:0:Nhi:29300589;z4042:0:Nhi:146043128
  ;z260:J1:108987347;z4047:B11/25:3291041;z4048:J1:99093454;z15:1:A:31277591;z4049
  :1:A:89902483;z17:P:566679.
Sum=881139995; test 881139995/1000000000+(1-z4032)^7 <= 9997084/10000000.
Leaf R01111001100110111101010
  B=[z3318,z4010,z4050,z3279,z3313,z3280,z3321,z7,z164,z191,z8,z8] h=z10
  horizon=27 mass=z3313.
Cells
  z4013:B1:38163389;z4014:0:Nlo:334835948;z25:0:Nhi:29186676;z3324:0:Nhi:145661344
  ;z260:J1:110395473;z3990:B11/25:2682925;z3991:J1:87190513;z15:JD1:43878267;z4051
  :JD1:74493191;z17:JD1:13949518.
Sum=880437244; test 880437244/1000000000+(1-z3313)^7 <= 9987655/10000000.
Leaf R0111100110011011110101100
  B=[z3318,z4052,z4053,z4054,z3313,z4055,z3321,z7,z191,z9,z8,z8] h=z10 horizon=27
  mass=z3313.
Cells
  z4056:B1:37995942;z4057:0:Nlo:334842820;z25:0:Nhi:29243523;z3324:0:Nhi:145661344
  ;z260:J1:108594287;z4058:B11/25:1339587;z4059:J1:100329209;z15:1:A:31629150;z406
  0:1:A:89528202;z17:P:1136067.
Sum=880300131; test 880300131/1000000000+(1-z3313)^7 <= 9986284/10000000.
Leaf R01111001100110111101011010
  B=[z3318,z4052,z4040,z4061,z3313,z4055,z3321,z7,z191,z1039,z8,z8] h=z10
  horizon=27 mass=z3313.
Cells
  z4056:B1:37995942;z4057:0:Nlo:334842820;z25:0:Nhi:29243523;z3324:0:Nhi:145661343
  ;z260:J1:109668365;z3990:B11/25:2682925;z3991:J1:86957422;z15:JD1:43999210;z4062
  :JD1:82550794;z17:JD1:6731964.
Sum=880334308; test 880334308/1000000000+(1-z3313)^7 <= 9986626/10000000.
Leaf R01111001100110111101011011
  B=[z3318,z4052,z4040,z4061,z3313,z4055,z3321,z7,z1039,z9,z8,z8] h=z10 horizon=27
  mass=z3313.
Cells
  z4056:B1:37995942;z4057:0:Nlo:334842820;z25:0:Nhi:29243523;z3324:0:Nhi:145661345
  ;z260:J1:109460889;z3990:B11/25:2682925;z4063:J1:99884582;z15:1:A:31158942;z4064
  :1:A:89832146;z17:P:569552.
Sum=881332666; test 881332666/1000000000+(1-z3313)^7 <= 9996609/10000000.
Leaf R0111100110011011110101110
  B=[z4065,z4010,z4066,z4067,z4055,z3280,z4068,z7,z191,z9,z8,z8] h=z10 horizon=27
  mass=z4055.
Cells
  z4013:B1:38163389;z4014:0:Nlo:334835948;z25:0:Nhi:29186676;z4069:0:Nhi:145281528
  ;z260:J1:109265228;z4070:B11/25:2078345;z4071:J1:99833437;z15:1:A:31509712;z4072
  :1:A:89440560;z17:P:1170241.
Sum=880765064; test 880765064/1000000000+(1-z4055)^7 <= 9988536/10000000.
Leaf R01111001100110111101011110
  B=[z4065,z4010,z4073,z3279,z4055,z3280,z4068,z7,z191,z1039,z8,z8] h=z10
  horizon=27 mass=z4055.
Cells
  z4013:B1:38163389;z4014:0:Nlo:334835948;z25:0:Nhi:29186676;z4069:0:Nhi:145281528
  ;z260:J1:110350922;z4070:B11/25:2078345;z4074:J1:87466567;z15:JD1:44222148;z4075
  :JD1:82460594;z17:JD1:6767592.
Sum=880813709; test 880813709/1000000000+(1-z4055)^7 <= 9989023/10000000.
Leaf R01111001100110111101011111
  B=[z4065,z4010,z4073,z3279,z4055,z3280,z4068,z7,z1039,z9,z8,z8] h=z10 horizon=27
  mass=z4055.
Cells
  z4013:B1:38163389;z4014:0:Nlo:334835948;z25:0:Nhi:29186676;z4069:0:Nhi:145281528
  ;z260:J1:110140214;z4070:B11/25:2078345;z3284:J1:100734724;z15:1:A:31041186;z407
  6:1:A:89746226;z17:P:601558.
Sum=881809794; test 881809794/1000000000+(1-z4055)^7 <= 9998983/10000000.
Leaf R01111001100110111101100
  B=[z3277,z3348,z4077,z3995,z3280,z3330,z3288,z7,z164,z191,z8,z8] h=z10
  horizon=27 mass=z3280.
Cells
  z4019:B1:38498726;z4020:0:Nlo:334820266;z25:0:Nhi:29073645;z3996:0:Nhi:202643691
  ;z260:J1:53934269;z3997:B11/25:1477271;z3290:J1:88214512;z15:JD1:44322885;z4078:
  JD1:74255169;z17:JD1:14112543.
Sum=881352977; test 881352977/1000000000+(1-z3280)^7 <= 9992022/10000000.
Leaf R01111001100110111101101
  B=[z3340,z3341,z4079,z2777,z3330,z2778,z3343,z7,z164,z191,z8,z8] h=z10
  horizon=27 mass=z3330.
Cells
  z3344:B1:38834640;z3345:0:Nlo:334802023;z25:0:Nhi:28961484;z4001:0:Nhi:202220731
  ;z260:J1:54554891;z4002:B11/25:285524;z4003:J1:89236599;z15:JD1:44769870;z4080:J
  D1:74016277;z17:JD1:14276492.
Sum=881958531; test 881958531/1000000000+(1-z3330)^7 <= 9993304/10000000.
Leaf R0111100110011011110111000
  B=[z3277,z4081,z4082,z4083,z3280,z4084,z3288,z7,z191,z9,z8,z8] h=z10 horizon=27
  mass=z3280.
Cells
  z4085:B1:38330984;z4086:0:Nlo:334828428;z25:0:Nhi:29130051;z3333:0:Nhi:144903663
  ;z260:J1:109937641;z3997:B11/25:1477271;z4087:J1:100678590;z15:1:A:31391173;z408
  8:1:A:89333330;z17:P:1240725.
Sum=881251856; test 881251856/1000000000+(1-z3280)^7 <= 9991011/10000000.
Leaf R01111001100110111101110010
  B=[z3277,z4081,z4089,z4090,z3280,z4084,z3288,z7,z191,z1039,z8,z8] h=z10
  horizon=27 mass=z3280.
Cells
  z4085:B1:38330984;z4086:0:Nlo:334828428;z25:0:Nhi:29130051;z3333:0:Nhi:144903665
  ;z260:J1:111035029;z3997:B11/25:1477271;z3290:J1:87975186;z15:JD1:44445681;z4091
  :JD1:82349537;z17:JD1:6841585.
Sum=881317417; test 881317417/1000000000+(1-z3280)^7 <= 9991667/10000000.
Leaf R011110011001101111011100110
  B=[z3277,z4092,z4093,z4094,z3280,z4095,z3288,z7,z1039,z9,z8,z8] h=z10 horizon=27
  mass=z3280.
Cells
  z4096:B1:38247168;z4097:0:Nlo:334832269;z25:0:Nhi:29158336;z3333:0:Nhi:144903664
  ;z260:J1:110682661;z3997:B11/25:1477271;z4098:J1:101462315;z15:1:A:30982642;z409
  9:1:A:89658130;z17:P:637607.
Sum=882042063; test 882042063/1000000000+(1-z3280)^7 <= 9998913/10000000.
Leaf R0111100110011011110111001110
  B=[z4100,z4081,z4101,z4102,z4095,z4084,z4103,z7,z1039,z9,z8,z8] h=z10 horizon=27
  mass=z4095.
Cells
  z4085:B1:38330984;z4086:0:Nlo:334828428;z25:0:Nhi:29130051;z4104:0:Nhi:144715461
  ;z260:J1:110476161;z4105:B11/25:1178040;z4106:J1:101403549;z15:1:A:31155997;z410
  7:1:A:89605149;z17:P:672220.
Sum=881496040; test 881496040/1000000000+(1-z4095)^7 <= 9992258/10000000.
Leaf R0111100110011011110111001111
  B=[z4100,z4081,z4108,z4090,z4095,z4084,z4103,z7,z1039,z9,z8,z8] h=z10 horizon=27
  mass=z4095.
Cells
  z4085:B1:38330984;z4086:0:Nlo:334828428;z25:0:Nhi:29130051;z4104:0:Nhi:144715461
  ;z260:J1:111023183;z4105:B11/25:1178040;z4109:J1:101886578;z15:1:A:30924318;z411
  0:1:A:89759607;z17:P:385077.
Sum=882161727; test 882161727/1000000000+(1-z4095)^7 <= 9998915/10000000.
Leaf R0111100110011011110111010
  B=[z4111,z3348,z4112,z4113,z4084,z3330,z4114,z7,z191,z9,z8,z8] h=z10 horizon=27
  mass=z4084.
Cells
  z4019:B1:38498726;z4020:0:Nlo:334820266;z25:0:Nhi:29073645;z4115:0:Nhi:144527740
  ;z260:J1:110611539;z4116:B11/25:879674;z4117:J1:101522892;z15:1:A:31273521;z4118
  :1:A:89225967;z17:P:1311306.
Sum=881745276; test 881745276/1000000000+(1-z4084)^7 <= 9993556/10000000.
Leaf R01111001100110111101110110
  B=[z4111,z3348,z4119,z3995,z4084,z3330,z4114,z7,z191,z1039,z8,z8] h=z10
  horizon=27 mass=z4084.
Cells
  z4019:B1:38498726;z4020:0:Nlo:334820266;z25:0:Nhi:29073645;z4115:0:Nhi:144527738
  ;z260:J1:111720697;z4116:B11/25:879674;z4120:J1:88483297;z15:JD1:44669806;z4121:
  JD1:82238315;z17:JD1:6915756.
Sum=881827920; test 881827920/1000000000+(1-z4084)^7 <= 9994383/10000000.
Leaf R0111100110011011110111011100
  B=[z4111,z4122,z4123,z4124,z4084,z4125,z4114,z7,z1039,z9,z8,z8] h=z10 horizon=27
  mass=z4084.
Cells
  z4126:B1:38414836;z4127:0:Nlo:334824427;z25:0:Nhi:29101820;z4115:0:Nhi:144527739
  ;z260:J1:110814151;z4116:B11/25:879674;z4128:J1:101826295;z15:1:A:31097479;z4129
  :1:A:89552134;z17:P:706857.
Sum=881745412; test 881745412/1000000000+(1-z4084)^7 <= 9993558/10000000.
Leaf R01111001100110111101110111010
  B=[z4111,z4122,z4130,z4131,z4084,z4125,z4114,z7,z1039,z3654,z8,z8] h=z10
  horizon=27 mass=z4084.
Cells
  z4126:B1:38414836;z4127:0:Nlo:334824427;z25:0:Nhi:29101820;z4115:0:Nhi:144527739
  ;z260:J1:111364086;z4116:B11/25:879674;z4120:J1:88367310;z15:JD1:44733267;z4132:
  JD1:86114546;z17:JD1:3451331.
Sum=881779036; test 881779036/1000000000+(1-z4084)^7 <= 9993894/10000000.
Leaf R01111001100110111101110111011
  B=[z4111,z4122,z4130,z4131,z4084,z4125,z4114,z7,z3654,z9,z8,z8] h=z10 horizon=27
  mass=z4084.
Cells
  z4126:B1:38414836;z4127:0:Nlo:334824427;z25:0:Nhi:29101820;z4115:0:Nhi:144527739
  ;z260:J1:111259814;z4116:B11/25:879674;z4133:J1:102279850;z15:1:A:30866213;z4134
  :1:A:89706928;z17:P:419378.
Sum=882280679; test 882280679/1000000000+(1-z4084)^7 <= 9998910/10000000.
Leaf R0111100110011011110111011110
  B=[z4135,z3348,z4136,z4137,z4125,z3330,z4138,z7,z1039,z9,z8,z8] h=z10 horizon=27
  mass=z4125.
Cells
  z4019:B1:38498726;z4020:0:Nlo:334820266;z25:0:Nhi:29073645;z4139:0:Nhi:144340499
  ;z260:J1:111152514;z4140:B11/25:582169;z4141:J1:102248841;z15:1:A:31039181;z4142
  :1:A:89499086;z17:P:741519.
Sum=881996446; test 881996446/1000000000+(1-z4125)^7 <= 9994875/10000000.
Leaf R01111001100110111101110111110
  B=[z4135,z3348,z4143,z3995,z4125,z3330,z4138,z7,z1039,z3654,z8,z8] h=z10
  horizon=27 mass=z4125.
Cells
  z4019:B1:38498726;z4020:0:Nlo:334820266;z25:0:Nhi:29073645;z4139:0:Nhi:144340498
  ;z260:J1:111705371;z4140:B11/25:582169;z4144:J1:88620426;z15:JD1:44845794;z4145:
  JD1:86060617;z17:JD1:3486829.
Sum=882034341; test 882034341/1000000000+(1-z4125)^7 <= 9995254/10000000.
Leaf R011110011001101111011101111110
  B=[z4135,z4146,z4147,z4148,z4125,z4149,z4138,z7,z3654,z9,z8,z8] h=z10 horizon=27
  mass=z4125.
Cells
  z4150:B1:38456777;z4151:0:Nlo:334822366;z25:0:Nhi:29087726;z4139:0:Nhi:144340499
  ;z260:J1:111530718;z4140:B11/25:582169;z4152:J1:102642441;z15:1:A:30837241;z4153
  :1:A:89663243;z17:P:436942.
Sum=882400122; test 882400122/1000000000+(1-z4125)^7 <= 9998912/10000000.
Leaf R0111100110011011110111011111110
  B=[z4154,z3348,z4155,z4156,z4149,z3330,z4157,z7,z3654,z9,z8,z8] h=z10 horizon=27
  mass=z4149.
Cells
  z4019:B1:38498726;z4020:0:Nlo:334820266;z25:0:Nhi:29073645;z4158:0:Nhi:144247059
  ;z260:J1:111424967;z4159:B11/25:433740;z4160:J1:102611601;z15:1:A:30923323;z4161
  :1:A:89636882;z17:P:454112.
Sum=882124321; test 882124321/1000000000+(1-z4149)^7 <= 9995558/10000000.
Leaf R0111100110011011110111011111111
  B=[z4154,z3348,z4162,z3995,z4149,z3330,z4157,z7,z3654,z9,z8,z8] h=z10 horizon=27
  mass=z4149.
Cells
  z4019:B1:38498726;z4020:0:Nlo:334820266;z25:0:Nhi:29073645;z4158:0:Nhi:144247060
  ;z260:J1:111700985;z4159:B11/25:433740;z4163:J1:102854151;z15:1:A:30808325;z4164
  :1:A:89714692;z17:P:309661.
Sum=882461251; test 882461251/1000000000+(1-z4149)^7 <= 9998927/10000000.
Leaf R0111100110011011110111100
  B=[z3340,z4165,z4166,z4167,z3330,z4168,z3343,z7,z191,z9,z8,z8] h=z10 horizon=27
  mass=z3330.
Cells
  z4169:B1:38666611;z4170:0:Nlo:334811463;z25:0:Nhi:29017456;z3346:0:Nhi:144153739
  ;z260:J1:111286931;z4002:B11/25:285524;z4171:J1:102366368;z15:1:A:31156747;z4172
  :1:A:89118466;z17:P:1381984.
Sum=882245289; test 882245289/1000000000+(1-z3330)^7 <= 9996172/10000000.
Leaf R01111001100110111101111010
  B=[z3340,z4165,z4173,z4174,z3330,z4168,z3343,z7,z191,z1039,z8,z8] h=z10
  horizon=27 mass=z3330.
Cells
  z4169:B1:38666611;z4170:0:Nlo:334811463;z25:0:Nhi:29017456;z4001:0:Nhi:202220732
  ;z260:J1:54262638;z4002:B11/25:285524;z4003:J1:88990915;z15:JD1:44894530;z4175:J
  D1:82126921;z17:JD1:6990105.
Sum=882266895; test 882266895/1000000000+(1-z3330)^7 <= 9996388/10000000.
Leaf R0111100110011011110111101100
  B=[z3340,z4176,z4177,z4178,z3330,z4179,z3343,z7,z1039,z9,z8,z8] h=z10 horizon=27
  mass=z3330.
Cells
  z4180:B1:38582650;z4181:0:Nlo:334815944;z25:0:Nhi:29045523;z3346:0:Nhi:144153737
  ;z260:J1:111491251;z4002:B11/25:285524;z4182:J1:102671189;z15:1:A:30981101;z4183
  :1:A:89446008;z17:P:776204.
Sum=882249131; test 882249131/1000000000+(1-z3330)^7 <= 9996210/10000000.
Leaf R01111001100110111101111011010
  B=[z3340,z4176,z4184,z4185,z3330,z4179,z3343,z7,z1039,z3654,z8,z8] h=z10
  horizon=27 mass=z3330.
Cells
  z4180:B1:38582650;z4181:0:Nlo:334815944;z25:0:Nhi:29045523;z3346:0:Nhi:144153739
  ;z260:J1:112047038;z4002:B11/25:285524;z4003:J1:88873415;z15:JD1:44958473;z4186:
  JD1:86006656;z17:JD1:3522365.
Sum=882291327; test 882291327/1000000000+(1-z3330)^7 <= 9996632/10000000.
Leaf R0111100110011011110111101101100
  B=[z3340,z4187,z4188,z4189,z3330,z4190,z3343,z7,z3654,z9,z8,z8] h=z10 horizon=27
  mass=z3330.
Cells
  z4191:B1:38540684;z4192:0:Nlo:334818124;z25:0:Nhi:29059577;z3346:0:Nhi:144153738
  ;z260:J1:111594599;z4002:B11/25:285524;z4193:J1:102822930;z15:1:A:30894357;z4194
  :1:A:89610513;z17:P:471288.
Sum=882251334; test 882251334/1000000000+(1-z3330)^7 <= 9996232/10000000.
Leaf R01111001100110111101111011011010
  B=[z3340,z4187,z4195,z4196,z3330,z4190,z3343,z7,z3654,z3713,z8,z8] h=z10
  horizon=27 mass=z3330.
Cells
  z4191:B1:38540684;z4192:0:Nlo:334818124;z25:0:Nhi:29059577;z3346:0:Nhi:144153738
  ;z260:J1:111871346;z4002:B11/25:285524;z4003:J1:88815890;z15:JD1:44990815;z4197:
  JD1:87904708;z17:JD1:1830175.
Sum=882270581; test 882270581/1000000000+(1-z3330)^7 <= 9996425/10000000.
Leaf R01111001100110111101111011011011
  B=[z3340,z4187,z4195,z4196,z3330,z4190,z3343,z7,z3713,z9,z8,z8] h=z10 horizon=27
  mass=z3330.
Cells
  z4191:B1:38540684;z4192:0:Nlo:334818124;z25:0:Nhi:29059577;z3346:0:Nhi:144153738
  ;z260:J1:111819467;z4002:B11/25:285524;z4198:J1:103050457;z15:1:A:30779462;z4199
  :1:A:89688406;z17:P:326752.
Sum=882522191; test 882522191/1000000000+(1-z3330)^7 <= 9998941/10000000.
Leaf R0111100110011011110111101101110
  B=[z4200,z4176,z4201,z4202,z4190,z4179,z4203,z7,z3654,z9,z8,z8] h=z10 horizon=27
  mass=z4190.
Cells
  z4180:B1:38582650;z4181:0:Nlo:334815944;z25:0:Nhi:29045523;z4204:0:Nhi:144060537
  ;z260:J1:111764325;z4205:B11/25:137522;z4206:J1:103034210;z15:1:A:30865448;z4207
  :1:A:89584132;z17:P:488470.
Sum=882378761; test 882378761/1000000000+(1-z4190)^7 <= 9996911/10000000.
Leaf R01111001100110111101111011011110
  B=[z4200,z4176,z4208,z4185,z4190,z4179,z4203,z7,z3654,z3713,z8,z8] h=z10
  horizon=27 mass=z4190.
Cells
  z4180:B1:38582650;z4181:0:Nlo:334815944;z25:0:Nhi:29045523;z4204:0:Nhi:144060536
  ;z260:J1:112041801;z4205:B11/25:137522;z4209:J1:88942155;z15:JD1:45047274;z4210:
  JD1:87878119;z17:JD1:1847571.
Sum=882399095; test 882399095/1000000000+(1-z4190)^7 <= 9997114/10000000.
Leaf R011110011001101111011110110111110
  B=[z4200,z4211,z4189,z4185,z4190,z4179,z4203,z7,z3713,z9,z8,z8] h=z10 horizon=27
  mass=z4190.
Cells
  z4212:B1:36448010;z4213:0:Nlo:334875012;z25:0:Nhi:29782257;z4204:0:Nhi:144060537
  ;z260:J1:111989723;z4205:B11/25:137522;z4214:J1:103262009;z15:1:A:30750655;z4215
  :1:A:89769068;z17:P:145319.
Sum=881220112; test 881220112/1000000000+(1-z4190)^7 <= 9985324/10000000.
Leaf R011110011001101111011110110111111
  B=[z4216,z4176,z4208,z4185,z4190,z4179,z4203,z7,z3713,z9,z8,z8] h=z10 horizon=27
  mass=z4190.
Cells
  z4180:B1:38582650;z4181:0:Nlo:334815944;z25:0:Nhi:29045523;z4217:0:Nhi:194930042
  ;z4214:J1:164146282;z15:1:A:30750655;z4218:1:A:89662111;z17:P:343850.
Sum=882277057; test 882277057/1000000000+(1-z4190)^7 <= 9995894/10000000.
Leaf R0111100110011011110111101110
  B=[z4219,z4165,z4220,z4221,z4179,z4168,z4222,z7,z1039,z9,z8,z8] h=z10 horizon=27
  mass=z4179.
Cells
  z4169:B1:38666611;z4170:0:Nlo:334811463;z25:0:Nhi:29017456;z4223:0:Nhi:143967455
  ;z4224:J1:214913272;z15:1:A:30923237;z4225:1:A:89392894;z17:P:810914.
Sum=882503302; test 882503302/1000000000+(1-z4179)^7 <= 9997561/10000000.
Leaf R01111001100110111101111011110
  B=[z4219,z4165,z4226,z4174,z4179,z4168,z4222,z7,z1039,z3654,z8,z8] h=z10
  horizon=27 mass=z4179.
Cells
  z4169:B1:38666611;z4170:0:Nlo:334811463;z25:0:Nhi:29017456;z4223:0:Nhi:143967454
  ;z4227:J1:201504906;z15:JD1:45071302;z4228:JD1:85952656;z17:JD1:3557939.
Sum=882549787; test 882549787/1000000000+(1-z4179)^7 <= 9998026/10000000.
Leaf R0111100110011011110111101111100
  B=[z4219,z4229,z4230,z4231,z4179,z4232,z4222,z7,z3654,z9,z8,z8] h=z10 horizon=27
  mass=z4179.
Cells
  z4233:B1:38624626;z4234:0:Nlo:334813722;z25:0:Nhi:29031483;z4223:0:Nhi:143967454
  ;z4235:J1:215169152;z15:1:A:30836593;z4236:1:A:89557747;z17:P:505659.
Sum=882506436; test 882506436/1000000000+(1-z4179)^7 <= 9997592/10000000.
Leaf R01111001100110111101111011111010
  B=[z4219,z4229,z4237,z4238,z4179,z4232,z4222,z7,z3654,z3713,z8,z8] h=z10
  horizon=27 mass=z4179.
Cells
  z4233:B1:38624626;z4234:0:Nlo:334813722;z25:0:Nhi:29031483;z4223:0:Nhi:143967454
  ;z4227:J1:201270284;z15:JD1:45103768;z4239:JD1:87851519;z17:JD1:1864977.
Sum=882527833; test 882527833/1000000000+(1-z4179)^7 <= 9997806/10000000.
Leaf R011110011001101111011110111110110
  B=[z4219,z4240,z4202,z4238,z4179,z4232,z4222,z7,z3713,z9,z8,z8] h=z10 horizon=27
  mass=z4179.
Cells
  z4241:B1:36488405;z4242:0:Nlo:334874911;z25:0:Nhi:29767885;z4223:0:Nhi:143967454
  ;z4243:J1:215623133;z15:1:A:30721900;z4244:1:A:89751938;z17:P:145502.
Sum=881341128; test 881341128/1000000000+(1-z4179)^7 <= 9985939/10000000.
Leaf R011110011001101111011110111110111
  B=[z4211,z4229,z4237,z4238,z4179,z4232,z4222,z7,z3713,z9,z8,z8] h=z10 horizon=27
  mass=z4179.
Cells
  z4233:B1:38624626;z4234:0:Nlo:334813722;z25:0:Nhi:29031483;z4245:0:Nhi:194795682
  ;z4243:J1:164365441;z15:1:A:30721900;z4246:1:A:89635812;z17:P:360954.
Sum=882349620; test 882349620/1000000000+(1-z4179)^7 <= 9996024/10000000.
Leaf R0111100110011011110111101111110
  B=[z4247,z4165,z4248,z4249,z4232,z4168,z4250,z7,z3654,z9,z8,z8] h=z10 horizon=27
  mass=z4232.
Cells
  z4169:B1:38666611;z4170:0:Nlo:334811463;z25:0:Nhi:29017456;z4251:0:Nhi:143874490
  ;z4252:J1:215400119;z15:1:A:30807788;z4253:1:A:89531352;z17:P:522853.
Sum=882632132; test 882632132/1000000000+(1-z4232)^7 <= 9998254/10000000.
Leaf R01111001100110111101111011111110
  B=[z4247,z4165,z4254,z4174,z4232,z4168,z4250,z7,z3654,z3713,z8,z8] h=z10
  horizon=27 mass=z4232.
Cells
  z4169:B1:38666611;z4170:0:Nlo:334811463;z25:0:Nhi:29017456;z4251:0:Nhi:143874491
  ;z4255:J1:201416726;z15:JD1:45160300;z4256:JD1:87824915;z17:JD1:1882393.
Sum=882654355; test 882654355/1000000000+(1-z4232)^7 <= 9998476/10000000.
Leaf R011110011001101111011110111111110
  B=[z4247,z4257,z4231,z4174,z4232,z4168,z4250,z7,z3713,z9,z8,z8] h=z10 horizon=27
  mass=z4232.
Cells
  z4258:B1:36528811;z4259:0:Nlo:334874770;z25:0:Nhi:29753527;z4251:0:Nhi:143874491
  ;z4260:J1:215854667;z15:1:A:30693198;z4261:1:A:89734806;z17:P:145685.
Sum=881459955; test 881459955/1000000000+(1-z4232)^7 <= 9986532/10000000.
Leaf R011110011001101111011110111111111
  B=[z4240,z4165,z4254,z4174,z4232,z4168,z4250,z7,z3713,z9,z8,z8] h=z10 horizon=27
  mass=z4232.
Cells
  z4169:B1:38666611;z4170:0:Nlo:334811463;z25:0:Nhi:29017456;z4262:0:Nhi:194661504
  ;z4260:J1:164584614;z15:1:A:30693198;z4263:1:A:89609500;z17:P:378063.
Sum=882422409; test 882422409/1000000000+(1-z4232)^7 <= 9996157/10000000.
Leaf R0111100110011011110111110
  B=[z4264,z3341,z4265,z4266,z4168,z2778,z4267,z7,z191,z9,z8,z8] h=z10 horizon=27
  mass=z4168.
Cells
  z3344:B1:38834640;z3345:0:Nlo:334802023;z25:0:Nhi:28961484;z4268:0:Nhi:143781646
  ;z4269:J1:214862978;z15:1:A:31040842;z4270:1:A:89010828;z17:P:1452762.
Sum=882747203; test 882747203/1000000000+(1-z4168)^7 <= 9998810/10000000.
Leaf R01111001100110111101111110
  B=[z4264,z3341,z4271,z2777,z4168,z2778,z4267,z7,z191,z1039,z8,z8] h=z10
  horizon=27 mass=z4168.
Cells
  z3344:B1:38834640;z3345:0:Nlo:334802023;z25:0:Nhi:28961484;z4272:0:Nhi:201828975
  ;z4273:J1:143923814;z15:JD1:45119856;z4274:JD1:82015360;z17:JD1:7064629.
Sum=882550781; test 882550781/1000000000+(1-z4168)^7 <= 9996846/10000000.
Leaf R0111100110011011110111111100
  B=[z4264,z4275,z4276,z4277,z4168,z4278,z4267,z7,z1039,z9,z8,z8] h=z10 horizon=27
  mass=z4168.
Cells
  z4279:B1:38750608;z4280:0:Nlo:334806822;z25:0:Nhi:28989443;z4268:0:Nhi:143781646
  ;z4281:J1:215374721;z15:1:A:30865589;z4282:1:A:89339746;z17:P:845649.
Sum=882754224; test 882754224/1000000000+(1-z4168)^7 <= 9998880/10000000.
Leaf R01111001100110111101111111010
  B=[z4264,z4275,z4283,z4284,z4168,z4278,z4267,z7,z1039,z3654,z8,z8] h=z10
  horizon=27 mass=z4168.
Cells
  z4279:B1:38750608;z4280:0:Nlo:334806822;z25:0:Nhi:28989443;z4272:0:Nhi:201828975
  ;z4273:J1:143664751;z15:JD1:45184281;z4285:JD1:85898617;z17:JD1:3593551.
Sum=882717048; test 882717048/1000000000+(1-z4168)^7 <= 9998509/10000000.
Leaf R0111100110011011110111111101100
  B=[z4264,z4286,z4287,z4288,z4168,z4289,z4267,z7,z3654,z9,z8,z8] h=z10 horizon=27
  mass=z4168.
Cells
  z4290:B1:38708605;z4291:0:Nlo:334809162;z25:0:Nhi:29003443;z4268:0:Nhi:143781645
  ;z4292:J1:215631136;z15:1:A:30779040;z4293:1:A:89504950;z17:P:540053.
Sum=882758034; test 882758034/1000000000+(1-z4168)^7 <= 9998918/10000000.
Leaf R011110011001101111011111110110100
  B=[z4264,z4286,z4294,z4295,z4168,z4289,z4267,z7,z3654,z4296,z8,z8] h=z10
  horizon=27 mass=z4168.
Cells
  z4290:B1:38708605;z4291:0:Nlo:334809162;z25:0:Nhi:29003443;z4268:0:Nhi:143781647
  ;z4273:J1:201563234;z15:JD1:45191402;z4297:JD1:87940745;z17:JD1:1539808.
Sum=882538046; test 882538046/1000000000+(1-z4168)^7 <= 9996719/10000000.
Leaf R011110011001101111011111110110101
  B=[z4264,z4286,z4294,z4295,z4168,z4289,z4267,z7,z4296,z3713,z8,z8] h=z10
  horizon=27 mass=z4168.
Cells
  z4290:B1:38708605;z4291:0:Nlo:334809162;z25:0:Nhi:29003443;z4268:0:Nhi:143781647
  ;z4273:J1:201529578;z15:JD1:45213295;z4298:JD1:88317627;z17:JD1:1341987.
Sum=882705344; test 882705344/1000000000+(1-z4168)^7 <= 9998392/10000000.
Leaf R011110011001101111011111110110110
  B=[z4264,z4299,z4249,z4295,z4168,z4289,z4267,z7,z3713,z9,z8,z8] h=z10 horizon=27
  mass=z4168.
Cells
  z4300:B1:36569226;z4301:0:Nlo:334874588;z25:0:Nhi:29739182;z4268:0:Nhi:143781647
  ;z4302:J1:216086251;z15:1:A:30664552;z4303:1:A:89717682;z17:P:145869.
Sum=881578997; test 881578997/1000000000+(1-z4168)^7 <= 9987128/10000000.
Leaf R011110011001101111011111110110111
  B=[z4257,z4286,z4294,z4295,z4168,z4289,z4267,z7,z3713,z9,z8,z8] h=z10 horizon=27
  mass=z4168.
Cells
  z4290:B1:38708605;z4291:0:Nlo:334809162;z25:0:Nhi:29003443;z4304:0:Nhi:194527507
  ;z4302:J1:164803796;z15:1:A:30664552;z4305:1:A:89583183;z17:P:395178.
Sum=882495426; test 882495426/1000000000+(1-z4168)^7 <= 9996292/10000000.
Leaf R01111001100110111101111111011100
  B=[z4306,z4275,z4307,z4308,z4289,z4278,z4309,z7,z3654,z3713,z8,z8] h=z10
  horizon=27 mass=z4289.
Cells
  z4279:B1:38750608;z4280:0:Nlo:334806822;z25:0:Nhi:28989443;z4310:0:Nhi:143688920
  ;z4311:J1:201315686;z15:JD1:45257879;z4312:JD1:87692458;z17:JD1:2063727.
Sum=882565543; test 882565543/1000000000+(1-z4289)^7 <= 9996399/10000000.
Leaf R01111001100110111101111111011101
  B=[z4306,z4275,z4307,z4308,z4289,z4278,z4309,z7,z3713,z9,z8,z8] h=z10 horizon=27
  mass=z4289.
Cells
  z4279:B1:38750608;z4280:0:Nlo:334806822;z25:0:Nhi:28989443;z4310:0:Nhi:143688920
  ;z4313:J1:215794382;z15:1:A:30750345;z4314:1:A:89478537;z17:P:557260.
Sum=882816317; test 882816317/1000000000+(1-z4289)^7 <= 9998907/10000000.
Leaf R011110011001101111011111110111100
  B=[z4306,z4275,z4315,z4284,z4289,z4278,z4309,z7,z3654,z4296,z8,z8] h=z10
  horizon=27 mass=z4289.
Cells
  z4279:B1:38750608;z4280:0:Nlo:334806822;z25:0:Nhi:28989443;z4316:0:Nhi:201689000
  ;z4311:J1:143670989;z15:JD1:45247954;z4317:JD1:87914248;z17:JD1:1557069.
Sum=882626133; test 882626133/1000000000+(1-z4289)^7 <= 9997005/10000000.
Leaf R011110011001101111011111110111101
  B=[z4306,z4275,z4315,z4284,z4289,z4278,z4309,z7,z4296,z3713,z8,z8] h=z10
  horizon=27 mass=z4289.
Cells
  z4279:B1:38750608;z4280:0:Nlo:334806822;z25:0:Nhi:28989443;z4316:0:Nhi:201689000
  ;z4311:J1:143654115;z15:JD1:45269893;z4318:JD1:88291144;z17:JD1:1359270.
Sum=882810295; test 882810295/1000000000+(1-z4289)^7 <= 9998847/10000000.
Leaf R011110011001101111011111110111110
  B=[z4306,z4319,z4288,z4284,z4289,z4278,z4309,z7,z3713,z9,z8,z8] h=z10 horizon=27
  mass=z4289.
Cells
  z4320:B1:36609650;z4321:0:Nlo:334874366;z25:0:Nhi:29724851;z4316:0:Nhi:201689001
  ;z4322:J1:158312748;z15:1:A:30635958;z4323:1:A:89700558;z17:P:146053.
Sum=881693185; test 881693185/1000000000+(1-z4289)^7 <= 9987675/10000000.
Leaf R011110011001101111011111110111111
  B=[z4299,z4275,z4315,z4284,z4289,z4278,z4309,z7,z3713,z9,z8,z8] h=z10 horizon=27
  mass=z4289.
Cells
  z4279:B1:38750608;z4280:0:Nlo:334806822;z25:0:Nhi:28989443;z4324:0:Nhi:194393694
  ;z4322:J1:165022984;z15:1:A:30635958;z4325:1:A:89556858;z17:P:412299.
Sum=882568666; test 882568666/1000000000+(1-z4289)^7 <= 9996430/10000000.
Leaf R01111001100110111101111111100
  B=[z4326,z3341,z4327,z4328,z4278,z2778,z4329,z7,z1039,z3654,z8,z8] h=z10
  horizon=27 mass=z4278.
Cells
  z3344:B1:38834640;z3345:0:Nlo:334802023;z25:0:Nhi:28961484;z4330:0:Nhi:143596311
  ;z4331:J1:201300528;z15:JD1:45266061;z4332:JD1:85684616;z17:JD1:3923935.
Sum=882369598; test 882369598/1000000000+(1-z4278)^7 <= 9993845/10000000.
Leaf R01111001100110111101111111101
  B=[z4326,z3341,z4327,z4328,z4278,z2778,z4329,z7,z3654,z9,z8,z8] h=z10 horizon=27
  mass=z4278.
Cells
  z3344:B1:38834640;z3345:0:Nlo:334802023;z25:0:Nhi:28961484;z4330:0:Nhi:143596312
  ;z4333:J1:215698757;z15:1:A:30808156;z4334:1:A:89286566;z17:P:880408.
Sum=882868346; test 882868346/1000000000+(1-z4278)^7 <= 9998833/10000000.
Leaf R01111001100110111101111111110
  B=[z4326,z3341,z4335,z2777,z4278,z2778,z4329,z7,z1039,z3654,z8,z8] h=z10
  horizon=27 mass=z4278.
Cells
  z3344:B1:38834640;z3345:0:Nlo:334802023;z25:0:Nhi:28961484;z4336:0:Nhi:201549217
  ;z4331:J1:143931058;z15:JD1:45297412;z4337:JD1:85844542;z17:JD1:3629203.
Sum=882849579; test 882849579/1000000000+(1-z4278)^7 <= 9998645/10000000.
Leaf R01111001100110111101111111111000
  B=[z4326,z4338,z4339,z4340,z4278,z4341,z4329,z7,z3654,z3713,z8,z8] h=z10
  horizon=27 mass=z4278.
Cells
  z4342:B1:38792620;z4343:0:Nlo:334804442;z25:0:Nhi:28975457;z4330:0:Nhi:143596313
  ;z4331:J1:201461485;z15:JD1:45314471;z4344:JD1:87665742;z17:JD1:2081262.
Sum=882691792; test 882691792/1000000000+(1-z4278)^7 <= 9997067/10000000.
Leaf R011110011001101111011111111110010
  B=[z4326,z4345,z4277,z4340,z4278,z4341,z4329,z7,z3713,z9,z8,z8] h=z10 horizon=27
  mass=z4278.
Cells
  z4346:B1:36650084;z4347:0:Nlo:334874103;z25:0:Nhi:29710534;z4330:0:Nhi:143596312
  ;z4348:J1:216025272;z15:1:A:30721702;z4349:1:A:89604264;z17:P:292914.
Sum=881475185; test 881475185/1000000000+(1-z4278)^7 <= 9984901/10000000.
Leaf R011110011001101111011111111110011
  B=[z4319,z4338,z4339,z4340,z4278,z4341,z4329,z7,z3713,z9,z8,z8] h=z10 horizon=27
  mass=z4278.
Cells
  z4342:B1:38792620;z4343:0:Nlo:334804442;z25:0:Nhi:28975457;z4350:0:Nhi:194260060
  ;z4348:J1:164862832;z15:1:A:30721702;z4351:1:A:89452120;z17:P:574473.
Sum=882443706; test 882443706/1000000000+(1-z4278)^7 <= 9994586/10000000.
Leaf R011110011001101111011111111110100
  B=[z4326,z4338,z4352,z4353,z4278,z4341,z4329,z7,z3654,z4296,z8,z8] h=z10
  horizon=27 mass=z4278.
Cells
  z4342:B1:38792620;z4343:0:Nlo:334804442;z25:0:Nhi:28975457;z4336:0:Nhi:201549216
  ;z4331:J1:143803821;z15:JD1:45304543;z4354:JD1:87887742;z17:JD1:1574338.
Sum=882692179; test 882692179/1000000000+(1-z4278)^7 <= 9997071/10000000.
Leaf R011110011001101111011111111110101
  B=[z4326,z4338,z4352,z4353,z4278,z4341,z4329,z7,z4296,z3713,z8,z8] h=z10
  horizon=27 mass=z4278.
Cells
  z4342:B1:38792620;z4343:0:Nlo:334804442;z25:0:Nhi:28975457;z4336:0:Nhi:201549216
  ;z4331:J1:143786888;z15:JD1:45326528;z4355:JD1:88264650;z17:JD1:1376559.
Sum=882876360; test 882876360/1000000000+(1-z4278)^7 <= 9998913/10000000.
Leaf R011110011001101111011111111110110
  B=[z4326,z4345,z4308,z4353,z4278,z4341,z4329,z7,z3713,z9,z8,z8] h=z10 horizon=27
  mass=z4278.
Cells
  z4346:B1:36650084;z4347:0:Nlo:334874103;z25:0:Nhi:29710534;z4336:0:Nhi:201549216
  ;z4356:J1:158530731;z15:1:A:30607417;z4357:1:A:89683441;z17:P:146237.
Sum=881751763; test 881751763/1000000000+(1-z4278)^7 <= 9987667/10000000.
Leaf R011110011001101111011111111110111
  B=[z4319,z4338,z4352,z4353,z4278,z4341,z4329,z7,z3713,z9,z8,z8] h=z10 horizon=27
  mass=z4278.
Cells
  z4342:B1:38792620;z4343:0:Nlo:334804442;z25:0:Nhi:28975457;z4350:0:Nhi:194260060
  ;z4356:J1:165242191;z15:1:A:30607417;z4358:1:A:89530522;z17:P:429427.
Sum=882642136; test 882642136/1000000000+(1-z4278)^7 <= 9996571/10000000.
Leaf R01111001100110111101111111111100
  B=[z4359,z3341,z4360,z4361,z4341,z2778,z4362,z7,z3654,z3713,z8,z8] h=z10
  horizon=27 mass=z4341.
Cells
  z3344:B1:38834640;z3345:0:Nlo:334802023;z25:0:Nhi:28961484;z4363:0:Nhi:143503820
  ;z4364:J1:201607346;z15:JD1:45371103;z4365:JD1:87639015;z17:JD1:2098806.
Sum=882818237; test 882818237/1000000000+(1-z4341)^7 <= 9997738/10000000.
Leaf R011110011001101111011111111111010
  B=[z4359,z4366,z4367,z4361,z4341,z2778,z4362,z7,z3713,z9,z8,z8] h=z10 horizon=27
  mass=z4341.
Cells
  z4368:B1:36690528;z4369:0:Nlo:334873800;z25:0:Nhi:29696230;z4363:0:Nhi:143503820
  ;z4370:J1:216256214;z15:1:A:30693114;z4371:1:A:89587013;z17:P:293281.
Sum=881594000; test 881594000/1000000000+(1-z4341)^7 <= 9985495/10000000.
Leaf R011110011001101111011111111111011
  B=[z4345,z3341,z4360,z4361,z4341,z2778,z4362,z7,z3713,z9,z8,z8] h=z10 horizon=27
  mass=z4341.
Cells
  z3344:B1:38834640;z3345:0:Nlo:334802023;z25:0:Nhi:28961484;z4372:0:Nhi:194126606
  ;z4370:J1:165081472;z15:1:A:30693114;z4373:1:A:89425690;z17:P:591691.
Sum=882516720; test 882516720/1000000000+(1-z4341)^7 <= 9994723/10000000.
Leaf R011110011001101111011111111111100
  B=[z4359,z3341,z4374,z2777,z4341,z2778,z4362,z7,z3654,z4296,z8,z8] h=z10
  horizon=27 mass=z4341.
Cells
  z3344:B1:38834640;z3345:0:Nlo:334802023;z25:0:Nhi:28961484;z4375:0:Nhi:201409621
  ;z4364:J1:143936674;z15:JD1:45361171;z4376:JD1:87861227;z17:JD1:1591616.
Sum=882758456; test 882758456/1000000000+(1-z4341)^7 <= 9997140/10000000.
Leaf R011110011001101111011111111111101
  B=[z4359,z3341,z4374,z2777,z4341,z2778,z4362,z7,z4296,z3713,z8,z8] h=z10
  horizon=27 mass=z4341.
Cells
  z3344:B1:38834640;z3345:0:Nlo:334802023;z25:0:Nhi:28961484;z4375:0:Nhi:201409621
  ;z4364:J1:143919682;z15:JD1:45383203;z4377:JD1:88238149;z17:JD1:1393857.
Sum=882942659; test 882942659/1000000000+(1-z4341)^7 <= 9998982/10000000.
Leaf R011110011001101111011111111111110
  B=[z4359,z4366,z4340,z2777,z4341,z2778,z4362,z7,z3713,z9,z8,z8] h=z10 horizon=27
  mass=z4341.
Cells
  z4368:B1:36690528;z4369:0:Nlo:334873800;z25:0:Nhi:29696230;z4375:0:Nhi:201409622
  ;z2834:J1:158748714;z15:1:A:30578930;z4378:1:A:89666324;z17:P:146421.
Sum=881810569; test 881810569/1000000000+(1-z4341)^7 <= 9987661/10000000.
Leaf R011110011001101111011111111111111
  B=[z4345,z3341,z4374,z2777,z4341,z2778,z4362,z7,z3713,z9,z8,z8] h=z10 horizon=27
  mass=z4341.
Cells
  z3344:B1:38834640;z3345:0:Nlo:334802023;z25:0:Nhi:28961484;z4372:0:Nhi:194126607
  ;z2834:J1:165461402;z15:1:A:30578930;z4379:1:A:89504179;z17:P:446561.
Sum=882715826; test 882715826/1000000000+(1-z4341)^7 <= 9996714/10000000.
Leaf R011110011001101111100000
  B=[z3393,z4380,z4381,z4053,z2824,z3313,z2832,z7,z164,z9,z8,z8] h=z10 horizon=27
  mass=z2824.
Cells
  z4382:B1:38890911;z4383:0:Nlo:334798722;z25:0:Nhi:28942799;z4384:0:Nhi:136842064
  ;z4385:J1:217586099;z15:1:A:32235847;z4386:1:A:88918550;z17:P:2528927.
Sum=880743919; test 880743919/1000000000+(1-z2824)^7 <= 9995529/10000000.
Leaf R011110011001101111100001
  B=[z4026,z4387,z4388,z4012,z3313,z3280,z3321,z7,z164,z9,z8,z8] h=z10 horizon=27
  mass=z3313.
Cells
  z4389:B1:39231919;z4390:0:Nlo:334777233;z25:0:Nhi:28830186;z4391:0:Nhi:190327316
  ;z4015:J1:164960121;z15:1:A:31992588;z4392:1:A:88697691;z17:P:2676261.
Sum=881493315; test 881493315/1000000000+(1-z3313)^7 <= 9998216/10000000.
Leaf R011110011001101111100010
  B=[z3797,z4393,z4394,z4395,z2824,z3313,z2832,z7,z164,z9,z8,z8] h=z4396
  horizon=27 mass=z2824.
Cells
  z4397:B1:39958854;z4398:0:Nlo:334723065;z25:0:Nhi:28593633;z4399:0:Nhi:134636835
  ;z4400:J1:218318112;z15:1:A:32857410;z4401:1:A:88721277;z17:P:2730979.
Sum=880540165; test 880540165/1000000000+(1-z2824)^7 <= 9993491/10000000.
Leaf R011110011001101111100011
  B=[z4380,z4402,z4403,z4404,z3313,z3280,z3321,z7,z164,z9,z8,z8] h=z4405
  horizon=27 mass=z3313.
Cells
  z4406:B1:40306061;z4407:0:Nlo:334693270;z25:0:Nhi:28482290;z4408:0:Nhi:187045647
  ;z4409:J1:165652599;z15:1:A:33065186;z4410:1:A:88508491;z17:P:2742764.
Sum=880496308; test 880496308/1000000000+(1-z3313)^7 <= 9988246/10000000.
Leaf R011110011001101111100100
  B=[z3393,z4387,z4411,z3279,z2824,z3280,z2832,z7,z164,z191,z8,z8] h=z10
  horizon=27 mass=z2824.
Cells
  z4389:B1:39231919;z4390:0:Nlo:334777233;z25:0:Nhi:28830186;z4412:0:Nhi:191387057
  ;z3241:J1:154385808;z15:JD1:43465332;z4413:JD1:74422456;z17:JD1:14354303.
Sum=880854294; test 880854294/1000000000+(1-z2824)^7 <= 9996633/10000000.
Leaf R011110011001101111100101
  B=[z3797,z4402,z4414,z4415,z2824,z3280,z2832,z7,z164,z191,z8,z8] h=z4396
  horizon=27 mass=z2824.
Cells
  z4406:B1:40306061;z4407:0:Nlo:334693270;z25:0:Nhi:28482290;z4416:0:Nhi:188083196
  ;z3241:J1:156853262;z15:JD1:43362085;z4417:JD1:74239325;z17:JD1:14554930.
Sum=880574419; test 880574419/1000000000+(1-z2824)^7 <= 9993834/10000000.
Leaf R011110011001101111100110000
  B=[z3393,z4418,z4419,z4046,z2824,z4032,z2832,z7,z191,z9,z8,z8] h=z10 horizon=27
  mass=z2824.
Cells
  z4420:B1:38720623;z4421:0:Nlo:334808496;z25:0:Nhi:28999436;z4412:0:Nhi:191387056
  ;z4422:J1:164047990;z15:1:A:31870760;z4423:1:A:89543147;z17:P:1366996.
Sum=880744504; test 880744504/1000000000+(1-z2824)^7 <= 9995535/10000000.
Leaf R0111100110011011111001100010
  B=[z3393,z4418,z4424,z4031,z2824,z4032,z2832,z7,z191,z1039,z8,z8] h=z10
  horizon=27 mass=z2824.
Cells
  z4420:B1:38720623;z4421:0:Nlo:334808496;z25:0:Nhi:28999436;z4412:0:Nhi:191387057
  ;z3241:J1:153273193;z15:JD1:43555087;z4425:JD1:82560621;z17:JD1:6976639.
Sum=880281152; test 880281152/1000000000+(1-z2824)^7 <= 9990901/10000000.
Leaf R011110011001101111100110001100
  B=[z3393,z4426,z4427,z4428,z2824,z4429,z2832,z7,z1039,z9,z8,z8] h=z10 horizon=27
  mass=z2824.
Cells
  z4430:B1:38635535;z4431:0:Nlo:334813139;z25:0:Nhi:29027837;z4412:0:Nhi:191387056
  ;z4432:J1:164463871;z15:1:A:31692731;z4433:1:A:89858207;z17:P:778431.
Sum=880656807; test 880656807/1000000000+(1-z2824)^7 <= 9994658/10000000.
Leaf R011110011001101111100110001101
  B=[z3393,z4426,z4434,z4435,z2824,z4429,z2832,z7,z1039,z9,z8,z8] h=z10 horizon=27
  mass=z2824.
Cells
  z4430:B1:38635535;z4431:0:Nlo:334813139;z25:0:Nhi:29027837;z4412:0:Nhi:191387058
  ;z4436:J1:165223545;z15:1:A:31457271;z4437:1:A:90007416;z17:P:499105.
Sum=881050906; test 881050906/1000000000+(1-z2824)^7 <= 9998599/10000000.
Leaf R011110011001101111100110001110
  B=[z4438,z4418,z4439,z4440,z4429,z4032,z4441,z7,z1039,z9,z8,z8] h=z10 horizon=27
  mass=z4429.
Cells
  z4420:B1:38720623;z4421:0:Nlo:334808496;z25:0:Nhi:28999436;z4442:0:Nhi:191121035
  ;z4443:J1:164902817;z15:1:A:31632183;z4444:1:A:89804999;z17:P:813343.
Sum=880802932; test 880802932/1000000000+(1-z4429)^7 <= 9994916/10000000.
Leaf R011110011001101111100110001111
  B=[z4438,z4418,z4445,z4031,z4429,z4032,z4441,z7,z1039,z9,z8,z8] h=z10 horizon=27
  mass=z4429.
Cells
  z4420:B1:38720623;z4421:0:Nlo:334808496;z25:0:Nhi:28999436;z4442:0:Nhi:191121035
  ;z4036:J1:165664755;z15:1:A:31397149;z4446:1:A:89954531;z17:P:533691.
Sum=881199716; test 881199716/1000000000+(1-z4429)^7 <= 9998883/10000000.
Leaf R011110011001101111100110010
  B=[z4030,z4380,z4447,z4040,z4032,z3313,z4041,z7,z191,z9,z8,z8] h=z10 horizon=27
  mass=z4032.
Cells
  z4382:B1:38890911;z4383:0:Nlo:334798722;z25:0:Nhi:28942799;z4448:0:Nhi:190855739
  ;z4044:J1:164923907;z15:1:A:31749495;z4449:1:A:89435377;z17:P:1438129.
Sum=881035079; test 881035079/1000000000+(1-z4032)^7 <= 9996035/10000000.
Leaf R01111001100110111110011001100
  B=[z4030,z4450,z4451,z3986,z4032,z3313,z4041,z7,z191,z1039,z8,z8] h=z10
  horizon=27 mass=z4032.
Cells
  z4452:B1:38359046;z4453:0:Nlo:334827107;z25:0:Nhi:29120596;z4448:0:Nhi:190855739
  ;z4454:J1:153815614;z15:JD1:43776856;z4455:JD1:82565544;z17:JD1:6835833.
Sum=880156335; test 880156335/1000000000+(1-z4032)^7 <= 9987247/10000000.
Leaf R01111001100110111110011001101
  B=[z4030,z4450,z4451,z3986,z4032,z3313,z4041,z7,z1039,z9,z8,z8] h=z10 horizon=27
  mass=z4032.
Cells
  z4452:B1:38359046;z4453:0:Nlo:334827107;z25:0:Nhi:29120596;z4448:0:Nhi:190855739
  ;z4048:J1:166301861;z15:1:A:31277591;z4456:1:A:89845692;z17:P:672828.
Sum=881260460; test 881260460/1000000000+(1-z4032)^7 <= 9998289/10000000.
Leaf R01111001100110111110011001110
  B=[z4457,z4458,z4459,z4460,z4032,z4461,z4041,z7,z191,z9,z8,z8] h=z4462
  horizon=27 mass=z4032.
Cells
  z4463:B1:38805749;z4464:0:Nlo:334803690;z25:0:Nhi:28971089;z4465:0:Nhi:189195284
  ;z4466:J1:167517213;z15:1:A:31469242;z4467:1:A:89753889;z17:P:807660.
Sum=881323816; test 881323816/1000000000+(1-z4032)^7 <= 9998922/10000000.
Leaf R01111001100110111110011001111
  B=[z4468,z4380,z4469,z4470,z4461,z3313,z4471,z7,z191,z9,z8,z8] h=z4472
  horizon=27 mass=z4461.
Cells
  z4382:B1:38890911;z4383:0:Nlo:334798722;z25:0:Nhi:28942799;z4473:0:Nhi:188933509
  ;z4474:J1:167715389;z15:1:A:31519765;z4475:1:A:89702461;z17:P:808557.
Sum=881312113; test 881312113/1000000000+(1-z4461)^7 <= 9997604/10000000.
Leaf R0111100110011011111001101000
  B=[z4026,z4476,z4477,z4054,z3313,z4055,z3321,z7,z191,z9,z8,z8] h=z10 horizon=27
  mass=z3313.
Cells
  z4478:B1:38527915;z4479:0:Nlo:334818780;z25:0:Nhi:29063857;z4391:0:Nhi:190327316
  ;z4059:J1:165799914;z15:1:A:31629150;z4480:1:A:89437486;z17:P:1304850.
Sum=880909268; test 880909268/1000000000+(1-z3313)^7 <= 9992375/10000000.
Leaf R01111001100110111110011010010
  B=[z4026,z4476,z4481,z4061,z3313,z4055,z3321,z7,z191,z1039,z8,z8] h=z10
  horizon=27 mass=z3313.
Cells
  z4478:B1:38527915;z4479:0:Nlo:334818780;z25:0:Nhi:29063857;z4391:0:Nhi:190327316
  ;z3991:J1:154358518;z15:JD1:43999210;z4482:JD1:82454335;z17:JD1:6910082.
Sum=880460013; test 880460013/1000000000+(1-z3313)^7 <= 9987883/10000000.
Leaf R01111001100110111110011010011
  B=[z4026,z4476,z4481,z4061,z3313,z4055,z3321,z7,z1039,z9,z8,z8] h=z10 horizon=27
  mass=z3313.
Cells
  z4478:B1:38527915;z4479:0:Nlo:334818780;z25:0:Nhi:29063857;z4391:0:Nhi:190327316
  ;z4063:J1:167184837;z15:1:A:31158942;z4483:1:A:89739557;z17:P:742292.
Sum=881563496; test 881563496/1000000000+(1-z3313)^7 <= 9998918/10000000.
Leaf R0111100110011011111001101010
  B=[z4052,z4484,z4485,z4067,z4055,z3280,z4068,z7,z191,z9,z8,z8] h=z10 horizon=27
  mass=z4055.
Cells
  z4486:B1:38696931;z4487:0:Nlo:334809805;z25:0:Nhi:29007337;z4488:0:Nhi:189801763
  ;z4071:J1:166676026;z15:1:A:31509712;z4489:1:A:89329917;z17:P:1375708.
Sum=881207199; test 881207199/1000000000+(1-z4055)^7 <= 9992957/10000000.
Leaf R011110011001101111100110101100
  B=[z4052,z4490,z4491,z3279,z4055,z3280,z4068,z7,z191,z1039,z8,z8] h=z10
  horizon=27 mass=z4055.
Cells
  z4492:B1:38429977;z4493:0:Nlo:334823688;z25:0:Nhi:29096730;z4488:0:Nhi:189801762
  ;z4074:J1:154901920;z15:JD1:44222148;z4494:JD1:82401750;z17:JD1:6876078.
Sum=880554053; test 880554053/1000000000+(1-z4055)^7 <= 9986426/10000000.
Leaf R011110011001101111100110101101
  B=[z4052,z4490,z4491,z3279,z4055,z3280,z4068,z7,z1039,z9,z8,z8] h=z10 horizon=27
  mass=z4055.
Cells
  z4492:B1:38429977;z4493:0:Nlo:334823688;z25:0:Nhi:29096730;z4488:0:Nhi:189801763
  ;z3284:J1:168067973;z15:1:A:31041186;z4495:1:A:89689739;z17:P:706767.
Sum=881657823; test 881657823/1000000000+(1-z4055)^7 <= 9997464/10000000.
Leaf R01111001100110111110011010111
  B=[z4496,z4484,z4497,z4498,z4055,z3280,z4068,z7,z191,z9,z8,z8] h=z4499
  horizon=27 mass=z4055.
Cells
  z4486:B1:38696931;z4487:0:Nlo:334809805;z25:0:Nhi:29007337;z4500:0:Nhi:188973563
  ;z4501:J1:168510965;z15:1:A:31264351;z4502:1:A:89637133;z17:P:742276.
Sum=881642361; test 881642361/1000000000+(1-z4055)^7 <= 9997309/10000000.
Leaf R0111100110011011111001101100
  B=[z4450,z4503,z4504,z4505,z3313,z4055,z3321,z7,z191,z9,z8,z8] h=z4506
  horizon=27 mass=z3313.
Cells
  z4507:B1:39061343;z4508:0:Nlo:334788299;z25:0:Nhi:28886383;z4509:0:Nhi:188672447
  ;z4510:J1:166550926;z15:1:A:31985318;z4511:1:A:89333792;z17:P:1400575.
Sum=880679083; test 880679083/1000000000+(1-z3313)^7 <= 9990074/10000000.
Leaf R0111100110011011111001101101
  B=[z4450,z4503,z4512,z4513,z3313,z4055,z3321,z7,z191,z9,z8,z8] h=z4506
  horizon=27 mass=z3313.
Cells
  z4507:B1:39061343;z4508:0:Nlo:334788299;z25:0:Nhi:28886383;z4509:0:Nhi:188672445
  ;z4514:J1:168112898;z15:1:A:31510114;z4515:1:A:89633173;z17:P:842826.
Sum=881507481; test 881507481/1000000000+(1-z3313)^7 <= 9998357/10000000.
Leaf R011110011001101111100110111
  B=[z4476,z4387,z4516,z4517,z4055,z3280,z4068,z7,z191,z9,z8,z8] h=z4518
  horizon=27 mass=z4055.
Cells
  z4389:B1:39231919;z4390:0:Nlo:334777233;z25:0:Nhi:28830186;z4519:0:Nhi:188152443
  ;z4520:J1:168509256;z15:1:A:31610378;z4521:1:A:89230010;z17:P:1403652.
Sum=881745077; test 881745077/1000000000+(1-z4055)^7 <= 9998336/10000000.
Leaf R011110011001101111100111000
  B=[z3797,z4522,z4523,z4524,z2824,z4032,z2832,z7,z191,z9,z8,z8] h=z4396
  horizon=27 mass=z2824.
Cells
  z4525:B1:39252350;z4526:0:Nlo:334775865;z25:0:Nhi:28823473;z4416:0:Nhi:188083197
  ;z4527:J1:167304787;z15:1:A:32004119;z4528:1:A:89444387;z17:P:1384554.
Sum=881072732; test 881072732/1000000000+(1-z2824)^7 <= 9998817/10000000.
Leaf R011110011001101111100111001
  B=[z3897,z4529,z4530,z4531,z2824,z4032,z2832,z7,z191,z9,z8,z8] h=z4532
  horizon=27 mass=z2824.
Cells
  z4533:B1:39785460;z4534:0:Nlo:334737005;z25:0:Nhi:28649630;z4535:0:Nhi:186472999
  ;z4536:J1:167252082;z15:1:A:32705972;z4537:1:A:89347216;z17:P:1374722.
Sum=880325086; test 880325086/1000000000+(1-z2824)^7 <= 9991341/10000000.
Leaf R011110011001101111100111010
  B=[z4418,z4538,z4539,z4540,z4032,z3313,z4041,z7,z191,z9,z8,z8] h=z4541
  horizon=27 mass=z4032.
Cells
  z4542:B1:39424195;z4543:0:Nlo:334764002;z25:0:Nhi:28767157;z4544:0:Nhi:187563010
  ;z4545:J1:167695841;z15:1:A:32105516;z4546:1:A:89340318;z17:P:1387585.
Sum=881047624; test 881047624/1000000000+(1-z4032)^7 <= 9996160/10000000.
Leaf R011110011001101111100111011
  B=[z4522,z4393,z4547,z4548,z4032,z3313,z4041,z7,z191,z9,z8,z8] h=z4549
  horizon=27 mass=z4032.
Cells
  z4397:B1:39958854;z4398:0:Nlo:334723065;z25:0:Nhi:28593633;z4550:0:Nhi:185958217
  ;z4551:J1:167636676;z15:1:A:32807335;z4552:1:A:89243051;z17:P:1377716.
Sum=880298547; test 880298547/1000000000+(1-z4032)^7 <= 9988670/10000000.
Leaf R01111001100110111110011110
  B=[z4380,z4553,z4554,z4555,z3313,z4055,z3321,z7,z191,z9,z8,z8] h=z4405
  horizon=27 mass=z3313.
Cells
  z4556:B1:40132388;z4557:0:Nlo:334708486;z25:0:Nhi:28537853;z4408:0:Nhi:187045648
  ;z4558:J1:168086309;z15:1:A:32206327;z4559:1:A:89127089;z17:P:1594135.
Sum=881438235; test 881438235/1000000000+(1-z3313)^7 <= 9997665/10000000.
Leaf R01111001100110111110011111
  B=[z4503,z4402,z4560,z4561,z4055,z3280,z4068,z7,z191,z9,z8,z8] h=z4562
  horizon=27 mass=z4055.
Cells
  z4406:B1:40306061;z4407:0:Nlo:334693270;z25:0:Nhi:28482290;z4563:0:Nhi:186531086
  ;z4564:J1:168476199;z15:1:A:32306559;z4565:1:A:89022836;z17:P:1597631.
Sum=881415932; test 881415932/1000000000+(1-z4055)^7 <= 9995045/10000000.
Leaf R011110011001101111101000
  B=[z4010,z4566,z4567,z4568,z3280,z3330,z3288,z7,z164,z9,z8,z8] h=z4569
  horizon=27 mass=z3280.
Cells
  z4570:B1:39573497;z4571:0:Nlo:334753181;z25:0:Nhi:28718445;z4572:0:Nhi:189279057
  ;z4573:J1:166491654;z15:1:A:31850363;z4574:1:A:88478374;z17:P:2794129.
Sum=881938700; test 881938700/1000000000+(1-z3280)^7 <= 9997879/10000000.
Leaf R011110011001101111101001
  B=[z3348,z4575,z4576,z4577,z3330,z2778,z3343,z7,z164,z9,z8,z8] h=z3352
  horizon=27 mass=z3330.
Cells
  z4578:B1:39915632;z4579:0:Nlo:334726600;z25:0:Nhi:28607566;z4007:0:Nhi:188242093
  ;z4580:J1:167265969;z15:1:A:32053565;z4581:1:A:88266534;z17:P:2806274.
Sum=881884233; test 881884233/1000000000+(1-z3330)^7 <= 9992561/10000000.
Leaf R011110011001101111101010
  B=[z4010,z4575,z4582,z4583,z3280,z2778,z3288,z7,z164,z191,z8,z8] h=z4569
  horizon=27 mass=z3280.
Cells
  z4578:B1:39915632;z4579:0:Nlo:334726600;z25:0:Nhi:28607566;z4572:0:Nhi:189279056
  ;z260:J1:66594719;z4584:B11/25:12876939;z3290:J1:76999166;z15:JD1:44336451;z4585
  :JD1:73951471;z17:JD1:14647336.
Sum=881934936; test 881934936/1000000000+(1-z3280)^7 <= 9997842/10000000.
Leaf R0111100110011011111010110000
  B=[z4010,z4586,z4587,z4588,z3280,z4084,z3288,z7,z191,z9,z8,z8] h=z4569
  horizon=27 mass=z3280.
Cells
  z4589:B1:38866092;z4590:0:Nlo:334800186;z25:0:Nhi:28951037;z4572:0:Nhi:189279056
  ;z4591:J1:167339738;z15:1:A:31487616;z4592:1:A:89224048;z17:P:1416813.
Sum=881364586; test 881364586/1000000000+(1-z3280)^7 <= 9992138/10000000.
Leaf R01111001100110111110101100010
  B=[z4010,z4593,z4594,z4595,z3280,z4095,z3288,z7,z191,z9,z8,z8] h=z4569
  horizon=27 mass=z3280.
Cells
  z4596:B1:38781494;z4597:0:Nlo:334805076;z25:0:Nhi:28979159;z4572:0:Nhi:189279057
  ;z4598:J1:168707066;z15:1:A:31077948;z4599:1:A:89546510;z17:P:818408.
Sum=881994718; test 881994718/1000000000+(1-z3280)^7 <= 9998440/10000000.
Leaf R01111001100110111110101100011
  B=[z4092,z4586,z4600,z4601,z4095,z4084,z4103,z7,z191,z9,z8,z8] h=z4602
  horizon=27 mass=z4095.
Cells
  z4589:B1:38866092;z4590:0:Nlo:334800186;z25:0:Nhi:28951037;z4603:0:Nhi:189018764
  ;z4604:J1:168907611;z15:1:A:31127623;z4605:1:A:89495281;z17:P:819322.
Sum=881985916; test 881985916/1000000000+(1-z4095)^7 <= 9997157/10000000.
Leaf R0111100110011011111010110010
  B=[z4081,z4606,z4607,z4608,z4084,z3330,z4114,z7,z191,z9,z8,z8] h=z4609
  horizon=27 mass=z4084.
Cells
  z4610:B1:39035397;z4611:0:Nlo:334789927;z25:0:Nhi:28894954;z4612:0:Nhi:188759174
  ;z4613:J1:167732400;z15:1:A:31588174;z4614:1:A:89120543;z17:P:1419938.
Sum=881340507; test 881340507/1000000000+(1-z4084)^7 <= 9989509/10000000.
Leaf R0111100110011011111010110011
  B=[z4081,z4606,z4615,z4616,z4084,z3330,z4114,z7,z191,z9,z8,z8] h=z4609
  horizon=27 mass=z4084.
Cells
  z4610:B1:39035397;z4611:0:Nlo:334789927;z25:0:Nhi:28894954;z4612:0:Nhi:188759174
  ;z4617:J1:169306626;z15:1:A:31118559;z4618:1:A:89426160;z17:P:853493.
Sum=882184290; test 882184290/1000000000+(1-z4084)^7 <= 9997946/10000000.
Leaf R011110011001101111101011010
  B=[z4484,z4619,z4620,z4621,z3280,z4084,z3288,z7,z191,z9,z8,z8] h=z4622
  horizon=27 mass=z3280.
Cells
  z4623:B1:39402638;z4624:0:Nlo:334765526;z25:0:Nhi:28774207;z4625:0:Nhi:187635252
  ;z4626:J1:168905029;z15:1:A:31710067;z4627:1:A:89126316;z17:P:1406733.
Sum=881725768; test 881725768/1000000000+(1-z3280)^7 <= 9995750/10000000.
Leaf R011110011001101111101011011
  B=[z4586,z4566,z4628,z4629,z4084,z3330,z4114,z7,z191,z9,z8,z8] h=z4630
  horizon=27 mass=z4084.
Cells
  z4570:B1:39573497;z4571:0:Nlo:334753181;z25:0:Nhi:28718445;z4631:0:Nhi:187120850
  ;z4632:J1:169300236;z15:1:A:31809187;z4633:1:A:89022716;z17:P:1409821.
Sum=881707933; test 881707933/1000000000+(1-z4084)^7 <= 9993183/10000000.
Leaf R011110011001101111101011100
  B=[z3348,z4634,z4635,z4636,z3330,z4168,z3343,z7,z191,z9,z8,z8] h=z3352
  horizon=27 mass=z3330.
Cells
  z4637:B1:39204842;z4638:0:Nlo:334779032;z25:0:Nhi:28839089;z4007:0:Nhi:188242093
  ;z4639:J1:169707732;z15:1:A:31217147;z4640:1:A:89017130;z17:P:1423068.
Sum=882430133; test 882430133/1000000000+(1-z3330)^7 <= 9998020/10000000.
Leaf R011110011001101111101011101
  B=[z4606,z4641,z4642,z4643,z3330,z4168,z3343,z7,z191,z9,z8,z8] h=z4644
  horizon=27 mass=z3330.
Cells
  z4645:B1:39744495;z4646:0:Nlo:334740205;z25:0:Nhi:28662899;z4647:0:Nhi:186609216
  ;z4648:J1:169694872;z15:1:A:31907739;z4649:1:A:88919204;z17:P:1412912.
Sum=881691542; test 881691542/1000000000+(1-z3330)^7 <= 9990634/10000000.
Leaf R011110011001101111101011110
  B=[z4165,z4650,z4651,z4652,z4168,z2778,z4267,z7,z191,z9,z8,z8] h=z4653
  horizon=27 mass=z4168.
Cells
  z4654:B1:39374429;z4655:0:Nlo:334767503;z25:0:Nhi:28783438;z4656:0:Nhi:187727792
  ;z4657:J1:170108271;z15:1:A:31315173;z4658:1:A:88913808;z17:P:1426203.
Sum=882416617; test 882416617/1000000000+(1-z4168)^7 <= 9995504/10000000.
Leaf R011110011001101111101011111
  B=[z4634,z4575,z4659,z4660,z4168,z2778,z4267,z7,z191,z9,z8,z8] h=z4661
  horizon=27 mass=z4168.
Cells
  z4578:B1:39915632;z4579:0:Nlo:334726600;z25:0:Nhi:28607566;z4662:0:Nhi:186100327
  ;z4663:J1:170088953;z15:1:A:32005726;z4664:1:A:88815787;z17:P:1416010.
Sum=881676601; test 881676601/1000000000+(1-z4168)^7 <= 9988104/10000000.
Leaf R011110011001101111101100
  B=[z4387,z3358,z4665,z4666,z3280,z3330,z3288,z7,z164,z9,z8,z8] h=z4667
  horizon=27 mass=z3280.
Cells
  z4668:B1:40653815;z4669:0:Nlo:334660942;z25:0:Nhi:28371811;z4670:0:Nhi:186019301
  ;z4671:J1:166403602;z15:1:A:33270575;z4672:1:A:88296048;z17:P:2754585.
Sum=880430679; test 880430679/1000000000+(1-z3280)^7 <= 9982799/10000000.
Leaf R0111100110011011111011010
  B=[z4387,z4673,z4674,z4675,z3280,z4084,z3288,z7,z164,z9,z8,z8] h=z4667
  horizon=27 mass=z3280.
Cells
  z4676:B1:40479869;z4677:0:Nlo:334677421;z25:0:Nhi:28426944;z4670:0:Nhi:186019301
  ;z4678:J1:169220744;z15:1:A:32406212;z4679:1:A:88918675;z17:P:1601132.
Sum=881750298; test 881750298/1000000000+(1-z3280)^7 <= 9995995/10000000.
Leaf R0111100110011011111011011
  B=[z4619,z3358,z4680,z4681,z4084,z3330,z4114,z7,z164,z9,z8,z8] h=z4682
  horizon=27 mass=z4084.
Cells
  z4668:B1:40653815;z4669:0:Nlo:334660942;z25:0:Nhi:28371811;z4683:0:Nhi:185510273
  ;z4684:J1:169612003;z15:1:A:32505292;z4685:1:A:88814604;z17:P:1604639.
Sum=881733379; test 881733379/1000000000+(1-z4084)^7 <= 9993437/10000000.
Leaf R011110011001101111101110
  B=[z4566,z3349,z4686,z4687,z3330,z2778,z3343,z7,z164,z9,z8,z8] h=z4688
  horizon=27 mass=z3330.
Cells
  z3353:B1:41002106;z3354:0:Nlo:334626111;z25:0:Nhi:28262185;z4689:0:Nhi:185003979
  ;z4690:J1:167152303;z15:1:A:33473612;z4691:1:A:88083948;z17:P:2766443.
Sum=880370687; test 880370687/1000000000+(1-z3330)^7 <= 9977426/10000000.
Leaf R011110011001101111101111
  B=[z4566,z3349,z4692,z4693,z3330,z2778,z3343,z7,z164,z9,z8,z8] h=z4688
  horizon=27 mass=z3330.
Cells
  z3353:B1:41002106;z3354:0:Nlo:334626111;z25:0:Nhi:28262185;z4689:0:Nhi:185003979
  ;z4694:J1:170416209;z15:1:A:32480800;z4695:1:A:88675143;z17:P:1673900.
Sum=882140433; test 882140433/1000000000+(1-z3330)^7 <= 9995123/10000000.
Leaf R011110011001101111110000
  B=[z3622,z4696,z4697,z4698,z2824,z3313,z2832,z7,z164,z9,z8,z8] h=z4699
  horizon=27 mass=z2824.
Cells
  z4700:B1:41032132;z4701:0:Nlo:334622995;z25:0:Nhi:28252783;z4702:0:Nhi:132500864
  ;z4703:J1:216813446;z15:1:A:34300403;z4704:1:A:88539652;z17:P:2692381.
Sum=878754656; test 878754656/1000000000+(1-z2824)^7 <= 9975636/10000000.
Leaf R011110011001101111110001
  B=[z3622,z4696,z4705,z4706,z2824,z3313,z2832,z7,z164,z9,z8,z8] h=z4699
  horizon=27 mass=z2824.
Cells
  z4700:B1:41032132;z4701:0:Nlo:334622995;z25:0:Nhi:28252783;z4707:0:Nhi:184889705
  ;z4708:J1:167920516;z15:1:A:33284464;z4709:1:A:89107145;z17:P:1632773.
Sum=880742513; test 880742513/1000000000+(1-z2824)^7 <= 9995515/10000000.
Leaf R01111001100110111111001
  B=[z3937,z3310,z3985,z4710,z2824,z3313,z2832,z7,z164,z9,z8,z8] h=z4711
  horizon=27 mass=z2824.
Cells
  z3314:B1:42110410;z3315:0:Nlo:334499401;z25:0:Nhi:27919956;z4712:0:Nhi:181801210
  ;z4713:J1:166923062;z4714:1:Q:710812;z4715:J1:2;z15:1:A:34709937;z4716:1:A:88358
  200;z17:P:2654154.
Sum=879687144; test 879687144/1000000000+(1-z2824)^7 <= 9984961/10000000.
Leaf R01111001100110111111010
  B=[z4393,z4717,z4718,z4719,z3313,z3280,z3321,z7,z164,z9,z8,z8] h=z4720
  horizon=27 mass=z3313.
Cells
  z4721:B1:41385470;z4722:0:Nlo:334584984;z25:0:Nhi:28142684;z4723:0:Nhi:183873493
  ;z4724:J1:168683961;z15:1:A:33486332;z4725:1:A:88326594;z17:P:2703888.
Sum=881187406; test 881187406/1000000000+(1-z3313)^7 <= 9995157/10000000.
Leaf R01111001100110111111011
  B=[z4696,z3319,z3988,z4726,z3313,z3280,z3321,z7,z164,z9,z8,z8] h=z4727
  horizon=27 mass=z3313.
Cells
  z3322:B1:42469816;z3323:0:Nlo:334453266;z25:0:Nhi:27811072;z4728:0:Nhi:180805525
  ;z4729:J1:167540016;z4730:1:Q:831623;z4731:J1:2;z15:1:A:34911652;z4732:1:A:88144
  866;z17:P:2665389.
Sum=879633227; test 879633227/1000000000+(1-z3313)^7 <= 9979615/10000000.
Leaf R0111100110011011111110
  B=[z4402,z3327,z3994,z4733,z3280,z3330,z3288,z7,z164,z9,z8,z8] h=z4734
  horizon=27 mass=z3280.
Cells
  z3331:B1:42829726;z3332:0:Nlo:334404660;z25:0:Nhi:27703034;z4735:0:Nhi:182868216
  ;z4736:J1:169445195;z15:1:A:33685870;z4737:1:A:87904745;z17:P:3102825.
Sum=881944271; test 881944271/1000000000+(1-z3280)^7 <= 9997935/10000000.
Leaf R0111100110011011111111
  B=[z3358,z3070,z4005,z4738,z3330,z2778,z3343,z7,z164,z9,z8,z8] h=z3361
  horizon=27 mass=z3330.
Cells
  z3097:B1:43190129;z3098:0:Nlo:334353610;z25:0:Nhi:27595831;z4739:0:Nhi:181873705
  ;z4740:J1:170204283;z15:1:A:33883108;z4741:1:A:87691007;z17:P:3116061.
Sum=881907734; test 881907734/1000000000+(1-z3330)^7 <= 9992796/10000000.
Leaf R01111001100111000
  B=[z2776,z4742,z2804,z2842,z2778,z2843,z2784,z7,z145,z164,z8,z8] h=z10
  horizon=27 mass=z2778.
Cells
  z4743:B1:35820666;z4744:0:Nlo:334871288;z25:0:Nhi:30007703;z3145:0:Nhi:166603518
  ;z260:J1:92021717;z3101:B11/25:17983121;z2786:J1:72134526;z15:JD1:45045704;z4745
  :JD1:54926641;z17:JD1:32504646.
Sum=881919530; test 881919530/1000000000+(1-z2778)^7 <= 9988157/10000000.
Leaf R01111001100111001
  B=[z2841,z4746,z2851,z2770,z2843,z2731,z2852,z7,z145,z164,z8,z8] h=z10
  horizon=27 mass=z2843.
Cells
  z4747:B1:37078227;z4748:0:Nlo:334868857;z25:0:Nhi:29559977;z4749:0:Nhi:212826390
  ;z260:J1:47044682;z3250:B11/25:15232279;z3251:J1:73847913;z15:JD1:46859054;z4750
  :JD1:54001885;z17:JD1:32912628.
Sum=884231892; test 884231892/1000000000+(1-z2843)^7 <= 9992417/10000000.
Leaf R011110011001110100
  B=[z2776,z4742,z2804,z4751,z2778,z2843,z2784,z7,z164,z9,z8,z8] h=z10 horizon=27
  mass=z2778.
Cells
  z4743:B1:35820666;z4744:0:Nlo:334871288;z25:0:Nhi:30007703;z3145:0:Nhi:166603517
  ;z4752:J1:189529675;z15:1:A:31576783;z2849:1:A:87224425;z17:P:4589767.
Sum=880223824; test 880223824/1000000000+(1-z2778)^7 <= 9971200/10000000.
Leaf R011110011001110101
  B=[z2841,z4746,z2851,z4753,z2843,z2731,z2852,z7,z164,z9,z8,z8] h=z10 horizon=27
  mass=z2843.
Cells
  z4747:B1:37078227;z4748:0:Nlo:334868857;z25:0:Nhi:29559977;z3222:0:Nhi:163145278
  ;z4754:J1:196531481;z15:1:A:30691853;z2855:1:A:86549631;z17:P:4768967.
Sum=883194271; test 883194271/1000000000+(1-z2843)^7 <= 9982041/10000000.
Leaf R01111001100111011000
  B=[z2776,z4755,z3254,z4756,z2778,z4757,z2784,z7,z164,z9,z8,z8] h=z10 horizon=27
  mass=z2778.
Cells
  z4758:B1:34883775;z4759:0:Nlo:334846699;z25:0:Nhi:30352491;z3145:0:Nhi:166603518
  ;z4760:J1:194371376;z15:1:A:30352922;z4761:1:A:88466002;z17:P:2326066.
Sum=882202849; test 882202849/1000000000+(1-z2778)^7 <= 9990990/10000000.
Leaf R01111001100111011001
  B=[z4762,z4763,z4764,z4765,z4757,z3202,z4766,z7,z164,z9,z8,z8] h=z10 horizon=27
  mass=z4757.
Cells
  z4767:B1:35195454;z4768:0:Nlo:334857467;z25:0:Nhi:30236685;z4769:0:Nhi:165725474
  ;z260:J1:91200370;z4770:B11/25:17284589;z4771:J1:87677043;z15:1:A:30130231;z4772
  :1:A:88313519;z17:P:2349033.
Sum=882969865; test 882969865/1000000000+(1-z4757)^7 <= 9993920/10000000.
Leaf R01111001100111011010
  B=[z3207,z4773,z4774,z4775,z3202,z4776,z3210,z7,z164,z9,z8,z8] h=z10 horizon=27
  mass=z3202.
Cells
  z4777:B1:35507755;z4778:0:Nlo:334865654;z25:0:Nhi:30121759;z3213:0:Nhi:164856513
  ;z260:J1:92547355;z4779:B11/25:16593346;z4780:J1:88774761;z15:1:A:29910780;z4781
  :1:A:88161091;z17:P:2372143.
Sum=883711157; test 883711157/1000000000+(1-z3202)^7 <= 9996609/10000000.
Leaf R011110011001110110110
  B=[z4782,z4742,z4783,z4784,z4776,z2843,z4785,z7,z164,z9,z8,z8] h=z10 horizon=27
  mass=z4776.
Cells
  z4743:B1:35820666;z4744:0:Nlo:334871288;z25:0:Nhi:30007703;z4786:0:Nhi:163996492
  ;z4787:J1:196006198;z15:1:A:30606748;z4788:1:A:88008718;z17:P:2395400.
Sum=881713213; test 881713213/1000000000+(1-z4776)^7 <= 9971922/10000000.
Leaf R011110011001110110111
  B=[z4782,z4742,z4789,z2842,z4776,z2843,z4785,z7,z164,z9,z8,z8] h=z10 horizon=27
  mass=z4776.
Cells
  z4743:B1:35820666;z4744:0:Nlo:334871288;z25:0:Nhi:30007703;z4786:0:Nhi:163996493
  ;z260:J1:93900080;z4790:B11/25:15909279;z2848:J1:89868748;z15:1:A:29694501;z4791
  :1:A:88662665;z17:P:1205915.
Sum=883937338; test 883937338/1000000000+(1-z4776)^7 <= 9994163/10000000.
Leaf R011110011001110111000
  B=[z2841,z4792,z4751,z4793,z2843,z4794,z2852,z7,z164,z9,z8,z8] h=z10 horizon=27
  mass=z2843.
Cells
  z4795:B1:36134180;z4796:0:Nlo:334874398;z25:0:Nhi:29894507;z3222:0:Nhi:163145278
  ;z260:J1:93357308;z3250:B11/25:15232279;z4797:J1:89181920;z15:1:A:30387356;z4798
  :1:A:87856393;z17:P:2418805.
Sum=882482424; test 882482424/1000000000+(1-z2843)^7 <= 9974922/10000000.
Leaf R011110011001110111001
  B=[z2841,z4792,z4784,z4799,z2843,z4794,z2852,z7,z164,z9,z8,z8] h=z10 horizon=27
  mass=z2843.
Cells
  z4795:B1:36134180;z4796:0:Nlo:334874398;z25:0:Nhi:29894507;z3222:0:Nhi:163145279
  ;z260:J1:95258646;z3250:B11/25:15232279;z4800:J1:90959134;z15:1:A:29481325;z4801
  :1:A:88518902;z17:P:1217824.
Sum=884716474; test 884716474/1000000000+(1-z2843)^7 <= 9997263/10000000.
Leaf R011110011001110111010
  B=[z4802,z4803,z4804,z4805,z4794,z3219,z4806,z7,z164,z9,z8,z8] h=z10 horizon=27
  mass=z4794.
Cells
  z4807:B1:36448285;z4808:0:Nlo:334875011;z25:0:Nhi:29782160;z4809:0:Nhi:162302739
  ;z260:J1:94677194;z4810:B11/25:14562237;z4811:J1:90257399;z15:1:A:30171087;z4812
  :1:A:87704117;z17:P:2442361.
Sum=883222590; test 883222590/1000000000+(1-z4794)^7 <= 9977649/10000000.
Leaf R0111100110011101110110
  B=[z4802,z4803,z4793,z4813,z4794,z3219,z4806,z7,z164,z191,z8,z8] h=z10
  horizon=27 mass=z4794.
Cells
  z4807:B1:36448285;z4808:0:Nlo:334875011;z25:0:Nhi:29782160;z4809:0:Nhi:162302739
  ;z260:J1:96623152;z4810:B11/25:14562237;z4814:J1:73477646;z15:JD1:47503172;z4815
  :JD1:73194726;z17:JD1:14147830.
Sum=882916958; test 882916958/1000000000+(1-z4794)^7 <= 9974593/10000000.
Leaf R0111100110011101110111
  B=[z4802,z4803,z4793,z4813,z4794,z3219,z4806,z7,z191,z9,z8,z8] h=z10 horizon=27
  mass=z4794.
Cells
  z4807:B1:36448285;z4808:0:Nlo:334875011;z25:0:Nhi:29782160;z4809:0:Nhi:162302739
  ;z260:J1:96217185;z4810:B11/25:14562237;z4816:J1:91927934;z15:1:A:29271187;z4817
  :1:A:88375278;z17:P:1229812.
Sum=884991828; test 884991828/1000000000+(1-z4794)^7 <= 9995342/10000000.
Leaf R011110011001110111100
  B=[z3225,z4818,z4819,z4820,z3219,z4821,z3227,z7,z164,z9,z8,z8] h=z10 horizon=27
  mass=z3219.
Cells
  z4822:B1:36762970;z4823:0:Nlo:334873156;z25:0:Nhi:29670653;z3228:0:Nhi:161468742
  ;z260:J1:96002497;z4824:B11/25:13899047;z4825:J1:91329259;z15:1:A:29957871;z4826
  :1:A:87551886;z17:P:2466071.
Sum=883982152; test 883982152/1000000000+(1-z3219)^7 <= 9980586/10000000.
Leaf R0111100110011101111010
  B=[z3225,z4818,z4805,z4827,z3219,z4821,z3227,z7,z164,z191,z8,z8] h=z10
  horizon=27 mass=z3219.
Cells
  z4822:B1:36762970;z4823:0:Nlo:334873156;z25:0:Nhi:29670653;z4828:0:Nhi:211898762
  ;z260:J1:47321904;z4824:B11/25:13899047;z3229:J1:73884035;z15:JD1:47967561;z4829
  :JD1:73029148;z17:JD1:14178736.
Sum=883485972; test 883485972/1000000000+(1-z3219)^7 <= 9975625/10000000.
Leaf R0111100110011101111011
  B=[z3225,z4818,z4805,z4827,z3219,z4821,z3227,z7,z191,z9,z8,z8] h=z10 horizon=27
  mass=z3219.
Cells
  z4822:B1:36762970;z4823:0:Nlo:334873156;z25:0:Nhi:29670653;z3228:0:Nhi:161468743
  ;z260:J1:97574506;z4824:B11/25:13899047;z4830:J1:93008620;z15:1:A:29064022;z4831
  :1:A:88231785;z17:P:1241883.
Sum=885795385; test 885795385/1000000000+(1-z3219)^7 <= 9998719/10000000.
Leaf R011110011001110111110
  B=[z4832,z4746,z4833,z4834,z4821,z2731,z4835,z7,z164,z9,z8,z8] h=z10 horizon=27
  mass=z4821.
Cells
  z4747:B1:37078227;z4748:0:Nlo:334868857;z25:0:Nhi:29559977;z4836:0:Nhi:160643161
  ;z260:J1:97333310;z4837:B11/25:13242606;z4838:J1:92397630;z15:1:A:29747645;z4839
  :1:A:87399694;z17:P:2489939.
Sum=884761046; test 884761046/1000000000+(1-z4821)^7 <= 9983733/10000000.
Leaf R0111100110011101111110
  B=[z4832,z4746,z4820,z2770,z4821,z2731,z4835,z7,z164,z191,z8,z8] h=z10
  horizon=27 mass=z4821.
Cells
  z4747:B1:37078227;z4748:0:Nlo:334868857;z25:0:Nhi:29559977;z4840:0:Nhi:211441367
  ;z260:J1:47944617;z4837:B11/25:13242606;z4841:J1:74287480;z15:JD1:48434558;z4842
  :JD1:72863269;z17:JD1:14210201.
Sum=883931159; test 883931159/1000000000+(1-z4821)^7 <= 9975434/10000000.
Leaf R0111100110011101111111
  B=[z4832,z4746,z4820,z2770,z4821,z2731,z4835,z7,z191,z9,z8,z8] h=z10 horizon=27
  mass=z4821.
Cells
  z4747:B1:37078227;z4748:0:Nlo:334868857;z25:0:Nhi:29559977;z4840:0:Nhi:211441367
  ;z260:J1:47782765;z4837:B11/25:13242606;z2854:J1:94086036;z15:1:A:28859768;z4843
  :1:A:88088427;z17:P:1254037.
Sum=886262067; test 886262067/1000000000+(1-z4821)^7 <= 9998743/10000000.
Leaf R0111100110011110000
  B=[z3253,z4844,z4845,z4751,z2778,z2843,z2784,z7,z145,z164,z8,z8] h=z10
  horizon=27 mass=z2778.
Cells
  z4846:B1:40183865;z4847:0:Nlo:334704042;z25:0:Nhi:28521357;z4848:0:Nhi:143411448
  ;z2786:J1:201015559;z15:JD1:44782869;z4849:JD1:54538233;z17:JD1:33240308.
Sum=880397681; test 880397681/1000000000+(1-z2778)^7 <= 9972938/10000000.
Leaf R0111100110011110001
  B=[z3341,z3208,z3246,z4850,z2778,z2843,z2784,z7,z145,z164,z8,z8] h=z4851
  horizon=27 mass=z2778.
Cells
  z3211:B1:44636453;z3212:0:Nlo:334125596;z25:0:Nhi:27175184;z4852:0:Nhi:187216248
  ;z2786:J1:155213710;z15:JD1:44609889;z4853:JD1:53909357;z17:JD1:34302139.
Sum=881188576; test 881188576/1000000000+(1-z2778)^7 <= 9980847/10000000.
Leaf R0111100110011110010
  B=[z4742,z4854,z4855,z4753,z2843,z2731,z2852,z7,z145,z164,z8,z8] h=z10
  horizon=27 mass=z2843.
Cells
  z4856:B1:41541485;z4857:0:Nlo:334567421;z25:0:Nhi:28094394;z4858:0:Nhi:196907261
  ;z3251:J1:147374967;z15:JD1:46566872;z4859:JD1:53358595;z17:JD1:34122019.
Sum=882533014; test 882533014/1000000000+(1-z2843)^7 <= 9975428/10000000.
Leaf R0111100110011110011
  B=[z4844,z3051,z3249,z4860,z2843,z2731,z2852,z7,z145,z164,z8,z8] h=z4861
  horizon=27 mass=z2843.
Cells
  z3053:B1:46089781;z3054:0:Nlo:333860857;z25:0:Nhi:26767156;z4862:0:Nhi:183220591
  ;z3251:J1:157549791;z15:JD1:46061126;z4863:JD1:53036249;z17:JD1:34360612.
Sum=880946163; test 880946163/1000000000+(1-z2843)^7 <= 9959560/10000000.
Leaf R01111001100111101000
  B=[z3253,z4864,z4865,z4765,z2778,z3202,z2784,z7,z145,z164,z8,z8] h=z10
  horizon=27 mass=z2778.
Cells
  z4866:B1:39508161;z4867:0:Nlo:334757976;z25:0:Nhi:28739737;z4868:0:Nhi:201270219
  ;z260:J1:56348576;z4869:B11/25:19309156;z2786:J1:70501812;z15:JD1:44981775;z4870
  :JD1:55907942;z17:JD1:30664710.
Sum=881990064; test 881990064/1000000000+(1-z2778)^7 <= 9988862/10000000.
Leaf R01111001100111101001
  B=[z4763,z4844,z4871,z2842,z3202,z2843,z3210,z7,z145,z164,z8,z8] h=z10
  horizon=27 mass=z3202.
Cells
  z4846:B1:40183865;z4847:0:Nlo:334704042;z25:0:Nhi:28521357;z4872:0:Nhi:199065257
  ;z260:J1:58956412;z4873:B11/25:19205129;z4874:J1:70081726;z15:JD1:45880960;z4875
  :JD1:55334545;z17:JD1:31084608.
Sum=883017901; test 883017901/1000000000+(1-z3202)^7 <= 9989676/10000000.
Leaf R011110011001111010100
  B=[z3341,z4876,z4877,z4878,z2778,z3202,z2784,z7,z145,z164,z8,z8] h=z4851
  horizon=27 mass=z2778.
Cells
  z4879:B1:41700258;z4880:0:Nlo:334549064;z25:0:Nhi:28045453;z4852:0:Nhi:187216248
  ;z260:J1:69265288;z4881:B11/25:11540891;z2786:J1:77701871;z15:JD1:44805965;z4882
  :JD1:55629170;z17:JD1:31040047.
Sum=881494255; test 881494255/1000000000+(1-z2778)^7 <= 9983904/10000000.
Leaf R011110011001111010101
  B=[z3349,z3199,z4883,z4884,z2778,z3202,z2784,z7,z145,z164,z8,z8] h=z4885
  horizon=27 mass=z2778.
Cells
  z3203:B1:43912372;z3204:0:Nlo:334244309;z25:0:Nhi:27383893;z4886:0:Nhi:180889785
  ;z2786:J1:161611790;z15:JD1:44301487;z4887:JD1:55664922;z17:JD1:30551133.
Sum=878559691; test 878559691/1000000000+(1-z2778)^7 <= 9954559/10000000.
Leaf R01111001100111101011
  B=[z4864,z3208,z4888,z4889,z3202,z2843,z3210,z7,z145,z164,z8,z8] h=z4890
  horizon=27 mass=z3202.
Cells
  z3211:B1:44636453;z3212:0:Nlo:334125596;z25:0:Nhi:27175184;z4891:0:Nhi:185197214
  ;z260:J1:71391716;z4892:B11/25:10232458;z4874:J1:78140514;z15:JD1:45539419;z4893
  :JD1:54763327;z17:JD1:31882399.
Sum=883084280; test 883084280/1000000000+(1-z3202)^7 <= 9990340/10000000.
Leaf R01111001100111101100
  B=[z4742,z4894,z4895,z4813,z2843,z3219,z2852,z7,z145,z164,z8,z8] h=z10
  horizon=27 mass=z2843.
Cells
  z4896:B1:40861668;z4897:0:Nlo:334640449;z25:0:Nhi:28306267;z4858:0:Nhi:196907261
  ;z260:J1:61581905;z4898:B11/25:17811100;z3251:J1:70926936;z15:JD1:46790067;z4899
  :JD1:54755070;z17:JD1:31510888.
Sum=884091611; test 884091611/1000000000+(1-z2843)^7 <= 9991014/10000000.
Leaf R01111001100111101101
  B=[z4803,z4854,z4900,z2770,z3219,z2731,z3227,z7,z145,z164,z8,z8] h=z10
  horizon=27 mass=z3219.
Cells
  z4856:B1:41541485;z4857:0:Nlo:334567421;z25:0:Nhi:28094394;z4901:0:Nhi:195918392
  ;z260:J1:63109153;z4902:B11/25:16445689;z3229:J1:71760013;z15:JD1:47709340;z4903
  :JD1:54169320;z17:JD1:31943744.
Sum=885258951; test 885258951/1000000000+(1-z3219)^7 <= 9993354/10000000.
Leaf R0111100110011110111
  B=[z4844,z3051,z4904,z4905,z2843,z2731,z2852,z7,z145,z164,z8,z8] h=z4861
  horizon=27 mass=z2843.
Cells
  z3053:B1:46089781;z3054:0:Nlo:333860857;z25:0:Nhi:26767156;z4906:0:Nhi:184351255
  ;z260:J1:73061832;z4907:B11/25:8950797;z3251:J1:78956162;z15:JD1:46343975;z4908:
  JD1:54195752;z17:JD1:32165316.
Sum=884742883; test 884742883/1000000000+(1-z2843)^7 <= 9997527/10000000.
Leaf R01111001100111110000
  B=[z3253,z4864,z4909,z4774,z2778,z3202,z2784,z7,z164,z9,z8,z8] h=z10 horizon=27
  mass=z2778.
Cells
  z4866:B1:39508161;z4867:0:Nlo:334757976;z25:0:Nhi:28739737;z4848:0:Nhi:143411447
  ;z4910:J1:211445202;z15:1:A:32038650;z4911:1:A:86963852;z17:P:5062001.
Sum=881927026; test 881927026/1000000000+(1-z2778)^7 <= 9988232/10000000.
Leaf R01111001100111110001
  B=[z4763,z4844,z4912,z4751,z3202,z2843,z3210,z7,z164,z9,z8,z8] h=z10 horizon=27
  mass=z3202.
Cells
  z4846:B1:40183865;z4847:0:Nlo:334704042;z25:0:Nhi:28521357;z4913:0:Nhi:141949321
  ;z4752:J1:215026825;z15:1:A:31576783;z4914:1:A:86499763;z17:P:5375914.
Sum=883837870; test 883837870/1000000000+(1-z3202)^7 <= 9997876/10000000.
Leaf R011110011001111100100
  B=[z3341,z4876,z4915,z4916,z2778,z3202,z2784,z7,z164,z9,z8,z8] h=z4851
  horizon=27 mass=z2778.
Cells
  z4879:B1:41700258;z4880:0:Nlo:334549064;z25:0:Nhi:28045453;z4852:0:Nhi:187216248
  ;z4917:J1:165535492;z15:1:A:33028772;z4918:1:A:86595051;z17:P:5478267.
Sum=882148605; test 882148605/1000000000+(1-z2778)^7 <= 9990448/10000000.
Leaf R011110011001111100101
  B=[z3349,z3199,z4919,z4920,z2778,z3202,z2784,z7,z164,z9,z8,z8] h=z4885
  horizon=27 mass=z2778.
Cells
  z3203:B1:43912372;z3204:0:Nlo:334244309;z25:0:Nhi:27383893;z4921:0:Nhi:129819346
  ;z4922:J1:214873713;z4923:1:Q:885798;z4924:J1:2;z15:1:A:35948586;z4925:1:A:86280
  426;z17:P:5323900.
Sum=878672345; test 878672345/1000000000+(1-z2778)^7 <= 9955685/10000000.
Leaf R01111001100111110011
  B=[z4864,z3208,z4926,z4927,z3202,z2843,z3210,z7,z164,z9,z8,z8] h=z4890
  horizon=27 mass=z3202.
Cells
  z3211:B1:44636453;z3212:0:Nlo:334125596;z25:0:Nhi:27175184;z4891:0:Nhi:185197214
  ;z4928:J1:167010490;z15:1:A:33434630;z4929:1:A:85755648;z17:P:6242087.
Sum=883577302; test 883577302/1000000000+(1-z3202)^7 <= 9995270/10000000.
Leaf R011110011001111101000
  B=[z4742,z4930,z4931,z4804,z2843,z4794,z2852,z7,z164,z9,z8,z8] h=z10 horizon=27
  mass=z2843.
Cells
  z4932:B1:40522510;z4933:0:Nlo:334673437;z25:0:Nhi:28413405;z4858:0:Nhi:196907261
  ;z4934:J1:160974656;z15:1:A:31350804;z4935:1:A:86095660;z17:P:5579892.
Sum=884517625; test 884517625/1000000000+(1-z2843)^7 <= 9995275/10000000.
Leaf R011110011001111101001
  B=[z4792,z4894,z4936,z4819,z4794,z3219,z4806,z7,z164,z9,z8,z8] h=z10 horizon=27
  mass=z4794.
Cells
  z4896:B1:40861668;z4897:0:Nlo:334640449;z25:0:Nhi:28306267;z4937:0:Nhi:195845415
  ;z4938:J1:162666785;z15:1:A:31128034;z4939:1:A:85861519;z17:P:5738380.
Sum=885048517; test 885048517/1000000000+(1-z4794)^7 <= 9995909/10000000.
Leaf R011110011001111101010
  B=[z4803,z4940,z4941,z4753,z3219,z2731,z3227,z7,z164,z9,z8,z8] h=z10 horizon=27
  mass=z3219.
Cells
  z4942:B1:39297727;z4943:0:Nlo:334772795;z25:0:Nhi:28808576;z4944:0:Nhi:194794768
  ;z4754:J1:165079614;z15:1:A:30691853;z4945:1:A:85982841;z17:P:5266293.
Sum=884694467; test 884694467/1000000000+(1-z3219)^7 <= 9987709/10000000.
Leaf R011110011001111101011
  B=[z4946,z4854,z4947,z4948,z3219,z2731,z3227,z7,z164,z9,z8,z8] h=z4949
  horizon=27 mass=z3219.
Cells
  z4856:B1:41541485;z4857:0:Nlo:334567421;z25:0:Nhi:28094394;z4950:0:Nhi:187801208
  ;z4951:J1:170115146;z15:1:A:31388881;z4952:1:A:85589960;z17:P:5781662.
Sum=884880157; test 884880157/1000000000+(1-z3219)^7 <= 9989566/10000000.
Leaf R01111001100111110110
  B=[z4844,z3216,z4953,z4954,z2843,z3219,z2852,z7,z164,z9,z8,z8] h=z4861
  horizon=27 mass=z2843.
Cells
  z3220:B1:45362285;z3221:0:Nlo:333997703;z25:0:Nhi:26969629;z4862:0:Nhi:183220592
  ;z4955:J1:168476564;z15:1:A:33831432;z4956:1:A:85311000;z17:P:6294245.
Sum=883463450; test 883463450/1000000000+(1-z2843)^7 <= 9984733/10000000.
Leaf R01111001100111110111
  B=[z4894,z3051,z4957,z4958,z3219,z2731,z3227,z7,z164,z9,z8,z8] h=z4959
  horizon=27 mass=z3219.
Cells
  z3053:B1:46089781;z3054:0:Nlo:333860857;z25:0:Nhi:26767156;z4960:0:Nhi:181285080
  ;z4961:J1:169934168;z15:1:A:34219409;z4962:1:A:84867426;z17:P:6346701.
Sum=883370578; test 883370578/1000000000+(1-z3219)^7 <= 9974471/10000000.
Leaf R01111001100111111000000
  B=[z3253,z4963,z4964,z4965,z2778,z4757,z2784,z7,z164,z191,z8,z8] h=z10
  horizon=27 mass=z2778.
Cells
  z4966:B1:39171123;z4967:0:Nlo:334781250;z25:0:Nhi:28850185;z4848:0:Nhi:143411448
  ;z2786:J1:200647663;z15:JD1:45091820;z4968:JD1:73119114;z17:JD1:15642362.
Sum=880714965; test 880714965/1000000000+(1-z2778)^7 <= 9976111/10000000.
Leaf R01111001100111111000001
  B=[z3253,z4963,z4964,z4965,z2778,z4757,z2784,z7,z191,z9,z8,z8] h=z10 horizon=27
  mass=z2778.
Cells
  z4966:B1:39171123;z4967:0:Nlo:334781250;z25:0:Nhi:28850185;z4848:0:Nhi:143411449
  ;z4969:J1:214168919;z15:1:A:31284338;z4970:1:A:88248501;z17:P:2724297.
Sum=882640062; test 882640062/1000000000+(1-z2778)^7 <= 9995362/10000000.
Leaf R01111001100111111000010
  B=[z4755,z4864,z4971,z4972,z4757,z3202,z4766,z7,z164,z191,z8,z8] h=z10
  horizon=27 mass=z4757.
Cells
  z4866:B1:39508161;z4867:0:Nlo:334757976;z25:0:Nhi:28739737;z4973:0:Nhi:200161773
  ;z4974:J1:144141923;z15:JD1:45540173;z4975:JD1:72873531;z17:JD1:15814282.
Sum=881537556; test 881537556/1000000000+(1-z4757)^7 <= 9979597/10000000.
Leaf R011110011001111110000110
  B=[z4755,z4976,z4977,z4978,z4757,z4979,z4766,z7,z191,z9,z8,z8] h=z10 horizon=27
  mass=z4757.
Cells
  z4980:B1:39339573;z4981:0:Nlo:334769923;z25:0:Nhi:28794855;z4982:0:Nhi:142676680
  ;z4983:J1:215473977;z15:1:A:31169331;z4984:1:A:88060985;z17:P:2809769.
Sum=883095093; test 883095093/1000000000+(1-z4757)^7 <= 9995172/10000000.
Leaf R011110011001111110000111
  B=[z4985,z4864,z4986,z4972,z4979,z3202,z4987,z7,z191,z9,z8,z8] h=z10 horizon=27
  mass=z4979.
Cells
  z4866:B1:39508161;z4867:0:Nlo:334757976;z25:0:Nhi:28739737;z4988:0:Nhi:142312080
  ;z4989:J1:216384832;z15:1:A:31055169;z4990:1:A:87950137;z17:P:2883518.
Sum=883591610; test 883591610/1000000000+(1-z4979)^7 <= 9997773/10000000.
Leaf R01111001100111111000100
  B=[z4763,z4991,z4992,z4789,z3202,z4776,z3210,z7,z164,z191,z8,z8] h=z10
  horizon=27 mass=z3202.
Cells
  z4993:B1:39845745;z4994:0:Nlo:334732230;z25:0:Nhi:28630131;z4872:0:Nhi:199065258
  ;z4874:J1:145187546;z15:JD1:45990908;z4995:JD1:72627016;z17:JD1:15987141.
Sum=882065975; test 882065975/1000000000+(1-z3202)^7 <= 9980157/10000000.
Leaf R011110011001111110001010
  B=[z4763,z4996,z4997,z4998,z3202,z4999,z3210,z7,z191,z9,z8,z8] h=z10 horizon=27
  mass=z3202.
Cells
  z5000:B1:39676886;z5001:0:Nlo:334745409;z25:0:Nhi:28684830;z4872:0:Nhi:199065257
  ;z5002:J1:159985886;z15:1:A:30941836;z5003:1:A:87839139;z17:P:2957373.
Sum=883896616; test 883896616/1000000000+(1-z3202)^7 <= 9998463/10000000.
Leaf R011110011001111110001011
  B=[z5004,z4991,z5005,z4789,z4999,z4776,z5006,z7,z191,z9,z8,z8] h=z10 horizon=27
  mass=z4999.
Cells
  z4993:B1:39845745;z4994:0:Nlo:334732230;z25:0:Nhi:28630131;z5007:0:Nhi:198521412
  ;z5008:J1:160844655;z15:1:A:30829330;z5009:1:A:87727987;z17:P:3031335.
Sum=884162825; test 884162825/1000000000+(1-z4999)^7 <= 9998769/10000000.
Leaf R01111001100111111000110
  B=[z4773,z4844,z5010,z4784,z4776,z2843,z4785,z7,z164,z191,z8,z8] h=z10
  horizon=27 mass=z4776.
Cells
  z4846:B1:40183865;z4847:0:Nlo:334704042;z25:0:Nhi:28521357;z5011:0:Nhi:197980480
  ;z5012:J1:146234573;z15:JD1:46444054;z5013:JD1:72379556;z17:JD1:16160947.
Sum=882608874; test 882608874/1000000000+(1-z4776)^7 <= 9980878/10000000.
Leaf R0111100110011111100011100
  B=[z4773,z5014,z5015,z5016,z4776,z5017,z4785,z7,z191,z9,z8,z8] h=z10 horizon=27
  mass=z4776.
Cells
  z5018:B1:40014740;z5019:0:Nlo:334718439;z25:0:Nhi:28575640;z5020:0:Nhi:141229257
  ;z5021:J1:216912700;z15:1:A:31196731;z5022:1:A:87616685;z17:P:3105405.
Sum=883369597; test 883369597/1000000000+(1-z4776)^7 <= 9988485/10000000.
Leaf R0111100110011111100011101
  B=[z4773,z5014,z5023,z5024,z4776,z5017,z4785,z7,z191,z9,z8,z8] h=z10 horizon=27
  mass=z4776.
Cells
  z5018:B1:40014740;z5019:0:Nlo:334718439;z25:0:Nhi:28575640;z5011:0:Nhi:197980480
  ;z5025:J1:161703531;z15:1:A:30717635;z5026:1:A:87934355;z17:P:2530254.
Sum=884175074; test 884175074/1000000000+(1-z4776)^7 <= 9996540/10000000.
Leaf R0111100110011111100011110
  B=[z5027,z4844,z5028,z5029,z5017,z2843,z5030,z7,z191,z9,z8,z8] h=z10 horizon=27
  mass=z5017.
Cells
  z4846:B1:40183865;z4847:0:Nlo:334704042;z25:0:Nhi:28521357;z5031:0:Nhi:197442439
  ;z5032:J1:161015351;z15:1:A:31084205;z5033:1:A:87505228;z17:P:3179582.
Sum=883636069; test 883636069/1000000000+(1-z5017)^7 <= 9988803/10000000.
Leaf R0111100110011111100011111
  B=[z5027,z4844,z5034,z4784,z5017,z2843,z5030,z7,z191,z9,z8,z8] h=z10 horizon=27
  mass=z5017.
Cells
  z4846:B1:40183865;z4847:0:Nlo:334704042;z25:0:Nhi:28521357;z5031:0:Nhi:197442438
  ;z4787:J1:162562526;z15:1:A:30606748;z5035:1:A:87824228;z17:P:2603160.
Sum=884448364; test 884448364/1000000000+(1-z5017)^7 <= 9996925/10000000.
Leaf R01111001100111111001000
  B=[z3253,z4963,z5036,z4756,z2778,z4757,z2784,z7,z164,z191,z8,z8] h=z10
  horizon=27 mass=z2778.
Cells
  z4966:B1:39171123;z4967:0:Nlo:334781250;z25:0:Nhi:28850185;z4868:0:Nhi:201270218
  ;z2786:J1:145009044;z15:JD1:45219255;z5037:JD1:73776503;z17:JD1:14441374.
Sum=882518952; test 882518952/1000000000+(1-z2778)^7 <= 9994151/10000000.
Leaf R01111001100111111001001
  B=[z4755,z4864,z5038,z4765,z4757,z3202,z4766,z7,z164,z191,z8,z8] h=z10
  horizon=27 mass=z4757.
Cells
  z4866:B1:39508161;z4867:0:Nlo:334757976;z25:0:Nhi:28739737;z4973:0:Nhi:200161772
  ;z4974:J1:146092926;z15:JD1:45671068;z5039:JD1:73535832;z17:JD1:14607202.
Sum=883074674; test 883074674/1000000000+(1-z4757)^7 <= 9994968/10000000.
Leaf R01111001100111111001010
  B=[z4763,z4991,z5040,z4775,z3202,z4776,z3210,z7,z164,z191,z8,z8] h=z10
  horizon=27 mass=z3202.
Cells
  z4993:B1:39845745;z4994:0:Nlo:334732230;z25:0:Nhi:28630131;z4872:0:Nhi:199065256
  ;z260:J1:58230647;z4873:B11/25:19205129;z4874:J1:69696963;z15:JD1:46125334;z5041
  :JD1:73294247;z17:JD1:14773988.
Sum=883599670; test 883599670/1000000000+(1-z3202)^7 <= 9995494/10000000.
Leaf R01111001100111111001011
  B=[z4773,z4844,z5042,z2842,z4776,z2843,z4785,z7,z164,z191,z8,z8] h=z10
  horizon=27 mass=z4776.
Cells
  z4846:B1:40183865;z4847:0:Nlo:334704042;z25:0:Nhi:28521357;z5011:0:Nhi:197980481
  ;z260:J1:59515788;z5043:B11/25:18504482;z5012:J1:70114137;z15:JD1:46582090;z5044
  :JD1:73051735;z17:JD1:14941745.
Sum=884099722; test 884099722/1000000000+(1-z4776)^7 <= 9995787/10000000.
Leaf R0111100110011111100110000
  B=[z3253,z5045,z4023,z5046,z2778,z5047,z2784,z7,z191,z9,z8,z8] h=z10 horizon=27
  mass=z2778.
Cells
  z5048:B1:36852397;z5049:0:Nlo:334872182;z25:0:Nhi:29639154;z4868:0:Nhi:201270218
  ;z5050:J1:159495467;z15:1:A:30465507;z5051:1:A:89094787;z17:P:1170656.
Sum=882860368; test 882860368/1000000000+(1-z2778)^7 <= 9997565/10000000.
Leaf R0111100110011111100110001
  B=[z5052,z5053,z5054,z4756,z5047,z4757,z5055,z7,z191,z9,z8,z8] h=z10 horizon=27
  mass=z5047.
Cells
  z5056:B1:37014417;z5057:0:Nlo:334869922;z25:0:Nhi:29582296;z5058:0:Nhi:200714491
  ;z4760:J1:160371775;z15:1:A:30352922;z5059:1:A:89022680;z17:P:1176486.
Sum=883104989; test 883104989/1000000000+(1-z5047)^7 <= 9997639/10000000.
Leaf R0111100110011111100110010
  B=[z4755,z5060,z4965,z5061,z4757,z4979,z4766,z7,z191,z9,z8,z8] h=z10 horizon=27
  mass=z4757.
Cells
  z5062:B1:37176585;z5063:0:Nlo:334867024;z25:0:Nhi:29525657;z4973:0:Nhi:200161774
  ;z5064:J1:161248253;z15:1:A:30241168;z5065:1:A:88950606;z17:P:1182333.
Sum=883353400; test 883353400/1000000000+(1-z4757)^7 <= 9997755/10000000.
Leaf R0111100110011111100110011
  B=[z4985,z5066,z4978,z4765,z4979,z3202,z4987,z7,z191,z9,z8,z8] h=z10 horizon=27
  mass=z4979.
Cells
  z5067:B1:37338900;z5068:0:Nlo:334863489;z25:0:Nhi:29469233;z5069:0:Nhi:199612036
  ;z4771:J1:162124924;z15:1:A:30130231;z5070:1:A:88878567;z17:P:1188200.
Sum=883605580; test 883605580/1000000000+(1-z4979)^7 <= 9997913/10000000.
Leaf R01111001100111111001101000
  B=[z4366,z5071,z5072,z5073,z2778,z5047,z2784,z7,z191,z9,z8,z8] h=z10 horizon=27
  mass=z2778.
Cells
  z5074:B1:39002811;z5075:0:Nlo:334791951;z25:0:Nhi:28905728;z5076:0:Nhi:193993332
  ;z5077:J1:164708429;z15:1:A:30925795;z5078:1:A:88903052;z17:P:1523639.
Sum=882754737; test 882754737/1000000000+(1-z2778)^7 <= 9996509/10000000.
Leaf R01111001100111111001101001
  B=[z5045,z4963,z5079,z5080,z5047,z4757,z5055,z7,z191,z9,z8,z8] h=z10 horizon=27
  mass=z5047.
Cells
  z4966:B1:39171123;z4967:0:Nlo:334781250;z25:0:Nhi:28850185;z5081:0:Nhi:193462033
  ;z5082:J1:165580657;z15:1:A:30811598;z5083:1:A:88795137;z17:P:1594617.
Sum=883046600; test 883046600/1000000000+(1-z5047)^7 <= 9997055/10000000.
Leaf R011110011001111110011010100
  B=[z4366,z5071,z5084,z5046,z2778,z5047,z2784,z7,z191,z1039,z8,z8] h=z10
  horizon=27 mass=z2778.
Cells
  z5074:B1:39002811;z5075:0:Nlo:334791951;z25:0:Nhi:28905728;z5076:0:Nhi:193993334
  ;z2786:J1:151208861;z15:JD1:45345785;z5085:JD1:81903628;z17:JD1:7139331.
Sum=882291429; test 882291429/1000000000+(1-z2778)^7 <= 9991876/10000000.
Leaf R01111001100111111001101010100
  B=[z4366,z5086,z5087,z5088,z2778,z5089,z2784,z7,z1039,z9,z8,z8] h=z10 horizon=27
  mass=z2778.
Cells
  z5090:B1:38918708;z5091:0:Nlo:334797065;z25:0:Nhi:28933580;z5076:0:Nhi:193993334
  ;z5092:J1:165128263;z15:1:A:30750935;z5093:1:A:89233352;z17:P:915192.
Sum=882670429; test 882670429/1000000000+(1-z2778)^7 <= 9995666/10000000.
Leaf R011110011001111110011010101010
  B=[z4366,z5086,z5094,z5095,z2778,z5089,z2784,z7,z1039,z3654,z8,z8] h=z10
  horizon=27 mass=z2778.
Cells
  z5090:B1:38918708;z5091:0:Nlo:334797065;z25:0:Nhi:28933580;z5076:0:Nhi:193993333
  ;z2786:J1:150925167;z15:JD1:45410695;z5096:JD1:85790429;z17:JD1:3664889.
Sum=882433866; test 882433866/1000000000+(1-z2778)^7 <= 9993300/10000000.
Leaf R011110011001111110011010101011
  B=[z4366,z5086,z5094,z5095,z2778,z5089,z2784,z7,z3654,z9,z8,z8] h=z10 horizon=27
  mass=z2778.
Cells
  z5090:B1:38918708;z5091:0:Nlo:334797065;z25:0:Nhi:28933580;z5076:0:Nhi:193993333
  ;z5097:J1:165814002;z15:1:A:30522113;z5098:1:A:89390174;z17:P:625691.
Sum=882994666; test 882994666/1000000000+(1-z2778)^7 <= 9998908/10000000.
Leaf R01111001100111111001101010110
  B=[z5099,z5071,z5100,z5101,z5089,z5047,z5102,z7,z1039,z9,z8,z8] h=z10 horizon=27
  mass=z5089.
Cells
  z5074:B1:39002811;z5075:0:Nlo:334791951;z25:0:Nhi:28905728;z5103:0:Nhi:193727325
  ;z5104:J1:165565351;z15:1:A:30693927;z5105:1:A:89180104;z17:P:950000.
Sum=882817197; test 882817197/1000000000+(1-z5089)^7 <= 9995947/10000000.
Leaf R011110011001111110011010101110
  B=[z5099,z5071,z5106,z5046,z5089,z5047,z5102,z7,z1039,z3654,z8,z8] h=z10
  horizon=27 mass=z5089.
Cells
  z5074:B1:39002811;z5075:0:Nlo:334791951;z25:0:Nhi:28905728;z5103:0:Nhi:193727326
  ;z5107:J1:151194192;z15:JD1:45524130;z5108:JD1:85736279;z17:JD1:3700616.
Sum=882583033; test 882583033/1000000000+(1-z5089)^7 <= 9993605/10000000.
Leaf R0111100110011111100110101011110
  B=[z5099,z5109,z5110,z5111,z5089,z5112,z5102,z7,z3654,z9,z8,z8] h=z10 horizon=27
  mass=z5089.
Cells
  z5113:B1:38960755;z5114:0:Nlo:334794528;z25:0:Nhi:28919647;z5103:0:Nhi:193727324
  ;z5115:J1:166157648;z15:1:A:30493785;z5116:1:A:89346356;z17:P:643386.
Sum=883043429; test 883043429/1000000000+(1-z5089)^7 <= 9998209/10000000.
Leaf R0111100110011111100110101011111
  B=[z5117,z5071,z5118,z5046,z5112,z5047,z5119,z7,z3654,z9,z8,z8] h=z10 horizon=27
  mass=z5112.
Cells
  z5074:B1:39002811;z5075:0:Nlo:334791951;z25:0:Nhi:28905728;z5120:0:Nhi:193594589
  ;z5050:J1:166377042;z15:1:A:30465507;z5121:1:A:89319895;z17:P:660629.
Sum=883118152; test 883118152/1000000000+(1-z5112)^7 <= 9998364/10000000.
Leaf R011110011001111110011010110
  B=[z5045,z4963,z5122,z4756,z5047,z4757,z5055,z7,z191,z1039,z8,z8] h=z10
  horizon=27 mass=z5047.
Cells
  z4966:B1:39171123;z4967:0:Nlo:334781250;z25:0:Nhi:28850185;z5081:0:Nhi:193462033
  ;z5123:J1:151749978;z15:JD1:45572323;z5124:JD1:81791721;z17:JD1:7214215.
Sum=882592828; test 882592828/1000000000+(1-z5047)^7 <= 9992518/10000000.
Leaf R01111001100111111001101011100
  B=[z5045,z5125,z5126,z5127,z5047,z5128,z5055,z7,z1039,z9,z8,z8] h=z10 horizon=27
  mass=z5047.
Cells
  z5129:B1:39086949;z5130:0:Nlo:334786679;z25:0:Nhi:28877930;z5081:0:Nhi:193462032
  ;z5131:J1:166002488;z15:1:A:30637129;z5132:1:A:89126823;z17:P:984833.
Sum=882964863; test 882964863/1000000000+(1-z5047)^7 <= 9996238/10000000.
Leaf R011110011001111110011010111010
  B=[z5045,z5125,z5133,z5134,z5047,z5128,z5055,z7,z1039,z3654,z8,z8] h=z10
  horizon=27 mass=z5047.
Cells
  z5129:B1:39086949;z5130:0:Nlo:334786679;z25:0:Nhi:28877930;z5081:0:Nhi:193462033
  ;z5123:J1:151463329;z15:JD1:45637718;z5135:JD1:85682091;z17:JD1:3736380.
Sum=882733109; test 882733109/1000000000+(1-z5047)^7 <= 9993920/10000000.
Leaf R0111100110011111100110101110110
  B=[z5045,z5136,z5137,z5138,z5047,z5139,z5055,z7,z3654,z9,z8,z8] h=z10 horizon=27
  mass=z5047.
Cells
  z5140:B1:39044876;z5141:0:Nlo:334789334;z25:0:Nhi:28891822;z5081:0:Nhi:193462033
  ;z5142:J1:166596449;z15:1:A:30437284;z5143:1:A:89293424;z17:P:677878.
Sum=883193100; test 883193100/1000000000+(1-z5047)^7 <= 9998520/10000000.
Leaf R0111100110011111100110101110111
  B=[z5144,z5125,z5145,z5134,z5139,z5128,z5146,z7,z3654,z9,z8,z8] h=z10 horizon=27
  mass=z5139.
Cells
  z5129:B1:39086949;z5130:0:Nlo:334786679;z25:0:Nhi:28877930;z5147:0:Nhi:193329655
  ;z5148:J1:166815872;z15:1:A:30409112;z5149:1:A:89266947;z17:P:695135.
Sum=883268279; test 883268279/1000000000+(1-z5139)^7 <= 9998680/10000000.
Leaf R01111001100111111001101011110
  B=[z5150,z4963,z5151,z5152,z5128,z4757,z5153,z7,z1039,z9,z8,z8] h=z10 horizon=27
  mass=z5128.
Cells
  z4966:B1:39171123;z4967:0:Nlo:334781250;z25:0:Nhi:28850185;z5154:0:Nhi:193197455
  ;z5155:J1:166439671;z15:1:A:30580542;z5156:1:A:89073507;z17:P:1019692.
Sum=883113425; test 883113425/1000000000+(1-z5128)^7 <= 9996539/10000000.
Leaf R011110011001111110011010111110
  B=[z5150,z4963,z5157,z4756,z5128,z4757,z5153,z7,z1039,z3654,z8,z8] h=z10
  horizon=27 mass=z5128.
Cells
  z4966:B1:39171123;z4967:0:Nlo:334781250;z25:0:Nhi:28850185;z5154:0:Nhi:193197455
  ;z5158:J1:151732574;z15:JD1:45751458;z5159:JD1:85627865;z17:JD1:3772181.
Sum=882884091; test 882884091/1000000000+(1-z5128)^7 <= 9994246/10000000.
Leaf R0111100110011111100110101111110
  B=[z5150,z5160,z5161,z5162,z5128,z5163,z5153,z7,z3654,z9,z8,z8] h=z10 horizon=27
  mass=z5128.
Cells
  z5164:B1:39129031;z5165:0:Nlo:334783984;z25:0:Nhi:28864051;z5154:0:Nhi:193197455
  ;z5166:J1:167035306;z15:1:A:30380992;z5167:1:A:89240462;z17:P:712397.
Sum=883343678; test 883343678/1000000000+(1-z5128)^7 <= 9998841/10000000.
Leaf R01111001100111111001101011111110
  B=[z5168,z4963,z5169,z5170,z5163,z4757,z5171,z7,z3654,z9,z8,z8] h=z10 horizon=27
  mass=z5163.
Cells
  z4966:B1:39171123;z4967:0:Nlo:334781250;z25:0:Nhi:28850185;z5172:0:Nhi:193065433
  ;z5173:J1:166869883;z15:1:A:30466306;z5174:1:A:89213964;z17:P:729666.
Sum=883147810; test 883147810/1000000000+(1-z5163)^7 <= 9996291/10000000.
Leaf R01111001100111111001101011111111
  B=[z5168,z4963,z5175,z4756,z5163,z4757,z5171,z7,z3654,z9,z8,z8] h=z10 horizon=27
  mass=z5163.
Cells
  z4966:B1:39171123;z4967:0:Nlo:334781250;z25:0:Nhi:28850185;z5172:0:Nhi:193065433
  ;z4760:J1:167254755;z15:1:A:30352923;z5176:1:A:89293139;z17:P:583852.
Sum=883352660; test 883352660/1000000000+(1-z5163)^7 <= 9998339/10000000.
Leaf R01111001100111111001101100
  B=[z5053,z4976,z5177,z5178,z4757,z4979,z4766,z7,z191,z9,z8,z8] h=z10 horizon=27
  mass=z4757.
Cells
  z4980:B1:39339573;z4981:0:Nlo:334769923;z25:0:Nhi:28794855;z5179:0:Nhi:192933587
  ;z5180:J1:166453071;z15:1:A:30698240;z5181:1:A:88687081;z17:P:1665696.
Sum=883342026; test 883342026/1000000000+(1-z4757)^7 <= 9997641/10000000.
Leaf R01111001100111111001101101
  B=[z5060,z4864,z5182,z5183,z4979,z3202,z4987,z7,z191,z9,z8,z8] h=z10 horizon=27
  mass=z4979.
Cells
  z4866:B1:39508161;z4867:0:Nlo:334757976;z25:0:Nhi:28739737;z5184:0:Nhi:192407973
  ;z5185:J1:167325689;z15:1:A:30585713;z5186:1:A:88578882;z17:P:1736879.
Sum=883641010; test 883641010/1000000000+(1-z4979)^7 <= 9998267/10000000.
Leaf R01111001100111111001101110
  B=[z5053,z4864,z5187,z4765,z4757,z3202,z4766,z7,z191,z1039,z8,z8] h=z10
  horizon=27 mass=z4757.
Cells
  z4866:B1:39508161;z4867:0:Nlo:334757976;z25:0:Nhi:28739737;z5179:0:Nhi:192933587
  ;z260:J1:63539250;z5188:B11/25:15242073;z4974:J1:73715447;z15:JD1:45815570;z5189
  :JD1:81642100;z17:JD1:7357843.
Sum=883251744; test 883251744/1000000000+(1-z4757)^7 <= 9996739/10000000.
Leaf R01111001100111111001101111000
  B=[z5053,z5190,z5191,z5192,z4757,z5193,z4766,z7,z1039,z9,z8,z8] h=z10 horizon=27
  mass=z4757.
Cells
  z5194:B1:39255331;z5195:0:Nlo:334775665;z25:0:Nhi:28822494;z5179:0:Nhi:192933587
  ;z5196:J1:166876903;z15:1:A:30524161;z5197:1:A:89020156;z17:P:1054576.
Sum=883262873; test 883262873/1000000000+(1-z4757)^7 <= 9996850/10000000.
Leaf R011110011001111110011011110010
  B=[z5053,z5190,z5198,z5199,z4757,z5193,z4766,z7,z1039,z3654,z8,z8] h=z10
  horizon=27 mass=z4757.
Cells
  z5194:B1:39255331;z5195:0:Nlo:334775665;z25:0:Nhi:28822494;z5179:0:Nhi:192933589
  ;z4974:J1:152001937;z15:JD1:45865351;z5200:JD1:85573601;z17:JD1:3808020.
Sum=883035988; test 883035988/1000000000+(1-z4757)^7 <= 9994581/10000000.
Leaf R01111001100111111001101111001100
  B=[z5053,z5201,z5202,z5203,z4757,z5204,z4766,z7,z3654,z9,z8,z8] h=z10 horizon=27
  mass=z4757.
Cells
  z5205:B1:39213222;z5206:0:Nlo:334778477;z25:0:Nhi:28836332;z5179:0:Nhi:192933587
  ;z5207:J1:167088761;z15:1:A:30438192;z5208:1:A:89187462;z17:P:746940.
Sum=883222973; test 883222973/1000000000+(1-z4757)^7 <= 9996451/10000000.
Leaf R01111001100111111001101111001101
  B=[z5053,z5201,z5209,z5210,z4757,z5204,z4766,z7,z3654,z9,z8,z8] h=z10 horizon=27
  mass=z4757.
Cells
  z5205:B1:39213222;z5206:0:Nlo:334778477;z25:0:Nhi:28836332;z5179:0:Nhi:192933588
  ;z5211:J1:167474217;z15:1:A:30324906;z5212:1:A:89266724;z17:P:601042.
Sum=883428508; test 883428508/1000000000+(1-z4757)^7 <= 9998506/10000000.
Leaf R01111001100111111001101111001110
  B=[z5213,z5214,z5215,z5199,z5204,z5193,z5216,z7,z3654,z9,z8,z8] h=z10 horizon=27
  mass=z5204.
Cells
  z5217:B1:38172345;z5218:0:Nlo:334835562;z25:0:Nhi:29183644;z5219:0:Nhi:192801918
  ;z5220:J1:167693694;z15:1:A:30296941;z5221:1:A:89396649;z17:P:330273.
Sum=882711026; test 882711026/1000000000+(1-z5204)^7 <= 9990740/10000000.
Leaf R01111001100111111001101111001111
  B=[z5222,z5190,z5223,z5224,z5204,z5193,z5216,z7,z3654,z9,z8,z8] h=z5225
  horizon=27 mass=z5204.
Cells
  z5194:B1:39255331;z5195:0:Nlo:334775665;z25:0:Nhi:28822494;z5226:0:Nhi:189379848
  ;z260:J1:66513480;z5227:B11/25:12942201;z5228:J1:91323952;z15:1:A:30348930;z5229
  :1:A:89162081;z17:P:747374.
Sum=883271356; test 883271356/1000000000+(1-z5204)^7 <= 9996343/10000000.
Leaf R01111001100111111001101111010
  B=[z5230,z5231,z5232,z5061,z5193,z4979,z5233,z7,z1039,z9,z8,z8] h=z10 horizon=27
  mass=z5193.
Cells
  z5234:B1:38255026;z5235:0:Nlo:334831916;z25:0:Nhi:29155682;z5236:0:Nhi:192670428
  ;z260:J1:63545844;z5237:B11/25:15071840;z5064:J1:89459392;z15:1:A:30241167;z5238
  :1:A:89200410;z17:P:660184.
Sum=883091889; test 883091889/1000000000+(1-z5193)^7 <= 9993957/10000000.
Leaf R01111001100111111001101111011
  B=[z5214,z4976,z5239,z5240,z5193,z4979,z5233,z7,z1039,z9,z8,z8] h=z5241
  horizon=27 mass=z5193.
Cells
  z4980:B1:39339573;z4981:0:Nlo:334769923;z25:0:Nhi:28794855;z5242:0:Nhi:189251192
  ;z260:J1:66733877;z5243:B11/25:12858897;z5244:J1:91455875;z15:1:A:30344963;z5245
  :1:A:88969119;z17:P:1055774.
Sum=883574048; test 883574048/1000000000+(1-z5193)^7 <= 9998779/10000000.
Leaf R0111100110011111100110111110
  B=[z5060,z5246,z5247,z4765,z4979,z3202,z4987,z7,z1039,z9,z8,z8] h=z10 horizon=27
  mass=z4979.
Cells
  z5248:B1:38420494;z5249:0:Nlo:334824151;z25:0:Nhi:29099918;z5184:0:Nhi:192407971
  ;z260:J1:63935847;z5250:B11/25:14902051;z4771:J1:89840175;z15:1:A:30130231;z5251
  :1:A:89129588;z17:P:727527.
Sum=883417953; test 883417953/1000000000+(1-z4979)^7 <= 9996037/10000000.
Leaf R01111001100111111001101111110
  B=[z5231,z5252,z5253,z5254,z4979,z3202,z4987,z7,z1039,z9,z8,z8] h=z5255
  horizon=27 mass=z4979.
Cells
  z5256:B1:38963592;z5257:0:Nlo:334794356;z25:0:Nhi:28918708;z5258:0:Nhi:188994394
  ;z260:J1:67072293;z5259:B11/25:12692613;z5260:J1:91668426;z15:1:A:30337046;z5261
  :1:A:89017002;z17:P:875385.
Sum=883333815; test 883333815/1000000000+(1-z4979)^7 <= 9995195/10000000.
Leaf R01111001100111111001101111111
  B=[z5262,z4864,z5263,z5264,z4979,z3202,z4987,z7,z1039,z9,z8,z8] h=z5265
  horizon=27 mass=z4979.
Cells
  z4866:B1:39508161;z4867:0:Nlo:334757976;z25:0:Nhi:28739737;z5266:0:Nhi:187331902
  ;z260:J1:68283951;z5267:B11/25:11615819;z5268:J1:91610726;z15:1:A:31016744;z5269
  :1:A:88915143;z17:P:869963.
Sum=882650122; test 882650122/1000000000+(1-z4979)^7 <= 9988358/10000000.
Leaf R0111100110011111100111000
  B=[z4763,z5270,z4972,z5271,z3202,z4999,z3210,z7,z191,z9,z8,z8] h=z10 horizon=27
  mass=z3202.
Cells
  z5272:B1:37501362;z5273:0:Nlo:334859322;z25:0:Nhi:29413024;z4872:0:Nhi:199065256
  ;z5274:J1:163001810;z15:1:A:30020104;z5275:1:A:88806565;z17:P:1194086.
Sum=883861529; test 883861529/1000000000+(1-z3202)^7 <= 9998112/10000000.
Leaf R0111100110011111100111001
  B=[z5004,z5276,z4998,z4775,z4999,z4776,z5006,z7,z191,z9,z8,z8] h=z10 horizon=27
  mass=z4999.
Cells
  z5277:B1:37663969;z5278:0:Nlo:334854527;z25:0:Nhi:29357029;z5007:0:Nhi:198521411
  ;z260:J1:58544300;z5279:B11/25:18853890;z4780:J1:86466719;z15:1:A:29910780;z5280
  :1:A:88734597;z17:P:1199991.
Sum=884107213; test 884107213/1000000000+(1-z4999)^7 <= 9998213/10000000.
Leaf R0111100110011111100111010
  B=[z4773,z5281,z4789,z5282,z4776,z5017,z4785,z7,z191,z9,z8,z8] h=z10 horizon=27
  mass=z4776.
Cells
  z5283:B1:37826720;z5284:0:Nlo:334849108;z25:0:Nhi:29301247;z5011:0:Nhi:197980482
  ;z260:J1:59181803;z5043:B11/25:18504482;z5285:J1:87012926;z15:1:A:29802249;z4791
  :1:A:88662666;z17:P:1205915.
Sum=884327598; test 884327598/1000000000+(1-z4776)^7 <= 9998065/10000000.
Leaf R0111100110011111100111011
  B=[z5027,z5286,z5024,z2842,z5017,z2843,z5030,z7,z191,z9,z8,z8] h=z10 horizon=27
  mass=z5017.
Cells
  z5287:B1:37989612;z5288:0:Nlo:334843067;z25:0:Nhi:29245676;z5031:0:Nhi:197442437
  ;z260:J1:59820233;z5289:B11/25:18156890;z2848:J1:87558178;z15:1:A:29694501;z5290
  :1:A:88590768;z17:P:1211859.
Sum=884553221; test 884553221/1000000000+(1-z5017)^7 <= 9997974/10000000.
Leaf R011110011001111110011110000
  B=[z5066,z5291,z5292,z5293,z3202,z4999,z3210,z7,z191,z9,z8,z8] h=z10 horizon=27
  mass=z3202.
Cells
  z5294:B1:38586103;z5295:0:Nlo:334815762;z25:0:Nhi:29044368;z5296:0:Nhi:191885165
  ;z5297:J1:168198530;z15:1:A:30474006;z5298:1:A:88701024;z17:P:1387151.
Sum=883092109; test 883092109/1000000000+(1-z3202)^7 <= 9990418/10000000.
Leaf R011110011001111110011110001
  B=[z5066,z5291,z5299,z5271,z3202,z4999,z3210,z7,z191,z9,z8,z8] h=z10 horizon=27
  mass=z3202.
Cells
  z5294:B1:38586103;z5295:0:Nlo:334815762;z25:0:Nhi:29044368;z5296:0:Nhi:191885166
  ;z260:J1:64679091;z5300:B11/25:14563797;z5274:J1:90438530;z15:1:A:30020104;z5301
  :1:A:89023616;z17:P:796483.
Sum=883853020; test 883853020/1000000000+(1-z3202)^7 <= 9998027/10000000.
Leaf R011110011001111110011110010
  B=[z5270,z5302,z5303,z5304,z4999,z4776,z5006,z7,z191,z9,z8,z8] h=z10 horizon=27
  mass=z4999.
Cells
  z5305:B1:38751852;z5306:0:Nlo:334806752;z25:0:Nhi:28989028;z5307:0:Nhi:191365146
  ;z260:J1:64725193;z5308:B11/25:14227299;z5309:J1:90099520;z15:1:A:30363113;z5310
  :1:A:88593524;z17:P:1457581.
Sum=883379008; test 883379008/1000000000+(1-z4999)^7 <= 9990931/10000000.
Leaf R011110011001111110011110011
  B=[z5270,z5302,z5311,z4775,z4999,z4776,z5006,z7,z191,z9,z8,z8] h=z10 horizon=27
  mass=z4999.
Cells
  z5305:B1:38751852;z5306:0:Nlo:334806752;z25:0:Nhi:28989028;z5307:0:Nhi:191365146
  ;z260:J1:65321355;z5308:B11/25:14227299;z4780:J1:90984070;z15:1:A:29910780;z5312
  :1:A:88917509;z17:P:865543.
Sum=884139334; test 884139334/1000000000+(1-z4999)^7 <= 9998535/10000000.
Leaf R01111001100111111001111010
  B=[z5276,z5313,z5314,z5315,z4776,z2843,z4785,z7,z191,z9,z8,z8] h=z10 horizon=27
  mass=z4776.
Cells
  z5316:B1:39083766;z5317:0:Nlo:334786880;z25:0:Nhi:28878980;z5318:0:Nhi:190847888
  ;z260:J1:65504298;z5319:B11/25:13892543;z5320:J1:90855146;z15:1:A:30143728;z5321
  :1:A:88450574;z17:P:1592409.
Sum=884036212; test 884036212/1000000000+(1-z4776)^7 <= 9995152/10000000.
Leaf R0111100110011111100111101100
  B=[z5276,z5322,z5323,z5282,z4776,z5017,z4785,z7,z191,z9,z8,z8] h=z10 horizon=27
  mass=z4776.
Cells
  z5324:B1:38371460;z5325:0:Nlo:334826517;z25:0:Nhi:29116416;z5318:0:Nhi:190847890
  ;z260:J1:65964627;z5319:B11/25:13892543;z5285:J1:91528695;z15:1:A:29802249;z5326
  :1:A:88930231;z17:P:717331.
Sum=883997959; test 883997959/1000000000+(1-z4776)^7 <= 9994769/10000000.
Leaf R0111100110011111100111101101
  B=[z5327,z5328,z5329,z5330,z4776,z5017,z4785,z7,z191,z9,z8,z8] h=z5331
  horizon=27 mass=z4776.
Cells
  z5332:B1:38917741;z5333:0:Nlo:334797124;z25:0:Nhi:28933899;z5334:0:Nhi:189143035
  ;z260:J1:67526073;z5335:B11/25:12788865;z5336:J1:92380155;z15:1:A:29947181;z5337
  :1:A:88814834;z17:P:886620.
Sum=884135527; test 884135527/1000000000+(1-z4776)^7 <= 9996145/10000000.
Leaf R0111100110011111100111101110
  B=[z5281,z5338,z5339,z2842,z5017,z2843,z5030,z7,z191,z9,z8,z8] h=z10 horizon=27
  mass=z5017.
Cells
  z5340:B1:38535923;z5341:0:Nlo:334818370;z25:0:Nhi:29061173;z5342:0:Nhi:190333376
  ;z260:J1:66608917;z5343:B11/25:13559514;z2848:J1:92072420;z15:1:A:29694501;z5344
  :1:A:88824362;z17:P:786090.
Sum=884294646; test 884294646/1000000000+(1-z5017)^7 <= 9995388/10000000.
Leaf R0111100110011111100111101111
  B=[z5322,z5313,z5345,z5346,z5017,z2843,z5030,z7,z191,z9,z8,z8] h=z5347
  horizon=27 mass=z5017.
Cells
  z5316:B1:39083766;z5317:0:Nlo:334786880;z25:0:Nhi:28878980;z5348:0:Nhi:188634106
  ;z260:J1:68055945;z5349:B11/25:12459298;z5350:J1:92588412;z15:1:A:30040995;z5351
  :1:A:88713642;z17:P:888556.
Sum=884130580; test 884130580/1000000000+(1-z5017)^7 <= 9993748/10000000.
Leaf R011110011001111110011111000
  B=[z5246,z5352,z5353,z5354,z3202,z4999,z3210,z7,z191,z9,z8,z8] h=z5355
  horizon=27 mass=z3202.
Cells
  z5356:B1:39130763;z5357:0:Nlo:334783872;z25:0:Nhi:28863480;z5358:0:Nhi:188482848
  ;z260:J1:67708064;z5359:B11/25:12361338;z5360:J1:91927914;z15:1:A:30432410;z5361
  :1:A:88595804;z17:P:1462893.
Sum=883749386; test 883749386/1000000000+(1-z3202)^7 <= 9996991/10000000.
Leaf R011110011001111110011111001
  B=[z5252,z4996,z5362,z5363,z3202,z4999,z3210,z7,z191,z9,z8,z8] h=z5364
  horizon=27 mass=z3202.
Cells
  z5000:B1:39676886;z5001:0:Nlo:334745409;z25:0:Nhi:28684830;z5365:0:Nhi:186825818
  ;z260:J1:68915229;z5366:B11/25:11287931;z5367:J1:91865810;z15:1:A:31112067;z5368
  :1:A:88497141;z17:P:1452400.
Sum=883063521; test 883063521/1000000000+(1-z3202)^7 <= 9990132/10000000.
Leaf R01111001100111111001111101
  B=[z5291,z4991,z5369,z5370,z4999,z4776,z5006,z7,z191,z9,z8,z8] h=z5371
  horizon=27 mass=z4999.
Cells
  z4993:B1:39845745;z4994:0:Nlo:334732230;z25:0:Nhi:28630131;z5372:0:Nhi:187974020
  ;z260:J1:68234544;z5373:B11/25:12031776;z5374:J1:92133151;z15:1:A:30527239;z5375
  :1:A:88377862;z17:P:1676852.
Sum=884163550; test 884163550/1000000000+(1-z4999)^7 <= 9998777/10000000.
Leaf R01111001100111111001111110
  B=[z5302,z5014,z5376,z5377,z4776,z5017,z4785,z7,z191,z9,z8,z8] h=z5378
  horizon=27 mass=z4776.
Cells
  z5018:B1:40014740;z5019:0:Nlo:334718439;z25:0:Nhi:28575640;z5379:0:Nhi:187467889
  ;z260:J1:68759949;z5380:B11/25:11703915;z5381:J1:92337779;z15:1:A:30621535;z5382
  :1:A:88274968;z17:P:1680582.
Sum=884155436; test 884155436/1000000000+(1-z4776)^7 <= 9996344/10000000.
Leaf R01111001100111111001111111
  B=[z5328,z4844,z5383,z5384,z5017,z2843,z5030,z7,z191,z9,z8,z8] h=z5385
  horizon=27 mass=z5017.
Cells
  z4846:B1:40183865;z4847:0:Nlo:334704042;z25:0:Nhi:28521357;z5386:0:Nhi:186964428
  ;z260:J1:69284293;z5387:B11/25:11377740;z5388:J1:92541805;z15:1:A:30715304;z5389
  :1:A:88172159;z17:P:1684319.
Sum=884149312; test 884149312/1000000000+(1-z5017)^7 <= 9993935/10000000.
Leaf R01111001100111111010000
  B=[z3341,z5390,z5391,z5392,z2778,z3202,z2784,z7,z164,z9,z8,z8] h=z4851
  horizon=27 mass=z2778.
Cells
  z5393:B1:40601535;z5394:0:Nlo:334665960;z25:0:Nhi:28388355;z4852:0:Nhi:187216249
  ;z5395:J1:168826898;z15:1:A:32016647;z5396:1:A:87987180;z17:P:2942774.
Sum=882645598; test 882645598/1000000000+(1-z2778)^7 <= 9995418/10000000.
Leaf R01111001100111111010001000
  B=[z3341,z5397,z5398,z5399,z2778,z5047,z2784,z7,z164,z191,z8,z8] h=z4851
  horizon=27 mass=z2778.
Cells
  z5400:B1:40086906;z5401:0:Nlo:334712368;z25:0:Nhi:28552447;z4852:0:Nhi:187216249
  ;z2786:J1:156952102;z15:JD1:45028901;z5402:JD1:73659340;z17:JD1:14436970.
Sum=880645283; test 880645283/1000000000+(1-z2778)^7 <= 9975414/10000000.
Leaf R01111001100111111010001001
  B=[z3341,z5397,z5398,z5399,z2778,z5047,z2784,z7,z191,z9,z8,z8] h=z4851
  horizon=27 mass=z2778.
Cells
  z5400:B1:40086906;z5401:0:Nlo:334712368;z25:0:Nhi:28552447;z4852:0:Nhi:187216249
  ;z5403:J1:170508251;z15:1:A:31412643;z5404:1:A:88698137;z17:P:1636639.
Sum=882823640; test 882823640/1000000000+(1-z2778)^7 <= 9997198/10000000.
Leaf R0111100110011111101000101
  B=[z5071,z5405,z5406,z5407,z5047,z4757,z5055,z7,z164,z9,z8,z8] h=z5408
  horizon=27 mass=z5047.
Cells
  z5409:B1:40258316;z5410:0:Nlo:334697515;z25:0:Nhi:28497539;z5411:0:Nhi:186707440
  ;z260:J1:68764583;z5412:B11/25:11211227;z5413:J1:91295479;z15:1:A:31509560;z5414
  :1:A:88594616;z17:P:1640251.
Sum=883176526; test 883176526/1000000000+(1-z5047)^7 <= 9998355/10000000.
Leaf R0111100110011111101000110
  B=[z4963,z5415,z5416,z5417,z4757,z4979,z4766,z7,z164,z9,z8,z8] h=z5418
  horizon=27 mass=z4757.
Cells
  z5419:B1:40429859;z5420:0:Nlo:334682044;z25:0:Nhi:28442842;z5421:0:Nhi:186201345
  ;z260:J1:69285984;z5422:B11/25:10883276;z5423:J1:91494673;z15:1:A:31605925;z5424
  :1:A:88491185;z17:P:1643869.
Sum=883161002; test 883161002/1000000000+(1-z4757)^7 <= 9995831/10000000.
Leaf R0111100110011111101000111
  B=[z4976,z5390,z5425,z5426,z4979,z3202,z4987,z7,z164,z9,z8,z8] h=z5427
  horizon=27 mass=z4979.
Cells
  z5393:B1:40601535;z5394:0:Nlo:334665960;z25:0:Nhi:28388355;z5428:0:Nhi:185697944
  ;z260:J1:69806308;z5429:B11/25:10557024;z5430:J1:91693267;z15:1:A:31701744;z5431
  :1:A:88387839;z17:P:1647495.
Sum=883147471; test 883147471/1000000000+(1-z4979)^7 <= 9993332/10000000.
Leaf R01111001100111111010010
  B=[z4575,z5432,z5433,z5434,z2778,z4757,z2784,z7,z164,z9,z8,z8] h=z5435
  horizon=27 mass=z2778.
Cells
  z5436:B1:41350925;z5437:0:Nlo:334588808;z25:0:Nhi:28153402;z5438:0:Nhi:183999509
  ;z5439:J1:171198981;z15:1:A:32675944;z5440:1:A:87872191;z17:P:2778339.
Sum=882618099; test 882618099/1000000000+(1-z2778)^7 <= 9995143/10000000.
Leaf R01111001100111111010011
  B=[z5405,z4876,z5441,z5442,z4757,z3202,z4766,z7,z164,z9,z8,z8] h=z5443
  horizon=27 mass=z4757.
Cells
  z4879:B1:41700258;z4880:0:Nlo:334549064;z25:0:Nhi:28045453;z5444:0:Nhi:183005718
  ;z5445:J1:171979657;z15:1:A:32868870;z5446:1:A:87660774;z17:P:2790272.
Sum=882600066; test 882600066/1000000000+(1-z4757)^7 <= 9990222/10000000.
Leaf R011110011001111110101000
  B=[z4864,z5447,z5448,z5449,z3202,z4776,z3210,z7,z164,z9,z8,z8] h=z4890
  horizon=27 mass=z3202.
Cells
  z5450:B1:40945279;z5451:0:Nlo:334631960;z25:0:Nhi:28280003;z4891:0:Nhi:185197215
  ;z5452:J1:169575316;z15:1:A:32649474;z5453:1:A:87633034;z17:P:2842950.
Sum=881755231; test 881755231/1000000000+(1-z3202)^7 <= 9977049/10000000.
Leaf R011110011001111110101001
  B=[z4864,z5447,z5454,z5455,z3202,z4776,z3210,z7,z164,z9,z8,z8] h=z4890
  horizon=27 mass=z3202.
Cells
  z5450:B1:40945279;z5451:0:Nlo:334631960;z25:0:Nhi:28280003;z4891:0:Nhi:185197213
  ;z260:J1:70487604;z4892:B11/25:10232458;z5456:J1:92120820;z15:1:A:31679780;z5457
  :1:A:88248979;z17:P:1716431.
Sum=883540527; test 883540527/1000000000+(1-z3202)^7 <= 9994902/10000000.
Leaf R01111001100111111010101
  B=[z4991,z5458,z5459,z5460,z4776,z2843,z4785,z7,z164,z9,z8,z8] h=z5461
  horizon=27 mass=z4776.
Cells
  z5462:B1:41289538;z5463:0:Nlo:334595547;z25:0:Nhi:28172474;z5464:0:Nhi:184203685
  ;z260:J1:71525716;z5465:B11/25:9588332;z5466:J1:92516349;z15:1:A:31868545;z5467:
  1:A:87422535;z17:P:2855257.
Sum=884037978; test 884037978/1000000000+(1-z4776)^7 <= 9995169/10000000.
Leaf R0111100110011111101011
  B=[z5390,z5468,z5469,z5470,z3202,z2843,z3210,z7,z164,z9,z8,z8] h=z5471
  horizon=27 mass=z3202.
Cells
  z5472:B1:42400424;z5473:0:Nlo:334462362;z25:0:Nhi:27832017;z5474:0:Nhi:182022437
  ;z260:J1:73068155;z5475:B11/25:8173555;z5476:J1:92341932;z15:1:A:32815275;z5477:
  1:A:87381182;z17:P:2927630.
Sum=883424969; test 883424969/1000000000+(1-z3202)^7 <= 9993747/10000000.
Leaf R011110011001111110110
  B=[z3349,z3199,z4883,z4884,z2778,z3202,z2784,z7,z164,z9,z8,z8] h=z4885
  horizon=27 mass=z2778.
Cells
  z3203:B1:43912372;z3204:0:Nlo:334244309;z25:0:Nhi:27383893;z4886:0:Nhi:180889785
  ;z5478:J1:171816844;z15:1:A:33821545;z5479:1:A:87408467;z17:P:3256663.
Sum=882733878; test 882733878/1000000000+(1-z2778)^7 <= 9996300/10000000.
Leaf R011110011001111110111
  B=[z4876,z3208,z4888,z5480,z3202,z2843,z3210,z7,z164,z9,z8,z8] h=z5481
  horizon=27 mass=z3202.
Cells
  z3211:B1:44636453;z3212:0:Nlo:334125596;z25:0:Nhi:27175184;z5482:0:Nhi:178953065
  ;z5483:J1:173336322;z15:1:A:34204194;z5484:1:A:86982342;z17:P:3283370.
Sum=882696526; test 882696526/1000000000+(1-z3202)^7 <= 9986462/10000000.
Leaf R0111100110011111110000
  B=[z4742,z4894,z4895,z4805,z2843,z3219,z2852,z7,z164,z191,z8,z8] h=z10
  horizon=27 mass=z2843.
Cells
  z4896:B1:40861668;z4897:0:Nlo:334640449;z25:0:Nhi:28306267;z4858:0:Nhi:196907262
  ;z260:J1:59946659;z4898:B11/25:17811100;z3251:J1:69995738;z15:JD1:46932654;z5485
  :JD1:72058894;z17:JD1:16466763.
Sum=883927454; test 883927454/1000000000+(1-z2843)^7 <= 9989373/10000000.
Leaf R0111100110011111110001
  B=[z4803,z4854,z4900,z4834,z3219,z2731,z3227,z7,z164,z191,z8,z8] h=z10
  horizon=27 mass=z3219.
Cells
  z4856:B1:41541485;z4857:0:Nlo:334567421;z25:0:Nhi:28094394;z4944:0:Nhi:194794768
  ;z260:J1:62479354;z4902:B11/25:16445689;z3229:J1:70791198;z15:JD1:47852516;z5486
  :JD1:71558648;z17:JD1:16819357.
Sum=884944830; test 884944830/1000000000+(1-z3219)^7 <= 9990213/10000000.
Leaf R01111001100111111100100
  B=[z4742,z4930,z5487,z4799,z2843,z4794,z2852,z7,z164,z191,z8,z8] h=z10
  horizon=27 mass=z2843.
Cells
  z4932:B1:40522510;z4933:0:Nlo:334673437;z25:0:Nhi:28413405;z4858:0:Nhi:196907262
  ;z260:J1:60804882;z4898:B11/25:17811100;z3251:J1:70528141;z15:JD1:47041359;z5488
  :JD1:72808279;z17:JD1:15110484.
Sum=884620859; test 884620859/1000000000+(1-z2843)^7 <= 9996307/10000000.
Leaf R01111001100111111100101
  B=[z4792,z4894,z5489,z4813,z4794,z3219,z4806,z7,z164,z191,z8,z8] h=z10
  horizon=27 mass=z4794.
Cells
  z4896:B1:40861668;z4897:0:Nlo:334640449;z25:0:Nhi:28306267;z4937:0:Nhi:195845416
  ;z260:J1:62098043;z5490:B11/25:17124872;z4814:J1:70939018;z15:JD1:47503172;z5491
  :JD1:72563866;z17:JD1:15280218.
Sum=885162989; test 885162989/1000000000+(1-z4794)^7 <= 9997053/10000000.
Leaf R01111001100111111100110
  B=[z4803,z4940,z5492,z2770,z3219,z2731,z3227,z7,z164,z191,z8,z8] h=z10
  horizon=27 mass=z3219.
Cells
  z4942:B1:39297727;z4943:0:Nlo:334772795;z25:0:Nhi:28808576;z4944:0:Nhi:194794767
  ;z260:J1:63679884;z4902:B11/25:16445689;z3229:J1:71518699;z15:JD1:48003054;z5493
  :JD1:72750649;z17:JD1:14676275.
Sum=884748115; test 884748115/1000000000+(1-z3219)^7 <= 9988246/10000000.
Leaf R01111001100111111100111
  B=[z4946,z4854,z5494,z5495,z3219,z2731,z3227,z7,z164,z191,z8,z8] h=z4949
  horizon=27 mass=z3219.
Cells
  z4856:B1:41541485;z4857:0:Nlo:334567421;z25:0:Nhi:28094394;z4950:0:Nhi:187801207
  ;z260:J1:70183142;z5496:B11/25:11919837;z3229:J1:75742551;z15:JD1:47864032;z5497
  :JD1:72313107;z17:JD1:15304336.
Sum=885331512; test 885331512/1000000000+(1-z3219)^7 <= 9994080/10000000.
Leaf R0111100110011111110100000
  B=[z4742,z5498,z5499,z5500,z2843,z5501,z2852,z7,z191,z9,z8,z8] h=z10 horizon=27
  mass=z2843.
Cells
  z5502:B1:40353122;z5503:0:Nlo:334689040;z25:0:Nhi:28467279;z4858:0:Nhi:196907261
  ;z5504:J1:161865307;z15:1:A:30972486;z5505:1:A:87393614;z17:P:3253870.
Sum=883901979; test 883901979/1000000000+(1-z2843)^7 <= 9989118/10000000.
Leaf R0111100110011111110100001
  B=[z4742,z5498,z5506,z5507,z2843,z5501,z2852,z7,z191,z9,z8,z8] h=z10 horizon=27
  mass=z2843.
Cells
  z5502:B1:40353122;z5503:0:Nlo:334689040;z25:0:Nhi:28467279;z4858:0:Nhi:196907261
  ;z5508:J1:163421671;z15:1:A:30496658;z5509:1:A:87713949;z17:P:2676175.
Sum=884725155; test 884725155/1000000000+(1-z2843)^7 <= 9997350/10000000.
Leaf R0111100110011111110100010
  B=[z5510,z4930,z5511,z5512,z5501,z4794,z5513,z7,z191,z9,z8,z8] h=z10 horizon=27
  mass=z5501.
Cells
  z4932:B1:40522510;z4933:0:Nlo:334673437;z25:0:Nhi:28413405;z5514:0:Nhi:196374929
  ;z5515:J1:162715356;z15:1:A:30861567;z5516:1:A:87281845;z17:P:3328268.
Sum=884171317; test 884171317/1000000000+(1-z5501)^7 <= 9989472/10000000.
Leaf R0111100110011111110100011
  B=[z5510,z4930,z5517,z4793,z5501,z4794,z5513,z7,z191,z9,z8,z8] h=z10 horizon=27
  mass=z5501.
Cells
  z4932:B1:40522510;z4933:0:Nlo:334673437;z25:0:Nhi:28413405;z5514:0:Nhi:196374929
  ;z4797:J1:164280982;z15:1:A:30387356;z5518:1:A:87603516;z17:P:2749299.
Sum=885005434; test 885005434/1000000000+(1-z5501)^7 <= 9997813/10000000.
Leaf R011110011001111111010010
  B=[z4792,z4946,z5519,z4805,z4794,z3219,z4806,z7,z191,z9,z8,z8] h=z10 horizon=27
  mass=z4794.
Cells
  z5520:B1:38642582;z5521:0:Nlo:334812761;z25:0:Nhi:29025482;z4937:0:Nhi:195845415
  ;z4811:J1:165505378;z15:1:A:30171087;z5522:1:A:87589713;z17:P:2648389.
Sum=884240807; test 884240807/1000000000+(1-z4794)^7 <= 9987831/10000000.
Leaf R011110011001111111010011
  B=[z5523,z4894,z5524,z5525,z4794,z3219,z4806,z7,z191,z9,z8,z8] h=z5526
  horizon=27 mass=z4794.
Cells
  z4896:B1:40861668;z4897:0:Nlo:334640449;z25:0:Nhi:28306267;z5527:0:Nhi:188806079
  ;z260:J1:67265715;z5528:B11/25:12570667;z5529:J1:91640140;z15:1:A:30452239;z5530
  :1:A:87144529;z17:P:3371598.
Sum=885059351; test 885059351/1000000000+(1-z4794)^7 <= 9996017/10000000.
Leaf R01111001100111111101010
  B=[z4803,z4940,z5531,z4834,z3219,z2731,z3227,z7,z191,z9,z8,z8] h=z10 horizon=27
  mass=z3219.
Cells
  z4942:B1:39297727;z4943:0:Nlo:334772795;z25:0:Nhi:28808576;z4944:0:Nhi:194794768
  ;z260:J1:62263189;z4902:B11/25:16445689;z4838:J1:89126389;z15:1:A:29747644;z5532
  :1:A:87301230;z17:P:2915696.
Sum=885473703; test 885473703/1000000000+(1-z3219)^7 <= 9995502/10000000.
Leaf R01111001100111111101011
  B=[z4946,z4854,z4900,z5533,z3219,z2731,z3227,z7,z191,z9,z8,z8] h=z4949
  horizon=27 mass=z3219.
Cells
  z4856:B1:41541485;z4857:0:Nlo:334567421;z25:0:Nhi:28094394;z4950:0:Nhi:187801208
  ;z260:J1:68601795;z5496:B11/25:11919837;z5534:J1:92470935;z15:1:A:30424399;z5535
  :1:A:86864967;z17:P:3509968.
Sum=885796409; test 885796409/1000000000+(1-z3219)^7 <= 9998729/10000000.
Leaf R0111100110011111110110000
  B=[z4742,z5536,z5537,z5538,z2843,z5501,z2852,z7,z191,z9,z8,z8] h=z10 horizon=27
  mass=z2843.
Cells
  z5539:B1:38152646;z5540:0:Nlo:334836408;z25:0:Nhi:29190315;z4858:0:Nhi:196907261
  ;z260:J1:60459603;z4898:B11/25:17811100;z5541:J1:88102498;z15:1:A:29587529;z5542
  :1:A:88505352;z17:P:1242454.
Sum=884795166; test 884795166/1000000000+(1-z2843)^7 <= 9998050/10000000.
Leaf R0111100110011111110110001
  B=[z5510,z5523,z5543,z4799,z5501,z4794,z5513,z7,z191,z9,z8,z8] h=z10 horizon=27
  mass=z5501.
Cells
  z5544:B1:38315820;z5545:0:Nlo:334829136;z25:0:Nhi:29135163;z5514:0:Nhi:196374928
  ;z260:J1:61099926;z5546:B11/25:17467099;z4800:J1:88645899;z15:1:A:29481327;z5547
  :1:A:88398284;z17:P:1312329.
Sum=885059911; test 885059911/1000000000+(1-z5501)^7 <= 9998358/10000000.
Leaf R0111100110011111110110010
  B=[z4792,z5548,z5549,z5550,z4794,z5551,z4806,z7,z191,z9,z8,z8] h=z10 horizon=27
  mass=z4794.
Cells
  z5552:B1:38479132;z5553:0:Nlo:334821252;z25:0:Nhi:29080220;z4937:0:Nhi:195845416
  ;z260:J1:61741217;z5490:B11/25:17124872;z5554:J1:89188399;z15:1:A:29375881;z5555
  :1:A:88291071;z17:P:1382310.
Sum=885329770; test 885329770/1000000000+(1-z4794)^7 <= 9998721/10000000.
Leaf R01111001100111111101100110
  B=[z5556,z4946,z5557,z5558,z5551,z3219,z5559,z7,z191,z9,z8,z8] h=z10 horizon=27
  mass=z5551.
Cells
  z5520:B1:38642582;z5521:0:Nlo:334812761;z25:0:Nhi:29025482;z5560:0:Nhi:195318704
  ;z260:J1:61807692;z5561:B11/25:16784407;z5562:J1:88859778;z15:1:A:29714329;z5563
  :1:A:88183715;z17:P:1452402.
Sum=884601852; test 884601852/1000000000+(1-z5551)^7 <= 9989111/10000000.
Leaf R01111001100111111101100111
  B=[z5556,z4946,z5564,z4813,z5551,z3219,z5559,z7,z191,z9,z8,z8] h=z10 horizon=27
  mass=z5551.
Cells
  z5520:B1:38642582;z5521:0:Nlo:334812761;z25:0:Nhi:29025482;z5560:0:Nhi:195318704
  ;z260:J1:62383487;z5561:B11/25:16784407;z4816:J1:89730011;z15:1:A:29271186;z5565
  :1:A:88521248;z17:P:841681.
Sum=885331549; test 885331549/1000000000+(1-z5551)^7 <= 9996408/10000000.
Leaf R011110011001111111011010000
  B=[z5286,z5566,z5567,z5538,z2843,z5501,z2852,z7,z191,z9,z8,z8] h=z10 horizon=27
  mass=z2843.
Cells
  z5568:B1:38700525;z5569:0:Nlo:334809608;z25:0:Nhi:29006138;z5570:0:Nhi:189821584
  ;z260:J1:67254236;z5571:B11/25:13228201;z5541:J1:92615268;z15:1:A:29587529;z5572
  :1:A:88387666;z17:P:1456253.
Sum=884867008; test 884867008/1000000000+(1-z2843)^7 <= 9998768/10000000.
Leaf R011110011001111111011010001
  B=[z5536,z5573,z5574,z5575,z5501,z4794,z5513,z7,z191,z9,z8,z8] h=z5576
  horizon=27 mass=z5501.
Cells
  z5577:B1:38865264;z5578:0:Nlo:334800235;z25:0:Nhi:28951312;z5579:0:Nhi:189312492
  ;z260:J1:67856721;z5580:B11/25:12898590;z5581:J1:93029672;z15:1:A:29557970;z5582
  :1:A:88282252;z17:P:1500750.
Sum=885055258; test 885055258/1000000000+(1-z5501)^7 <= 9998311/10000000.
Leaf R01111001100111111101101001
  B=[z5338,z5583,z5584,z5585,z2843,z4794,z2852,z7,z191,z9,z8,z8] h=z5586
  horizon=27 mass=z2843.
Cells
  z5587:B1:39416226;z5588:0:Nlo:334764566;z25:0:Nhi:28769763;z5589:0:Nhi:188127864
  ;z260:J1:68739691;z5590:B11/25:12131425;z5591:J1:93014096;z15:1:A:30025702;z5592
  :1:A:88249714;z17:P:1550954.
Sum=884790001; test 884790001/1000000000+(1-z2843)^7 <= 9997998/10000000.
Leaf R011110011001111111011010100
  B=[z5523,z5593,z5594,z5595,z4794,z5551,z4806,z7,z191,z9,z8,z8] h=z5526
  horizon=27 mass=z4794.
Cells
  z5596:B1:39030140;z5597:0:Nlo:334790255;z25:0:Nhi:28896692;z5527:0:Nhi:188806080
  ;z260:J1:68388976;z5528:B11/25:12570667;z5598:J1:93240351;z15:1:A:29650272;z5599
  :1:A:88180290;z17:P:1504109.
Sum=885057832; test 885057832/1000000000+(1-z4794)^7 <= 9996002/10000000.
Leaf R011110011001111111011010101
  B=[z5548,z5600,z5601,z5602,z5551,z3219,z5559,z7,z191,z9,z8,z8] h=z5603
  horizon=27 mass=z5551.
Cells
  z5604:B1:39195151;z5605:0:Nlo:334779672;z25:0:Nhi:28842277;z5606:0:Nhi:188302325
  ;z260:J1:68920201;z5607:B11/25:12244421;z5608:J1:93450434;z15:1:A:29742062;z5609
  :1:A:88078414;z17:P:1507476.
Sum=885062433; test 885062433/1000000000+(1-z5551)^7 <= 9993716/10000000.
Leaf R01111001100111111101101011
  B=[z5573,z5610,z5611,z5612,z4794,z3219,z4806,z7,z191,z9,z8,z8] h=z5613
  horizon=27 mass=z4794.
Cells
  z5614:B1:39749219;z5615:0:Nlo:334739838;z25:0:Nhi:28661367;z5616:0:Nhi:187123358
  ;z260:J1:69796934;z5617:B11/25:11480710;z5618:J1:93428891;z15:1:A:30210538;z5619
  :1:A:88045417;z17:P:1557618.
Sum=884793890; test 884793890/1000000000+(1-z4794)^7 <= 9993362/10000000.
Leaf R0111100110011111110110110
  B=[z5313,z4930,z5487,z5620,z2843,z4794,z2852,z7,z191,z9,z8,z8] h=z5621
  horizon=27 mass=z2843.
Cells
  z4932:B1:40522510;z4933:0:Nlo:334673437;z25:0:Nhi:28413405;z5622:0:Nhi:186463625
  ;z260:J1:69966037;z5623:B11/25:11053240;z5624:J1:92967685;z15:1:A:30697012;z5625
  :1:A:88033792;z17:P:1752908.
Sum=884543651; test 884543651/1000000000+(1-z2843)^7 <= 9995535/10000000.
Leaf R0111100110011111110110111
  B=[z5583,z4894,z5489,z5626,z4794,z3219,z4806,z7,z191,z9,z8,z8] h=z5627
  horizon=27 mass=z4794.
Cells
  z4896:B1:40861668;z4897:0:Nlo:334640449;z25:0:Nhi:28306267;z5628:0:Nhi:185469894
  ;z260:J1:71012247;z5629:B11/25:10409210;z5630:J1:93374061;z15:1:A:30881762;z5631
  :1:A:87828519;z17:P:1760447.
Sum=884544524; test 884544524/1000000000+(1-z4794)^7 <= 9990869/10000000.
Leaf R01111001100111111101110000
  B=[z4803,z5632,z5633,z5634,z3219,z5635,z3227,z7,z191,z9,z8,z8] h=z10 horizon=27
  mass=z3219.
Cells
  z5636:B1:38806167;z5637:0:Nlo:334803666;z25:0:Nhi:28970951;z4944:0:Nhi:194794768
  ;z260:J1:62442294;z4902:B11/25:16445689;z5638:J1:89397705;z15:1:A:29608881;z5639
  :1:A:88076212;z17:P:1522603.
Sum=884868936; test 884868936/1000000000+(1-z3219)^7 <= 9989454/10000000.
Leaf R01111001100111111101110001
  B=[z4803,z5632,z5640,z5641,z3219,z5635,z3227,z7,z191,z9,z8,z8] h=z10 horizon=27
  mass=z3219.
Cells
  z5636:B1:38806167;z5637:0:Nlo:334803666;z25:0:Nhi:28970951;z4944:0:Nhi:194794767
  ;z260:J1:63026749;z4902:B11/25:16445689;z5642:J1:90270754;z15:1:A:29167236;z5643
  :1:A:88415201;z17:P:910459.
Sum=885611639; test 885611639/1000000000+(1-z3219)^7 <= 9996881/10000000.
Leaf R01111001100111111101110010
  B=[z5644,z5645,z5646,z5647,z5635,z4821,z5648,z7,z191,z9,z8,z8] h=z10 horizon=27
  mass=z5635.
Cells
  z5649:B1:38969887;z5650:0:Nlo:334793971;z25:0:Nhi:28916623;z5651:0:Nhi:194273587
  ;z260:J1:63077838;z5652:B11/25:16108705;z5653:J1:89934745;z15:1:A:29504182;z5654
  :1:A:87968561;z17:P:1592914.
Sum=885141013; test 885141013/1000000000+(1-z5635)^7 <= 9989852/10000000.
Leaf R01111001100111111101110011
  B=[z5644,z5645,z5655,z4827,z5635,z4821,z5648,z7,z191,z9,z8,z8] h=z10 horizon=27
  mass=z5635.
Cells
  z5649:B1:38969887;z5650:0:Nlo:334793971;z25:0:Nhi:28916623;z5651:0:Nhi:194273587
  ;z260:J1:63671019;z5652:B11/25:16108705;z4830:J1:90810641;z15:1:A:29064022;z5656
  :1:A:88309013;z17:P:979346.
Sum=885896814; test 885896814/1000000000+(1-z5635)^7 <= 9997410/10000000.
Leaf R0111100110011111110111010
  B=[z4818,z4940,z5657,z5658,z4821,z2731,z4835,z7,z191,z9,z8,z8] h=z10 horizon=27
  mass=z4821.
Cells
  z4942:B1:39297727;z4943:0:Nlo:334772795;z25:0:Nhi:28808576;z5659:0:Nhi:193755143
  ;z260:J1:63853936;z5660:B11/25:15773443;z5661:J1:90676369;z15:1:A:29296984;z5662
  :1:A:87825172;z17:P:1727249.
Sum=885787394; test 885787394/1000000000+(1-z4821)^7 <= 9993996/10000000.
Leaf R01111001100111111101110110
  B=[z4818,z5663,z5664,z5665,z4821,z5666,z4835,z7,z191,z9,z8,z8] h=z10 horizon=27
  mass=z4821.
Cells
  z5667:B1:39133741;z5668:0:Nlo:334783679;z25:0:Nhi:28862498;z5659:0:Nhi:193755143
  ;z260:J1:64316306;z5660:B11/25:15773443;z5669:J1:91349691;z15:1:A:28961535;z5670
  :1:A:88202679;z17:P:1048343.
Sum=886187058; test 886187058/1000000000+(1-z4821)^7 <= 9997993/10000000.
Leaf R01111001100111111101110111
  B=[z5671,z4940,z5672,z2770,z5666,z2731,z5673,z7,z191,z9,z8,z8] h=z10 horizon=27
  mass=z5666.
Cells
  z4942:B1:39297727;z4943:0:Nlo:334772795;z25:0:Nhi:28808576;z5674:0:Nhi:193239412
  ;z260:J1:64962626;z5675:B11/25:15439889;z2854:J1:91887915;z15:1:A:28859767;z5676
  :1:A:88096203;z17:P:1117452.
Sum=886482362; test 886482362/1000000000+(1-z5666)^7 <= 9998631/10000000.
Leaf R01111001100111111101111000
  B=[z4946,z5677,z5678,z5679,z3219,z4821,z3227,z7,z191,z9,z8,z8] h=z4949
  horizon=27 mass=z3219.
Cells
  z5680:B1:39525570;z5681:0:Nlo:334756707;z25:0:Nhi:28734060;z4950:0:Nhi:187801207
  ;z260:J1:69607250;z5496:B11/25:11919837;z5682:J1:93876154;z15:1:A:29727278;z5683
  :1:A:87941120;z17:P:1574983.
Sum=885464166; test 885464166/1000000000+(1-z3219)^7 <= 9995406/10000000.
Leaf R01111001100111111101111001
  B=[z5600,z5684,z5685,z5686,z3219,z4821,z3227,z7,z191,z9,z8,z8] h=z5687
  horizon=27 mass=z3219.
Cells
  z5688:B1:40082737;z5689:0:Nlo:334712722;z25:0:Nhi:28553785;z5690:0:Nhi:186129351
  ;z260:J1:70850082;z5691:B11/25:10836619;z5692:J1:93841311;z15:1:A:30393335;z5693
  :1:A:87841472;z17:P:1564309.
Sum=884805723; test 884805723/1000000000+(1-z3219)^7 <= 9988822/10000000.
Leaf R0111100110011111110111101
  B=[z5645,z5694,z5695,z5696,z4821,z2731,z4835,z7,z191,z9,z8,z8] h=z5697
  horizon=27 mass=z4821.
Cells
  z5698:B1:40416767;z5699:0:Nlo:334683246;z25:0:Nhi:28447008;z5700:0:Nhi:186806805
  ;z260:J1:70667399;z5701:B11/25:11275611;z5702:J1:94294636;z15:1:A:29908156;z5703
  :1:A:87617517;z17:P:1798224.
Sum=885915369; test 885915369/1000000000+(1-z4821)^7 <= 9995276/10000000.
Leaf R011110011001111111011111
  B=[z5610,z4854,z5494,z5704,z3219,z2731,z3227,z7,z191,z9,z8,z8] h=z5705
  horizon=27 mass=z3219.
Cells
  z4856:B1:41541485;z4857:0:Nlo:334567421;z25:0:Nhi:28094394;z5706:0:Nhi:184486531
  ;z260:J1:72383176;z5707:B11/25:9771726;z5708:J1:94226038;z15:1:A:30843073;z5709:
  1:A:87551954;z17:P:1897678.
Sum=885363476; test 885363476/1000000000+(1-z3219)^7 <= 9994400/10000000.
Leaf R0111100110011111111000
  B=[z4844,z5710,z5711,z5712,z2843,z4794,z2852,z7,z164,z9,z8,z8] h=z4861
  horizon=27 mass=z2843.
Cells
  z5713:B1:42751237;z5714:0:Nlo:334415463;z25:0:Nhi:27726511;z4862:0:Nhi:183220592
  ;z260:J1:72559678;z4907:B11/25:8950797;z5715:J1:92909556;z15:1:A:32055191;z5716:
  1:A:86991157;z17:P:3268922.
Sum=884849104; test 884849104/1000000000+(1-z2843)^7 <= 9998589/10000000.
Leaf R0111100110011111111001
  B=[z4930,z5717,z5718,z5719,z4794,z3219,z4806,z7,z164,z9,z8,z8] h=z5720
  horizon=27 mass=z4794.
Cells
  z5721:B1:43102520;z5722:0:Nlo:334366237;z25:0:Nhi:27621801;z5723:0:Nhi:182247778
  ;z260:J1:73589581;z5724:B11/25:8319753;z5725:J1:93300490;z15:1:A:32239748;z5726:
  1:A:86779851;z17:P:3283042.
Sum=884850801; test 884850801/1000000000+(1-z4794)^7 <= 9993931/10000000.
Leaf R011110011001111111101
  B=[z4894,z5727,z5728,z5729,z3219,z2731,z3227,z7,z164,z9,z8,z8] h=z4959
  horizon=27 mass=z3219.
Cells
  z5730:B1:43806459;z5731:0:Nlo:334260913;z25:0:Nhi:27414735;z4960:0:Nhi:181285079
  ;z260:J1:74962801;z5732:B11/25:7695102;z5733:J1:94156227;z15:1:A:32188984;z5734:
  1:A:86499283;z17:P:3422726.
Sum=885692309; test 885692309/1000000000+(1-z3219)^7 <= 9997688/10000000.
Leaf R01111001100111111111
  B=[z5468,z3051,z4904,z5735,z2843,z2731,z2852,z7,z164,z9,z8,z8] h=z5736
  horizon=27 mass=z2843.
Cells
  z3053:B1:46089781;z3054:0:Nlo:333860857;z25:0:Nhi:26767156;z5737:0:Nhi:177056768
  ;z260:J1:77906395;z5738:B11/25:4949523;z5739:J1:93713531;z15:1:A:34074108;z5740:
  1:A:86418121;z17:P:3564475.
Sum=884400715; test 884400715/1000000000+(1-z2843)^7 <= 9994105/10000000.
Leaf R0111100110100000
  B=[z1163,z5741,z5742,z5743,z20,z2824,z2647,z7,z32,z145,z8,z8] h=z3061 horizon=27
  mass=z20.
Cells
  z5744:B1:50474710;z5745:0:Nlo:332866398;z25:0:Nhi:25615960;z3149:0:Nhi:131117001
  ;z5746:J1:85284957;z2651:J1:118032580;z5747:1:Q:2033436;z5748:JD1:2;z5749:1:A:46
  89643;z15:JD1:33506693;z5750:JD1:13576788;z17:JD1:73522733.
Sum=870720901; test 870720901/1000000000+(1-z20)^7 <= 9914694/10000000.
Leaf R0111100110100001
  B=[z1163,z5741,z5742,z5743,z20,z2824,z2647,z7,z145,z9,z8,z8] h=z3061 horizon=27
  mass=z20.
Cells
  z5744:B1:50474710;z5745:0:Nlo:332866398;z25:0:Nhi:25615960;z3149:0:Nhi:131117002
  ;z5751:J1:201266247;z5747:1:Q:1015183;z5748:J1:2;z15:1:A:39122689;z5752:1:A:8472
  6093;z17:P:10580811.
Sum=876785095; test 876785095/1000000000+(1-z20)^7 <= 9975336/10000000.
Leaf R011110011010001
  B=[z3187,z3102,z5753,z5754,z2824,z2778,z2832,z7,z32,z9,z8,z8] h=z5755 horizon=27
  mass=z2824.
Cells
  z3104:B1:52097134;z3105:0:Nlo:332430974;z25:0:Nhi:25217342;z5756:0:Nhi:128424144
  ;z5757:J1:89291927;z3241:J1:115557897;z5758:1:Q:2506138;z5759:J1:2;z15:1:A:40050
  558;z5760:1:A:83763589;z17:P:10744170.
Sum=880083875; test 880083875/1000000000+(1-z2824)^7 <= 9988928/10000000.
Leaf R01111001101001000
  B=[z1163,z5761,z5762,z5763,z20,z2824,z2647,z7,z32,z145,z8,z8] h=z3061 horizon=27
  mass=z20.
Cells
  z5764:B1:46084656;z5765:0:Nlo:333861850;z25:0:Nhi:26768571;z3064:0:Nhi:182824168
  ;z5766:J1:60896344;z2651:J1:101984646;z15:JD1:40652563;z5767:JD1:14597188;z17:JD
  1:69961697.
Sum=877631683; test 877631683/1000000000+(1-z20)^7 <= 9983802/10000000.
Leaf R01111001101001001
  B=[z3187,z5768,z5769,z5770,z2824,z2778,z2832,z7,z32,z145,z8,z8] h=z5755
  horizon=27 mass=z2824.
Cells
  z5771:B1:47617418;z5772:0:Nlo:333546426;z25:0:Nhi:26353071;z5773:0:Nhi:178812680
  ;z5774:J1:65815730;z3241:J1:99561730;z15:JD1:42019571;z5775:JD1:13652718;z17:JD1
  :70029306.
Sum=877408650; test 877408650/1000000000+(1-z2824)^7 <= 9962176/10000000.
Leaf R01111001101001010000
  B=[z1163,z5776,z5777,z5778,z20,z3262,z2647,z7,z145,z164,z8,z8] h=z3061
  horizon=27 mass=z20.
Cells
  z5779:B1:43169560;z5780:0:Nlo:334356588;z25:0:Nhi:27601923;z3064:0:Nhi:182824168
  ;z2651:J1:159483466;z15:JD1:41003978;z5781:JD1:56269200;z17:JD1:32175047.
Sum=876883930; test 876883930/1000000000+(1-z20)^7 <= 9976325/10000000.
Leaf R0111100110100101000100
  B=[z1163,z5782,z5783,z5784,z20,z3377,z2647,z7,z164,z9,z8,z8] h=z3061 horizon=27
  mass=z20.
Cells
  z5785:B1:42800181;z5786:0:Nlo:334408739;z25:0:Nhi:27711867;z3149:0:Nhi:131117002
  ;z5787:J1:206848939;z15:1:A:37544342;z5788:1:A:87804228;z17:P:4889105.
Sum=873124403; test 873124403/1000000000+(1-z20)^7 <= 9938729/10000000.
Leaf R0111100110100101000101
  B=[z1163,z5782,z5789,z5790,z20,z3377,z2647,z7,z164,z9,z8,z8] h=z3061 horizon=27
  mass=z20.
Cells
  z5785:B1:42800181;z5786:0:Nlo:334408739;z25:0:Nhi:27711866;z3149:0:Nhi:131117002
  ;z5791:J1:215516187;z15:1:A:35328374;z5792:1:A:88837054;z17:P:2946896.
Sum=878666299; test 878666299/1000000000+(1-z20)^7 <= 9994148/10000000.
Leaf R0111100110100101000110
  B=[z3414,z5776,z5793,z5794,z3377,z3262,z3385,z7,z164,z9,z8,z8] h=z5795
  horizon=27 mass=z3377.
Cells
  z5779:B1:43169560;z5780:0:Nlo:334356588;z25:0:Nhi:27601924;z5796:0:Nhi:130433357
  ;z5797:J1:207373955;z15:1:A:37767927;z5798:1:A:87581196;z17:P:4909685.
Sum=873194192; test 873194192/1000000000+(1-z3377)^7 <= 9934553/10000000.
Leaf R0111100110100101000111
  B=[z3414,z5776,z5799,z5800,z3377,z3262,z3385,z7,z164,z9,z8,z8] h=z5795
  horizon=27 mass=z3377.
Cells
  z5779:B1:43169560;z5780:0:Nlo:334356588;z25:0:Nhi:27601923;z5796:0:Nhi:130433358
  ;z5801:J1:216120823;z15:1:A:35539704;z5802:1:A:88620706;z17:P:2959346.
Sum=878802008; test 878802008/1000000000+(1-z3377)^7 <= 9990631/10000000.
Leaf R01111001101001010010
  B=[z3293,z5803,z5804,z5805,z3262,z2824,z3272,z7,z145,z164,z8,z8] h=z5806
  horizon=27 mass=z3262.
Cells
  z5807:B1:43909827;z5808:0:Nlo:334244710;z25:0:Nhi:27384633;z5809:0:Nhi:180796520
  ;z3304:J1:160659547;z15:JD1:41700530;z5810:JD1:55847645;z17:JD1:32175915.
Sum=876719327; test 876719327/1000000000+(1-z3262)^7 <= 9964947/10000000.
Leaf R011110011010010100110
  B=[z3293,z5811,z5812,z5813,z3262,z3400,z3272,z7,z164,z9,z8,z8] h=z5806
  horizon=27 mass=z3262.
Cells
  z5814:B1:43539445;z5815:0:Nlo:334301900;z25:0:Nhi:27492850;z5816:0:Nhi:129756739
  ;z5817:J1:216725210;z15:1:A:35748534;z5818:1:A:87358488;z17:P:4930311.
Sum=879853477; test 879853477/1000000000+(1-z3262)^7 <= 9996289/10000000.
Leaf R011110011010010100111
  B=[z3962,z5803,z5819,z5820,z3400,z2824,z3408,z7,z164,z9,z8,z8] h=z5821
  horizon=27 mass=z3400.
Cells
  z5807:B1:43909827;z5808:0:Nlo:334244710;z25:0:Nhi:27384633;z5822:0:Nhi:179799213
  ;z5823:J1:166485865;z15:1:A:35954899;z5824:1:A:87136103;z17:P:4950981.
Sum=879866231; test 879866231/1000000000+(1-z3400)^7 <= 9991576/10000000.
Leaf R0111100110100101010
  B=[z2399,z5825,z5826,z5827,z20,z3262,z2647,z7,z145,z9,z8,z8] h=z5828 horizon=27
  mass=z20.
Cells
  z5829:B1:45320840;z5830:0:Nlo:334005241;z25:0:Nhi:26981270;z5831:0:Nhi:127187610
  ;z5832:J1:212924474;z5833:1:Q:1537865;z5834:J1:2;z15:1:A:37989791;z5835:1:A:8742
  6659;z17:P:4865679.
Sum=878239431; test 878239431/1000000000+(1-z20)^7 <= 9989880/10000000.
Leaf R0111100110100101011
  B=[z5776,z5761,z5836,z5837,z3262,z2824,z3272,z7,z145,z9,z8,z8] h=z5838
  horizon=27 mass=z3262.
Cells
  z5764:B1:46084656;z5765:0:Nlo:333861850;z25:0:Nhi:26768572;z5839:0:Nhi:175024589
  ;z5840:J1:164582418;z5841:1:Q:1679453;z5842:J1:2;z15:1:A:38408736;z5843:1:A:8698
  0286;z17:P:4904959.
Sum=878295521; test 878295521/1000000000+(1-z3262)^7 <= 9980709/10000000.
Leaf R01111001101001011000
  B=[z3187,z5844,z5845,z5846,z2824,z3280,z2832,z7,z145,z164,z8,z8] h=z5755
  horizon=27 mass=z2824.
Cells
  z5847:B1:44652026;z5848:0:Nlo:334122945;z25:0:Nhi:27170735;z5773:0:Nhi:178812682
  ;z3241:J1:161814878;z15:JD1:42399011;z5849:JD1:55426381;z17:JD1:32178269.
Sum=876576927; test 876576927/1000000000+(1-z2824)^7 <= 9953859/10000000.
Leaf R01111001101001011001
  B=[z3187,z5844,z5845,z5846,z2824,z3280,z2832,z7,z164,z9,z8,z8] h=z5755
  horizon=27 mass=z2824.
Cells
  z5847:B1:44652026;z5848:0:Nlo:334122945;z25:0:Nhi:27170735;z5773:0:Nhi:178812683
  ;z5850:J1:168081075;z15:1:A:35876260;z5851:1:A:86850703;z17:P:5089160.
Sum=880655587; test 880655587/1000000000+(1-z2824)^7 <= 9994646/10000000.
Leaf R0111100110100101101
  B=[z3319,z5852,z5853,z5854,z3280,z2778,z3288,z7,z145,z9,z8,z8] h=z5855
  horizon=27 mass=z3280.
Cells
  z5856:B1:45396063;z5857:0:Nlo:333991539;z25:0:Nhi:26960149;z5858:0:Nhi:176871269
  ;z5859:J1:170344463;z15:1:A:36276380;z5860:1:A:86407269;z17:P:5130697.
Sum=881377829; test 881377829/1000000000+(1-z3280)^7 <= 9992271/10000000.
Leaf R011110011010010111
  B=[z5803,z5768,z5769,z5861,z2824,z2778,z2832,z7,z145,z9,z8,z8] h=z5862
  horizon=27 mass=z2824.
Cells
  z5771:B1:47617418;z5772:0:Nlo:333546426;z25:0:Nhi:26353071;z5863:0:Nhi:173116933
  ;z5864:J1:167341636;z5865:1:Q:2160686;z5866:J1:2;z15:1:A:38208576;z5867:1:A:8640
  7627;z17:P:5182573.
Sum=879934948; test 879934948/1000000000+(1-z2824)^7 <= 9987439/10000000.
Leaf R01111001101001100
  B=[z1722,z5741,z5868,z5869,z20,z2824,z2647,z7,z32,z145,z8,z8] h=z5870 horizon=27
  mass=z20.
Cells
  z5744:B1:50474710;z5745:0:Nlo:332866397;z25:0:Nhi:25615961;z5871:0:Nhi:171481752
  ;z5872:J1:55876836;z2651:J1:111201384;z5873:1:Q:318312;z5874:D1:Q:2;z5875:1:A:42
  89972;z15:JD1:35134837;z5876:JD1:16238180;z17:JD1:67376357.
Sum=870874700; test 870874700/1000000000+(1-z20)^7 <= 9916232/10000000.
Leaf R01111001101001101
  B=[z1722,z5741,z5868,z5869,z20,z2824,z2647,z7,z145,z9,z8,z8] h=z5870 horizon=27
  mass=z20.
Cells
  z5744:B1:50474710;z5745:0:Nlo:332866397;z25:0:Nhi:25615961;z5877:0:Nhi:123484871
  ;z2651:J1:212664746;z5873:1:Q:318312;z5874:D1:Q:2;z15:1:A:40364416;z5878:1:A:866
  29074;z17:P:5640576.
Sum=878059065; test 878059065/1000000000+(1-z20)^7 <= 9988076/10000000.
Leaf R0111100110100111
  B=[z5761,z3102,z5879,z5880,z2824,z2778,z2832,z7,z32,z9,z8,z8] h=z5881 horizon=27
  mass=z2824.
Cells
  z3104:B1:52097134;z3105:0:Nlo:332430973;z25:0:Nhi:25217343;z5882:0:Nhi:167768050
  ;z5883:J1:60406924;z3241:J1:108788060;z5884:1:Q:877585;z5885:D1:Q:2;z15:1:A:4118
  9464;z5886:1:A:85727236;z17:P:5725664.
Sum=880228435; test 880228435/1000000000+(1-z2824)^7 <= 9990374/10000000.
Leaf R011110011010100
  B=[z3070,z5887,z5888,z5889,z2778,z2843,z2784,z7,z32,z9,z8,z8] h=z3074 horizon=27
  mass=z2778.
Cells
  z5890:B1:53724143;z5891:0:Nlo:331961126;z25:0:Nhi:24830932;z3154:0:Nhi:125838687
  ;z5892:J1:93231109;z2786:J1:113099253;z5893:1:Q:3029227;z5894:J1:2;z15:1:A:40935
  925;z5895:1:A:82805166;z17:P:10908354.
Sum=880363924; test 880363924/1000000000+(1-z2778)^7 <= 9972601/10000000.
Leaf R011110011010101
  B=[z3208,z5896,z5897,z5898,z2843,z2731,z2852,z7,z32,z9,z8,z8] h=z5899 horizon=27
  mass=z2843.
Cells
  z5900:B1:55354999;z5901:0:Nlo:331458725;z25:0:Nhi:24456176;z5902:0:Nhi:123354378
  ;z5903:J1:97107213;z3251:J1:110655085;z5904:1:Q:3601245;z5905:J1:2;z15:1:A:41781
  029;z5906:1:A:81850699;z17:P:11073440.
Sum=880692991; test 880692991/1000000000+(1-z2843)^7 <= 9957028/10000000.
Leaf R0111100110101100
  B=[z3070,z5907,z5908,z3073,z2778,z2731,z2784,z7,z32,z145,z8,z8] h=z3074
  horizon=27 mass=z2778.
Cells
  z5909:B1:50700836;z5910:0:Nlo:332807768;z25:0:Nhi:25559573;z3118:0:Nhi:174970953
  ;z5911:J1:76899352;z260:J1:4920991;z5912:B11/25:7214782;z2786:J1:81281938;z15:JD
  1:43521421;z5913:JD1:12599460;z17:JD1:70461557.
Sum=880938631; test 880938631/1000000000+(1-z2778)^7 <= 9978348/10000000.
Leaf R011110011010110100
  B=[z3070,z5914,z5915,z5916,z2778,z3202,z2784,z7,z145,z9,z8,z8] h=z3074
  horizon=27 mass=z2778.
Cells
  z5917:B1:48386172;z5918:0:Nlo:333374884;z25:0:Nhi:26150117;z3118:0:Nhi:174970954
  ;z5919:J1:171445292;z5920:1:Q:345850;z5921:J1:2;z15:1:A:36667241;z5922:1:A:85583
  539;z17:P:5872415.
Sum=882796466; test 882796466/1000000000+(1-z2778)^7 <= 9996926/10000000.
Leaf R011110011010110101
  B=[z3199,z5923,z5924,z5925,z3202,z2843,z3210,z7,z145,z9,z8,z8] h=z5926
  horizon=27 mass=z3202.
Cells
  z5927:B1:49156387;z5928:0:Nlo:333194441;z25:0:Nhi:25950263;z5929:0:Nhi:173110455
  ;z5930:J1:172369304;z5931:1:Q:861366;z5932:J1:2;z15:1:A:37049096;z5933:1:A:85137
  896;z17:P:5919816.
Sum=882749026; test 882749026/1000000000+(1-z3202)^7 <= 9986987/10000000.
Leaf R01111001101011011
  B=[z3208,z5907,z5934,z5935,z2843,z2731,z2852,z7,z145,z9,z8,z8] h=z5899
  horizon=27 mass=z2843.
Cells
  z5909:B1:50700836;z5910:0:Nlo:332807768;z25:0:Nhi:25559573;z5936:0:Nhi:171288551
  ;z5937:J1:175359773;z5938:1:Q:1180931;z5939:J1:2;z15:1:A:36866063;z5940:1:A:8456
  2439;z17:P:6205139.
Sum=884531075; test 884531075/1000000000+(1-z2843)^7 <= 9995409/10000000.
Leaf R0111100110101110
  B=[z5768,z5887,z5941,z5942,z2778,z2843,z2784,z7,z32,z9,z8,z8] h=z5943 horizon=27
  mass=z2778.
Cells
  z5890:B1:53724143;z5891:0:Nlo:331961126;z25:0:Nhi:24830932;z5944:0:Nhi:164209699
  ;z5945:J1:64850141;z2786:J1:106389007;z5946:1:Q:1483854;z5947:J1:2;z15:1:A:41975
  898;z5948:1:A:84830742;z17:P:5811378.
Sum=880066922; test 880066922/1000000000+(1-z2778)^7 <= 9969631/10000000.
Leaf R0111100110101111
  B=[z5923,z5896,z5949,z5950,z2843,z2731,z2852,z7,z32,z9,z8,z8] h=z5951 horizon=27
  mass=z2843.
Cells
  z5900:B1:55354999;z5901:0:Nlo:331458725;z25:0:Nhi:24456175;z5952:0:Nhi:160797254
  ;z5953:J1:69212738;z3251:J1:104002664;z5954:1:Q:2135963;z5955:J1:2;z15:1:A:42725
  745;z5956:1:A:83939495;z17:P:5897770.
Sum=879981530; test 879981530/1000000000+(1-z2843)^7 <= 9949914/10000000.
Leaf R01111001101100 B=[z1698,z5957,z5958,z5959,z20,z2824,z2647,z7,z32,z9,z8,z8]
  h=z3109 horizon=27 mass=z20.
Cells
  z5960:B1:59359484;z5961:0:Nlo:330102308;z25:0:Nhi:23584731;z5962:0:Nhi:116685693
  ;z5963:J1:93216427;z5964:J1:113975539;z15:1:A:46642482;z5965:1:A:83821105;z17:P:
  9514007.
Sum=876901776; test 876901776/1000000000+(1-z20)^7 <= 9976503/10000000.
Leaf R01111001101101 B=[z5741,z3057,z5966,z5967,z2824,z2778,z2832,z7,z32,z9,z8,z8]
  h=z5968 horizon=27 mass=z2824.
Cells
  z3062:B1:61147465;z3063:0:Nlo:329444800;z25:0:Nhi:23216088;z5969:0:Nhi:157992631
  ;z5970:J1:52873168;z5971:J1:112081416;z15:1:A:47464510;z5972:1:A:82867130;z17:P:
  9651392.
Sum=876738600; test 876738600/1000000000+(1-z2824)^7 <= 9955476/10000000.
Leaf R0111100110111 B=[z3102,z3071,z3117,z5973,z2778,z2731,z2784,z7,z32,z9,z8,z8]
  h=z5974 horizon=27 mass=z2778.
Cells
  z3075:B1:64725958;z3076:0:Nlo:328041827;z25:0:Nhi:22512310;z5975:0:Nhi:154680582
  ;z5976:J1:64099156;z5977:J1:107648412;z15:1:A:46715739;z5978:1:A:81689780;z17:P:
  10210931.
Sum=880324695; test 880324695/1000000000+(1-z2778)^7 <= 9972209/10000000.
Leaf R01111001110000
  B=[z2769,z3119,z3120,z2857,z2731,z2858,z2736,z7,z32,z140,z8,z8] h=z10 horizon=27
  mass=z2731.
Cells
  z3121:B1:49014736;z3122:0:Nlo:333228258;z25:0:Nhi:25986761;z3123:0:Nhi:210988175
  ;z260:J1:51759664;z5979:B11/25:25515617;z2790:J1:63742977;z15:JD1:47407107;z5980
  :JD1:12315890;z17:JD1:66199610.
Sum=886158795; test 886158795/1000000000+(1-z2731)^7 <= 9993084/10000000.
Leaf R01111001110001
  B=[z2856,z3081,z3125,z2680,z2858,z2670,z2868,z7,z32,z140,z8,z8] h=z10 horizon=27
  mass=z2858.
Cells
  z3083:B1:51959834;z3084:0:Nlo:332469130;z25:0:Nhi:25250549;z5981:0:Nhi:207507206
  ;z260:J1:57375424;z2869:B11/25:38962755;z2870:J1:47773259;z15:JD1:51087151;z5982
  :JD1:8877115;z17:JD1:68939593.
Sum=890202016; test 890202016/1000000000+(1-z2858)^7 <= 9997085/10000000.
Leaf R011110011100100
  B=[z2769,z3119,z3120,z2872,z2731,z2858,z2736,z7,z140,z145,z8,z8] h=z10
  horizon=27 mass=z2731.
Cells
  z3121:B1:49014736;z3122:0:Nlo:333228258;z25:0:Nhi:25986761;z5983:0:Nhi:173390466
  ;z5984:J1:13884890;z260:J1:69367890;z5985:B11/25:12592811;z2790:J1:73210481;z15:
  JD1:47446164;z5986:JD1:32514587;z17:JD1:51836177.
Sum=882473221; test 882473221/1000000000+(1-z2731)^7 <= 9956229/10000000.
Leaf R011110011100101
  B=[z2856,z3081,z3125,z2878,z2858,z2670,z2868,z7,z140,z145,z8,z8] h=z10
  horizon=27 mass=z2858.
Cells
  z3083:B1:51959834;z3084:0:Nlo:332469130;z25:0:Nhi:25250549;z5987:0:Nhi:199321942
  ;z260:J1:59702463;z5988:B11/25:15365457;z2870:J1:68179739;z15:JD1:51067259;z5989
  :JD1:29657397;z17:JD1:54074519.
Sum=887048289; test 887048289/1000000000+(1-z2858)^7 <= 9965548/10000000.
Leaf R01111001110011000
  B=[z2769,z5990,z5991,z5992,z2731,z5993,z2736,z7,z140,z145,z8,z8] h=z10
  horizon=27 mass=z2731.
Cells
  z5994:B1:46818857;z5995:0:Nlo:333715276;z25:0:Nhi:26567700;z5996:0:Nhi:207434291
  ;z260:J1:53130979;z5997:B11/25:25515615;z2790:J1:62499066;z15:JD1:47890765;z5998
  :JD1:34727284;z17:JD1:47208705.
Sum=885508538; test 885508538/1000000000+(1-z2731)^7 <= 9986582/10000000.
Leaf R01111001110011001
  B=[z5999,z6000,z6001,z2884,z5993,z2885,z6002,z7,z140,z145,z8,z8] h=z10
  horizon=27 mass=z5993.
Cells
  z6003:B1:47549428;z6004:0:Nlo:333561177;z25:0:Nhi:26371191;z6005:0:Nhi:210523141
  ;z260:J1:50564802;z6006:B11/25:22891963;z6007:J1:64506268;z15:JD1:48807911;z6008
  :JD1:34021028;z17:JD1:47751436.
Sum=886548345; test 886548345/1000000000+(1-z5993)^7 <= 9987776/10000000.
Leaf R01111001110011010
  B=[z2883,z6009,z6010,z6011,z2885,z6012,z2896,z7,z140,z145,z8,z8] h=z10
  horizon=27 mass=z2885.
Cells
  z6013:B1:48281415;z6014:0:Nlo:333398768;z25:0:Nhi:26177567;z6015:0:Nhi:213544684
  ;z260:J1:48036076;z6016:B11/25:20326977;z6017:J1:66504146;z15:JD1:49735654;z6018
  :JD1:33305377;z17:JD1:48304021.
Sum=887614685; test 887614685/1000000000+(1-z2885)^7 <= 9989300/10000000.
Leaf R01111001110011011
  B=[z6019,z3119,z6020,z2857,z6012,z2858,z6021,z7,z140,z145,z8,z8] h=z10
  horizon=27 mass=z6012.
Cells
  z3121:B1:49014736;z3122:0:Nlo:333228258;z25:0:Nhi:25986761;z2863:0:Nhi:216500989
  ;z260:J1:45543643;z6022:B11/25:17818748;z6023:J1:68493778;z15:JD1:50674274;z6024
  :JD1:32580011;z17:JD1:48866766.
Sum=888707964; test 888707964/1000000000+(1-z6012)^7 <= 9991157/10000000.
Leaf R0111100111001110
  B=[z2856,z3164,z6025,z2680,z2858,z2670,z2868,z7,z140,z145,z8,z8] h=z10
  horizon=27 mass=z2858.
Cells
  z3166:B1:42192363;z3167:0:Nlo:334489094;z25:0:Nhi:27895039;z6026:0:Nhi:227771941
  ;z260:J1:35915046;z3126:B11/25:35246332;z2870:J1:51152755;z15:JD1:51883733;z6027
  :JD1:33024119;z17:JD1:47078083.
Sum=886648505; test 886648505/1000000000+(1-z2858)^7 <= 9961550/10000000.
Leaf R01111001110011110
  B=[z3170,z6028,z6029,z6030,z2858,z2670,z2868,z7,z140,z145,z8,z8] h=z3173
  horizon=27 mass=z2858.
Cells
  z6031:B1:47043014;z6032:0:Nlo:333668858;z25:0:Nhi:26507054;z6033:0:Nhi:222693021
  ;z260:J1:39990938;z6034:B11/25:36255077;z2870:J1:49598237;z15:JD1:51449413;z6035
  :JD1:32885077;z17:JD1:47396406.
Sum=887487095; test 887487095/1000000000+(1-z2858)^7 <= 9969936/10000000.
Leaf R01111001110011111
  B=[z6036,z3081,z6037,z6038,z2858,z2670,z2868,z7,z140,z145,z8,z8] h=z6039
  horizon=27 mass=z2858.
Cells
  z3083:B1:51959834;z3084:0:Nlo:332469130;z25:0:Nhi:25250549;z6040:0:Nhi:207723594
  ;z260:J1:52334354;z6041:B11/25:22851609;z2870:J1:60785374;z15:JD1:50165242;z6042
  :JD1:33929952;z17:JD1:45375312.
Sum=882844950; test 882844950/1000000000+(1-z2858)^7 <= 9923515/10000000.
Leaf R011110011101000
  B=[z2769,z3119,z3120,z6043,z2731,z2858,z2736,z7,z145,z9,z8,z8] h=z10 horizon=27
  mass=z2731.
Cells
  z3121:B1:49014736;z3122:0:Nlo:333228258;z25:0:Nhi:25986761;z3095:0:Nhi:159825867
  ;z6044:J1:190803411;z15:1:A:33302020;z6045:1:A:81562358;z17:P:12449931.
Sum=886173342; test 886173342/1000000000+(1-z2731)^7 <= 9993230/10000000.
Leaf R01111001110100100
  B=[z2769,z6000,z6046,z2895,z2731,z2885,z2736,z7,z145,z164,z8,z8] h=z10
  horizon=27 mass=z2731.
Cells
  z6003:B1:47549428;z6004:0:Nlo:333561177;z25:0:Nhi:26371191;z3095:0:Nhi:159825868
  ;z2790:J1:179377948;z15:JD1:48067816;z6047:JD1:50195985;z17:JD1:38742210.
Sum=883691623; test 883691623/1000000000+(1-z2731)^7 <= 9968413/10000000.
Leaf R01111001110100101
  B=[z2883,z3119,z6048,z2872,z2885,z2858,z2896,z7,z145,z164,z8,z8] h=z10
  horizon=27 mass=z2885.
Cells
  z3121:B1:49014736;z3122:0:Nlo:333228258;z25:0:Nhi:25986761;z6049:0:Nhi:156637175
  ;z260:J1:99677033;z6050:B11/25:10058135;z6017:J1:73668462;z15:JD1:49896552;z6051
  :JD1:48934434;z17:JD1:39709876.
Sum=886811422; test 886811422/1000000000+(1-z2885)^7 <= 9981267/10000000.
Leaf R011110011101001100
  B=[z2769,z5990,z6052,z6053,z2731,z5993,z2736,z7,z164,z9,z8,z8] h=z10 horizon=27
  mass=z2731.
Cells
  z5994:B1:46818857;z5995:0:Nlo:333715276;z25:0:Nhi:26567700;z3095:0:Nhi:159825869
  ;z6054:J1:193443827;z15:1:A:32320816;z6055:1:A:83054293;z17:P:9878793.
Sum=885625431; test 885625431/1000000000+(1-z2731)^7 <= 9987751/10000000.
Leaf R011110011101001101
  B=[z5999,z6000,z6056,z2895,z5993,z2885,z6002,z7,z164,z9,z8,z8] h=z10 horizon=27
  mass=z5993.
Cells
  z6003:B1:47549428;z6004:0:Nlo:333561177;z25:0:Nhi:26371191;z6057:0:Nhi:158215664
  ;z6058:J1:196768108;z15:1:A:31881748;z6059:1:A:82548277;z17:P:10226494.
Sum=887122087; test 887122087/1000000000+(1-z5993)^7 <= 9993513/10000000.
Leaf R0111100111010011100
  B=[z2883,z6060,z6061,z6062,z2885,z6012,z2896,z7,z164,z9,z8,z8] h=z10 horizon=27
  mass=z2885.
Cells
  z6063:B1:38981233;z6064:0:Nlo:334793278;z25:0:Nhi:28912867;z6049:0:Nhi:156637176
  ;z6065:J1:200098853;z15:1:A:31454444;z6066:1:A:83623949;z17:P:7859700.
Sum=882361500; test 882361500/1000000000+(1-z2885)^7 <= 9936768/10000000.
Leaf R0111100111010011101
  B=[z6067,z6009,z6068,z6069,z2885,z6012,z2896,z7,z164,z9,z8,z8] h=z6070
  horizon=27 mass=z2885.
Cells
  z6013:B1:48281415;z6014:0:Nlo:333398768;z25:0:Nhi:26177567;z6071:0:Nhi:188716531
  ;z6072:J1:167505428;z15:1:A:31779713;z6073:1:A:82056391;z17:P:10470083.
Sum=888385896; test 888385896/1000000000+(1-z2885)^7 <= 9997012/10000000.
Leaf R0111100111010011110
  B=[z6019,z3170,z6074,z2872,z6012,z2858,z6021,z7,z164,z9,z8,z8] h=z10 horizon=27
  mass=z6012.
Cells
  z6075:B1:39619708;z6076:0:Nlo:334749736;z25:0:Nhi:28703408;z6077:0:Nhi:155089484
  ;z260:J1:100394537;z6078:B11/25:8828177;z2876:J1:94195596;z15:1:A:31038433;z6079
  :1:A:83134733;z17:P:8192004.
Sum=883945816; test 883945816/1000000000+(1-z6012)^7 <= 9943535/10000000.
Leaf R0111100111010011111
  B=[z6060,z3119,z6080,z6081,z6012,z2858,z6021,z7,z164,z9,z8,z8] h=z6082
  horizon=27 mass=z6012.
Cells
  z3121:B1:49014736;z3122:0:Nlo:333228258;z25:0:Nhi:25986761;z6083:0:Nhi:186772550
  ;z6084:J1:168976169;z15:1:A:32159883;z6085:1:A:81589804;z17:P:10556673.
Sum=888284834; test 888284834/1000000000+(1-z6012)^7 <= 9986926/10000000.
Leaf R0111100111010100
  B=[z2856,z6086,z6087,z2912,z2858,z2902,z2868,z7,z145,z9,z8,z8] h=z10 horizon=27
  mass=z2858.
Cells
  z6088:B1:40902428;z6089:0:Nlo:334636328;z25:0:Nhi:28293456;z5981:0:Nhi:207507207
  ;z260:J1:50510202;z6090:B11/25:7622175;z6091:J1:97306259;z15:1:A:30238554;z6092:
  1:A:81135754;z17:P:11071020.
Sum=889223383; test 889223383/1000000000+(1-z2858)^7 <= 9987299/10000000.
Leaf R0111100111010101
  B=[z2900,z3164,z6093,z2878,z2902,z2670,z2913,z7,z145,z9,z8,z8] h=z10 horizon=27
  mass=z2902.
Cells
  z3166:B1:42192363;z3167:0:Nlo:334489094;z25:0:Nhi:27895039;z6094:0:Nhi:205857623
  ;z260:J1:52828053;z6095:B11/25:10616769;z6096:J1:95190775;z6097:1:Q:670226;z2881
  :J1:2;z15:1:A:29478841;z6098:1:A:80098257;z17:P:11779844.
Sum=891096886; test 891096886/1000000000+(1-z2902)^7 <= 9988198/10000000.
Leaf R01111001110101100
  B=[z3170,z6099,z6100,z6101,z2858,z2902,z2868,z7,z145,z9,z8,z8] h=z3173
  horizon=27 mass=z2858.
Cells
  z6102:B1:45658207;z6103:0:Nlo:333943070;z25:0:Nhi:26886847;z6104:0:Nhi:184867583
  ;z260:J1:70885594;z6105:B11/25:10018771;z6106:J1:91806299;z15:1:A:32107963;z6107
  :1:A:80511082;z17:P:11678343.
Sum=888363759; test 888363759/1000000000+(1-z2858)^7 <= 9978703/10000000.
Leaf R01111001110101101
  B=[z6086,z6028,z6108,z6109,z2902,z2670,z2913,z7,z145,z9,z8,z8] h=z6110
  horizon=27 mass=z2902.
Cells
  z6031:B1:47043014;z6032:0:Nlo:333668858;z25:0:Nhi:26507054;z6111:0:Nhi:181170152
  ;z260:J1:74787304;z6112:B11/25:7620520;z6113:J1:93256137;z15:1:A:32826419;z6114:
  1:A:79567924;z17:P:11866257.
Sum=888313639; test 888313639/1000000000+(1-z2902)^7 <= 9960366/10000000.
Leaf R0111100111010111
  B=[z6036,z3081,z3125,z6115,z2858,z2670,z2868,z7,z145,z9,z8,z8] h=z6039
  horizon=27 mass=z2858.
Cells
  z3083:B1:51959834;z3084:0:Nlo:332469130;z25:0:Nhi:25250549;z6116:0:Nhi:172181933
  ;z6117:J1:174976960;z15:1:A:36934427;z6118:1:A:79896294;z17:P:11388002.
Sum=885057129; test 885057129/1000000000+(1-z2858)^7 <= 9945636/10000000.
Leaf R01111001110110000
  B=[z2769,z6067,z6119,z2884,z2731,z2885,z2736,z7,z145,z164,z8,z8] h=z10
  horizon=27 mass=z2731.
Cells
  z6120:B1:38344778;z6121:0:Nlo:334827781;z25:0:Nhi:29125402;z3123:0:Nhi:210988176
  ;z260:J1:49609529;z5997:B11/25:25515615;z2790:J1:62536620;z15:JD1:48713369;z6122
  :JD1:53007421;z17:JD1:33436205.
Sum=886104896; test 886104896/1000000000+(1-z2731)^7 <= 9992545/10000000.
Leaf R01111001110110001
  B=[z2883,z3170,z6123,z2857,z2885,z2858,z2896,z7,z145,z164,z8,z8] h=z10
  horizon=27 mass=z2885.
Cells
  z6075:B1:39619708;z6076:0:Nlo:334749736;z25:0:Nhi:28703408;z6124:0:Nhi:209216294
  ;z260:J1:52203400;z6016:B11/25:20326977;z6017:J1:66532889;z15:JD1:50610708;z6125
  :JD1:51793073;z17:JD1:34348461.
Sum=888104654; test 888104654/1000000000+(1-z2885)^7 <= 9994199/10000000.
Leaf R011110011101100100
  B=[z2769,z6067,z6119,z6126,z2731,z2885,z2736,z7,z164,z9,z8,z8] h=z10 horizon=27
  mass=z2731.
Cells
  z6120:B1:38344778;z6121:0:Nlo:334827781;z25:0:Nhi:29125402;z3095:0:Nhi:159825869
  ;z260:J1:97964829;z5985:B11/25:12592811;z6127:J1:92826721;z15:1:A:29855142;z6128
  :1:A:85824050;z17:P:5038871.
Sum=886226254; test 886226254/1000000000+(1-z2731)^7 <= 9993759/10000000.
Leaf R0111100111011001010
  B=[z2883,z6060,z6129,z6130,z2885,z6012,z2896,z7,z164,z9,z8,z8] h=z10 horizon=27
  mass=z2885.
Cells
  z6063:B1:38981233;z6064:0:Nlo:334793278;z25:0:Nhi:28912867;z6124:0:Nhi:209216295
  ;z260:J1:49374642;z6050:B11/25:10058135;z6131:J1:96182646;z15:1:A:29453653;z6132
  :1:A:85020045;z17:P:5443629.
Sum=887436423; test 887436423/1000000000+(1-z2885)^7 <= 9987517/10000000.
Leaf R0111100111011001011
  B=[z6019,z3170,z6133,z6134,z6012,z2858,z6021,z7,z164,z9,z8,z8] h=z10 horizon=27
  mass=z6012.
Cells
  z6075:B1:39619708;z6076:0:Nlo:334749736;z25:0:Nhi:28703408;z6135:0:Nhi:208354113
  ;z260:J1:50569375;z6136:B11/25:17818746;z6137:J1:89236225;z15:1:A:29062815;z6138
  :1:A:84552705;z17:P:5756716.
Sum=888423547; test 888423547/1000000000+(1-z6012)^7 <= 9988313/10000000.
Leaf R01111001110110011000
  B=[z2769,z6139,z4753,z6140,z2731,z5993,z2736,z7,z164,z9,z8,z8] h=z10 horizon=27
  mass=z2731.
Cells
  z6141:B1:37710417;z6142:0:Nlo:334853044;z25:0:Nhi:29341083;z3123:0:Nhi:210988175
  ;z260:J1:47881877;z5985:B11/25:12592811;z6143:J1:93879803;z15:1:A:29335918;z6144
  :1:A:87247541;z17:P:2513967.
Sum=886344636; test 886344636/1000000000+(1-z2731)^7 <= 9994943/10000000.
Leaf R01111001110110011001
  B=[z5999,z6067,z6145,z6146,z5993,z2885,z6002,z7,z164,z9,z8,z8] h=z10 horizon=27
  mass=z5993.
Cells
  z6120:B1:38344778;z6121:0:Nlo:334827781;z25:0:Nhi:29125402;z6147:0:Nhi:210094169
  ;z260:J1:49103257;z6148:B11/25:11312765;z6149:J1:95999746;z15:1:A:28935428;z6150
  :1:A:86889043;z17:P:2658658.
Sum=887291027; test 887291027/1000000000+(1-z5993)^7 <= 9995203/10000000.
Leaf R0111100111011001101000
  B=[z2769,z6151,z4834,z6152,z2731,z6153,z2736,z7,z164,z191,z8,z8] h=z10
  horizon=27 mass=z2731.
Cells
  z6154:B1:37394046;z6155:0:Nlo:334862145;z25:0:Nhi:29450124;z3123:0:Nhi:210988177
  ;z260:J1:48568854;z5985:B11/25:12592811;z2790:J1:74688009;z15:JD1:48904190;z6156
  :JD1:72697075;z17:JD1:14242236.
Sum=884387667; test 884387667/1000000000+(1-z2731)^7 <= 9975373/10000000.
Leaf R0111100111011001101001
  B=[z2769,z6151,z4834,z6152,z2731,z6153,z2736,z7,z191,z9,z8,z8] h=z10 horizon=27
  mass=z2731.
Cells
  z6154:B1:37394046;z6155:0:Nlo:334862145;z25:0:Nhi:29450124;z3123:0:Nhi:210988177
  ;z260:J1:48402476;z5985:B11/25:12592811;z6157:J1:95160306;z15:1:A:28658361;z6158
  :1:A:87945201;z17:P:1266274.
Sum=886719921; test 886719921/1000000000+(1-z2731)^7 <= 9998696/10000000.
Leaf R0111100111011001101010
  B=[z6159,z6139,z6160,z5992,z6153,z5993,z6161,z7,z164,z191,z8,z8] h=z10
  horizon=27 mass=z6153.
Cells
  z6141:B1:37710417;z6142:0:Nlo:334853044;z25:0:Nhi:29341083;z6162:0:Nhi:210539130
  ;z260:J1:49194646;z6163:B11/25:11949563;z6164:J1:75085651;z15:JD1:49376491;z6165
  :JD1:72530555;z17:JD1:14274849.
Sum=884855429; test 884855429/1000000000+(1-z6153)^7 <= 9975441/10000000.
Leaf R0111100111011001101011
  B=[z6159,z6139,z6160,z5992,z6153,z5993,z6161,z7,z191,z9,z8,z8] h=z10 horizon=27
  mass=z6153.
Cells
  z6141:B1:37710417;z6142:0:Nlo:334853044;z25:0:Nhi:29341083;z6162:0:Nhi:210539131
  ;z260:J1:49023645;z6163:B11/25:11949563;z6166:J1:96231546;z15:1:A:28459745;z6167
  :1:A:87802101;z17:P:1278598.
Sum=887188873; test 887188873/1000000000+(1-z6153)^7 <= 9998775/10000000.
Leaf R0111100111011001101100
  B=[z5999,z6168,z6140,z6169,z5993,z6170,z6002,z7,z164,z191,z8,z8] h=z10
  horizon=27 mass=z5993.
Cells
  z6171:B1:38027331;z6172:0:Nlo:334841580;z25:0:Nhi:29232846;z6147:0:Nhi:210094170
  ;z260:J1:49822023;z6006:B11/25:22891963;z6007:J1:63868185;z15:JD1:49851492;z6173
  :JD1:72363700;z17:JD1:14308053.
Sum=885301343; test 885301343/1000000000+(1-z5993)^7 <= 9975306/10000000.
Leaf R0111100111011001101101
  B=[z5999,z6168,z6140,z6169,z5993,z6170,z6002,z7,z191,z9,z8,z8] h=z10 horizon=27
  mass=z5993.
Cells
  z6171:B1:38027331;z6172:0:Nlo:334841580;z25:0:Nhi:29232846;z6147:0:Nhi:210094170
  ;z260:J1:49646302;z6006:B11/25:22891963;z6174:J1:85713585;z15:1:A:28263861;z6175
  :1:A:87659127;z17:P:1291011.
Sum=887661776; test 887661776/1000000000+(1-z5993)^7 <= 9998910/10000000.
Leaf R0111100111011001101110
  B=[z6176,z6067,z6177,z2884,z6170,z2885,z6178,z7,z164,z191,z8,z8] h=z10
  horizon=27 mass=z6170.
Cells
  z6120:B1:38344778;z6121:0:Nlo:334827781;z25:0:Nhi:29125402;z6179:0:Nhi:209653243
  ;z260:J1:50451017;z6180:B11/25:21602257;z6181:J1:64846656;z15:JD1:50329225;z6182
  :JD1:72135816;z17:JD1:14448501.
Sum=885764676; test 885764676/1000000000+(1-z6170)^7 <= 9975362/10000000.
Leaf R0111100111011001101111
  B=[z6176,z6067,z6177,z2884,z6170,z2885,z6178,z7,z191,z9,z8,z8] h=z10 horizon=27
  mass=z6170.
Cells
  z6120:B1:38344778;z6121:0:Nlo:334827781;z25:0:Nhi:29125402;z6179:0:Nhi:209653244
  ;z260:J1:50270477;z6180:B11/25:21602257;z2892:J1:87364852;z15:1:A:28070654;z6183
  :1:A:87459214;z17:P:1404808.
Sum=888123467; test 888123467/1000000000+(1-z6170)^7 <= 9998949/10000000.
Leaf R01111001110110011100
  B=[z2883,z6060,z6184,z6011,z2885,z6012,z2896,z7,z164,z191,z8,z8] h=z10
  horizon=27 mass=z2885.
Cells
  z6063:B1:38981233;z6064:0:Nlo:334793278;z25:0:Nhi:28912867;z6124:0:Nhi:209216295
  ;z260:J1:51302281;z6016:B11/25:20326977;z6017:J1:65979842;z15:JD1:50849335;z6185
  :JD1:71049153;z17:JD1:16100424.
Sum=887511685; test 887511685/1000000000+(1-z2885)^7 <= 9988270/10000000.
Leaf R01111001110110011101
  B=[z6019,z3170,z6186,z2857,z6012,z2858,z6021,z7,z164,z191,z8,z8] h=z10
  horizon=27 mass=z6012.
Cells
  z6075:B1:39619708;z6076:0:Nlo:334749736;z25:0:Nhi:28703408;z6135:0:Nhi:208354114
  ;z260:J1:52574351;z6022:B11/25:17818748;z6023:J1:67931123;z15:JD1:51820210;z6187
  :JD1:70546475;z17:JD1:16453132.
Sum=888571005; test 888571005/1000000000+(1-z6012)^7 <= 9989787/10000000.
Leaf R011110011101100111100
  B=[z2883,z6060,z6184,z6188,z2885,z6012,z2896,z7,z191,z9,z8,z8] h=z10 horizon=27
  mass=z2885.
Cells
  z6063:B1:38981233;z6064:0:Nlo:334793278;z25:0:Nhi:28912867;z6124:0:Nhi:209216295
  ;z260:J1:50155203;z6189:B11/25:20326975;z6190:J1:87677631;z15:1:A:28545717;z6191
  :1:A:86447900;z17:P:2948129.
Sum=888005228; test 888005228/1000000000+(1-z2885)^7 <= 9993205/10000000.
Leaf R011110011101100111101
  B=[z6019,z3170,z6186,z6192,z6012,z2858,z6021,z7,z191,z9,z8,z8] h=z10 horizon=27
  mass=z6012.
Cells
  z6075:B1:39619708;z6076:0:Nlo:334749736;z25:0:Nhi:28703408;z6135:0:Nhi:208354112
  ;z260:J1:51378707;z6136:B11/25:17818746;z6193:J1:90930431;z15:1:A:28166360;z6194
  :1:A:86004087;z17:P:3239610.
Sum=888964905; test 888964905/1000000000+(1-z6012)^7 <= 9993726/10000000.
Leaf R01111001110110011111000
  B=[z2883,z6195,z6196,z6197,z2885,z6198,z2896,z7,z191,z9,z8,z8] h=z10 horizon=27
  mass=z2885.
Cells
  z6199:B1:38503699;z6200:0:Nlo:334820014;z25:0:Nhi:29071977;z6124:0:Nhi:209216294
  ;z260:J1:50787742;z6189:B11/25:20326975;z6201:J1:88820659;z15:1:A:27975037;z6202
  :1:A:87280467;z17:P:1480764.
Sum=888283628; test 888283628/1000000000+(1-z2885)^7 <= 9995989/10000000.
Leaf R01111001110110011111001
  B=[z6203,z6204,z6205,z6206,z6198,z6207,z6208,z7,z191,z9,z8,z8] h=z10 horizon=27
  mass=z6198.
Cells
  z6209:B1:38662748;z6210:0:Nlo:334811672;z25:0:Nhi:29018747;z6211:0:Nhi:208999293
  ;z260:J1:51100498;z6212:B11/25:19694669;z6213:J1:89643563;z15:1:A:27880070;z6214
  :1:A:87173101;z17:P:1550440.
Sum=888534801; test 888534801/1000000000+(1-z6198)^7 <= 9996226/10000000.
Leaf R01111001110110011111010
  B=[z6215,z6216,z6217,z6218,z6207,z6219,z6220,z7,z191,z9,z8,z8] h=z10 horizon=27
  mass=z6207.
Cells
  z6221:B1:38821927;z6222:0:Nlo:334802759;z25:0:Nhi:28965710;z6223:0:Nhi:208783268
  ;z260:J1:51413652;z6224:B11/25:19065883;z6225:J1:90465861;z15:1:A:27785745;z6226
  :1:A:87065581;z17:P:1620238.
Sum=888790624; test 888790624/1000000000+(1-z6207)^7 <= 9996513/10000000.
Leaf R01111001110110011111011
  B=[z6227,z6060,z6228,z6011,z6219,z6012,z6229,z7,z191,z9,z8,z8] h=z10 horizon=27
  mass=z6219.
Cells
  z6063:B1:38981233;z6064:0:Nlo:334793278;z25:0:Nhi:28912867;z6230:0:Nhi:208568209
  ;z260:J1:51727205;z6231:B11/25:18440585;z6232:J1:91287584;z15:1:A:27692055;z6233
  :1:A:86957899;z17:P:1690162.
Sum=889051077; test 889051077/1000000000+(1-z6219)^7 <= 9996851/10000000.
Leaf R01111001110110011111100
  B=[z6019,z6234,z6235,z6236,z6012,z6237,z6021,z7,z191,z9,z8,z8] h=z10 horizon=27
  mass=z6012.
Cells
  z6238:B1:39140665;z6239:0:Nlo:334783232;z25:0:Nhi:28860217;z6135:0:Nhi:208354112
  ;z260:J1:52041162;z6022:B11/25:17818748;z6240:J1:92108758;z15:1:A:27598993;z6241
  :1:A:86850057;z17:P:1760210.
Sum=889316154; test 889316154/1000000000+(1-z6012)^7 <= 9997239/10000000.
Leaf R01111001110110011111101
  B=[z6242,z6243,z6244,z6245,z6237,z6246,z6247,z7,z191,z9,z8,z8] h=z10 horizon=27
  mass=z6237.
Cells
  z6248:B1:39300222;z6249:0:Nlo:334772624;z25:0:Nhi:28807757;z6250:0:Nhi:208140969
  ;z260:J1:52355526;z6251:B11/25:17200345;z6252:J1:92701806;z6253:1:Q:227536;z6254
  :J1:2;z15:1:A:27506556;z6255:1:A:86742054;z17:P:1830385.
Sum=889585782; test 889585782/1000000000+(1-z6237)^7 <= 9997676/10000000.
Leaf R01111001110110011111110
  B=[z6256,z6257,z6258,z6259,z6246,z6260,z6261,z7,z191,z9,z8,z8] h=z10 horizon=27
  mass=z6246.
Cells
  z6262:B1:39459904;z6263:0:Nlo:334761458;z25:0:Nhi:28755488;z6264:0:Nhi:207928775
  ;z260:J1:52670300;z6265:B11/25:16585346;z6266:J1:93749539;z15:1:A:27414736;z6267
  :1:A:86633888;z17:P:1900688.
Sum=889860122; test 889860122/1000000000+(1-z6246)^7 <= 9998164/10000000.
Leaf R01111001110110011111111
  B=[z6268,z3170,z6269,z2857,z6260,z2858,z6270,z7,z191,z9,z8,z8] h=z10 horizon=27
  mass=z6260.
Cells
  z6075:B1:39619708;z6076:0:Nlo:334749736;z25:0:Nhi:28703408;z6271:0:Nhi:207717524
  ;z260:J1:52985488;z6272:B11/25:15973725;z2898:J1:94569195;z15:1:A:27323525;z6273
  :1:A:86525557;z17:P:1971120.
Sum=890138986; test 890138986/1000000000+(1-z6260)^7 <= 9998702/10000000.
Leaf R01111001110110100000
  B=[z4746,z6274,z6275,z5992,z2731,z5993,z2736,z7,z145,z164,z8,z8] h=z10
  horizon=27 mass=z2731.
Cells
  z6276:B1:39954967;z6277:0:Nlo:334723385;z25:0:Nhi:28594884;z6278:0:Nhi:196566911
  ;z260:J1:63022037;z6279:B11/25:15108030;z2790:J1:72581238;z15:JD1:48639035;z6280
  :JD1:52701426;z17:JD1:34005352.
Sum=885897265; test 885897265/1000000000+(1-z2731)^7 <= 9990469/10000000.
Leaf R01111001110110100001
  B=[z6139,z6281,z6282,z2884,z5993,z2885,z6002,z7,z145,z164,z8,z8] h=z10
  horizon=27 mass=z5993.
Cells
  z6283:B1:40614224;z6284:0:Nlo:334664746;z25:0:Nhi:28384337;z6285:0:Nhi:197186740
  ;z260:J1:62955913;z6286:B11/25:13797292;z6007:J1:73390875;z15:JD1:49579405;z6287
  :JD1:52093805;z17:JD1:34463595.
Sum=887130932; test 887130932/1000000000+(1-z5993)^7 <= 9993602/10000000.
Leaf R01111001110110100010
  B=[z4940,z6288,z6289,z6290,z2731,z5993,z2736,z7,z145,z164,z8,z8] h=z6291
  horizon=27 mass=z2731.
Cells
  z6292:B1:42223236;z6293:0:Nlo:334485179;z25:0:Nhi:27885666;z6294:0:Nhi:189784104
  ;z260:J1:68941891;z6295:B11/25:10637888;z2790:J1:76431618;z15:JD1:48327084;z6296
  :JD1:52579602;z17:JD1:34024900.
Sum=885321168; test 885321168/1000000000+(1-z2731)^7 <= 9984708/10000000.
Leaf R01111001110110100011
  B=[z6274,z6297,z6298,z6299,z5993,z2885,z6002,z7,z145,z164,z8,z8] h=z6300
  horizon=27 mass=z5993.
Cells
  z6301:B1:42906838;z6302:0:Nlo:334393936;z25:0:Nhi:27680014;z6303:0:Nhi:189216250
  ;z260:J1:69664142;z6304:B11/25:18946487;z6007:J1:67220141;z15:JD1:49088251;z6305
  :JD1:52139023;z17:JD1:34065629.
Sum=885320711; test 885320711/1000000000+(1-z5993)^7 <= 9975500/10000000.
Leaf R01111001110110100100
  B=[z6067,z6306,z6307,z6308,z2885,z6012,z2896,z7,z145,z164,z8,z8] h=z6070
  horizon=27 mass=z2885.
Cells
  z6309:B1:41275420;z6310:0:Nlo:334597086;z25:0:Nhi:28176865;z6311:0:Nhi:197298149
  ;z260:J1:63231382;z6312:B11/25:25351167;z6017:J1:61088111;z15:JD1:50461478;z6313
  :JD1:51546508;z17:JD1:34762756.
Sum=887788922; test 887788922/1000000000+(1-z2885)^7 <= 9991042/10000000.
Leaf R01111001110110100101
  B=[z6060,z6314,z6315,z6316,z6012,z2858,z6021,z7,z145,z164,z8,z8] h=z6082
  horizon=27 mass=z6012.
Cells
  z6317:B1:41938478;z6318:0:Nlo:334520609;z25:0:Nhi:27972400;z6319:0:Nhi:196693736
  ;z260:J1:63986479;z6320:B11/25:22770480;z6023:J1:62744757;z15:JD1:51246523;z6321
  :JD1:51096526;z17:JD1:34818521.
Sum=887788509; test 887788509/1000000000+(1-z6012)^7 <= 9981962/10000000.
Leaf R0111100111011010011
  B=[z6281,z6036,z6322,z6323,z2885,z2858,z2896,z7,z145,z164,z8,z8] h=z6324
  horizon=27 mass=z2885.
Cells
  z6325:B1:44279283;z6326:0:Nlo:334185279;z25:0:Nhi:27277670;z6327:0:Nhi:190557067
  ;z260:J1:69088642;z6328:B11/25:16438671;z6017:J1:69166897;z15:JD1:49931933;z6329
  :JD1:51572202;z17:JD1:34342941.
Sum=886840585; test 886840585/1000000000+(1-z2885)^7 <= 9981559/10000000.
Leaf R011110011101101010000
  B=[z4746,z6274,z6275,z6330,z2731,z5993,z2736,z7,z164,z9,z8,z8] h=z10 horizon=27
  mass=z2731.
Cells
  z6276:B1:39954967;z6277:0:Nlo:334723385;z25:0:Nhi:28594884;z6331:0:Nhi:192726372
  ;z260:J1:63775621;z6279:B11/25:15108030;z6332:J1:89534679;z15:1:A:30267719;z6333
  :1:A:85517231;z17:P:5579598.
Sum=885782486; test 885782486/1000000000+(1-z2731)^7 <= 9989321/10000000.
Leaf R011110011101101010001
  B=[z6139,z6281,z6282,z6126,z5993,z2885,z6002,z7,z164,z9,z8,z8] h=z10 horizon=27
  mass=z5993.
Cells
  z6283:B1:40614224;z6284:0:Nlo:334664746;z25:0:Nhi:28384337;z6334:0:Nhi:190700725
  ;z260:J1:66266084;z6286:B11/25:13797292;z6127:J1:91633604;z15:1:A:29855141;z6335
  :1:A:85048794;z17:P:5894828.
Sum=886859775; test 886859775/1000000000+(1-z5993)^7 <= 9990890/10000000.
Leaf R01111001110110101001
  B=[z4940,z6297,z6336,z6337,z2731,z2885,z2736,z7,z164,z9,z8,z8] h=z6291
  horizon=27 mass=z2731.
Cells
  z6301:B1:42906838;z6302:0:Nlo:334393936;z25:0:Nhi:27680014;z6338:0:Nhi:185822710
  ;z260:J1:70155191;z6295:B11/25:10637888;z6339:J1:92322476;z15:1:A:31332008;z6340
  :1:A:85026076;z17:P:6053892.
Sum=886331029; test 886331029/1000000000+(1-z2731)^7 <= 9994807/10000000.
Leaf R0111100111011010101000
  B=[z4746,z6274,z6341,z5992,z2731,z5993,z2736,z7,z164,z191,z8,z8] h=z10
  horizon=27 mass=z2731.
Cells
  z6276:B1:39954967;z6277:0:Nlo:334723385;z25:0:Nhi:28594884;z6331:0:Nhi:192726373
  ;z260:J1:66300452;z6279:B11/25:15108030;z2790:J1:72329063;z15:JD1:48941018;z6342
  :JD1:71545191;z17:JD1:16295621.
Sum=886518984; test 886518984/1000000000+(1-z2731)^7 <= 9996686/10000000.
Leaf R01111001110110101010010
  B=[z6139,z6343,z6344,z2884,z5993,z2885,z6002,z7,z164,z191,z8,z8] h=z10
  horizon=27 mass=z5993.
Cells
  z6345:B1:39476405;z6346:0:Nlo:334760272;z25:0:Nhi:28750100;z6334:0:Nhi:190700726
  ;z260:J1:68939200;z6286:B11/25:13797292;z6007:J1:73127418;z15:JD1:49889692;z6347
  :JD1:71294898;z17:JD1:16201080.
Sum=886937083; test 886937083/1000000000+(1-z5993)^7 <= 9991663/10000000.
Leaf R01111001110110101010011
  B=[z6348,z6281,z6349,z6350,z5993,z2885,z6002,z7,z164,z191,z8,z8] h=z6351
  horizon=27 mass=z5993.
Cells
  z6283:B1:40614224;z6284:0:Nlo:334664746;z25:0:Nhi:28384337;z6352:0:Nhi:187231763
  ;z260:J1:71911438;z6353:B11/25:11550943;z6007:J1:75003138;z15:JD1:49695243;z6354
  :JD1:71145948;z17:JD1:16262863.
Sum=886464643; test 886464643/1000000000+(1-z5993)^7 <= 9986939/10000000.
Leaf R01111001110110101010100
  B=[z4746,z6274,z6341,z6140,z2731,z5993,z2736,z7,z191,z9,z8,z8] h=z10 horizon=27
  mass=z2731.
Cells
  z6276:B1:39954967;z6277:0:Nlo:334723385;z25:0:Nhi:28594884;z6331:0:Nhi:192726372
  ;z260:J1:64794087;z6279:B11/25:15108030;z6143:J1:91256788;z15:1:A:29335918;z6355
  :1:A:86857360;z17:P:3208775.
Sum=886560566; test 886560566/1000000000+(1-z2731)^7 <= 9997102/10000000.
Leaf R011110011101101010101010
  B=[z6139,z6343,z6344,z6146,z5993,z2885,z6002,z7,z191,z9,z8,z8] h=z10 horizon=27
  mass=z5993.
Cells
  z6345:B1:39476405;z6346:0:Nlo:334760272;z25:0:Nhi:28750100;z6334:0:Nhi:190700725
  ;z260:J1:67339974;z6286:B11/25:13797292;z6149:J1:93373812;z15:1:A:28935428;z6356
  :1:A:86649552;z17:P:3082328.
Sum=886865888; test 886865888/1000000000+(1-z5993)^7 <= 9990951/10000000.
Leaf R011110011101101010101011
  B=[z6348,z6281,z6349,z6357,z5993,z2885,z6002,z7,z191,z9,z8,z8] h=z6351
  horizon=27 mass=z5993.
Cells
  z6283:B1:40614224;z6284:0:Nlo:334664746;z25:0:Nhi:28384337;z6352:0:Nhi:187231763
  ;z260:J1:70241899;z6353:B11/25:11550943;z6358:J1:94154365;z15:1:A:29811924;z6359
  :1:A:86445643;z17:P:3196642.
Sum=886296486; test 886296486/1000000000+(1-z5993)^7 <= 9985257/10000000.
Leaf R0111100111011010101011000
  B=[z4746,z6360,z6361,z6152,z2731,z6153,z2736,z7,z191,z1039,z8,z8] h=z10
  horizon=27 mass=z2731.
Cells
  z6362:B1:39626090;z6363:0:Nlo:334749257;z25:0:Nhi:28701334;z6331:0:Nhi:192726373
  ;z260:J1:65756118;z6279:B11/25:15108030;z2790:J1:72046943;z15:JD1:49064211;z6364
  :JD1:80211447;z17:JD1:8144547.
Sum=886134350; test 886134350/1000000000+(1-z2731)^7 <= 9992840/10000000.
Leaf R0111100111011010101011001
  B=[z6151,z6274,z6365,z5992,z6153,z5993,z6161,z7,z191,z1039,z8,z8] h=z10
  horizon=27 mass=z6153.
Cells
  z6276:B1:39954967;z6277:0:Nlo:334723385;z25:0:Nhi:28594884;z6366:0:Nhi:191708286
  ;z260:J1:67057199;z6367:B11/25:14449347;z6164:J1:72443280;z15:JD1:49538760;z6368
  :JD1:79982610;z17:JD1:8299059.
Sum=886751777; test 886751777/1000000000+(1-z6153)^7 <= 9994404/10000000.
Leaf R01111001110110101010110100
  B=[z4746,z6360,z6361,z6369,z2731,z6153,z2736,z7,z1039,z9,z8,z8] h=z10 horizon=27
  mass=z2731.
Cells
  z6362:B1:39626090;z6363:0:Nlo:334749257;z25:0:Nhi:28701334;z6331:0:Nhi:192726373
  ;z260:J1:65022524;z6279:B11/25:15108030;z6370:J1:91691160;z15:1:A:29092673;z6371
  :1:A:87608963;z17:P:1868477.
Sum=886194881; test 886194881/1000000000+(1-z2731)^7 <= 9993445/10000000.
Leaf R01111001110110101010110101
  B=[z6151,z6274,z6365,z6372,z6153,z5993,z6161,z7,z1039,z9,z8,z8] h=z10 horizon=27
  mass=z6153.
Cells
  z6276:B1:39954967;z6277:0:Nlo:334723385;z25:0:Nhi:28594884;z6366:0:Nhi:191708287
  ;z260:J1:66301273;z6367:B11/25:14449347;z6373:J1:92756175;z15:1:A:28891195;z6374
  :1:A:87392135;z17:P:2010165.
Sum=886781813; test 886781813/1000000000+(1-z6153)^7 <= 9994705/10000000.
Leaf R011110011101101010101101100
  B=[z4746,z6375,z6376,z6377,z2731,z6378,z2736,z7,z1039,z9,z8,z8] h=z10 horizon=27
  mass=z2731.
Cells
  z6379:B1:39461843;z6380:0:Nlo:334761319;z25:0:Nhi:28754855;z6331:0:Nhi:192726372
  ;z260:J1:65496411;z6279:B11/25:15108030;z6381:J1:92369427;z15:1:A:28758711;z6382
  :1:A:87989578;z17:P:1186672.
Sum=886613218; test 886613218/1000000000+(1-z2731)^7 <= 9997629/10000000.
Leaf R011110011101101010101101101
  B=[z6383,z6360,z6384,z6152,z6378,z6153,z6385,z7,z1039,z9,z8,z8] h=z10 horizon=27
  mass=z6378.
Cells
  z6362:B1:39626090;z6363:0:Nlo:334749257;z25:0:Nhi:28701334;z6386:0:Nhi:192216004
  ;z260:J1:66142675;z6387:B11/25:14777853;z6157:J1:92905370;z15:1:A:28658360;z6388
  :1:A:87882804;z17:P:1256007.
Sum=886915754; test 886915754/1000000000+(1-z6378)^7 <= 9998347/10000000.
Leaf R011110011101101010101101110
  B=[z6151,z6348,z6389,z5992,z6153,z5993,z6161,z7,z1039,z9,z8,z8] h=z10 horizon=27
  mass=z6153.
Cells
  z6390:B1:38829529;z6391:0:Nlo:334802319;z25:0:Nhi:28963183;z6366:0:Nhi:191708286
  ;z260:J1:66938244;z6367:B11/25:14449347;z6166:J1:93646034;z15:1:A:28459745;z6392
  :1:A:87991171;z17:P:940393.
Sum=886728251; test 886728251/1000000000+(1-z6153)^7 <= 9994169/10000000.
Leaf R011110011101101010101101111
  B=[z6393,z6274,z6394,z6395,z6153,z5993,z6161,z7,z1039,z9,z8,z8] h=z6396
  horizon=27 mass=z6153.
Cells
  z6276:B1:39954967;z6277:0:Nlo:334723385;z25:0:Nhi:28594884;z6397:0:Nhi:188217064
  ;z260:J1:70112369;z6398:B11/25:12189199;z6399:J1:95099143;z15:1:A:28947371;z6400
  :1:A:87755909;z17:P:1217988.
Sum=886812279; test 886812279/1000000000+(1-z6153)^7 <= 9995009/10000000.
Leaf R01111001110110101010111000
  B=[z6139,z6401,z6402,z6169,z5993,z6170,z6002,z7,z191,z9,z8,z8] h=z10 horizon=27
  mass=z5993.
Cells
  z6403:B1:38589213;z6404:0:Nlo:334815599;z25:0:Nhi:29043328;z6334:0:Nhi:190700725
  ;z260:J1:68362628;z6286:B11/25:13797292;z6174:J1:94773005;z15:1:A:28263861;z6405
  :1:A:87548116;z17:P:1488683.
Sum=887382450; test 887382450/1000000000+(1-z5993)^7 <= 9996117/10000000.
Leaf R01111001110110101010111001
  B=[z6406,z6407,z6408,z6409,z5993,z6170,z6002,z7,z191,z9,z8,z8] h=z6410
  horizon=27 mass=z5993.
Cells
  z6411:B1:39152710;z6412:0:Nlo:334782450;z25:0:Nhi:28856249;z6413:0:Nhi:188950584
  ;z260:J1:69989037;z6414:B11/25:12664244;z6415:J1:95567764;z15:1:A:28471678;z6416
  :1:A:87431109;z17:P:1635795.
Sum=887501620; test 887501620/1000000000+(1-z5993)^7 <= 9997309/10000000.
Leaf R01111001110110101010111010
  B=[z6168,z6417,z6418,z2884,z6170,z2885,z6178,z7,z191,z9,z8,z8] h=z10 horizon=27
  mass=z6170.
Cells
  z6419:B1:38909792;z6420:0:Nlo:334797599;z25:0:Nhi:28936536;z6421:0:Nhi:189703526
  ;z260:J1:69672508;z6422:B11/25:13151767;z2892:J1:95839457;z15:1:A:28070654;z6423
  :1:A:87333227;z17:P:1628273.
Sum=888043339; test 888043339/1000000000+(1-z6170)^7 <= 9998148/10000000.
Leaf R01111001110110101010111011
  B=[z6401,z6343,z6424,z6425,z6170,z2885,z6178,z7,z191,z9,z8,z8] h=z6426
  horizon=27 mass=z6170.
Cells
  z6345:B1:39476405;z6346:0:Nlo:334760272;z25:0:Nhi:28750100;z6427:0:Nhi:187964496
  ;z260:J1:71066789;z6428:B11/25:12025608;z6429:J1:96002197;z15:1:A:28645114;z6430
  :1:A:87229593;z17:P:1642984.
Sum=887563558; test 887563558/1000000000+(1-z6170)^7 <= 9993350/10000000.
Leaf R0111100111011010101011110
  B=[z6348,z6431,z6432,z6433,z5993,z6170,z6002,z7,z191,z9,z8,z8] h=z6351
  horizon=27 mass=z5993.
Cells
  z6434:B1:40284348;z6435:0:Nlo:334695206;z25:0:Nhi:28489223;z6352:0:Nhi:187231762
  ;z260:J1:71308130;z6353:B11/25:11550943;z6436:J1:95586526;z15:1:A:29122596;z6437
  :1:A:87206704;z17:P:1845192.
Sum=887320630; test 887320630/1000000000+(1-z5993)^7 <= 9995499/10000000.
Leaf R0111100111011010101011111
  B=[z6407,z6281,z6438,z6439,z6170,z2885,z6178,z7,z191,z9,z8,z8] h=z6440
  horizon=27 mass=z6170.
Cells
  z6283:B1:40614224;z6284:0:Nlo:334664746;z25:0:Nhi:28384337;z6441:0:Nhi:186256559
  ;z260:J1:72374903;z6442:B11/25:10919056;z6443:J1:96012552;z15:1:A:29295930;z6444
  :1:A:87004162;z17:P:1853297.
Sum=887379766; test 887379766/1000000000+(1-z6170)^7 <= 9991512/10000000.
Leaf R011110011101101010110000
  B=[z4940,z6445,z6446,z6447,z2731,z6153,z2736,z7,z164,z9,z8,z8] h=z6291
  horizon=27 mass=z2731.
Cells
  z6448:B1:40751303;z6449:0:Nlo:334651438;z25:0:Nhi:28341024;z6338:0:Nhi:185822710
  ;z260:J1:70611507;z6295:B11/25:10637888;z6450:J1:92960357;z15:1:A:31010576;z6451
  :1:A:86744806;z17:P:3003859.
Sum=884535468; test 884535468/1000000000+(1-z2731)^7 <= 9976851/10000000.
Leaf R011110011101101010110001
  B=[z4940,z6445,z6452,z6453,z2731,z6153,z2736,z7,z164,z9,z8,z8] h=z6291
  horizon=27 mass=z2731.
Cells
  z6448:B1:40751303;z6449:0:Nlo:334651438;z25:0:Nhi:28341024;z6338:0:Nhi:185822710
  ;z260:J1:71992599;z6295:B11/25:10637888;z6454:J1:94836103;z15:1:A:30087055;z6455
  :1:A:87413627;z17:P:1806037.
Sum=886339784; test 886339784/1000000000+(1-z2731)^7 <= 9994894/10000000.
Leaf R01111001110110101011001
  B=[z6360,z6456,z6457,z6458,z6153,z5993,z6161,z7,z164,z9,z8,z8] h=z6459
  horizon=27 mass=z6153.
Cells
  z6460:B1:41086332;z6461:0:Nlo:334617324;z25:0:Nhi:28235827;z6462:0:Nhi:184848764
  ;z260:J1:73051181;z6463:B11/25:10006572;z6464:J1:95251288;z15:1:A:30263999;z6465
  :1:A:86536692;z17:P:3017071.
Sum=886915050; test 886915050/1000000000+(1-z6153)^7 <= 9996037/10000000.
Leaf R0111100111011010101101
  B=[z5694,z6288,z6466,z6467,z2731,z5993,z2736,z7,z164,z9,z8,z8] h=z6468
  horizon=27 mass=z2731.
Cells
  z6292:B1:42223236;z6293:0:Nlo:334485179;z25:0:Nhi:27885666;z6469:0:Nhi:182550285
  ;z260:J1:74744827;z6470:B11/25:8516002;z6471:J1:95158367;z15:1:A:31201792;z6472:
  1:A:86490856;z17:P:3084038.
Sum=886340248; test 886340248/1000000000+(1-z2731)^7 <= 9994899/10000000.
Leaf R01111001110110101011100
  B=[z6274,z6473,z6474,z6475,z5993,z6170,z6002,z7,z164,z9,z8,z8] h=z6300
  horizon=27 mass=z5993.
Cells
  z6476:B1:41421845;z6477:0:Nlo:334580932;z25:0:Nhi:28131407;z6478:0:Nhi:183884818
  ;z260:J1:74106047;z6479:B11/25:9381566;z6480:J1:95664233;z15:1:A:30439017;z6481:
  1:A:86328892;z17:P:3030334.
Sum=886969091; test 886969091/1000000000+(1-z5993)^7 <= 9991983/10000000.
Leaf R01111001110110101011101
  B=[z6431,z6482,z6483,z6484,z6170,z2885,z6178,z7,z164,z9,z8,z8] h=z6485
  horizon=27 mass=z6170.
Cells
  z6486:B1:41757832;z6487:0:Nlo:334542286;z25:0:Nhi:28027756;z6488:0:Nhi:182930716
  ;z260:J1:75157282;z6489:B11/25:17685557;z6490:J1:87143049;z15:1:A:30612130;z6491
  :1:A:86121402;z17:P:3043650.
Sum=887021660; test 887021660/1000000000+(1-z6170)^7 <= 9987931/10000000.
Leaf R0111100111011010101111
  B=[z6456,z6297,z6492,z6493,z5993,z2885,z6002,z7,z164,z9,z8,z8] h=z6494
  horizon=27 mass=z5993.
Cells
  z6301:B1:42906838;z6302:0:Nlo:334393936;z25:0:Nhi:27680014;z6495:0:Nhi:180653645
  ;z260:J1:76825310;z6496:B11/25:14681251;z6497:J1:88547416;z15:1:A:31552711;z6498
  :1:A:86074165;z17:P:3109957.
Sum=886425243; test 886425243/1000000000+(1-z5993)^7 <= 9986545/10000000.
Leaf R011110011101101011000
  B=[z6067,z6306,z6307,z6499,z2885,z6012,z2896,z7,z164,z9,z8,z8] h=z6070
  horizon=27 mass=z2885.
Cells
  z6309:B1:41275420;z6310:0:Nlo:334597086;z25:0:Nhi:28176865;z6071:0:Nhi:188716532
  ;z260:J1:68596327;z6500:B11/25:12512676;z6501:J1:93210138;z15:1:A:29759337;z6502
  :1:A:84592179;z17:P:6105524.
Sum=887542084; test 887542084/1000000000+(1-z2885)^7 <= 9988574/10000000.
Leaf R011110011101101011001
  B=[z6060,z6314,z6315,z6503,z6012,z2858,z6021,z7,z164,z9,z8,z8] h=z6082
  horizon=27 mass=z6012.
Cells
  z6317:B1:41938478;z6318:0:Nlo:334520609;z25:0:Nhi:27972400;z6083:0:Nhi:186772549
  ;z260:J1:70659823;z6504:B11/25:11253415;z6505:J1:94018132;z15:1:A:30116746;z6506
  :1:A:84157274;z17:P:6158421.
Sum=887567847; test 887567847/1000000000+(1-z6012)^7 <= 9979756/10000000.
Leaf R01111001110110101101000
  B=[z6067,z6507,z6508,z6509,z2885,z6012,z2896,z7,z164,z9,z8,z8] h=z6070
  horizon=27 mass=z2885.
Cells
  z6510:B1:40125299;z6511:0:Nlo:334709094;z25:0:Nhi:28540126;z6071:0:Nhi:188716533
  ;z260:J1:69989810;z6500:B11/25:12512676;z6512:J1:95102205;z15:1:A:28842464;z6513
  :1:A:86217241;z17:P:3268892.
Sum=888024340; test 888024340/1000000000+(1-z2885)^7 <= 9993396/10000000.
Leaf R01111001110110101101001000
  B=[z6067,z6514,z6515,z6516,z2885,z6198,z2896,z7,z164,z9,z8,z8] h=z6070
  horizon=27 mass=z2885.
Cells
  z6517:B1:39070275;z6518:0:Nlo:334787735;z25:0:Nhi:28883433;z6071:0:Nhi:188716531
  ;z260:J1:70924513;z6500:B11/25:12512676;z6519:J1:96327000;z15:1:A:28266895;z6520
  :1:A:87165258;z17:P:1598322.
Sum=888252638; test 888252638/1000000000+(1-z2885)^7 <= 9995679/10000000.
Leaf R01111001110110101101001001
  B=[z6195,z6521,z6522,z6523,z6198,z6207,z6208,z7,z164,z9,z8,z8] h=z6524
  horizon=27 mass=z6198.
Cells
  z6525:B1:39230886;z6526:0:Nlo:334777301;z25:0:Nhi:28830526;z6527:0:Nhi:188226813
  ;z260:J1:71467656;z6528:B11/25:24700567;z6529:J1:84029071;z15:1:A:28352134;z6530
  :1:A:87064934;z17:P:1601969.
Sum=888281857; test 888281857/1000000000+(1-z6198)^7 <= 9993697/10000000.
Leaf R0111100111011010110100101
  B=[z6417,z6531,z6532,z6533,z2885,z6207,z2896,z7,z164,z9,z8,z8] h=z6534
  horizon=27 mass=z2885.
Cells
  z6535:B1:39800605;z6536:0:Nlo:334735813;z25:0:Nhi:28644728;z6537:0:Nhi:186988483
  ;z260:J1:72427516;z6538:B11/25:23056884;z6539:J1:84880214;z15:1:A:28816688;z6540
  :1:A:87028415;z17:P:1650205.
Sum=888029551; test 888029551/1000000000+(1-z2885)^7 <= 9993448/10000000.
Leaf R0111100111011010110100110
  B=[z6204,z6541,z6542,z6543,z6207,z6012,z6220,z7,z164,z9,z8,z8] h=z6544
  horizon=27 mass=z6207.
Cells
  z6545:B1:39552483;z6546:0:Nlo:334754734;z25:0:Nhi:28725289;z6547:0:Nhi:187739590
  ;z260:J1:72173750;z6548:B11/25:24053606;z6549:J1:84743934;z15:1:A:28340583;z6550
  :1:A:86928765;z17:P:1669008.
Sum=888681742; test 888681742/1000000000+(1-z6207)^7 <= 9995425/10000000.
Leaf R0111100111011010110100111
  B=[z6521,z6507,z6551,z6552,z6207,z6012,z6220,z7,z164,z9,z8,z8] h=z6553
  horizon=27 mass=z6207.
Cells
  z6510:B1:40125299;z6511:0:Nlo:334709094;z25:0:Nhi:28540126;z6554:0:Nhi:186022394
  ;z260:J1:73504746;z6555:B11/25:21776011;z6556:J1:85923431;z15:1:A:28986429;z6557
  :1:A:86827573;z17:P:1657459.
Sum=888072562; test 888072562/1000000000+(1-z6207)^7 <= 9989333/10000000.
Leaf R01111001110110101101010
  B=[z6343,z6558,z6559,z6560,z2885,z6207,z2896,z7,z164,z9,z8,z8] h=z6561
  horizon=27 mass=z2885.
Cells
  z6562:B1:40944584;z6563:0:Nlo:334632031;z25:0:Nhi:28280221;z6564:0:Nhi:185291301
  ;z260:J1:73727538;z6565:B11/25:20807553;z6566:J1:86021438;z15:1:A:29467400;z6567
  :1:A:86100086;z17:P:3102281.
Sum=888374433; test 888374433/1000000000+(1-z2885)^7 <= 9996897/10000000.
Leaf R01111001110110101101011
  B=[z6531,z6306,z6568,z6569,z6207,z6012,z6220,z7,z164,z9,z8,z8] h=z6570
  horizon=27 mass=z6207.
Cells
  z6309:B1:41275420;z6310:0:Nlo:334597086;z25:0:Nhi:28176865;z6571:0:Nhi:184335838
  ;z260:J1:74793751;z6572:B11/25:19542983;z6573:J1:87052266;z15:1:A:29637027;z6574
  :1:A:85893398;z17:P:3116048.
Sum=888420682; test 888420682/1000000000+(1-z6207)^7 <= 9992814/10000000.
Leaf R011110011101101011011000
  B=[z6060,z6575,z6576,z6577,z6012,z6246,z6021,z7,z164,z9,z8,z8] h=z6082
  horizon=27 mass=z6012.
Cells
  z6578:B1:40450480;z6579:0:Nlo:334680144;z25:0:Nhi:28436284;z6083:0:Nhi:186772549
  ;z260:J1:71794964;z6504:B11/25:11253415;z6580:J1:95532264;z15:1:A:29386125;z6581
  :1:A:85873314;z17:P:3176351.
Sum=887355890; test 887355890/1000000000+(1-z6012)^7 <= 9977636/10000000.
Leaf R011110011101101011011001
  B=[z6060,z6575,z6582,z6583,z6012,z6246,z6021,z7,z164,z9,z8,z8] h=z6082
  horizon=27 mass=z6012.
Cells
  z6578:B1:40450480;z6579:0:Nlo:334680144;z25:0:Nhi:28436284;z6083:0:Nhi:186772549
  ;z260:J1:73258546;z6320:B11/25:22770480;z6584:J1:85794272;z15:1:A:28508627;z6585
  :1:A:86599976;z17:P:1902328.
Sum=889173686; test 889173686/1000000000+(1-z6012)^7 <= 9995814/10000000.
Leaf R01111001110110101101101
  B=[z6243,z6586,z6587,z6588,z6246,z2858,z6261,z7,z164,z9,z8,z8] h=z6589
  horizon=27 mass=z6246.
Cells
  z6590:B1:40776136;z6591:0:Nlo:334648986;z25:0:Nhi:28333194;z6592:0:Nhi:185815262
  ;z260:J1:74339968;z6593:B11/25:21501556;z6594:J1:86839454;z15:1:A:28674885;z6595
  :1:A:85667391;z17:P:3190593.
Sum=889787425; test 889787425/1000000000+(1-z6246)^7 <= 9997437/10000000.
Leaf R0111100111011010110111
  B=[z6507,z6314,z6596,z6597,z6012,z2858,z6021,z7,z164,z9,z8,z8] h=z6598
  horizon=27 mass=z6012.
Cells
  z6317:B1:41938478;z6318:0:Nlo:334520609;z25:0:Nhi:27972400;z6599:0:Nhi:183390025
  ;z260:J1:76206087;z6600:B11/25:18292417;z6601:J1:88481638;z15:1:A:29603257;z6602
  :1:A:85617492;z17:P:3251840.
Sum=889274243; test 889274243/1000000000+(1-z6012)^7 <= 9996820/10000000.
Leaf R011110011101101011100
  B=[z6281,z6603,z6604,z6605,z2885,z6012,z2896,z7,z164,z9,z8,z8] h=z6324
  horizon=27 mass=z2885.
Cells
  z6606:B1:43592214;z6607:0:Nlo:334293901;z25:0:Nhi:27477371;z6608:0:Nhi:181986311
  ;z260:J1:73554656;z6609:B11/25:8150117;z6610:J1:92977552;z15:1:A:32505584;z6611:
  1:A:84280473;z17:P:5930609.
Sum=884748788; test 884748788/1000000000+(1-z2885)^7 <= 9960641/10000000.
Leaf R0111100111011010111010
  B=[z6281,z6612,z6613,z6614,z2885,z6012,z2896,z7,z164,z9,z8,z8] h=z6324
  horizon=27 mass=z2885.
Cells
  z6615:B1:42431189;z6616:0:Nlo:334458340;z25:0:Nhi:27822726;z6608:0:Nhi:181986312
  ;z260:J1:76557877;z6328:B11/25:16438671;z6617:J1:88572934;z15:1:A:30571476;z6618
  :1:A:85844793;z17:P:3179856.
Sum=887864174; test 887864174/1000000000+(1-z2885)^7 <= 9991795/10000000.
Leaf R0111100111011010111011
  B=[z6482,z6603,z6619,z6620,z2885,z6012,z2896,z7,z164,z9,z8,z8] h=z6621
  horizon=27 mass=z2885.
Cells
  z6606:B1:43592214;z6607:0:Nlo:334293901;z25:0:Nhi:27477371;z6622:0:Nhi:178795421
  ;z260:J1:78891368;z6623:B11/25:12234844;z6624:J1:90534009;z15:1:A:31896022;z6625
  :1:A:85658734;z17:P:3136079.
Sum=886509963; test 886509963/1000000000+(1-z2885)^7 <= 9978253/10000000.
Leaf R011110011101101011110
  B=[z6306,z6036,z6626,z6627,z6012,z2858,z6021,z7,z164,z9,z8,z8] h=z6628
  horizon=27 mass=z6012.
Cells
  z6325:B1:44279283;z6326:0:Nlo:334185279;z25:0:Nhi:27277670;z6629:0:Nhi:180126016
  ;z260:J1:75532110;z6630:B11/25:6942814;z6631:J1:93720272;z15:1:A:32861872;z6632:
  1:A:83846002;z17:P:5980951.
Sum=884752269; test 884752269/1000000000+(1-z6012)^7 <= 9951600/10000000.
Leaf R011110011101101011111
  B=[z6306,z6036,z6633,z6634,z6012,z2858,z6021,z7,z164,z9,z8,z8] h=z6628
  horizon=27 mass=z6012.
Cells
  z6325:B1:44279283;z6326:0:Nlo:334185279;z25:0:Nhi:27277670;z6629:0:Nhi:180126015
  ;z260:J1:78654121;z6635:B11/25:13986130;z6636:J1:90588761;z15:1:A:30907863;z6637
  :1:A:85189749;z17:P:3631149.
Sum=888826020; test 888826020/1000000000+(1-z6012)^7 <= 9992337/10000000.
Leaf R01111001110110110000
  B=[z4854,z6638,z6639,z6640,z2731,z5993,z2736,z7,z145,z9,z8,z8] h=z6641
  horizon=27 mass=z2731.
Cells
  z6642:B1:44512160;z6643:0:Nlo:334146611;z25:0:Nhi:27210747;z6644:0:Nhi:179389418
  ;z6645:J1:172246174;z15:1:A:34598800;z6646:1:A:84838918;z17:P:5664493.
Sum=882607321; test 882607321/1000000000+(1-z2731)^7 <= 9957570/10000000.
Leaf R01111001110110110001
  B=[z4854,z6638,z6647,z6648,z2731,z5993,z2736,z7,z145,z9,z8,z8] h=z6641
  horizon=27 mass=z2731.
Cells
  z6642:B1:44512160;z6643:0:Nlo:334146611;z25:0:Nhi:27210747;z6649:0:Nhi:181228689
  ;z260:J1:75810786;z6650:B11/25:13016341;z6651:J1:88669783;z15:1:A:32547325;z6652
  :1:A:86077912;z17:P:3451284.
Sum=886671638; test 886671638/1000000000+(1-z2731)^7 <= 9998213/10000000.
Leaf R01111001110110110010
  B=[z6288,z6653,z6654,z6655,z5993,z2885,z6002,z7,z145,z9,z8,z8] h=z6656
  horizon=27 mass=z5993.
Cells
  z6657:B1:45219538;z6658:0:Nlo:334023546;z25:0:Nhi:27009771;z6659:0:Nhi:177532407
  ;z6660:J1:173711011;z15:1:A:34969821;z6661:1:A:84402660;z17:P:5711767.
Sum=882580521; test 882580521/1000000000+(1-z5993)^7 <= 9948098/10000000.
Leaf R01111001110110110011
  B=[z6288,z6653,z6662,z6663,z5993,z2885,z6002,z7,z145,z9,z8,z8] h=z6656
  horizon=27 mass=z5993.
Cells
  z6657:B1:45219538;z6658:0:Nlo:334023546;z25:0:Nhi:27009771;z6664:0:Nhi:180719061
  ;z260:J1:76486281;z6665:B11/25:10574759;z6666:J1:90638473;z15:1:A:32897807;z6667
  :1:A:85657804;z17:P:3480048.
Sum=886707088; test 886707088/1000000000+(1-z5993)^7 <= 9989363/10000000.
Leaf R011110011101101101
  B=[z5727,z6000,z6668,z6669,z2731,z2885,z2736,z7,z145,z9,z8,z8] h=z6670
  horizon=27 mass=z2731.
Cells
  z6003:B1:47549428;z6004:0:Nlo:333561177;z25:0:Nhi:26371191;z6671:0:Nhi:174933078
  ;z260:J1:81007387;z6672:B11/25:5133122;z6673:J1:92861988;z15:1:A:34795253;z6674:
  1:A:84395657;z17:P:5731773.
Sum=886340054; test 886340054/1000000000+(1-z2731)^7 <= 9994897/10000000.
Leaf R0111100111011011100
  B=[z6297,z6675,z6676,z6677,z2885,z6012,z2896,z7,z145,z9,z8,z8] h=z6678
  horizon=27 mass=z2885.
Cells
  z6679:B1:45928515;z6680:0:Nlo:333891926;z25:0:Nhi:26811738;z6681:0:Nhi:180220070
  ;z260:J1:77155571;z6682:B11/25:8187081;z6683:J1:92587033;z15:1:A:33240623;z6684:
  1:A:83967476;z17:P:5759348.
Sum=887749381; test 887749381/1000000000+(1-z2885)^7 <= 9990647/10000000.
Leaf R0111100111011011101
  B=[z6653,z6009,z6010,z6685,z2885,z6012,z2896,z7,z145,z9,z8,z8] h=z6686
  horizon=27 mass=z2885.
Cells
  z6013:B1:48281415;z6014:0:Nlo:333398768;z25:0:Nhi:26177567;z6687:0:Nhi:171941887
  ;z260:J1:83587146;z6688:B11/25:526895;z6689:J1:95586399;z15:1:A:35992293;z6690:1
  :A:83653299;z17:P:5591631.
Sum=884737300; test 884737300/1000000000+(1-z2885)^7 <= 9960526/10000000.
Leaf R011110011101101111
  B=[z6603,z3119,z6020,z6691,z6012,z2858,z6021,z7,z145,z9,z8,z8] h=z6692
  horizon=27 mass=z6012.
Cells
  z3121:B1:49014736;z3122:0:Nlo:333228258;z25:0:Nhi:25986761;z6693:0:Nhi:179731402
  ;z260:J1:77818868;z6694:B11/25:5851579;z6695:J1:94516297;z15:1:A:33575972;z6696:
  1:A:83103568;z17:P:6559706.
Sum=889387147; test 889387147/1000000000+(1-z6012)^7 <= 9997949/10000000.
Leaf R01111001110111000
  B=[z2856,z6086,z6697,z2901,z2858,z2902,z2868,z7,z145,z164,z8,z8] h=z10
  horizon=27 mass=z2858.
Cells
  z6088:B1:40902428;z6089:0:Nlo:334636328;z25:0:Nhi:28293456;z2905:0:Nhi:211929281
  ;z260:J1:50371353;z6698:B11/25:33953442;z2870:J1:51730961;z15:JD1:52553226;z6699
  :JD1:50550473;z17:JD1:35289563.
Sum=890210511; test 890210511/1000000000+(1-z2858)^7 <= 9997170/10000000.
Leaf R01111001110111001
  B=[z2900,z3164,z6700,z2680,z2902,z2670,z2913,z7,z145,z164,z8,z8] h=z10
  horizon=27 mass=z2902.
Cells
  z3166:B1:42192363;z3167:0:Nlo:334489094;z25:0:Nhi:27895039;z2914:0:Nhi:215324149
  ;z260:J1:47779983;z6701:B11/25:32771228;z6702:J1:51506412;z15:JD1:54543193;z6703
  :JD1:49277713;z17:JD1:36261257.
Sum=892040431; test 892040431/1000000000+(1-z2902)^7 <= 9997634/10000000.
Leaf R0111100111011101000
  B=[z2856,z6704,z6705,z6706,z2858,z6707,z2868,z7,z164,z9,z8,z8] h=z10 horizon=27
  mass=z2858.
Cells
  z6708:B1:40260131;z6709:0:Nlo:334697355;z25:0:Nhi:28496959;z5981:0:Nhi:207507207
  ;z260:J1:51769413;z5988:B11/25:15365457;z6710:J1:92445239;z15:1:A:28682207;z6711
  :1:A:84082340;z17:P:6071942.
Sum=889378250; test 889378250/1000000000+(1-z2858)^7 <= 9988848/10000000.
Leaf R0111100111011101001
  B=[z6712,z6086,z6713,z6714,z6707,z2902,z6715,z7,z164,z9,z8,z8] h=z10 horizon=27
  mass=z6707.
Cells
  z6088:B1:40902428;z6089:0:Nlo:334636328;z25:0:Nhi:28293456;z6716:0:Nhi:206675174
  ;z260:J1:52974974;z6717:B11/25:12965355;z6718:J1:94948497;z6719:1:Q:695563;z6720
  :J1:2;z15:1:A:28311432;z6721:1:A:83608863;z17:P:6389388.
Sum=890401460; test 890401460/1000000000+(1-z6707)^7 <= 9990131/10000000.
Leaf R0111100111011101010
  B=[z2900,z6722,z6723,z6724,z2902,z6725,z2913,z7,z164,z9,z8,z8] h=z10 horizon=27
  mass=z2902.
Cells
  z6726:B1:41546529;z6727:0:Nlo:334566846;z25:0:Nhi:28092836;z6094:0:Nhi:205857623
  ;z260:J1:54186271;z6095:B11/25:10616769;z6728:J1:98834674;z15:1:A:27950118;z6729
  :1:A:83132170;z17:P:6709134.
Sum=891492970; test 891492970/1000000000+(1-z2902)^7 <= 9992159/10000000.
Leaf R0111100111011101011
  B=[z6730,z3164,z6731,z6732,z6725,z2670,z6733,z7,z164,z9,z8,z8] h=z10 horizon=27
  mass=z6725.
Cells
  z3166:B1:42192363;z3167:0:Nlo:334489094;z25:0:Nhi:27895039;z6734:0:Nhi:205054178
  ;z260:J1:55403516;z6735:B11/25:28413833;z6736:J1:81719936;z15:1:A:27597904;z6737
  :1:A:82652163;z17:P:7031262.
Sum=892449288; test 892449288/1000000000+(1-z6725)^7 <= 9992899/10000000.
Leaf R0111100111011101100
  B=[z2856,z6738,z6134,z2901,z2858,z2902,z2868,z7,z164,z9,z8,z8] h=z10 horizon=27
  mass=z2858.
Cells
  z6739:B1:36243727;z6740:0:Nlo:334874895;z25:0:Nhi:29855204;z5981:0:Nhi:207507207
  ;z260:J1:54320293;z6698:B11/25:33953442;z2909:J1:78229772;z15:1:A:26615119;z6741
  :1:A:86031240;z17:P:2712322.
Sum=890343221; test 890343221/1000000000+(1-z2858)^7 <= 9998497/10000000.
Leaf R011110011101110110100
  B=[z6742,z6704,z6743,z6744,z2858,z6707,z2868,z7,z164,z191,z8,z8] h=z10
  horizon=27 mass=z2858.
Cells
  z6708:B1:40260131;z6709:0:Nlo:334697355;z25:0:Nhi:28496959;z6745:0:Nhi:199533999
  ;z260:J1:61751343;z6746:B11/25:19507825;z2870:J1:65627433;z15:JD1:52802582;z6747
  :JD1:70039308;z17:JD1:16810375.
Sum=889527310; test 889527310/1000000000+(1-z2858)^7 <= 9990338/10000000.
Leaf R011110011101110110101
  B=[z6748,z6086,z6749,z2901,z6707,z2902,z6715,z7,z164,z191,z8,z8] h=z10
  horizon=27 mass=z6707.
Cells
  z6088:B1:40902428;z6089:0:Nlo:334636328;z25:0:Nhi:28293456;z6750:0:Nhi:197485286
  ;z260:J1:64399965;z6751:B11/25:18184573;z6752:J1:66383087;z15:JD1:53796731;z6753
  :JD1:69527495;z17:JD1:17172270.
Sum=890781619; test 890781619/1000000000+(1-z6707)^7 <= 9993932/10000000.
Leaf R0111100111011101101100
  B=[z6742,z6704,z6743,z6754,z2858,z6707,z2868,z7,z191,z9,z8,z8] h=z10 horizon=27
  mass=z2858.
Cells
  z6708:B1:40260131;z6709:0:Nlo:334697355;z25:0:Nhi:28496959;z6745:0:Nhi:199534000
  ;z260:J1:60291034;z6746:B11/25:19507825;z6755:J1:90000558;z15:1:A:27796947;z6756
  :1:A:85557520;z17:P:3533178.
Sum=889675507; test 889675507/1000000000+(1-z2858)^7 <= 9991820/10000000.
Leaf R0111100111011101101101
  B=[z6748,z6086,z6749,z6757,z6707,z2902,z6715,z7,z191,z9,z8,z8] h=z10 horizon=27
  mass=z6707.
Cells
  z6088:B1:40902428;z6089:0:Nlo:334636328;z25:0:Nhi:28293456;z6750:0:Nhi:197485286
  ;z260:J1:62845997;z6751:B11/25:18184573;z6758:J1:92080208;z15:1:A:27437096;z6759
  :1:A:85108101;z17:P:3828912.
Sum=890802385; test 890802385/1000000000+(1-z6707)^7 <= 9994140/10000000.
Leaf R011110011101110110111000
  B=[z6742,z6760,z6761,z6762,z2858,z6763,z2868,z7,z191,z9,z8,z8] h=z10 horizon=27
  mass=z2858.
Cells
  z6764:B1:39779634;z6765:0:Nlo:334737461;z25:0:Nhi:28651516;z6745:0:Nhi:199534000
  ;z260:J1:61100828;z6746:B11/25:19507825;z6766:J1:91173729;z15:1:A:27232920;z6767
  :1:A:86417062;z17:P:2041682.
Sum=890176657; test 890176657/1000000000+(1-z2858)^7 <= 9996832/10000000.
Leaf R011110011101110110111001
  B=[z6768,z6769,z6770,z6771,z6763,z6772,z6773,z7,z191,z9,z8,z8] h=z10 horizon=27
  mass=z6763.
Cells
  z6774:B1:39939681;z6775:0:Nlo:334724638;z25:0:Nhi:28599812;z6776:0:Nhi:199017916
  ;z260:J1:61751670;z6777:B11/25:19174557;z6778:J1:91700848;z15:1:A:27142913;z6779
  :1:A:86308396;z17:P:2112376.
Sum=890472807; test 890472807/1000000000+(1-z6763)^7 <= 9997550/10000000.
Leaf R011110011101110110111010
  B=[z6780,z6781,z6782,z6783,z6772,z6784,z6785,z7,z191,z9,z8,z8] h=z10 horizon=27
  mass=z6772.
Cells
  z6786:B1:40099847;z6787:0:Nlo:334711268;z25:0:Nhi:28548292;z6788:0:Nhi:198504449
  ;z260:J1:62403597;z6789:B11/25:18842934;z6790:J1:92227299;z15:1:A:27053499;z6791
  :1:A:86199563;z17:P:2183203.
Sum=890773951; test 890773951/1000000000+(1-z6772)^7 <= 9998322/10000000.
Leaf R0111100111011101101110110
  B=[z6792,z6704,z6793,z6794,z6784,z6707,z6795,z7,z191,z9,z8,z8] h=z10 horizon=27
  mass=z6784.
Cells
  z6708:B1:40260131;z6709:0:Nlo:334697355;z25:0:Nhi:28496959;z6796:0:Nhi:197993579
  ;z260:J1:62431229;z6797:B11/25:18512943;z6798:J1:91880387;z15:1:A:27374489;z6799
  :1:A:86090560;z17:P:2254163.
Sum=889991795; test 889991795/1000000000+(1-z6784)^7 <= 9988265/10000000.
Leaf R0111100111011101101110111
  B=[z6792,z6704,z6800,z6744,z6784,z6707,z6795,z7,z191,z9,z8,z8] h=z10 horizon=27
  mass=z6784.
Cells
  z6708:B1:40260131;z6709:0:Nlo:334697355;z25:0:Nhi:28496959;z6796:0:Nhi:197993580
  ;z260:J1:63056619;z6797:B11/25:18512943;z6801:J1:92753104;z15:1:A:26964672;z6802
  :1:A:86476389;z17:P:1585504.
Sum=890797256; test 890797256/1000000000+(1-z6784)^7 <= 9996320/10000000.
Leaf R0111100111011101101111000
  B=[z6748,z6803,z6804,z6805,z6707,z6806,z6715,z7,z191,z9,z8,z8] h=z10 horizon=27
  mass=z6707.
Cells
  z6807:B1:40420532;z6808:0:Nlo:334682901;z25:0:Nhi:28445810;z6750:0:Nhi:197485286
  ;z260:J1:63076130;z6751:B11/25:18184573;z6809:J1:92402340;z15:1:A:27284962;z6810
  :1:A:85981384;z17:P:2325260.
Sum=890289178; test 890289178/1000000000+(1-z6707)^7 <= 9989008/10000000.
Leaf R0111100111011101101111001
  B=[z6748,z6803,z6811,z6812,z6707,z6806,z6715,z7,z191,z9,z8,z8] h=z10 horizon=27
  mass=z6707.
Cells
  z6807:B1:40420532;z6808:0:Nlo:334682901;z25:0:Nhi:28445810;z6750:0:Nhi:197485285
  ;z260:J1:63710750;z6751:B11/25:18184573;z6813:J1:93278269;z15:1:A:26876428;z6814
  :1:A:86368868;z17:P:1655037.
Sum=891108453; test 891108453/1000000000+(1-z6707)^7 <= 9997200/10000000.
Leaf R0111100111011101101111010
  B=[z6815,z6816,z6817,z6818,z6806,z6819,z6820,z7,z191,z9,z8,z8] h=z10 horizon=27
  mass=z6806.
Cells
  z6821:B1:40581049;z6822:0:Nlo:334667910;z25:0:Nhi:28394843;z6823:0:Nhi:196979550
  ;z260:J1:63722082;z6824:B11/25:17857811;z6825:J1:92923635;z15:1:A:27196019;z6826
  :1:A:85872033;z17:P:2396493.
Sum=890591425; test 890591425/1000000000+(1-z6806)^7 <= 9989803/10000000.
Leaf R0111100111011101101111011
  B=[z6815,z6816,z6827,z6828,z6806,z6819,z6820,z7,z191,z9,z8,z8] h=z10 horizon=27
  mass=z6806.
Cells
  z6821:B1:40581049;z6822:0:Nlo:334667910;z25:0:Nhi:28394843;z6823:0:Nhi:196979549
  ;z260:J1:64366002;z6824:B11/25:17857811;z6829:J1:93802811;z15:1:A:26788755;z6830
  :1:A:86261179;z17:P:1724705.
Sum=891424614; test 891424614/1000000000+(1-z6806)^7 <= 9998135/10000000.
Leaf R011110011101110110111110
  B=[z6831,z6832,z6833,z2901,z6819,z2902,z6834,z7,z191,z9,z8,z8] h=z10 horizon=27
  mass=z6819.
Cells
  z6835:B1:38559187;z6836:0:Nlo:334817168;z25:0:Nhi:29053379;z6837:0:Nhi:196476356
  ;z260:J1:65164961;z6838:B11/25:17532647;z2909:J1:94516982;z15:1:A:26615119;z6839
  :1:A:86267822;z17:P:1596857.
Sum=890600478; test 890600478/1000000000+(1-z6819)^7 <= 9987670/10000000.
Leaf R0111100111011101101111110
  B=[z6840,z6841,z6842,z6843,z6819,z2902,z6834,z7,z191,z9,z8,z8] h=z6844
  horizon=27 mass=z6819.
Cells
  z6845:B1:39727563;z6846:0:Nlo:334741518;z25:0:Nhi:28668387;z6847:0:Nhi:189009335
  ;z260:J1:72816402;z6848:B11/25:25740322;z6849:J1:85914804;z15:1:A:26788062;z6850
  :1:A:86005525;z17:P:1997063.
Sum=891408981; test 891408981/1000000000+(1-z6819)^7 <= 9995755/10000000.
Leaf R0111100111011101101111111
  B=[z6851,z6086,z6852,z6853,z6819,z2902,z6834,z7,z191,z9,z8,z8] h=z6854
  horizon=27 mass=z6819.
Cells
  z6088:B1:40902428;z6089:0:Nlo:334636328;z25:0:Nhi:28293456;z6855:0:Nhi:185481413
  ;z260:J1:75647112;z6856:B11/25:21059322;z6857:J1:88486780;z15:1:A:28046257;z6858
  :1:A:85801962;z17:P:1970879.
Sum=890325937; test 890325937/1000000000+(1-z6819)^7 <= 9984924/10000000.
Leaf R0111100111011101110
  B=[z2900,z6859,z6714,z2680,z2902,z2670,z2913,z7,z164,z9,z8,z8] h=z10 horizon=27
  mass=z2902.
Cells
  z6860:B1:37434116;z6861:0:Nlo:334861122;z25:0:Nhi:29436258;z6094:0:Nhi:205857623
  ;z260:J1:56923712;z6701:B11/25:32771228;z2760:J1:80699729;z15:1:A:25942502;z6862
  :1:A:85423320;z17:P:2815937.
Sum=892165547; test 892165547/1000000000+(1-z2902)^7 <= 9998885/10000000.
Leaf R011110011101110111100
  B=[z6738,z6722,z6863,z6864,z2902,z6725,z2913,z7,z164,z191,z8,z8] h=z10
  horizon=27 mass=z2902.
Cells
  z6726:B1:41546529;z6727:0:Nlo:334566846;z25:0:Nhi:28092836;z6865:0:Nhi:195477506
  ;z260:J1:67067866;z6866:B11/25:34366672;z6702:J1:49532018;z15:JD1:54802939;z6867
  :JD1:69010876;z17:JD1:17538936.
Sum=892003024; test 892003024/1000000000+(1-z2902)^7 <= 9997260/10000000.
Leaf R0111100111011101111010
  B=[z6868,z6869,z6870,z2680,z6725,z2670,z6733,z7,z164,z191,z8,z8] h=z10
  horizon=27 mass=z6725.
Cells
  z6871:B1:39799913;z6872:0:Nlo:334735866;z25:0:Nhi:28644952;z6873:0:Nhi:193509460
  ;z260:J1:69755886;z6874:B11/25:31735938;z6875:J1:51406051;z15:JD1:55821491;z6876
  :JD1:69045259;z17:JD1:16953998.
Sum=891408814; test 891408814/1000000000+(1-z6725)^7 <= 9982494/10000000.
Leaf R0111100111011101111011
  B=[z6877,z3164,z6878,z6879,z6725,z2670,z6733,z7,z164,z191,z8,z8] h=z6880
  horizon=27 mass=z6725.
Cells
  z3166:B1:42192363;z3167:0:Nlo:334489094;z25:0:Nhi:27895039;z6881:0:Nhi:186178914
  ;z260:J1:76802954;z6882:B11/25:21983444;z6875:J1:60739408;z15:JD1:55495362;z6883
  :JD1:68670459;z17:JD1:17319713.
Sum=891766750; test 891766750/1000000000+(1-z6725)^7 <= 9986073/10000000.
Leaf R01111001110111011111000
  B=[z6738,z6884,z6885,z6886,z2902,z6887,z2913,z7,z191,z9,z8,z8] h=z10 horizon=27
  mass=z2902.
Cells
  z6888:B1:38868657;z6889:0:Nlo:334800035;z25:0:Nhi:28950185;z6865:0:Nhi:195477506
  ;z260:J1:66484329;z6866:B11/25:34366672;z6890:J1:78062809;z15:1:A:26443717;z6891
  :1:A:85248428;z17:P:3115245.
Sum=891817583; test 891817583/1000000000+(1-z2902)^7 <= 9995405/10000000.
Leaf R01111001110111011111001
  B=[z6892,z6877,z6893,z6864,z6887,z6725,z6894,z7,z191,z9,z8,z8] h=z10 horizon=27
  mass=z6887.
Cells
  z6895:B1:39178606;z6896:0:Nlo:334780760;z25:0:Nhi:28847721;z6897:0:Nhi:194488589
  ;z260:J1:67808392;z6898:B11/25:33044105;z6899:J1:79676724;z15:1:A:26274509;z6900
  :1:A:85025767;z17:P:3261065.
Sum=892386238; test 892386238/1000000000+(1-z6887)^7 <= 9996672/10000000.
Leaf R01111001110111011111010
  B=[z6868,z6869,z6870,z6901,z6725,z2670,z6733,z7,z191,z9,z8,z8] h=z10 horizon=27
  mass=z6725.
Cells
  z6871:B1:39799913;z6872:0:Nlo:334735866;z25:0:Nhi:28644952;z6873:0:Nhi:193509460
  ;z260:J1:68004568;z6874:B11/25:31735938;z6902:J1:80037362;z15:1:A:26744625;z6903
  :1:A:84732453;z17:P:3526088.
Sum=891471225; test 891471225/1000000000+(1-z6725)^7 <= 9983118/10000000.
Leaf R011110011101110111110110
  B=[z6868,z6904,z6905,z6906,z6725,z6907,z6733,z7,z191,z9,z8,z8] h=z10 horizon=27
  mass=z6725.
Cells
  z6908:B1:39489029;z6909:0:Nlo:334759362;z25:0:Nhi:28745980;z6873:0:Nhi:193509461
  ;z260:J1:69137251;z6874:B11/25:31735938;z6910:J1:81288412;z15:1:A:26107449;z6911
  :1:A:85620414;z17:P:2015113.
Sum=892408409; test 892408409/1000000000+(1-z6725)^7 <= 9992490/10000000.
Leaf R011110011101110111110111
  B=[z6912,z6869,z6913,z2680,z6907,z2670,z6914,z7,z191,z9,z8,z8] h=z10 horizon=27
  mass=z6907.
Cells
  z6871:B1:39799913;z6872:0:Nlo:334735866;z25:0:Nhi:28644952;z6915:0:Nhi:192539978
  ;z260:J1:70470999;z6916:B11/25:30441942;z2760:J1:82898065;z15:1:A:25942502;z6917
  :1:A:85403201;z17:P:2155671.
Sum=893033089; test 893033089/1000000000+(1-z6907)^7 <= 9994348/10000000.
Leaf R011110011101110111111000
  B=[z6832,z6918,z6919,z6920,z2902,z6887,z2913,z7,z191,z9,z8,z8] h=z6921
  horizon=27 mass=z2902.
Cells
  z6922:B1:40043247;z6923:0:Nlo:334716053;z25:0:Nhi:28566473;z6924:0:Nhi:188056503
  ;z260:J1:73918132;z6925:B11/25:24474384;z6926:J1:86980929;z15:1:A:26946263;z6927
  :1:A:85016697;z17:P:3361890.
Sum=892080571; test 892080571/1000000000+(1-z2902)^7 <= 9998035/10000000.
Leaf R011110011101110111111001
  B=[z6884,z6928,z6929,z6930,z6887,z6725,z6894,z7,z191,z9,z8,z8] h=z6931
  horizon=27 mass=z6887.
Cells
  z6932:B1:40359394;z6933:0:Nlo:334688473;z25:0:Nhi:28465279;z6934:0:Nhi:187113075
  ;z260:J1:75016806;z6935:B11/25:23222163;z6936:J1:88042253;z15:1:A:27102834;z6937
  :1:A:84812751;z17:P:3377309.
Sum=892200337; test 892200337/1000000000+(1-z6887)^7 <= 9994813/10000000.
Leaf R01111001110111011111101
  B=[z6841,z6722,z6863,z6938,z2902,z6725,z2913,z7,z191,z9,z8,z8] h=z6939
  horizon=27 mass=z2902.
Cells
  z6726:B1:41546529;z6727:0:Nlo:334566846;z25:0:Nhi:28092836;z6940:0:Nhi:184550126
  ;z260:J1:77074240;z6941:B11/25:19826490;z6942:J1:89910248;z15:1:A:28021447;z6943
  :1:A:84759268;z17:P:3432455.
Sum=891780485; test 891780485/1000000000+(1-z2902)^7 <= 9995034/10000000.
Leaf R011110011101110111111100
  B=[z6877,z6944,z6945,z6946,z6725,z6907,z6733,z7,z191,z9,z8,z8] h=z6880
  horizon=27 mass=z6725.
Cells
  z6947:B1:40675994;z6948:0:Nlo:334658797;z25:0:Nhi:28364800;z6881:0:Nhi:186178914
  ;z260:J1:76112493;z6882:B11/25:21983444;z6949:J1:89098877;z15:1:A:27257794;z6950
  :1:A:84609077;z17:P:3392805.
Sum=892332995; test 892332995/1000000000+(1-z6725)^7 <= 9991736/10000000.
Leaf R011110011101110111111101
  B=[z6904,z6951,z6952,z6953,z6907,z2670,z6914,z7,z191,z9,z8,z8] h=z6954
  horizon=27 mass=z6907.
Cells
  z6955:B1:40993038;z6956:0:Nlo:334627049;z25:0:Nhi:28265028;z6957:0:Nhi:185253887
  ;z260:J1:77205267;z6958:B11/25:20758012;z6959:J1:90150901;z15:1:A:27411164;z6960
  :1:A:84405672;z17:P:3408378.
Sum=892478396; test 892478396/1000000000+(1-z6907)^7 <= 9988801/10000000.
Leaf R01111001110111011111111
  B=[z6928,z3164,z6878,z6961,z6725,z2670,z6733,z7,z191,z9,z8,z8] h=z6962
  horizon=27 mass=z6725.
Cells
  z3166:B1:42192363;z3167:0:Nlo:334489094;z25:0:Nhi:27895039;z6963:0:Nhi:182714896
  ;z260:J1:79236450;z6964:B11/25:17400503;z6965:J1:91989169;z15:1:A:28331910;z6966
  :1:A:84350988;z17:P:3462738.
Sum=892063150; test 892063150/1000000000+(1-z6725)^7 <= 9989037/10000000.
Leaf R0111100111011110000
  B=[z3170,z6967,z6968,z6969,z2858,z2902,z2868,z7,z145,z164,z8,z8] h=z3173
  horizon=27 mass=z2858.
Cells
  z6970:B1:43269884;z6971:0:Nlo:334341997;z25:0:Nhi:27572239;z6972:0:Nhi:197887002
  ;z260:J1:63478400;z6973:B11/25:20246603;z2870:J1:64685240;z15:JD1:52120944;z6974
  :JD1:50521149;z17:JD1:35106442.
Sum=889229900; test 889229900/1000000000+(1-z2858)^7 <= 9987364/10000000.
Leaf R0111100111011110001
  B=[z6314,z6099,z6975,z6976,z2858,z2902,z2868,z7,z145,z164,z8,z8] h=z6977
  horizon=27 mass=z2858.
Cells
  z6102:B1:45658207;z6103:0:Nlo:333943070;z25:0:Nhi:26886847;z6978:0:Nhi:189431090
  ;z260:J1:70544143;z6979:B11/25:11587095;z2870:J1:72312264;z15:JD1:51477724;z6980
  :JD1:50687600;z17:JD1:34435177.
Sum=886963217; test 886963217/1000000000+(1-z2858)^7 <= 9964697/10000000.
Leaf R01111001110111100100
  B=[z3170,z6967,z6968,z6981,z2858,z2902,z2868,z7,z164,z9,z8,z8] h=z3173
  horizon=27 mass=z2858.
Cells
  z6970:B1:43269884;z6971:0:Nlo:334341997;z25:0:Nhi:27572239;z6104:0:Nhi:184867584
  ;z260:J1:73336878;z6105:B11/25:10018771;z6982:J1:95644241;z15:1:A:30068137;z6983
  :1:A:83595619;z17:P:6431131.
Sum=889146481; test 889146481/1000000000+(1-z2858)^7 <= 9986530/10000000.
Leaf R01111001110111100101000
  B=[z3170,z6984,z6985,z6986,z2858,z6772,z2868,z7,z164,z9,z8,z8] h=z3173
  horizon=27 mass=z2858.
Cells
  z6987:B1:41102260;z6988:0:Nlo:334615647;z25:0:Nhi:28230849;z6104:0:Nhi:184867582
  ;z260:J1:75418093;z6973:B11/25:20246603;z6989:J1:87879580;z15:1:A:28839384;z6990
  :1:A:85461762;z17:P:3204897.
Sum=889866657; test 889866657/1000000000+(1-z2858)^7 <= 9993732/10000000.
Leaf R01111001110111100101001
  B=[z6769,z6991,z6992,z6993,z6772,z6707,z6785,z7,z164,z9,z8,z8] h=z6994
  horizon=27 mass=z6772.
Cells
  z6995:B1:41428842;z6996:0:Nlo:334580149;z25:0:Nhi:28129239;z6997:0:Nhi:183929371
  ;z260:J1:76492998;z6998:B11/25:19005397;z6999:J1:88914764;z15:1:A:29002144;z7000
  :1:A:85256427;z17:P:3219266.
Sum=889958597; test 889958597/1000000000+(1-z6772)^7 <= 9990169/10000000.
Leaf R0111100111011110010101
  B=[z6586,z7001,z7002,z7003,z2858,z6707,z2868,z7,z164,z9,z8,z8] h=z7004
  horizon=27 mass=z2858.
Cells
  z7005:B1:42603324;z7006:0:Nlo:334435514;z25:0:Nhi:27770880;z7007:0:Nhi:181526778
  ;z260:J1:78333009;z7008:B11/25:15832398;z7009:J1:90526665;z15:1:A:29932955;z7010
  :1:A:85205216;z17:P:3279797.
Sum=889446536; test 889446536/1000000000+(1-z2858)^7 <= 9989530/10000000.
Leaf R0111100111011110010110
  B=[z6704,z7011,z7012,z7013,z6707,z2902,z6715,z7,z164,z9,z8,z8] h=z7014
  horizon=27 mass=z6707.
Cells
  z7015:B1:42083344;z7016:0:Nlo:334502777;z25:0:Nhi:27928196;z7017:0:Nhi:183000485
  ;z260:J1:77921876;z7018:B11/25:17777719;z7019:J1:90342555;z15:1:A:28970935;z7020
  :1:A:84981355;z17:P:3354955.
Sum=890864197; test 890864197/1000000000+(1-z6707)^7 <= 9994758/10000000.
Leaf R0111100111011110010111
  B=[z6991,z6967,z7021,z7022,z6707,z2902,z6715,z7,z164,z9,z8,z8] h=z7023
  horizon=27 mass=z6707.
Cells
  z6970:B1:43269884;z6971:0:Nlo:334341997;z25:0:Nhi:27572239;z7024:0:Nhi:179700443
  ;z260:J1:80447136;z7025:B11/25:13425738;z7026:J1:92552377;z15:1:A:30255706;z7027
  :1:A:84794128;z17:P:3308002.
Sum=889667650; test 889667650/1000000000+(1-z6707)^7 <= 9982792/10000000.
Leaf R01111001110111100110
  B=[z6314,z7028,z7029,z7030,z2858,z6707,z2868,z7,z164,z9,z8,z8] h=z6977
  horizon=27 mass=z2858.
Cells
  z7031:B1:44967974;z7032:0:Nlo:334068270;z25:0:Nhi:27080850;z7033:0:Nhi:178302802
  ;z260:J1:80737063;z6979:B11/25:11587095;z7034:J1:92584904;z15:1:A:31237074;z7035
  :1:A:83412519;z17:P:6031659.
Sum=890010210; test 890010210/1000000000+(1-z2858)^7 <= 9995167/10000000.
Leaf R01111001110111100111
  B=[z7001,z6099,z7036,z7037,z6707,z2902,z6715,z7,z164,z9,z8,z8] h=z7038
  horizon=27 mass=z6707.
Cells
  z6102:B1:45658207;z6103:0:Nlo:333943070;z25:0:Nhi:26886847;z7039:0:Nhi:176515587
  ;z260:J1:82807289;z7040:B11/25:9239869;z7041:J1:94562177;z15:1:A:31559287;z7042:
  1:A:82980006;z17:P:6082743.
Sum=890235082; test 890235082/1000000000+(1-z6707)^7 <= 9988467/10000000.
Leaf R01111001110111101000
  B=[z6086,z7043,z7044,z7045,z2902,z6725,z2913,z7,z145,z9,z8,z8] h=z6110
  horizon=27 mass=z2902.
Cells
  z7046:B1:43938087;z7047:0:Nlo:334240248;z25:0:Nhi:27376417;z7048:0:Nhi:186498927
  ;z260:J1:71985780;z7049:B11/25:15362092;z7050:J1:88875382;z15:1:A:31144513;z7051
  :1:A:82858009;z17:P:6319607.
Sum=888599062; test 888599062/1000000000+(1-z2902)^7 <= 9963220/10000000.
Leaf R011110011101111010010
  B=[z6086,z7052,z7053,z7054,z2902,z6725,z2913,z7,z145,z9,z8,z8] h=z6110
  horizon=27 mass=z2902.
Cells
  z7055:B1:42739568;z7056:0:Nlo:334417059;z25:0:Nhi:27730004;z7057:0:Nhi:194952358
  ;z260:J1:66211442;z7049:B11/25:15362092;z7058:J1:91940766;z7059:1:Q:750914;z7060
  :J1:2;z15:1:A:29287438;z7061:1:A:84571706;z17:P:3384172.
Sum=891347521; test 891347521/1000000000+(1-z2902)^7 <= 9990705/10000000.
Leaf R011110011101111010011
  B=[z7011,z7043,z7062,z7063,z2902,z6725,z2913,z7,z145,z9,z8,z8] h=z7064
  horizon=27 mass=z2902.
Cells
  z7046:B1:43938087;z7047:0:Nlo:334240248;z25:0:Nhi:27376417;z7065:0:Nhi:190724221
  ;z260:J1:69743046;z7066:B11/25:28307558;z7067:J1:77620697;z15:1:A:30571679;z7068
  :1:A:84384208;z17:P:3336464.
Sum=890242625; test 890242625/1000000000+(1-z2902)^7 <= 9979656/10000000.
Leaf R01111001110111101010
  B=[z6722,z7069,z7070,z7071,z6725,z2670,z6733,z7,z145,z9,z8,z8] h=z7072
  horizon=27 mass=z6725.
Cells
  z7073:B1:44607858;z7074:0:Nlo:334130454;z25:0:Nhi:27183356;z7075:0:Nhi:185983864
  ;z260:J1:72660321;z7076:B11/25:12998052;z7077:J1:90816926;z15:1:A:31472889;z7078
  :1:A:82426679;z17:P:6374212.
Sum=888654611; test 888654611/1000000000+(1-z6725)^7 <= 9954952/10000000.
Leaf R01111001110111101011
  B=[z6722,z7069,z7079,z7080,z6725,z2670,z6733,z7,z145,z9,z8,z8] h=z7072
  horizon=27 mass=z6725.
Cells
  z7073:B1:44607858;z7074:0:Nlo:334130454;z25:0:Nhi:27183356;z7081:0:Nhi:194394696
  ;z260:J1:66940403;z7082:B11/25:30560899;z7083:J1:76349966;z7084:1:Q:765385;z7085
  :J1:2;z15:1:A:29597377;z7086:1:A:83903988;z17:P:3857801.
Sum=892292185; test 892292185/1000000000+(1-z6725)^7 <= 9991328/10000000.
Leaf R0111100111011110110
  B=[z6967,z7087,z7088,z7089,z2902,z6725,z2913,z7,z145,z9,z8,z8] h=z7090
  horizon=27 mass=z2902.
Cells
  z7091:B1:46349911;z7092:0:Nlo:333809870;z25:0:Nhi:26695600;z7093:0:Nhi:186546542
  ;z260:J1:73178381;z7094:B11/25:24927062;z7095:J1:78772212;z15:1:A:31874676;z7096
  :1:A:82548446;z17:P:6134217.
Sum=890836917; test 890836917/1000000000+(1-z2902)^7 <= 9985599/10000000.
Leaf R0111100111011110111
  B=[z7043,z6028,z7097,z7098,z6725,z2670,z6733,z7,z145,z9,z8,z8] h=z7099
  horizon=27 mass=z6725.
Cells
  z6031:B1:47043014;z6032:0:Nlo:333668858;z25:0:Nhi:26507054;z7100:0:Nhi:186044222
  ;z260:J1:73863329;z7101:B11/25:23793117;z7102:J1:79463378;z15:1:A:32183406;z7103
  :1:A:82117823;z17:P:6186091.
Sum=890870292; test 890870292/1000000000+(1-z6725)^7 <= 9977109/10000000.
Leaf R011110011101111100
  B=[z6036,z7104,z7105,z7106,z2858,z2902,z2868,z7,z145,z9,z8,z8] h=z6039
  horizon=27 mass=z2858.
Cells
  z7107:B1:48064251;z7108:0:Nlo:333447773;z25:0:Nhi:26234676;z7109:0:Nhi:181169652
  ;z260:J1:77236496;z7110:B11/25:21345148;z7111:J1:79584146;z15:1:A:33442687;z7112
  :1:A:82970273;z17:P:6082292.
Sum=889577394; test 889577394/1000000000+(1-z2858)^7 <= 9990839/10000000.
Leaf R011110011101111101
  B=[z7113,z7114,z7115,z7116,z2858,z2902,z2868,z7,z145,z9,z8,z8] h=z7117
  horizon=27 mass=z2858.
Cells
  z7118:B1:50485074;z7119:0:Nlo:332863725;z25:0:Nhi:25613370;z7120:0:Nhi:173067694
  ;z7121:J1:179862455;z15:1:A:36144846;z7122:1:A:82655636;z17:P:5913455.
Sum=886606255; test 886606255/1000000000+(1-z2858)^7 <= 9961128/10000000.
Leaf R01111001110111111
  B=[z6099,z3081,z7123,z7124,z2902,z2670,z2913,z7,z145,z9,z8,z8] h=z7125
  horizon=27 mass=z2902.
Cells
  z3083:B1:51959834;z3084:0:Nlo:332469130;z25:0:Nhi:25250549;z7126:0:Nhi:180194406
  ;z260:J1:78578037;z7127:B11/25:19548339;z7128:J1:80472294;z15:1:A:34076591;z7129
  :1:A:81657576;z17:P:6953375.
Sum=891160131; test 891160131/1000000000+(1-z2902)^7 <= 9988831/10000000.
Leaf R0111100111100000
  B=[z3051,z7130,z7131,z7132,z2731,z2885,z2736,z7,z32,z145,z8,z8] h=z3088
  horizon=27 mass=z2731.
Cells
  z7133:B1:52250065;z7134:0:Nlo:332388194;z25:0:Nhi:25180466;z7135:0:Nhi:167755872
  ;z7136:J1:80072556;z2790:J1:92358694;z15:JD1:46167001;z7137:JD1:10083309;z17:JD1
  :73004913.
Sum=879261070; test 879261070/1000000000+(1-z2731)^7 <= 9924107/10000000.
Leaf R0111100111100001
  B=[z3051,z7130,z7131,z7132,z2731,z2885,z2736,z7,z145,z9,z8,z8] h=z3088
  horizon=27 mass=z2731.
Cells
  z7133:B1:52250065;z7134:0:Nlo:332388194;z25:0:Nhi:25180466;z7135:0:Nhi:167755874
  ;z7138:J1:177664393;z7139:1:Q:1770306;z7140:J1:2;z15:1:A:37585693;z7141:1:A:8155
  6011;z17:P:10081144.
Sum=886232148; test 886232148/1000000000+(1-z2731)^7 <= 9993818/10000000.
Leaf R0111100111100010
  B=[z6000,z7142,z7143,z7144,z2885,z2858,z2896,z7,z32,z145,z8,z8] h=z7145
  horizon=27 mass=z2885.
Cells
  z7146:B1:53803407;z7147:0:Nlo:331937421;z25:0:Nhi:24812432;z7148:0:Nhi:164364069
  ;z7149:J1:84678585;z6017:J1:89974262;z15:JD1:47567453;z7150:JD1:9129594;z17:JD1:
  73127341.
Sum=879394564; test 879394564/1000000000+(1-z2885)^7 <= 9907099/10000000.
Leaf R0111100111100011
  B=[z6000,z7142,z7143,z7144,z2885,z2858,z2896,z7,z145,z9,z8,z8] h=z7145
  horizon=27 mass=z2885.
Cells
  z7146:B1:53803407;z7147:0:Nlo:331937421;z25:0:Nhi:24812432;z7151:0:Nhi:165909022
  ;z7152:J1:180718130;z15:1:A:38273412;z7153:1:A:80623613;z17:P:10233305.
Sum=886310742; test 886310742/1000000000+(1-z2885)^7 <= 9976260/10000000.
Leaf R01111001111001 B=[z5907,z7154,z7155,z7156,z2731,z2858,z2736,z7,z32,z9,z8,z8]
  h=z7157 horizon=27 mass=z2731.
Cells
  z7158:B1:58625471;z7159:0:Nlo:330363291;z25:0:Nhi:23739582;z7160:0:Nhi:157522012
  ;z7161:J1:80246152;z7162:J1:99975448;z7163:1:Q:2123742;z7164:J1:2;z15:1:A:421596
  12;z7165:1:A:80891305;z17:P:9894898.
Sum=885541515; test 885541515/1000000000+(1-z2731)^7 <= 9986912/10000000.
Leaf R011110011110100
  B=[z3119,z7166,z7167,z7168,z2858,z2902,z2868,z7,z32,z9,z8,z8] h=z3136 horizon=27
  mass=z2858.
Cells
  z7169:B1:55360221;z7170:0:Nlo:331457067;z25:0:Nhi:24454994;z7171:0:Nhi:161104963
  ;z7172:J1:89220802;z7173:J1:95963364;z7174:1:Q:3098329;z7175:J1:2;z15:1:A:389308
  12;z7176:1:A:79694957;z17:P:10386672.
Sum=889672183; test 889672183/1000000000+(1-z2858)^7 <= 9991787/10000000.
Leaf R011110011110101
  B=[z7142,z7177,z7178,z7179,z2858,z2902,z2868,z7,z32,z9,z8,z8] h=z7180 horizon=27
  mass=z2858.
Cells
  z7181:B1:60263778;z7182:0:Nlo:329773557;z25:0:Nhi:23396797;z7183:0:Nhi:151351620
  ;z7184:J1:81872779;z7185:J1:99091327;z7186:1:Q:2169534;z7187:J1:2;z15:1:A:447740
  24;z7188:1:A:79263240;z17:P:9776700.
Sum=881733358; test 881733358/1000000000+(1-z2858)^7 <= 9912399/10000000.
Leaf R01111001111011 B=[z7114,z7189,z7190,z7191,z2902,z2670,z2913,z7,z32,z9,z8,z8]
  h=z7192 horizon=27 mass=z2902.
Cells
  z7193:B1:61903313;z7194:0:Nlo:329157879;z25:0:Nhi:23063764;z7195:0:Nhi:205496317
  ;z7196:J1:45310471;z7197:J1:93729772;z7198:1:Q:3840462;z7199:J1:2;z15:1:A:395593
  76;z7200:1:A:78069864;z17:P:11744550.
Sum=891875770; test 891875770/1000000000+(1-z2902)^7 <= 9995987/10000000.
Leaf R0111100111110 B=[z5896,z3127,z3128,z7201,z2731,z2858,z2736,z7,z32,z9,z8,z8]
  h=z7202 horizon=27 mass=z2731.
Cells
  z3130:B1:68303164;z3131:0:Nlo:326533340;z25:0:Nhi:21849921;z7203:0:Nhi:148451749
  ;z7204:J1:72019381;z7205:J1:104321648;z15:1:A:48174462;z7206:1:A:79804631;z17:P:
  10484489.
Sum=879942785; test 879942785/1000000000+(1-z2731)^7 <= 9930924/10000000.
Leaf R0111100111111 B=[z7154,z2668,z3134,z7207,z2858,z2670,z2868,z7,z32,z9,z8,z8]
  h=z7208 horizon=27 mass=z2858.
Cells
  z2671:B1:71874014;z2672:0:Nlo:324932199;z25:0:Nhi:21225380;z7209:0:Nhi:142699979
  ;z7210:J1:79670431;z7211:J1:101195025;z15:1:A:49500712;z7212:1:A:77938679;z17:P:
  10760077.
Sum=879796496; test 879796496/1000000000+(1-z2858)^7 <= 9893030/10000000.
Leaf R0111101000 B=[z2687,z7213,z7214,z2645,z2670,z2646,z2689,z7,z22,z115,z8,z8]
  h=z10 horizon=27 mass=z2670.
Cells
  z7215:B1:63852233;z7216:0:Nlo:328394599;z25:0:Nhi:22680162;z260:0:Nhi:266772233;
  z7217:B11/25:62230863;z2695:J1:24950584;z15:JD1:55066369;z17:JD1:66067609.
Sum=890014652; test 890014652/1000000000+(1-z2670)^7 <= 9959790/10000000.
Leaf R011110100100 B=[z2687,z7218,z7219,z2960,z2670,z2743,z2689,z7,z115,z32,z8,z8]
  h=z10 horizon=27 mass=z2670.
Cells
  z7220:B1:47413487;z7221:0:Nlo:333590462;z25:0:Nhi:26407508;z260:0:Nhi:266772232;
  z7222:B11/25:51067556;z2695:J1:34191391;z15:JD1:55116579;z17:JD1:76217590.
Sum=890776805; test 890776805/1000000000+(1-z2670)^7 <= 9967412/10000000.
Leaf R011110100101 B=[z3164,z7223,z7224,z7225,z2670,z2743,z2689,z7,z115,z32,z8,z8]
  h=z7226 horizon=27 mass=z2670.
Cells
  z7227:B1:57891824;z7228:0:Nlo:330618757;z25:0:Nhi:23896479;z7229:0:Nhi:249214036
  ;z260:J1:16412535;z7230:B11/25:33791296;z2695:J1:50432106;z15:JD1:53778859;z17:J
  D1:75538621.
Sum=891574513; test 891574513/1000000000+(1-z2670)^7 <= 9975389/10000000.
Leaf R01111010011 B=[z2926,z7213,z7231,z2645,z2743,z2646,z2751,z7,z115,z32,z8,z8]
  h=z10 horizon=27 mass=z2743.
Cells
  z7215:B1:63852233;z7216:0:Nlo:328394599;z25:0:Nhi:22680162;z260:0:Nhi:266560392;
  z7232:B11/25:51393082;z7233:J1:26636562;z15:JD1:63650813;z17:JD1:75690482.
Sum=898858325; test 898858325/1000000000+(1-z2743)^7 <= 9980321/10000000.
Leaf R0111101010000 B=[z2687,z7234,z7235,z2918,z2670,z2919,z2689,z7,z32,z9,z8,z8]
  h=z10 horizon=27 mass=z2670.
Cells
  z7236:B1:44791692;z7237:0:Nlo:334098982;z25:0:Nhi:27130917;z7238:0:Nhi:198857231
  ;z2923:J1:47905220;z260:J1:9274368;z2694:B11/25:3024341;z2924:J1:98132872;z15:1:
  A:32509690;z7239:1:A:73436175;z17:P:21535392.
Sum=890696880; test 890696880/1000000000+(1-z2670)^7 <= 9966613/10000000.
Leaf R0111101010001 B=[z2917,z7218,z7240,z2928,z2919,z2743,z2929,z7,z32,z9,z8,z8]
  h=z10 horizon=27 mass=z2919.
Cells
  z7220:B1:47413487;z7221:0:Nlo:333590462;z25:0:Nhi:26407508;z7241:0:Nhi:199760597
  ;z2933:J1:55747199;z260:J1:2187742;z2934:B11/25:17616993;z2935:J1:83609296;z2936
  :1:Q:2957788;z2937:J1:2;z15:1:A:31035681;z7242:1:A:71017911;z17:P:23169339.
Sum=894514005; test 894514005/1000000000+(1-z2919)^7 <= 9970349/10000000.
Leaf R011110101001 B=[z3164,z7223,z7224,z7243,z2670,z2743,z2689,z7,z32,z9,z8,z8]
  h=z7226 horizon=27 mass=z2670.
Cells
  z7227:B1:57891824;z7228:0:Nlo:330618757;z25:0:Nhi:23896479;z7244:0:Nhi:177615568
  ;z7245:J1:64537984;z7246:J1:107862470;z15:1:A:36053155;z7247:1:A:72691880;z17:P:
  21728022.
Sum=892896139; test 892896139/1000000000+(1-z2670)^7 <= 9988605/10000000.
Leaf R0111101010100 B=[z2926,z7248,z7249,z2942,z2743,z2943,z2751,z7,z32,z9,z8,z8]
  h=z10 horizon=27 mass=z2743.
Cells
  z7250:B1:50053835;z7251:0:Nlo:332973702;z25:0:Nhi:25721644;z7252:0:Nhi:192240722
  ;z260:J1:67097946;z7253:B11/25:17002342;z2948:J1:89814285;z15:1:A:29689462;z7254
  :1:A:68533742;z17:P:24832309.
Sum=897959989; test 897959989/1000000000+(1-z2743)^7 <= 9971338/10000000.
Leaf R0111101010101 B=[z2940,z7255,z7256,z7257,z2943,z2646,z2953,z7,z32,z9,z8,z8]
  h=z7258 horizon=27 mass=z2943.
Cells
  z7259:B1:52709095;z7260:0:Nlo:332258045;z25:0:Nhi:25070482;z7261:0:Nhi:185257974
  ;z260:J1:75452481;z7262:B11/25:20763430;z7263:J1:86012721;z15:1:A:29990671;z7264
  :1:A:66195368;z17:P:25922430.
Sum=899632697; test 899632697/1000000000+(1-z2943)^7 <= 9955535/10000000.
Leaf R011110101011 B=[z7218,z7213,z7231,z7265,z2743,z2646,z2751,z7,z32,z9,z8,z8]
  h=z7266 horizon=27 mass=z2743.
Cells
  z7215:B1:63852233;z7216:0:Nlo:328394599;z25:0:Nhi:22680162;z7267:0:Nhi:164673663
  ;z7268:J1:80504808;z7269:J1:102093537;z15:1:A:38863134;z7270:1:A:68482129;z17:P:
  22891628.
Sum=892435893; test 892435893/1000000000+(1-z2743)^7 <= 9916097/10000000.
Leaf R011110101100000
  B=[z2687,z7234,z7271,z2994,z2670,z2919,z2689,z7,z32,z140,z8,z8] h=z10 horizon=27
  mass=z2670.
Cells
  z7236:B1:44791692;z7237:0:Nlo:334098982;z25:0:Nhi:27130917;z260:0:Nhi:266772233;
  z7272:B11/25:39799051;z2695:J1:43986040;z15:JD1:54950370;z7273:JD1:5518633;z17:J
  D1:70304535.
Sum=887352453; test 887352453/1000000000+(1-z2670)^7 <= 9933168/10000000.
Leaf R011110101100001
  B=[z2687,z7234,z7271,z2994,z2670,z2919,z2689,z7,z140,z145,z8,z8] h=z10
  horizon=27 mass=z2670.
Cells
  z7236:B1:44791692;z7237:0:Nlo:334098982;z25:0:Nhi:27130917;z7274:0:Nhi:238090570
  ;z260:J1:26784178;z7275:B11/25:28072748;z2695:J1:55637266;z15:JD1:55839774;z7276
  :JD1:27759987;z17:JD1:54037395.
Sum=892243509; test 892243509/1000000000+(1-z2670)^7 <= 9982079/10000000.
Leaf R011110101100010
  B=[z2917,z7218,z7277,z2979,z2919,z2743,z2929,z7,z32,z145,z8,z8] h=z10 horizon=27
  mass=z2919.
Cells
  z7220:B1:47413487;z7221:0:Nlo:333590462;z25:0:Nhi:26407508;z7241:0:Nhi:199760598
  ;z260:J1:64106795;z7278:B11/25:29124468;z7279:J1:49316267;z7280:JD1:51804494;z15
  :JD1:7400930;z17:JD1:82611516.
Sum=891536525; test 891536525/1000000000+(1-z2919)^7 <= 9940574/10000000.
Leaf R011110101100011
  B=[z2917,z7218,z7281,z2960,z2919,z2743,z2929,z7,z32,z145,z8,z8] h=z10 horizon=27
  mass=z2919.
Cells
  z7220:B1:47413487;z7221:0:Nlo:333590462;z25:0:Nhi:26407508;z7282:0:Nhi:263390794
  ;z260:J1:3066356;z7283:B11/25:40110166;z7279:J1:40495222;z7284:JD1:51812380;z15:
  JD1:8613935;z17:JD1:80198510.
Sum=895098820; test 895098820/1000000000+(1-z2919)^7 <= 9976197/10000000.
Leaf R0111101011001000
  B=[z2687,z7285,z7286,z2993,z2670,z2986,z2689,z7,z145,z9,z8,z8] h=z10 horizon=27
  mass=z2670.
Cells
  z7287:B1:43488963;z7288:0:Nlo:334309509;z25:0:Nhi:27507677;z7289:0:Nhi:204264476
  ;z260:J1:55166393;z7290:B11/25:25047352;z7291:J1:83003079;z15:1:A:28756345;z7292
  :1:A:79046199;z17:P:12497761.
Sum=893087754; test 893087754/1000000000+(1-z2670)^7 <= 9990521/10000000.
Leaf R0111101011001001
  B=[z2984,z7234,z7293,z2974,z2986,z2919,z2995,z7,z145,z9,z8,z8] h=z10 horizon=27
  mass=z2986.
Cells
  z7236:B1:44791692;z7237:0:Nlo:334098982;z25:0:Nhi:27130917;z7294:0:Nhi:204507442
  ;z260:J1:55765491;z7295:B11/25:23115012;z2977:J1:86240389;z15:1:A:28068402;z7296
  :1:A:77978784;z17:P:13225394.
Sum=894922505; test 894922505/1000000000+(1-z2986)^7 <= 9991530/10000000.
Leaf R0111101011001010
  B=[z2917,z7297,z7298,z2979,z2919,z2743,z2929,z7,z145,z9,z8,z8] h=z10 horizon=27
  mass=z2919.
Cells
  z7299:B1:42269285;z7300:0:Nlo:334479305;z25:0:Nhi:27871700;z7301:0:Nhi:209420092
  ;z260:J1:52525824;z7302:B11/25:19654140;z2982:J1:92391549;z15:1:A:26786705;z7303
  :1:A:77528711;z17:P:12956914.
Sum=895884225; test 895884225/1000000000+(1-z2919)^7 <= 9984051/10000000.
Leaf R0111101011001011
  B=[z7304,z7218,z7277,z7305,z2919,z2743,z2929,z7,z145,z9,z8,z8] h=z7306
  horizon=27 mass=z2919.
Cells
  z7220:B1:47413487;z7221:0:Nlo:333590462;z25:0:Nhi:26407508;z7307:0:Nhi:196476293
  ;z260:J1:64586129;z7308:B11/25:19398244;z7309:J1:89504069;z15:1:A:28637081;z7310
  :1:A:76869082;z17:P:13546779.
Sum=896429134; test 896429134/1000000000+(1-z2919)^7 <= 9989501/10000000.
Leaf R01111010110011000
  B=[z2687,z7285,z7311,z2985,z2670,z2986,z2689,z7,z145,z164,z8,z8] h=z10
  horizon=27 mass=z2670.
Cells
  z7287:B1:43488963;z7288:0:Nlo:334309509;z25:0:Nhi:27507677;z7312:0:Nhi:218572228
  ;z260:J1:45255127;z7275:B11/25:28072748;z2695:J1:54833075;z15:JD1:56582999;z7313
  :JD1:47972727;z17:JD1:37265415.
Sum=893860468; test 893860468/1000000000+(1-z2670)^7 <= 9998248/10000000.
Leaf R01111010110011001
  B=[z2984,z7234,z7314,z2994,z2986,z2919,z2995,z7,z145,z164,z8,z8] h=z10
  horizon=27 mass=z2986.
Cells
  z7236:B1:44791692;z7237:0:Nlo:334098982;z25:0:Nhi:27130917;z7315:0:Nhi:221682522
  ;z260:J1:42792248;z7316:B11/25:45470579;z7317:J1:36058152;z15:JD1:58675159;z7318
  :JD1:46633284;z17:JD1:38304071.
Sum=895637606; test 895637606/1000000000+(1-z2986)^7 <= 9998681/10000000.
Leaf R0111101011001101000
  B=[z2687,z7319,z7320,z7321,z2670,z7322,z2689,z7,z164,z9,z8,z8] h=z10 horizon=27
  mass=z2670.
Cells
  z7323:B1:42839864;z7324:0:Nlo:334403256;z25:0:Nhi:27700005;z7289:0:Nhi:204264476
  ;z260:J1:56626915;z7325:B11/25:27892980;z7326:J1:82897984;z15:1:A:27254455;z7327
  :1:A:82168740;z17:P:7355857.
Sum=893404532; test 893404532/1000000000+(1-z2670)^7 <= 9993689/10000000.
Leaf R0111101011001101001
  B=[z7328,z7285,z7329,z7330,z7322,z2986,z7331,z7,z164,z9,z8,z8] h=z10 horizon=27
  mass=z7322.
Cells
  z7287:B1:43488963;z7288:0:Nlo:334309509;z25:0:Nhi:27507677;z7332:0:Nhi:203488166
  ;z260:J1:57856674;z7333:B11/25:25567430;z7334:J1:85864975;z15:1:A:26919442;z7335
  :1:A:81681791;z17:P:7683012.
Sum=894367639; test 894367639/1000000000+(1-z7322)^7 <= 9994620/10000000.
Leaf R0111101011001101010
  B=[z2984,z7336,z7337,z7338,z2986,z7339,z2995,z7,z164,z9,z8,z8] h=z10 horizon=27
  mass=z2986.
Cells
  z7340:B1:44139594;z7341:0:Nlo:334208026;z25:0:Nhi:27317998;z7342:0:Nhi:202724909
  ;z260:J1:59092994;z7295:B11/25:23115012;z7343:J1:88999953;z15:1:A:26592563;z7344
  :1:A:81191201;z17:P:8012815.
Sum=895395065; test 895395065/1000000000+(1-z2986)^7 <= 9996255/10000000.
Leaf R0111101011001101011
  B=[z7345,z7234,z7346,z7347,z7339,z2919,z7348,z7,z164,z9,z8,z8] h=z10 horizon=27
  mass=z7339.
Cells
  z7236:B1:44791692;z7237:0:Nlo:334098982;z25:0:Nhi:27130917;z7349:0:Nhi:201731719
  ;z260:J1:60586827;z7350:B11/25:20926524;z7351:J1:91910029;z15:1:A:26273523;z7352
  :1:A:80696862;z17:P:8345363.
Sum=896492438; test 896492438/1000000000+(1-z7339)^7 <= 9998651/10000000.
Leaf R01111010110011011000
  B=[z2687,z7353,z6732,z7354,z2670,z7322,z2689,z7,z164,z9,z8,z8] h=z10 horizon=27
  mass=z2670.
Cells
  z7355:B1:38032292;z7356:0:Nlo:334841382;z25:0:Nhi:29231159;z7289:0:Nhi:204264476
  ;z260:J1:59044209;z7275:B11/25:28072748;z7357:J1:86047727;z15:1:A:25618778;z7358
  :1:A:84815202;z17:P:2922827.
Sum=892890800; test 892890800/1000000000+(1-z2670)^7 <= 9988552/10000000.
Leaf R01111010110011011001
  B=[z7328,z7359,z7360,z2985,z7322,z2986,z7331,z7,z164,z9,z8,z8] h=z10 horizon=27
  mass=z7322.
Cells
  z7361:B1:38632369;z7362:0:Nlo:334813309;z25:0:Nhi:29028895;z7332:0:Nhi:203488167
  ;z260:J1:60361701;z7333:B11/25:25567430;z2990:J1:89274542;z15:1:A:25303028;z7363
  :1:A:84384718;z17:P:3189374.
Sum=894043533; test 894043533/1000000000+(1-z7322)^7 <= 9991379/10000000.
Leaf R01111010110011011010000
  B=[z6859,z7364,z7365,z7366,z2670,z7322,z2689,z7,z164,z9,z8,z8] h=z10 horizon=27
  mass=z2670.
Cells
  z7367:B1:39224171;z7368:0:Nlo:334777749;z25:0:Nhi:28832733;z7369:0:Nhi:191579999
  ;z260:J1:70920826;z7370:B11/25:29161893;z7371:J1:83325487;z15:1:A:26411327;z7372
  :1:A:84554975;z17:P:3362089.
Sum=892151249; test 892151249/1000000000+(1-z2670)^7 <= 9981156/10000000.
Leaf R011110101100110110100010
  B=[z6859,z7373,z7374,z7375,z2670,z7376,z2689,z7,z164,z9,z8,z8] h=z10 horizon=27
  mass=z2670.
Cells
  z7377:B1:38918578;z7378:0:Nlo:334797073;z25:0:Nhi:28933622;z7369:0:Nhi:191580000
  ;z260:J1:72141367;z7370:B11/25:29161893;z7379:J1:84616394;z15:1:A:25779624;z7380
  :1:A:85470003;z17:P:1814056.
Sum=893212610; test 893212610/1000000000+(1-z2670)^7 <= 9991770/10000000.
Leaf R011110101100110110100011
  B=[z7381,z7364,z7382,z7354,z7376,z7322,z7383,z7,z164,z9,z8,z8] h=z10 horizon=27
  mass=z7376.
Cells
  z7367:B1:39224171;z7368:0:Nlo:334777749;z25:0:Nhi:28832733;z7384:0:Nhi:190629389
  ;z260:J1:73497266;z7385:B11/25:27895572;z7357:J1:86226571;z15:1:A:25618778;z7386
  :1:A:85253776;z17:P:1953519.
Sum=893909524; test 893909524/1000000000+(1-z7376)^7 <= 9994381/10000000.
Leaf R011110101100110110100100
  B=[z7387,z7388,z7389,z7390,z2670,z7376,z2689,z7,z164,z9,z8,z8] h=z7391
  horizon=27 mass=z2670.
Cells
  z7392:B1:40111254;z7393:0:Nlo:334710295;z25:0:Nhi:28544632;z7394:0:Nhi:187890304
  ;z260:J1:74126219;z7395:B11/25:24253696;z7396:J1:86945293;z15:1:A:27136919;z7397
  :1:A:84390269;z17:P:3476152.
Sum=891585033; test 891585033/1000000000+(1-z2670)^7 <= 9975494/10000000.
Leaf R011110101100110110100101
  B=[z7387,z7388,z7398,z7399,z2670,z7376,z2689,z7,z164,z9,z8,z8] h=z7391
  horizon=27 mass=z2670.
Cells
  z7392:B1:40111254;z7393:0:Nlo:334710295;z25:0:Nhi:28544632;z7394:0:Nhi:187890303
  ;z260:J1:75737895;z7395:B11/25:24253696;z7400:J1:88649592;z15:1:A:26323594;z7401
  :1:A:85220261;z17:P:2070788.
Sum=893512310; test 893512310/1000000000+(1-z2670)^7 <= 9994767/10000000.
Leaf R01111010110011011010011
  B=[z7373,z7402,z7403,z7404,z7376,z7322,z7383,z7,z164,z9,z8,z8] h=z7405
  horizon=27 mass=z7376.
Cells
  z7406:B1:40423042;z7407:0:Nlo:334682671;z25:0:Nhi:28445012;z7408:0:Nhi:186961899
  ;z260:J1:76854906;z7409:B11/25:23021619;z7410:J1:89718885;z15:1:A:26474117;z7411
  :1:A:84187483;z17:P:3492309.
Sum=894261943; test 894261943/1000000000+(1-z7376)^7 <= 9997905/10000000.
Leaf R01111010110011011010100
  B=[z7353,z7412,z7413,z7414,z7322,z2986,z7331,z7,z164,z9,z8,z8] h=z10 horizon=27
  mass=z7322.
Cells
  z7415:B1:39836724;z7416:0:Nlo:334732949;z25:0:Nhi:28633047;z7417:0:Nhi:189688012
  ;z260:J1:73566790;z7418:B11/25:26642767;z7419:J1:86506967;z15:1:A:26086231;z7420
  :1:A:84106634;z17:P:3655226.
Sum=893455347; test 893455347/1000000000+(1-z7322)^7 <= 9985497/10000000.
Leaf R011110101100110110101010
  B=[z7353,z7421,z7422,z7423,z7322,z7424,z7331,z7,z164,z9,z8,z8] h=z10 horizon=27
  mass=z7322.
Cells
  z7425:B1:39530223;z7426:0:Nlo:334756367;z25:0:Nhi:28732544;z7427:0:Nhi:249314470
  ;z260:J1:15176486;z7418:B11/25:26642767;z7428:J1:87835352;z15:1:A:25459925;z7429
  :1:A:85036816;z17:P:2093586.
Sum=894578536; test 894578536/1000000000+(1-z7322)^7 <= 9996729/10000000.
Leaf R011110101100110110101011
  B=[z7430,z7412,z7431,z7432,z7424,z2986,z7433,z7,z164,z9,z8,z8] h=z7434
  horizon=27 mass=z7424.
Cells
  z7415:B1:39836724;z7416:0:Nlo:334732949;z25:0:Nhi:28633047;z7435:0:Nhi:248015483
  ;z260:J1:16370666;z7436:B11/25:25403265;z7437:J1:89019137;z15:1:A:25549031;z7438
  :1:A:84836670;z17:P:2128562.
Sum=894525534; test 894525534/1000000000+(1-z7424)^7 <= 9991872/10000000.
Leaf R0111101011001101101011
  B=[z7364,z7439,z7440,z7441,z7322,z2986,z7331,z7,z164,z9,z8,z8] h=z7442
  horizon=27 mass=z7322.
Cells
  z7443:B1:41047924;z7444:0:Nlo:334621349;z25:0:Nhi:28247840;z7445:0:Nhi:244238718
  ;z260:J1:19634293;z7446:B11/25:21802627;z7447:J1:91145510;z15:1:A:26457669;z7448
  :1:A:83914116;z17:P:3627557.
Sum=894737603; test 894737603/1000000000+(1-z7322)^7 <= 9998320/10000000.
Leaf R0111101011001101101100
  B=[z6869,z7449,z7450,z7451,z2670,z7322,z2689,z7,z164,z9,z8,z8] h=z7452
  horizon=27 mass=z2670.
Cells
  z7453:B1:41628426;z7454:0:Nlo:334557429;z25:0:Nhi:28067570;z7455:0:Nhi:184337863
  ;z260:J1:79013212;z7456:B11/25:19545661;z7457:J1:91700146;z15:1:A:27388768;z7458
  :1:A:84131838;z17:P:3543824.
Sum=893914737; test 893914737/1000000000+(1-z2670)^7 <= 9998791/10000000.
Leaf R0111101011001101101101
  B=[z6951,z7319,z7459,z7460,z2670,z7322,z2689,z7,z164,z9,z8,z8] h=z7461
  horizon=27 mass=z2670.
Cells
  z7323:B1:42839864;z7324:0:Nlo:334403256;z25:0:Nhi:27700005;z7462:0:Nhi:237117070
  ;z260:J1:25519040;z7463:B11/25:32845643;z7464:J1:76341099;z15:1:A:28636014;z7465
  :1:A:83943806;z17:P:3493324.
Sum=892839121; test 892839121/1000000000+(1-z2670)^7 <= 9988035/10000000.
Leaf R011110101100110110111
  B=[z7402,z7285,z7466,z7467,z7322,z2986,z7331,z7,z164,z9,z8,z8] h=z7468
  horizon=27 mass=z7322.
Cells
  z7287:B1:43488963;z7288:0:Nlo:334309509;z25:0:Nhi:27507677;z7469:0:Nhi:239360973
  ;z260:J1:23815428;z7470:B11/25:35164744;z7471:J1:75726501;z15:1:A:27687221;z7472
  :1:A:83454399;z17:P:4032920.
Sum=894548335; test 894548335/1000000000+(1-z7322)^7 <= 9996427/10000000.
Leaf R01111010110011011100
  B=[z2984,z7473,z7474,z7475,z2986,z7339,z2995,z7,z164,z9,z8,z8] h=z10 horizon=27
  mass=z2986.
Cells
  z7476:B1:39234284;z7477:0:Nlo:334777075;z25:0:Nhi:28829409;z7342:0:Nhi:202724908
  ;z260:J1:61687559;z7295:B11/25:23115012;z7478:J1:92496997;z15:1:A:24994966;z7479
  :1:A:83937853;z17:P:3480820.
Sum=895278883; test 895278883/1000000000+(1-z2986)^7 <= 9995093/10000000.
Leaf R01111010110011011101
  B=[z7345,z7304,z7480,z2994,z7339,z2919,z7348,z7,z164,z9,z8,z8] h=z10 horizon=27
  mass=z7339.
Cells
  z7481:B1:39837975;z7482:0:Nlo:334732849;z25:0:Nhi:28632642;z7349:0:Nhi:201731719
  ;z260:J1:63285583;z7483:B11/25:42761724;z2998:J1:73381425;z15:1:A:24694311;z7484
  :1:A:83487739;z17:P:3774890.
Sum=896320857; test 896320857/1000000000+(1-z7339)^7 <= 9996935/10000000.
Leaf R0111101011001101111000
  B=[z7359,z7485,z7486,z7487,z2986,z7339,z2995,z7,z164,z9,z8,z8] h=z7488
  horizon=27 mass=z2986.
Cells
  z7489:B1:40451041;z7490:0:Nlo:334680092;z25:0:Nhi:28436106;z7491:0:Nhi:246729648
  ;z260:J1:17620811;z7492:B11/25:24176860;z7493:J1:90445476;z15:1:A:25538279;z7494
  :1:A:83697676;z17:P:3714075.
Sum=895490064; test 895490064/1000000000+(1-z2986)^7 <= 9997205/10000000.
Leaf R0111101011001101111001
  B=[z7412,z7495,z7496,z7497,z2986,z7339,z2995,z7,z164,z9,z8,z8] h=z7498
  horizon=27 mass=z2986.
Cells
  z7499:B1:41674498;z7500:0:Nlo:334552075;z25:0:Nhi:28053380;z7501:0:Nhi:241719033
  ;z260:J1:21972113;z7502:B11/25:37521299;z7503:J1:75052355;z15:1:A:26750654;z7504
  :1:A:83509357;z17:P:3660509.
Sum=894465273; test 894465273/1000000000+(1-z2986)^7 <= 9986957/10000000.
Leaf R011110101100110111101
  B=[z7473,z7505,z7506,z7507,z7339,z2919,z7348,z7,z164,z9,z8,z8] h=z7508
  horizon=27 mass=z7339.
Cells
  z7509:B1:42302696;z7510:0:Nlo:334475019;z25:0:Nhi:27861577;z7511:0:Nhi:244196645
  ;z260:J1:19981333;z7512:B11/25:39918565;z7513:J1:74315730;z15:1:A:25825966;z7514
  :1:A:83009306;z17:P:4219699.
Sum=896106536; test 896106536/1000000000+(1-z7339)^7 <= 9994792/10000000.
Leaf R01111010110011011111
  B=[z7439,z7234,z7515,z7516,z2986,z2919,z2995,z7,z164,z9,z8,z8] h=z7517
  horizon=27 mass=z2986.
Cells
  z7236:B1:44791692;z7237:0:Nlo:334098982;z25:0:Nhi:27130917;z7518:0:Nhi:236903460
  ;z260:J1:26323070;z7519:B11/25:34610846;z7520:J1:76540574;z15:1:A:27635817;z7521
  :1:A:82901486;z17:P:4310663.
Sum=895247507; test 895247507/1000000000+(1-z2986)^7 <= 9994780/10000000.
Leaf R01111010110011100
  B=[z2917,z7297,z7522,z2960,z2919,z2743,z2929,z7,z145,z164,z8,z8] h=z10
  horizon=27 mass=z2919.
Cells
  z7299:B1:42269285;z7300:0:Nlo:334479305;z25:0:Nhi:27871700;z7523:0:Nhi:226019891
  ;z260:J1:39647868;z7283:B11/25:40110165;z7279:J1:40033889;z15:JD1:61049837;z7524
  :JD1:45989142;z17:JD1:38067257.
Sum=895538339; test 895538339/1000000000+(1-z2919)^7 <= 9980593/10000000.
Leaf R01111010110011101
  B=[z7304,z7218,z7281,z7525,z2919,z2743,z2929,z7,z145,z164,z8,z8] h=z7306
  horizon=27 mass=z2919.
Cells
  z7220:B1:47413487;z7221:0:Nlo:333590462;z25:0:Nhi:26407508;z7526:0:Nhi:241713943
  ;z260:J1:23074583;z7527:B11/25:40429646;z7279:J1:39210037;z15:JD1:60459919;z7528
  :JD1:45584208;z17:JD1:38593114.
Sum=896476907; test 896476907/1000000000+(1-z2919)^7 <= 9989978/10000000.
Leaf R0111101011001111000
  B=[z2917,z7529,z7530,z7531,z2919,z3002,z2929,z7,z164,z9,z8,z8] h=z10 horizon=27
  mass=z2919.
Cells
  z7532:B1:41050441;z7533:0:Nlo:334621086;z25:0:Nhi:28247052;z7241:0:Nhi:199760598
  ;z260:J1:63653977;z7283:B11/25:40110165;z7534:J1:74104460;z15:1:A:25657860;z7535
  :1:A:81116136;z17:P:7197529.
Sum=895519304; test 895519304/1000000000+(1-z2919)^7 <= 9980402/10000000.
Leaf R011110101100111100100
  B=[z2917,z7536,z7537,z7538,z2919,z7539,z2929,z7,z164,z9,z8,z8] h=z10 horizon=27
  mass=z2919.
Cells
  z7540:B1:40443380;z7541:0:Nlo:334680799;z25:0:Nhi:28438542;z7241:0:Nhi:199760599
  ;z260:J1:64548284;z7283:B11/25:40110165;z7542:J1:75061498;z15:1:A:25157233;z7543
  :1:A:83034251;z17:P:4071685.
Sum=895306436; test 895306436/1000000000+(1-z2919)^7 <= 9978274/10000000.
Leaf R011110101100111100101
  B=[z2917,z7536,z7544,z7545,z2919,z7539,z2929,z7,z164,z9,z8,z8] h=z10 horizon=27
  mass=z2919.
Cells
  z7540:B1:40443380;z7541:0:Nlo:334680799;z25:0:Nhi:28438542;z7241:0:Nhi:199760601
  ;z260:J1:65992248;z7283:B11/25:40110165;z7546:J1:76547854;z15:1:A:24400800;z7547
  :1:A:83949792;z17:P:2566950.
Sum=896891131; test 896891131/1000000000+(1-z2919)^7 <= 9994121/10000000.
Leaf R01111010110011110011
  B=[z7548,z7529,z7549,z3001,z7539,z3002,z7550,z7,z164,z9,z8,z8] h=z10 horizon=27
  mass=z7539.
Cells
  z7532:B1:41050441;z7533:0:Nlo:334621086;z25:0:Nhi:28247052;z7551:0:Nhi:260682668
  ;z260:J1:5334981;z7552:B11/25:37514143;z3007:J1:79708815;z15:1:A:24114183;z7553:
  1:A:82577273;z17:P:4371312.
Sum=898221954; test 898221954/1000000000+(1-z7539)^7 <= 9998972/10000000.
Leaf R0111101011001111010
  B=[z3000,z7297,z7554,z7555,z3002,z2743,z3011,z7,z164,z9,z8,z8] h=z10 horizon=27
  mass=z3002.
Cells
  z7299:B1:42269285;z7300:0:Nlo:334479305;z25:0:Nhi:27871700;z7556:0:Nhi:195929774
  ;z260:J1:68843854;z7557:B11/25:34971973;z7558:J1:80278390;z15:1:A:25070378;z7559
  :1:A:80137732;z17:P:7850989.
Sum=897703380; test 897703380/1000000000+(1-z3002)^7 <= 9985388/10000000.
Leaf R01111010110011110110
  B=[z3000,z7560,z7561,z7562,z3002,z7563,z3011,z7,z164,z9,z8,z8] h=z10 horizon=27
  mass=z3002.
Cells
  z7564:B1:41659095;z7565:0:Nlo:334553869;z25:0:Nhi:28058122;z7566:0:Nhi:258028294
  ;z260:J1:7781524;z7557:B11/25:34971973;z7567:J1:82865627;z15:1:A:23834218;z7568:
  1:A:82116676;z17:P:4673878.
Sum=898543276; test 898543276/1000000000+(1-z3002)^7 <= 9993787/10000000.
Leaf R01111010110011110111
  B=[z7569,z7297,z7570,z2960,z7563,z2743,z7571,z7,z164,z9,z8,z8] h=z10 horizon=27
  mass=z7563.
Cells
  z7299:B1:42269285;z7300:0:Nlo:334479305;z25:0:Nhi:27871700;z7572:0:Nhi:255426117
  ;z260:J1:10238919;z7573:B11/25:32482037;z2964:J1:86019574;z15:1:A:23560675;z7574
  :1:A:81652327;z17:P:4979498.
Sum=898979437; test 898979437/1000000000+(1-z7563)^7 <= 9989811/10000000.
Leaf R01111010110011111000
  B=[z7304,z7575,z7576,z7577,z2919,z3002,z2929,z7,z164,z9,z8,z8] h=z7306
  horizon=27 mass=z2919.
Cells
  z7578:B1:43563722;z7579:0:Nlo:334298227;z25:0:Nhi:27485726;z7580:0:Nhi:184226417
  ;z260:J1:79071986;z7308:B11/25:19398244;z7581:J1:91749586;z15:1:A:27443723;z7582
  :1:A:80752274;z17:P:7288138.
Sum=895278043; test 895278043/1000000000+(1-z2919)^7 <= 9977990/10000000.
Leaf R01111010110011111001
  B=[z7304,z7575,z7583,z7584,z2919,z3002,z2929,z7,z164,z9,z8,z8] h=z7306
  horizon=27 mass=z2919.
Cells
  z7578:B1:43563722;z7579:0:Nlo:334298227;z25:0:Nhi:27485726;z7526:0:Nhi:241713943
  ;z260:J1:22502324;z7585:B11/25:39304936;z7586:J1:75151680;z15:1:A:25797512;z7587
  :1:A:82457617;z17:P:4497231.
Sum=896772918; test 896772918/1000000000+(1-z2919)^7 <= 9992938/10000000.
Leaf R0111101011001111101
  B=[z7505,z7588,z7589,z7590,z2919,z3002,z2929,z7,z164,z9,z8,z8] h=z7591
  horizon=27 mass=z2919.
Cells
  z7592:B1:46100032;z7593:0:Nlo:333858867;z25:0:Nhi:26764329;z7594:0:Nhi:232133572
  ;z260:J1:30910189;z7595:B11/25:32302735;z7596:J1:78069182;z15:1:A:28201572;z7597
  :1:A:80451972;z17:P:7078930.
Sum=895871380; test 895871380/1000000000+(1-z2919)^7 <= 9983923/10000000.
Leaf R0111101011001111110
  B=[z7529,z7598,z7599,z7600,z3002,z2743,z3011,z7,z164,z9,z8,z8] h=z7601
  horizon=27 mass=z3002.
Cells
  z7602:B1:44830513;z7603:0:Nlo:334092263;z25:0:Nhi:27119872;z7604:0:Nhi:236893677
  ;z260:J1:27185172;z7605:B11/25:36967140;z7606:J1:76749494;z15:1:A:26343348;z7607
  :1:A:79892699;z17:P:7417584.
Sum=897491762; test 897491762/1000000000+(1-z3002)^7 <= 9983272/10000000.
Leaf R0111101011001111111
  B=[z7575,z7218,z7608,z7609,z3002,z2743,z3011,z7,z164,z9,z8,z8] h=z7610
  horizon=27 mass=z3002.
Cells
  z7220:B1:47413487;z7221:0:Nlo:333590462;z25:0:Nhi:26407508;z7611:0:Nhi:227548013
  ;z260:J1:35437590;z7612:B11/25:30077373;z7613:J1:79566203;z15:1:A:28745227;z7614
  :1:A:79595400;z17:P:7201534.
Sum=895582797; test 895582797/1000000000+(1-z3002)^7 <= 9964183/10000000.
Leaf R011110101101000
  B=[z3164,z7615,z7616,z7617,z2670,z2919,z2689,z7,z32,z145,z8,z8] h=z7226
  horizon=27 mass=z2670.
Cells
  z7618:B1:49828014;z7619:0:Nlo:333030288;z25:0:Nhi:25778749;z7620:0:Nhi:232544478
  ;z260:J1:31057339;z7621:B11/25:36319877;z2695:J1:46045338;z15:JD1:54907290;z7622
  :JD1:1006060;z17:JD1:81304612.
Sum=891822045; test 891822045/1000000000+(1-z2670)^7 <= 9977864/10000000.
Leaf R011110101101001
  B=[z6028,z7623,z7624,z7625,z2670,z2919,z2689,z7,z32,z145,z8,z8] h=z7626
  horizon=27 mass=z2670.
Cells
  z7627:B1:54920318;z7628:0:Nlo:331595607;z25:0:Nhi:24554874;z7629:0:Nhi:215860007
  ;z260:J1:45289886;z7630:B11/25:26117582;z2695:J1:54218895;z15:JD1:53445926;z7631
  :JD1:3709947;z17:JD1:77440459.
Sum=887153501; test 887153501/1000000000+(1-z2670)^7 <= 9931179/10000000.
Leaf R0111101011010100
  B=[z3164,z7615,z7616,z7632,z2670,z2919,z2689,z7,z145,z9,z8,z8] h=z7226
  horizon=27 mass=z2670.
Cells
  z7618:B1:49828014;z7619:0:Nlo:333030288;z25:0:Nhi:25778749;z7633:0:Nhi:181573601
  ;z260:J1:75910726;z7634:B11/25:10683999;z7635:J1:90930029;z15:1:A:32690306;z7636
  :1:A:78412962;z17:P:12409947.
Sum=891248621; test 891248621/1000000000+(1-z2670)^7 <= 9972130/10000000.
Leaf R0111101011010101000
  B=[z3164,z7637,z7638,z7639,z2670,z7322,z2689,z7,z145,z9,z8,z8] h=z7226
  horizon=27 mass=z2670.
Cells
  z7640:B1:45279132;z7641:0:Nlo:334012798;z25:0:Nhi:26992996;z7642:0:Nhi:193847890
  ;z260:J1:67663371;z7643:B11/25:29393937;z7644:J1:76680755;z7645:1:Q:1169969;z764
  6:J1:2;z15:1:A:29900914;z7647:1:A:81996191;z17:P:6429277.
Sum=893367232; test 893367232/1000000000+(1-z2670)^7 <= 9993316/10000000.
Leaf R0111101011010101001
  B=[z7319,z7648,z7649,z7650,z7322,z2986,z7331,z7,z145,z9,z8,z8] h=z7651
  horizon=27 mass=z7322.
Cells
  z7652:B1:45951837;z7653:0:Nlo:333887458;z25:0:Nhi:26805280;z7654:0:Nhi:193311629
  ;z260:J1:68380546;z7655:B11/25:28248710;z7656:J1:76989292;z7657:1:Q:1589237;z765
  8:J1:2;z15:1:A:30198198;z7659:1:A:81566534;z17:P:6484818.
Sum=893413541; test 893413541/1000000000+(1-z7322)^7 <= 9985079/10000000.
Leaf R011110101101010101
  B=[z7069,z7660,z7661,z7662,z2670,z2986,z2689,z7,z145,z9,z8,z8] h=z7663
  horizon=27 mass=z2670.
Cells
  z7664:B1:48433133;z7665:0:Nlo:333364125;z25:0:Nhi:26137833;z7666:0:Nhi:187311531
  ;z260:J1:73379288;z7667:B11/25:23392314;z7668:J1:80245214;z15:1:A:32065339;z7669
  :1:A:81556601;z17:P:6461884.
Sum=892347262; test 892347262/1000000000+(1-z2670)^7 <= 9983116/10000000.
Leaf R011110101101010110
  B=[z7285,z7670,z7671,z7672,z2986,z2919,z2995,z7,z145,z9,z8,z8] h=z7673
  horizon=27 mass=z2986.
Cells
  z7674:B1:47301278;z7675:0:Nlo:333614427;z25:0:Nhi:26437569;z7676:0:Nhi:227814325
  ;z260:J1:34357506;z7677:B11/25:27785582;z7678:J1:79382764;z15:1:A:30107978;z7679
  :1:A:81005899;z17:P:6761007.
Sum=894568335; test 894568335/1000000000+(1-z2986)^7 <= 9987988/10000000.
Leaf R011110101101010111
  B=[z7648,z7615,z7680,z7681,z2986,z2919,z2995,z7,z145,z9,z8,z8] h=z7682
  horizon=27 mass=z2986.
Cells
  z7618:B1:49828014;z7619:0:Nlo:333030288;z25:0:Nhi:25778749;z7683:0:Nhi:219383548
  ;z260:J1:41394056;z7684:B11/25:22142644;z7685:J1:80690149;z15:1:A:32650003;z7686
  :1:A:80698509;z17:P:6567975.
Sum=892163935; test 892163935/1000000000+(1-z2986)^7 <= 9963944/10000000.
Leaf R0111101011010110
  B=[z6028,z7687,z7688,z7689,z2670,z2986,z2689,z7,z145,z9,z8,z8] h=z7626
  horizon=27 mass=z2670.
Cells
  z7690:B1:53438434;z7691:0:Nlo:332045952;z25:0:Nhi:24897857;z7692:0:Nhi:179257705
  ;z260:J1:79897297;z7693:B11/25:19602173;z7694:J1:79588040;z15:1:A:34683867;z7695
  :1:A:78247246;z17:P:11363140.
Sum=893021711; test 893021711/1000000000+(1-z2670)^7 <= 9989861/10000000.
Leaf R0111101011010111
  B=[z7660,z7623,z7696,z7697,z2986,z2919,z2995,z7,z145,z9,z8,z8] h=z7698
  horizon=27 mass=z2986.
Cells
  z7627:B1:54920318;z7628:0:Nlo:331595607;z25:0:Nhi:24554874;z7699:0:Nhi:211543125
  ;z260:J1:47709537;z7700:B11/25:19654474;z7701:J1:78731375;z15:1:A:35265775;z7702
  :1:A:77319196;z17:P:11537496.
Sum=892831777; test 892831777/1000000000+(1-z2986)^7 <= 9970622/10000000.
Leaf R0111101011011000
  B=[z7234,z7703,z7704,z7705,z2919,z3002,z2929,z7,z32,z9,z8,z8] h=z7706 horizon=27
  mass=z2919.
Cells
  z7707:B1:51227127;z7708:0:Nlo:332668703;z25:0:Nhi:25429390;z7709:0:Nhi:170903427
  ;z260:J1:88373851;z7710:B11/25:18601687;z7711:J1:80490679;z15:1:A:34810656;z7712
  :1:A:76749838;z17:P:12444384.
Sum=891699742; test 891699742/1000000000+(1-z2919)^7 <= 9942207/10000000.
Leaf R01111010110110010
  B=[z7234,z7703,z7713,z7714,z2919,z3002,z2929,z7,z32,z145,z8,z8] h=z7706
  horizon=27 mass=z2919.
Cells
  z7707:B1:51227127;z7708:0:Nlo:332668703;z25:0:Nhi:25429390;z7715:0:Nhi:223268893
  ;z260:J1:39801313;z7716:B11/25:33972001;z7279:J1:44088960;z7717:JD1:55960549;z15
  :JD1:1964460;z17:JD1:78250838.
Sum=886632234; test 886632234/1000000000+(1-z2919)^7 <= 9891532/10000000.
Leaf R01111010110110011
  B=[z7234,z7703,z7713,z7714,z2919,z3002,z2929,z7,z145,z9,z8,z8] h=z7706
  horizon=27 mass=z2919.
Cells
  z7707:B1:51227127;z7708:0:Nlo:332668703;z25:0:Nhi:25429390;z7715:0:Nhi:223268893
  ;z260:J1:38833522;z7718:B11/25:25585643;z7719:J1:80819951;z15:1:A:30671476;z7720
  :1:A:79648462;z17:P:7701910.
Sum=895855077; test 895855077/1000000000+(1-z2919)^7 <= 9983760/10000000.
Leaf R0111101011011010
  B=[z7588,z7721,z7722,z7723,z3002,z2743,z3011,z7,z32,z9,z8,z8] h=z7724 horizon=27
  mass=z3002.
Cells
  z7725:B1:52629965;z7726:0:Nlo:332280666;z25:0:Nhi:25089367;z7727:0:Nhi:218897745
  ;z260:J1:40567968;z7728:B11/25:18168205;z7729:J1:79912815;z7730:1:Q:164042;z7731
  :J1:2;z15:1:A:35419410;z7732:1:A:75813591;z17:P:12642407.
Sum=891586183; test 891586183/1000000000+(1-z3002)^7 <= 9924217/10000000.
Leaf R0111101011011011
  B=[z7588,z7721,z7733,z7734,z3002,z2743,z3011,z7,z32,z9,z8,z8] h=z7724 horizon=27
  mass=z3002.
Cells
  z7725:B1:52629965;z7726:0:Nlo:332280666;z25:0:Nhi:25089367;z7735:0:Nhi:218897747
  ;z260:J1:44368261;z7736:B11/25:34295969;z7737:J1:67745913;z7738:1:Q:4358034;z773
  9:J1:2;z15:1:A:31212556;z7740:1:A:78781973;z17:P:7830960.
Sum=897491413; test 897491413/1000000000+(1-z3002)^7 <= 9983269/10000000.
Leaf R01111010110111 B=[z7615,z7223,z7741,z7742,z2919,z2743,z2929,z7,z32,z9,z8,z8]
  h=z7743 horizon=27 mass=z2919.
Cells
  z7227:B1:57891824;z7228:0:Nlo:330618757;z25:0:Nhi:23896479;z7744:0:Nhi:207392370
  ;z260:J1:54093148;z7745:B11/25:26691983;z7746:J1:73325176;z15:1:A:34931012;z7747
  :1:A:76172202;z17:P:12078934.
Sum=897091885; test 897091885/1000000000+(1-z2919)^7 <= 9996128/10000000.
Leaf R01111010111000
  B=[z2926,z7748,z7749,z2645,z2743,z2646,z2751,z7,z32,z145,z8,z8] h=z10 horizon=27
  mass=z2743.
Cells
  z7750:B1:47199385;z7751:0:Nlo:333636022;z25:0:Nhi:26464933;z260:0:Nhi:266560392;
  z3049:B11/25:58944840;z7233:J1:18533060;z7752:JD1:47673654;z15:JD1:17767865;z17:
  JD1:81635579.
Sum=898415730; test 898415730/1000000000+(1-z2743)^7 <= 9975896/10000000.
Leaf R01111010111001
  B=[z7297,z7255,z7753,z7754,z2743,z2646,z2751,z7,z32,z145,z8,z8] h=z7755
  horizon=27 mass=z2743.
Cells
  z7259:B1:52709095;z7260:0:Nlo:332258045;z25:0:Nhi:25070482;z7756:0:Nhi:249065136
  ;z260:J1:17044075;z7757:B11/25:51841229;z7233:J1:24829103;z7758:JD1:51870313;z15
  :JD1:11987191;z17:JD1:80752097.
Sum=897426766; test 897426766/1000000000+(1-z2743)^7 <= 9966006/10000000.
Leaf R0111101011101000
  B=[z2926,z7759,z7760,z3016,z2743,z2943,z2751,z7,z145,z9,z8,z8] h=z10 horizon=27
  mass=z2743.
Cells
  z7761:B1:44724269;z7762:0:Nlo:334110591;z25:0:Nhi:27150122;z7763:0:Nhi:210455764
  ;z260:J1:53021778;z7764:B11/25:30042778;z3021:J1:84328767;z15:1:A:25616902;z7765
  :1:A:75348860;z17:P:14433918.
Sum=899233749; test 899233749/1000000000+(1-z2743)^7 <= 9984076/10000000.
Leaf R011110101110100100
  B=[z2926,z7766,z7767,z3025,z2743,z3026,z2751,z7,z145,z9,z8,z8] h=z10 horizon=27
  mass=z2743.
Cells
  z7768:B1:40909973;z7769:0:Nlo:334635561;z25:0:Nhi:28291087;z7770:0:Nhi:252874644
  ;z260:J1:12929920;z7771:B11/25:48527491;z3032:J1:71212684;z15:1:A:23031999;z7772
  :1:A:79710579;z17:P:7622528.
Sum=899746466; test 899746466/1000000000+(1-z2743)^7 <= 9989203/10000000.
Leaf R011110101110100101
  B=[z3023,z7773,z7774,z7775,z3026,z2943,z3037,z7,z145,z9,z8,z8] h=z7776
  horizon=27 mass=z3026.
Cells
  z7777:B1:42092189;z7778:0:Nlo:334501675;z25:0:Nhi:27925503;z7779:0:Nhi:247918100
  ;z260:J1:17961341;z7780:B11/25:46844235;z7781:J1:73513902;z15:1:A:22761078;z7782
  :1:A:78748048;z17:P:8166311.
Sum=900432382; test 900432382/1000000000+(1-z3026)^7 <= 9979681/10000000.
Leaf R011110101110100110
  B=[z7783,z7784,z7785,z7786,z2743,z3026,z2751,z7,z145,z9,z8,z8] h=z7787
  horizon=27 mass=z2743.
Cells
  z7788:B1:43494045;z7789:0:Nlo:334308745;z25:0:Nhi:27506183;z7790:0:Nhi:242138266
  ;z260:J1:23056464;z7791:B11/25:41804671;z7792:J1:75392359;z15:1:A:24530679;z7793
  :1:A:79325649;z17:P:7779193.
Sum=899336254; test 899336254/1000000000+(1-z2743)^7 <= 9985101/10000000.
Leaf R011110101110100111
  B=[z7766,z7759,z7794,z7795,z3026,z2943,z3037,z7,z145,z9,z8,z8] h=z7796
  horizon=27 mass=z3026.
Cells
  z7761:B1:44724269;z7762:0:Nlo:334110591;z25:0:Nhi:27150122;z7797:0:Nhi:237441164
  ;z260:J1:27838540;z7798:B11/25:39515768;z7799:J1:77036996;z15:1:A:25038175;z7800
  :1:A:78465760;z17:P:7922364.
Sum=899243749; test 899243749/1000000000+(1-z3026)^7 <= 9967795/10000000.
Leaf R0111101011101010
  B=[z7297,z7248,z7801,z7802,z2743,z2943,z2751,z7,z145,z9,z8,z8] h=z7755
  horizon=27 mass=z2743.
Cells
  z7250:B1:50053835;z7251:0:Nlo:332973702;z25:0:Nhi:25721644;z7803:0:Nhi:194223297
  ;z260:J1:67445954;z7804:B11/25:29431466;z7805:J1:77955126;z15:1:A:29837905;z7806
  :1:A:74963735;z17:P:13988199.
Sum=896594863; test 896594863/1000000000+(1-z2743)^7 <= 9957687/10000000.
Leaf R01111010111010110
  B=[z7297,z7807,z7808,z7809,z2743,z3026,z2751,z7,z145,z9,z8,z8] h=z7755
  horizon=27 mass=z2743.
Cells
  z7810:B1:48731576;z7811:0:Nlo:333295010;z25:0:Nhi:26060067;z7812:0:Nhi:232257835
  ;z260:J1:32120949;z7813:B11/25:34712250;z7814:J1:78555668;z15:1:A:26868369;z7815
  :1:A:78487884;z17:P:8422943.
Sum=899512551; test 899512551/1000000000+(1-z2743)^7 <= 9986864/10000000.
Leaf R01111010111010111
  B=[z7784,z7248,z7816,z7817,z3026,z2943,z3037,z7,z145,z9,z8,z8] h=z7818
  horizon=27 mass=z3026.
Cells
  z7250:B1:50053835;z7251:0:Nlo:332973702;z25:0:Nhi:25721644;z7819:0:Nhi:227796202
  ;z260:J1:36754397;z7820:B11/25:32535960;z7821:J1:80102101;z15:1:A:27373494;z7822
  :1:A:77617924;z17:P:8572451.
Sum=899501710; test 899501710/1000000000+(1-z3026)^7 <= 9970374/10000000.
Leaf R0111101011101100
  B=[z2940,z7748,z7823,z7824,z2943,z2646,z2953,z7,z145,z9,z8,z8] h=z7258
  horizon=27 mass=z2943.
Cells
  z7750:B1:47199385;z7751:0:Nlo:333636022;z25:0:Nhi:26464933;z7825:0:Nhi:243147757
  ;z260:J1:21187043;z7826:B11/25:39538015;z7827:J1:74874952;z15:1:A:25879259;z7828
  :1:A:73293308;z17:P:15328503.
Sum=900549177; test 900549177/1000000000+(1-z2943)^7 <= 9964700/10000000.
Leaf R0111101011101101
  B=[z2940,z7748,z7829,z7830,z2943,z2646,z2953,z7,z145,z9,z8,z8] h=z7258
  horizon=27 mass=z2943.
Cells
  z7750:B1:47199385;z7751:0:Nlo:333636022;z25:0:Nhi:26464933;z7831:0:Nhi:254696054
  ;z260:J1:11454570;z7832:B11/25:45454938;z7833:J1:75318540;z15:1:A:22758863;z7834
  :1:A:77010135;z17:P:9666642.
Sum=903660082; test 903660082/1000000000+(1-z2943)^7 <= 9995809/10000000.
Leaf R011110101110111
  B=[z7759,z7255,z7835,z7836,z2943,z2646,z2953,z7,z145,z9,z8,z8] h=z7837
  horizon=27 mass=z2943.
Cells
  z7259:B1:52709095;z7260:0:Nlo:332258045;z25:0:Nhi:25070482;z7838:0:Nhi:244497306
  ;z260:J1:20548468;z7839:B11/25:31477789;z7840:J1:81845246;z15:1:A:27248686;z7841
  :1:A:73057890;z17:P:14445190.
Sum=903158197; test 903158197/1000000000+(1-z2943)^7 <= 9990790/10000000.
Leaf R011110101111000
  B=[z7218,z7842,z7843,z7844,z2743,z3026,z2751,z7,z32,z9,z8,z8] h=z7266 horizon=27
  mass=z2743.
Cells
  z7845:B1:54036038;z7846:0:Nlo:331867422;z25:0:Nhi:24758311;z7847:0:Nhi:235935269
  ;z260:J1:27566400;z7848:B11/25:34611323;z7849:J1:71077407;z15:1:A:31732228;z7850
  :1:A:74878536;z17:P:12843367.
Sum=899306301; test 899306301/1000000000+(1-z2743)^7 <= 9984801/10000000.
Leaf R011110101111001
  B=[z7807,z7851,z7852,z7853,z3026,z2943,z3037,z7,z32,z9,z8,z8] h=z7854 horizon=27
  mass=z3026.
Cells
  z7855:B1:55444877;z7856:0:Nlo:331430157;z25:0:Nhi:24435872;z7857:0:Nhi:231383749
  ;z260:J1:32085574;z7858:B11/25:34918401;z7859:J1:70077247;z15:1:A:32231452;z7860
  :1:A:73944445;z17:P:13047446.
Sum=898999220; test 898999220/1000000000+(1-z3026)^7 <= 9965349/10000000.
Leaf R01111010111101 B=[z7721,z7861,z7862,z7863,z2743,z2943,z2751,z7,z32,z9,z8,z8]
  h=z7864 horizon=27 mass=z2743.
Cells
  z7865:B1:60870350;z7866:0:Nlo:329548680;z25:0:Nhi:23272449;z7867:0:Nhi:218943704
  ;z260:J1:42764951;z7868:B11/25:27236576;z7869:J1:70039785;z7870:1:Q:1226277;z787
  1:J1:2;z15:1:A:35978855;z7872:1:A:74324382;z17:P:12437156.
Sum=896643167; test 896643167/1000000000+(1-z2743)^7 <= 9958170/10000000.
Leaf R0111101011111 B=[z7248,z7213,z7873,z7874,z2943,z2646,z2953,z7,z32,z9,z8,z8]
  h=z7875 horizon=27 mass=z2943.
Cells
  z7215:B1:63852233;z7216:0:Nlo:328394599;z25:0:Nhi:22680162;z7876:0:Nhi:227000904
  ;z260:J1:37220919;z7877:B11/25:37970688;z7878:J1:67780173;z15:1:A:31968830;z7879
  :1:A:71914272;z17:P:14966285.
Sum=903749065; test 903749065/1000000000+(1-z2943)^7 <= 9996699/10000000.
Leaf R01111011000 B=[z3081,z7880,z7881,z7882,z2670,z2743,z2689,z7,z22,z115,z8,z8]
  h=z7883 horizon=27 mass=z2670.
Cells
  z7884:B1:78979096;z7885:0:Nlo:321497003;z25:0:Nhi:20077564;z7886:0:Nhi:220981605
  ;z260:J1:42742900;z7887:B11/25:38812556;z2695:J1:43156427;z15:JD1:49666794;z17:J
  D1:62514716.
Sum=878428661; test 878428661/1000000000+(1-z2670)^7 <= 9843930/10000000.
Leaf R01111011001 B=[z3081,z7880,z7881,z7882,z2670,z2743,z2689,z7,z115,z32,z8,z8]
  h=z7883 horizon=27 mass=z2670.
Cells
  z7884:B1:78979096;z7885:0:Nlo:321497003;z25:0:Nhi:20077564;z7886:0:Nhi:220981605
  ;z260:J1:40991436;z7888:B11/25:19030303;z2695:J1:61274929;z15:JD1:50804599;z17:J
  D1:73720294.
Sum=887356829; test 887356829/1000000000+(1-z2670)^7 <= 9933212/10000000.
Leaf R01111011010000 B=[z3081,z7889,z7890,z7891,z2670,z2986,z2689,z7,z32,z9,z8,z8]
  h=z7883 horizon=27 mass=z2670.
Cells
  z7892:B1:63543497;z7893:0:Nlo:328517714;z25:0:Nhi:22740073;z7894:0:Nhi:112262008
  ;z7895:J1:78990806;z7896:J1:117305911;z15:1:A:52396460;z7897:1:A:73067615;z17:P:
  18747458.
Sum=867571542; test 867571542/1000000000+(1-z2670)^7 <= 9735359/10000000.
Leaf R01111011010001 B=[z3081,z7889,z7898,z7899,z2670,z2986,z2689,z7,z32,z9,z8,z8]
  h=z7883 horizon=27 mass=z2670.
Cells
  z7892:B1:63543497;z7893:0:Nlo:328517713;z25:0:Nhi:22740073;z7900:0:Nhi:201370709
  ;z7901:J1:49960982;z7902:J1:91487626;z7903:1:Q:4637456;z7904:J1:2;z15:1:A:401604
  97;z7905:1:A:77133246;z17:P:11915477.
Sum=891467278; test 891467278/1000000000+(1-z2670)^7 <= 9974317/10000000.
Leaf R0111101101001 B=[z7687,z7906,z7907,z7908,z2986,z2919,z2995,z7,z32,z9,z8,z8]
  h=z7909 horizon=27 mass=z2986.
Cells
  z7910:B1:65183782;z7911:0:Nlo:327854444;z25:0:Nhi:22425337;z7912:0:Nhi:197404666
  ;z7913:J1:54538185;z7914:J1:94722961;z15:1:A:40735486;z7915:1:A:72054395;z17:P:1
  8992252.
Sum=893911508; test 893911508/1000000000+(1-z2986)^7 <= 9981420/10000000.
Leaf R011110110101 B=[z7623,z7916,z7917,z7918,z2919,z2743,z2929,z7,z32,z9,z8,z8]
  h=z7919 horizon=27 mass=z2919.
Cells
  z7920:B1:68462590;z7921:0:Nlo:326463814;z25:0:Nhi:21821285;z7922:0:Nhi:193589231
  ;z7923:J1:64362851;z260:J1:450064;z7924:B11/25:16028925;z7925:J1:74792453;z15:1:
  A:40218631;z7926:1:A:70906310;z17:P:19462104.
Sum=896558258; test 896558258/1000000000+(1-z2919)^7 <= 9990792/10000000.
Leaf R01111011011 B=[z7189,z7880,z7881,z7927,z2670,z2743,z2689,z7,z32,z9,z8,z8]
  h=z7928 horizon=27 mass=z2670.
Cells
  z7884:B1:78979096;z7885:0:Nlo:321497003;z25:0:Nhi:20077564;z7929:0:Nhi:177463425
  ;z7930:J1:58487824;z2695:J1:90900211;z7931:1:Q:3274974;z7932:J1:2;z15:1:A:479470
  38;z7933:1:A:72496617;z17:P:17263938.
Sum=888387692; test 888387692/1000000000+(1-z2670)^7 <= 9943521/10000000.
Leaf R0111101110 B=[z7223,z2688,z7934,z7935,z2743,z2646,z2751,z7,z22,z32,z8,z8]
  h=z7936 horizon=27 mass=z2743.
Cells
  z2690:B1:86010892;z2691:0:Nlo:317815379;z25:0:Nhi:19047475;z7937:0:Nhi:243728856
  ;z260:J1:20222548;z7938:B11/25:38699936;z7233:J1:35439869;z15:JD1:58048103;z17:J
  D1:73055025.
Sum=892068083; test 892068083/1000000000+(1-z2743)^7 <= 9912419/10000000.
Leaf R01111011110 B=[z7223,z7939,z7940,z7941,z2743,z2943,z2751,z7,z32,z9,z8,z8]
  h=z7936 horizon=27 mass=z2743.
Cells
  z7942:B1:82505772;z7943:0:Nlo:319682674;z25:0:Nhi:19548965;z7944:0:Nhi:204194883
  ;z260:J1:54546136;z7945:B11/25:16344223;z7946:J1:72907778;z15:1:A:41253833;z7947
  :1:A:67988175;z17:P:21398641.
Sum=900371080; test 900371080/1000000000+(1-z2743)^7 <= 9995449/10000000.
Leaf R01111011111 B=[z7861,z2688,z7948,z7949,z2943,z2646,z2953,z7,z32,z9,z8,z8]
  h=z7950 horizon=27 mass=z2943.
Cells
  z2690:B1:86010892;z2691:0:Nlo:317815379;z25:0:Nhi:19047475;z7951:0:Nhi:196707266
  ;z260:J1:62419284;z7952:B11/25:16854757;z7953:J1:70920155;z15:1:A:42204260;z7954
  :1:A:65954774;z17:P:21910847.
Sum=899845089; test 899845089/1000000000+(1-z2943)^7 <= 9957659/10000000.
Leaf R011111000 B=[z465,z2729,z7955,z7956,z20,z2731,z2647,z7,z22,z32,z8,z8]
  h=z2703 horizon=27 mass=z20.
Cells
  z2732:B1:101411733;z2733:0:Nlo:308966888;z25:0:Nhi:17080735;z7957:0:Nhi:14449981
  9;z7958:J1:149036533;z7959:1:Q:22963340;z7960:J1:2;z2651:1:A:16125643;z7961:D1:A
  :12824037;z7962:JD1:2;z7963:D1:Q:15235090;z15:JD1:8553232;z17:JD1:80174607.
Sum=876871661; test 876871661/1000000000+(1-z20)^7 <= 9976202/10000000.
Leaf R0111110010 B=[z465,z7964,z7965,z7966,z20,z2778,z2647,z7,z32,z9,z8,z8]
  h=z2703 horizon=27 mass=z20.
Cells
  z7967:B1:96899130;z7968:0:Nlo:311657727;z25:0:Nhi:17621263;z7969:0:Nhi:105097217
  ;z7970:J1:74287312;z7971:J1:115921822;z15:1:A:58487500;z7972:1:A:78343271;z17:P:
  17134210.
Sum=875449452; test 875449452/1000000000+(1-z20)^7 <= 9961980/10000000.
Leaf R0111110011 B=[z3057,z2729,z7973,z7974,z2778,z2731,z2784,z7,z32,z9,z8,z8]
  h=z7975 horizon=27 mass=z2778.
Cells
  z2732:B1:101411733;z2733:0:Nlo:308966888;z25:0:Nhi:17080735;z7976:0:Nhi:10100757
  6;z7977:J1:80289487;z7978:J1:112213737;z15:1:A:60081341;z7979:1:A:76281132;z17:P
  :17542773.
Sum=874875402; test 874875402/1000000000+(1-z2778)^7 <= 9917716/10000000.
Leaf R011111010 B=[z3071,z2700,z7980,z7981,z2731,z2670,z2736,z7,z22,z32,z8,z8]
  h=z7982 horizon=27 mass=z2731.
Cells
  z2704:B1:110258983;z2705:0:Nlo:303489724;z25:0:Nhi:16093385;z7983:0:Nhi:17168416
  1;z7984:J1:118924002;z7985:1:Q:21440474;z7986:J1:2;z2790:1:A:14158363;z7987:D1:A
  :12987774;z7988:JD1:2;z7989:D1:Q:13818588;z15:JD1:14326969;z17:JD1:76401995.
Sum=873584422; test 873584422/1000000000+(1-z2731)^7 <= 9867341/10000000.
Leaf R011111011 B=[z3071,z2700,z7980,z7981,z2731,z2670,z2736,z7,z32,z9,z8,z8]
  h=z7982 horizon=27 mass=z2731.
Cells
  z2704:B1:110258983;z2705:0:Nlo:303489724;z25:0:Nhi:16093385;z7990:0:Nhi:13309477
  7;z7991:J1:65819951;z7986:J1:103900786;z15:1:A:57670432;z7992:1:A:73898540;z17:P
  :18564968.
Sum=882791546; test 882791546/1000000000+(1-z2731)^7 <= 9959412/10000000.
Leaf R01111110 B=[z2668,z2741,z7993,z7994,z2670,z2743,z2689,z7,z22,z9,z8,z8]
  h=z2716 horizon=27 mass=z2670.
Cells
  z2744:B1:118852987;z2745:0:Nlo:297944978;z25:0:Nhi:15213919;z7995:0:Nhi:15856878
  2;z7996:J1:135387651;z7997:1:Q:13564231;z7998:J1:2;z15:1:A:60211052;z7999:1:A:69
  886716;z17:P:19332673.
Sum=888962991; test 888962991/1000000000+(1-z2670)^7 <= 9949274/10000000.
Leaf R01111111 B=[z7880,z2644,z8000,z8001,z2743,z2646,z2751,z7,z22,z9,z8,z8]
  h=z8002 horizon=27 mass=z2743.
Cells
  z2648:B1:127181673;z2649:0:Nlo:292388757;z25:0:Nhi:14425573;z8003:0:Nhi:16066661
  8;z8004:J1:124212427;z8005:1:Q:18924125;z8006:J1:2;z15:1:A:62301507;z8007:1:A:65
  960493;z17:P:20079426.
Sum=886140601; test 886140601/1000000000+(1-z2743)^7 <= 9853144/10000000.
Leaf R1000 B=[z0,z8008,z2,z8009,z2646,z8010,z8011,z7,z8,z22,z8,z8] h=z10
  horizon=27 mass=z2646.
Cells
  z8012:B1:60593263;z8013:0:Nlo:329651834;z25:0:Nhi:23329084;z260:0:Nhi:270281423;
  z8014:B11/25:96382995;z15:D1:Q:47860881;z17:D1:Q:60723954.
Sum=888823434; test 888823434/1000000000+(1-z2646)^7 <= 9815832/10000000.
Leaf R10010 B=[z2656,z8015,z8016,z8017,z2646,z8010,z8011,z7,z8,z22,z8,z8] h=z8018
  horizon=27 mass=z2646.
Cells
  z8019:B1:113010539;z8020:0:Nlo:301736929;z25:0:Nhi:15803880;z260:0:Nhi:266348311
  ;z8021:B11/25:92183707;z15:D1:Q:50457617;z17:D1:Q:59384564.
Sum=898925547; test 898925547/1000000000+(1-z2646)^7 <= 9916853/10000000.
Leaf R10011 B=[z2688,z8022,z8023,z8024,z2646,z8010,z8011,z7,z8,z22,z8,z8] h=z8025
  horizon=29 mass=z8011.
Cells
  z8026:B1:157788983;z8027:0:Nlo:270744344;z25:0:Nhi:11948817;z260:0:Nhi:264350201
  ;z8028:B11/25:30979858;z8029:1:Q:34527625;z8030:D1:Q:38043803;z8031:D1:span:2;z1
  5:D1:A:13944674;z8032:D1:A:5568523;z8033:D1:span:2;z17:D1:Q:39177464;z57:D1:Q:71
  229411.
Sum=938303707; test 938303707/1000000000+(1-z8011)^7 <= 9510141/10000000.
Leaf R10100 B=[z0,z8034,z2,z8009,z2646,z8010,z8011,z7,z22,z9,z8,z8] h=z10
  horizon=27 mass=z2646.
Cells
  z8035:B1:12317256;z8036:0:Nlo:321270074;z25:0:Nhi:44503170;z260:0:Nhi:270281423;
  z8014:B11/25:96382995;z8037:J1:34153905;z8038:1:Q:5739643;z8039:J1:2;z15:1:A:161
  47095;z8040:1:A:53217008;z17:P:42573154.
Sum=896585725; test 896585725/1000000000+(1-z2646)^7 <= 9893455/10000000.
Leaf R1010100 B=[z2762,z8041,z2,z8042,z2646,z8043,z8011,z7,z22,z9,z8,z8] h=z10
  horizon=27 mass=z2646.
Cells
  z8044:B1:51095232;z8045:0:Nlo:332703894;z25:0:Nhi:25461880;z502:0:Nhi:115564751;
  z260:J1:146596301;z8046:B11/25:8576145;z8029:J1:54601137;z8047:J1:15891089;z8048
  :1:Q:19017855;z8049:J1:2;z15:1:A:35914051;z8040:1:A:53217008;z17:P:42573156.
Sum=901212501; test 901212501/1000000000+(1-z2646)^7 <= 9939722/10000000.
Leaf R10101010 B=[z2762,z8041,z8050,z8051,z2646,z8043,z8011,z7,z22,z32,z8,z8]
  h=z10 horizon=27 mass=z2646.
Cells
  z8044:B1:51095232;z8045:0:Nlo:332703894;z25:0:Nhi:25461879;z260:0:Nhi:268325320;
  z8052:B11/25:77698455;z15:JD1:68756460;z17:JD1:75530651.
Sum=899571891; test 899571891/1000000000+(1-z2646)^7 <= 9923316/10000000.
Leaf R1010101100 B=[z2762,z8053,z8054,z8055,z2646,z8056,z8011,z7,z32,z9,z8,z8]
  h=z10 horizon=27 mass=z2646.
Cells
  z8057:B1:46401746;z8058:0:Nlo:333799583;z25:0:Nhi:26681394;z260:0:Nhi:268325321;
  z8059:B11/25:32561524;z8060:J1:81170810;z15:1:A:26270565;z8061:1:A:64194408;z17:
  P:27044360.
Sum=906449711; test 906449711/1000000000+(1-z2646)^7 <= 9992094/10000000.
Leaf R101010110100 B=[z2762,z8062,z8063,z8064,z2646,z8065,z8011,z7,z32,z9,z8,z8]
  h=z10 horizon=27 mass=z2646.
Cells
  z8066:B1:44077412;z8067:0:Nlo:334218045;z25:0:Nhi:27335995;z260:0:Nhi:268325321;
  z8068:B11/25:44477340;z8069:J1:74781820;z15:1:A:23559091;z8070:1:A:71758302;z17:
  P:16076865.
Sum=904610191; test 904610191/1000000000+(1-z2646)^7 <= 9973699/10000000.
Leaf R101010110101 B=[z2762,z8062,z8071,z8072,z2646,z8065,z8011,z7,z32,z9,z8,z8]
  h=z10 horizon=27 mass=z2646.
Cells
  z8066:B1:44077412;z8067:0:Nlo:334218045;z25:0:Nhi:27335995;z260:0:Nhi:268325321;
  z8073:B11/25:58991926;z8074:J1:66117011;z15:1:A:20708518;z8075:1:A:75989840;z17:
  P:9817668.
Sum=905581736; test 905581736/1000000000+(1-z2646)^7 <= 9983415/10000000.
Leaf R10101011011 B=[z8076,z8053,z8077,z8078,z8065,z8056,z45,z7,z32,z9,z8,z8]
  h=z10 horizon=27 mass=z8065.
Cells
  z8057:B1:46401746;z8058:0:Nlo:333799583;z25:0:Nhi:26681394;z260:0:Nhi:268272824;
  z8079:B11/25:64040630;z8080:J1:50787325;z8081:J1:11941793;z15:1:A:19905261;z8082
  :1:A:69370519;z17:P:17702404.
Sum=908903479; test 908903479/1000000000+(1-z8065)^7 <= 9985918/10000000.
Leaf R1010101110 B=[z8083,z8041,z8084,z8085,z8056,z8043,z71,z7,z32,z9,z8,z8] h=z10
  horizon=27 mass=z8056.
Cells
  z8044:B1:51095232;z8045:0:Nlo:332703894;z25:0:Nhi:25461879;z260:0:Nhi:268220311;
  z8086:B11/25:44453391;z8087:J1:71078138;z8088:1:Q:2031151;z8089:J1:2;z15:1:A:243
  97397;z8090:1:A:58725434;z17:P:30621118.
Sum=908787947; test 908787947/1000000000+(1-z8056)^7 <= 9954925/10000000.
Leaf R1010101111 B=[z8083,z8041,z8091,z8051,z8056,z8043,z71,z7,z32,z9,z8,z8] h=z10
  horizon=27 mass=z8056.
Cells
  z8044:B1:51095232;z8045:0:Nlo:332703894;z25:0:Nhi:25461879;z260:0:Nhi:268220311;
  z8092:B11/25:72622550;z8093:J1:57127493;z15:1:A:18472196;z8094:1:A:66434744;z17:
  P:20018390.
Sum=912156689; test 912156689/1000000000+(1-z8056)^7 <= 9988612/10000000.
Leaf R1010110 B=[z8095,z8008,z2,z8096,z8043,z8010,z439,z7,z22,z9,z8,z8] h=z10
  horizon=27 mass=z8043.
Cells
  z8012:B1:60593263;z8013:0:Nlo:329651834;z25:0:Nhi:23329084;z260:0:Nhi:268115242;
  z8097:B11/25:22054050;z8098:J1:25786859;z8099:J1:47745935;z8100:1:Q:10820769;z81
  01:J1:2;z15:1:A:31506271;z8102:1:A:41421520;z17:P:49129538.
Sum=910154367; test 910154367/1000000000+(1-z8043)^7 <= 9911457/10000000.
Leaf R10101110 B=[z8095,z8103,z8104,z8105,z8043,z8106,z439,z7,z22,z9,z8,z8] h=z10
  horizon=27 mass=z8043.
Cells
  z8107:B1:55831703;z8108:0:Nlo:331306184;z25:0:Nhi:24348897;z260:0:Nhi:268115243;
  z8109:B11/25:91775516;z8110:J1:36063701;z8111:1:Q:6110586;z8112:J1:2;z15:1:A:172
  31581;z8113:1:A:52843020;z17:P:34426391.
Sum=918052824; test 918052824/1000000000+(1-z8043)^7 <= 9990442/10000000.
Leaf R10101111 B=[z8114,z8008,z8115,z8009,z8106,z8010,z2681,z7,z22,z9,z8,z8] h=z10
  horizon=27 mass=z8106.
Cells
  z8012:B1:60593263;z8013:0:Nlo:329651834;z25:0:Nhi:23329084;z260:0:Nhi:268010114;
  z8014:B11/25:96382995;z8037:J1:33830893;z8038:1:Q:5739643;z8039:J1:2;z15:1:A:161
  47095;z8116:1:A:46462871;z17:P:38518099.
Sum=918665893; test 918665893/1000000000+(1-z8106)^7 <= 9942699/10000000.
Leaf R1011000 B=[z2656,z8117,z8016,z8118,z2646,z8043,z8011,z7,z22,z9,z8,z8]
  h=z8018 horizon=27 mass=z2646.
Cells
  z8119:B1:99765808;z8120:0:Nlo:309956927;z25:0:Nhi:17274787;z8121:0:Nhi:178757456
  ;z8029:J1:136149960;z8122:J1:3512585;z8123:1:Q:25020172;z8124:J1:2;z15:1:A:40794
  123;z8125:1:A:53861018;z17:P:41104555.
Sum=906197393; test 906197393/1000000000+(1-z2646)^7 <= 9989571/10000000.
Leaf R101100100 B=[z2656,z8126,z8127,z8128,z2646,z8043,z8011,z7,z22,z32,z8,z8]
  h=z8018 horizon=27 mass=z2646.
Cells
  z8129:B1:75750870;z8130:0:Nlo:323096325;z25:0:Nhi:20584504;z260:0:Nhi:266348311;
  z8131:B11/25:75248578;z15:JD1:69511239;z17:JD1:76031126.
Sum=906570953; test 906570953/1000000000+(1-z2646)^7 <= 9993307/10000000.
Leaf R101100101000 B=[z2656,z8132,z8133,z8134,z2646,z8056,z8011,z7,z32,z9,z8,z8]
  h=z8018 horizon=27 mass=z2646.
Cells
  z8135:B1:58051088;z8136:0:Nlo:330563763;z25:0:Nhi:23862236;z8137:0:Nhi:234125926
  ;z260:J1:28555890;z8138:B11/25:30514771;z8139:J1:74628883;z8140:1:Q:2509289;z814
  1:J1:2;z15:1:A:29969236;z8142:1:A:63722664;z17:P:27012071.
Sum=903515819; test 903515819/1000000000+(1-z2646)^7 <= 9962755/10000000.
Leaf R10110010100100 B=[z2656,z8143,z8144,z8145,z2646,z8065,z8011,z7,z32,z9,z8,z8]
  h=z8018 horizon=27 mass=z2646.
Cells
  z8146:B1:49691322;z8147:0:Nlo:333064202;z25:0:Nhi:25813452;z260:0:Nhi:266348312;
  z8148:B11/25:55873656;z8149:J1:64288601;z15:1:A:23682692;z8150:1:A:71339459;z17:
  P:15858224.
Sum=905959920; test 905959920/1000000000+(1-z2646)^7 <= 9987197/10000000.
Leaf R10110010100101 B=[z8062,z8151,z8152,z8153,z8065,z8056,z45,z7,z32,z9,z8,z8]
  h=z8154 horizon=27 mass=z8065.
Cells
  z8155:B1:52196988;z8156:0:Nlo:332403074;z25:0:Nhi:25193252;z260:0:Nhi:266242179;
  z8157:B11/25:53862791;z8158:J1:65127355;z15:1:A:24543056;z8159:1:A:69374010;z17:
  P:16412180.
Sum=905354885; test 905354885/1000000000+(1-z8065)^7 <= 9950432/10000000.
Leaf R1011001010011 B=[z7748,z8132,z8160,z8161,z2646,z8056,z8011,z7,z32,z9,z8,z8]
  h=z8162 horizon=27 mass=z2646.
Cells
  z8135:B1:58051088;z8136:0:Nlo:330563763;z25:0:Nhi:23862236;z8163:0:Nhi:258771159
  ;z260:J1:7230320;z8164:B11/25:52596369;z8165:J1:62234751;z15:1:A:27011838;z8166:
  1:A:70705913;z17:P:15587640.
Sum=906615077; test 906615077/1000000000+(1-z2646)^7 <= 9993748/10000000.
Leaf R101100101010 B=[z7255,z8167,z8168,z8169,z2646,z8065,z8011,z7,z32,z9,z8,z8]
  h=z8170 horizon=27 mass=z2646.
Cells
  z8171:B1:66834134;z8172:0:Nlo:327164943;z25:0:Nhi:22117258;z8173:0:Nhi:238708696
  ;z260:J1:25565422;z8174:B11/25:38466507;z8175:J1:65984631;z15:1:A:32873232;z8176
  :1:A:64541037;z17:P:23691075.
Sum=905946935; test 905946935/1000000000+(1-z2646)^7 <= 9987067/10000000.
Leaf R101100101011 B=[z8177,z8178,z8179,z8180,z8065,z8056,z45,z7,z32,z9,z8,z8]
  h=z8181 horizon=27 mass=z8065.
Cells
  z8182:B1:69813008;z8183:0:Nlo:325867416;z25:0:Nhi:21581605;z8184:0:Nhi:247675534
  ;z260:J1:16851555;z8185:B11/25:38938386;z8186:J1:61531779;z8187:1:Q:2743699;z818
  8:J1:2;z15:1:A:33710483;z8189:1:A:62437771;z17:P:24307296.
Sum=905458534; test 905458534/1000000000+(1-z8065)^7 <= 9951469/10000000.
Leaf R10110010110 B=[z8053,z8190,z8191,z8192,z8056,z8043,z71,z7,z32,z9,z8,z8]
  h=z8193 horizon=27 mass=z8056.
Cells
  z8194:B1:63415366;z8195:0:Nlo:328568568;z25:0:Nhi:22765030;z260:0:Nhi:266135989;
  z8196:B11/25:59036817;z8197:J1:59256619;z8198:1:Q:1481710;z8199:J1:2;z15:1:A:243
  90510;z8200:1:A:59228728;z17:P:28516155.
Sum=912795494; test 912795494/1000000000+(1-z8056)^7 <= 9995000/10000000.
Leaf R10110010111 B=[z8132,z8126,z8201,z8202,z8056,z8043,z71,z7,z32,z9,z8,z8]
  h=z8203 horizon=27 mass=z8056.
Cells
  z8129:B1:75750870;z8130:0:Nlo:323096325;z25:0:Nhi:20584504;z8204:0:Nhi:243486966
  ;z260:J1:21732455;z8205:B11/25:44163585;z8206:J1:60518909;z15:1:A:33100647;z8207
  :1:A:60066835;z17:P:25315802.
Sum=907816898; test 907816898/1000000000+(1-z8056)^7 <= 9945214/10000000.
Leaf R1011001100 B=[z7213,z8208,z8209,z8210,z2646,z8056,z8011,z7,z22,z32,z8,z8]
  h=z8211 horizon=27 mass=z2646.
Cells
  z8212:B1:92945815;z8213:0:Nlo:313951385;z25:0:Nhi:18117889;z8214:0:Nhi:235250704
  ;z260:J1:28636893;z8215:B11/25:38598200;z8029:J1:27371350;z15:JD1:64223791;z17:J
  D1:69787552.
Sum=888883579; test 888883579/1000000000+(1-z2646)^7 <= 9816433/10000000.
Leaf R1011001101 B=[z7213,z8208,z8209,z8210,z2646,z8056,z8011,z7,z32,z9,z8,z8]
  h=z8211 horizon=27 mass=z2646.
Cells
  z8212:B1:92945815;z8213:0:Nlo:313951385;z25:0:Nhi:18117889;z8216:0:Nhi:206523726
  ;z260:J1:54843131;z8217:B11/25:23564922;z8218:J1:64808151;z8219:1:Q:1652562;z822
  0:J1:2;z15:1:A:41126676;z8221:1:A:63635429;z17:P:22879405.
Sum=904049093; test 904049093/1000000000+(1-z2646)^7 <= 9968088/10000000.
Leaf R101100111 B=[z8178,z8117,z8222,z8223,z8056,z8043,z71,z7,z22,z9,z8,z8]
  h=z8224 horizon=27 mass=z8056.
Cells
  z8119:B1:99765808;z8120:0:Nlo:309956926;z25:0:Nhi:17274787;z8225:0:Nhi:227789204
  ;z260:J1:36521122;z8226:B11/25:38505839;z8196:J1:18864198;z8227:J1:20253833;z822
  8:1:Q:12222302;z8229:J1:2;z15:1:A:42695926;z8230:1:A:59602974;z17:P:23907180.
Sum=907360101; test 907360101/1000000000+(1-z8056)^7 <= 9940646/10000000.
Leaf R101101000 B=[z8041,z8231,z8232,z8233,z8043,z8106,z439,z7,z22,z9,z8,z8]
  h=z8234 horizon=27 mass=z8043.
Cells
  z8235:B1:68781405;z8236:0:Nlo:326324215;z25:0:Nhi:21764238;z260:0:Nhi:265923425;
  z8237:B11/25:61891299;z8238:J1:51286772;z8239:1:Q:6431655;z8240:J1:2;z15:1:A:258
  29938;z8241:1:A:44224839;z17:P:44026539.
Sum=916484327; test 916484327/1000000000+(1-z8043)^7 <= 9974757/10000000.
Leaf R101101001 B=[z8103,z8242,z8243,z8244,z8106,z8010,z2681,z7,z22,z9,z8,z8]
  h=z8245 horizon=27 mass=z8106.
Cells
  z8246:B1:74131844;z8247:0:Nlo:323874732;z25:0:Nhi:20847692;z260:0:Nhi:265710622;
  z8248:B11/25:75302878;z8249:J1:36174956;z8250:1:Q:6129367;z8251:J1:2;z15:1:A:270
  91125;z8252:1:A:39439147;z17:P:45407787.
Sum=914110152; test 914110152/1000000000+(1-z8106)^7 <= 9897141/10000000.
Leaf R10110101 B=[z8190,z8253,z8254,z8255,z8043,z8010,z439,z7,z22,z9,z8,z8]
  h=z8256 horizon=27 mass=z8043.
Cells
  z8257:B1:87484757;z8258:0:Nlo:317012332;z25:0:Nhi:18843226;z260:0:Nhi:265371435;
  z8259:B11/25:57073287;z8260:J1:45545057;z8261:1:Q:6305433;z8262:J1:2;z15:1:A:320
  45527;z8263:1:A:46493056;z17:P:39491718.
Sum=915665830; test 915665830/1000000000+(1-z8043)^7 <= 9966572/10000000.
Leaf R1011011 B=[z8126,z8015,z8264,z8265,z8043,z8010,z439,z7,z22,z9,z8,z8] h=z8266
  horizon=27 mass=z8043.
Cells
  z8019:B1:113010539;z8020:0:Nlo:301736929;z25:0:Nhi:15803880;z260:0:Nhi:264817821
  ;z8267:B11/25:47698028;z8098:J1:1116977;z8268:J1:37957101;z8269:1:Q:6609590;z827
  0:J1:2;z15:1:A:40696051;z8271:1:A:48472971;z17:P:35119282.
Sum=913039171; test 913039171/1000000000+(1-z8043)^7 <= 9940305/10000000.
Leaf R101110 B=[z2688,z8272,z8023,z8273,z2646,z8043,z8011,z7,z22,z9,z8,z8] h=z8025
  horizon=27 mass=z2646.
Cells
  z8274:B1:143024414;z8275:0:Nlo:281399545;z25:0:Nhi:13070923;z8276:0:Nhi:21124510
  9;z8277:J1:89983002;z8278:1:Q:16415634;z8279:D1:Q:2;z15:1:A:57917399;z8280:1:A:5
  9376999;z17:P:25268339.
Sum=897701366; test 897701366/1000000000+(1-z2646)^7 <= 9904611/10000000.
Leaf R101111 B=[z8117,z8022,z8281,z8282,z8043,z8010,z439,z7,z22,z9,z8,z8] h=z8283
  horizon=27 mass=z8043.
Cells
  z8026:B1:157788983;z8027:0:Nlo:270744344;z25:0:Nhi:11948817;z8284:0:Nhi:19456971
  0;z8098:J1:104090053;z8285:1:Q:11695258;z8286:J1:2;z15:1:A:60759440;z8287:1:A:51
  632247;z17:P:26845095.
Sum=890073949; test 890073949/1000000000+(1-z8043)^7 <= 9710653/10000000.
Leaf R110 B=[z0,z8288,z2,z8289,z8010,z8290,z8291,z7,z8,z9,z8,z8] h=z10 horizon=29
  mass=z8291.
Cells
  z8292:B1:79609686;z8293:0:Nlo:321177578;z25:0:Nhi:19981180;z260:0:Nhi:270281421;
  z8294:B11/25:110374153;z8295:J1:27634277;z8296:1:Q:4617845;z8297:J1:2;z15:1:A:12
  899564;z8298:1:A:28871071;z17:P:55476039;z57:P:63698128.
Sum=994620944; test 994620944/1000000000+(1-z8291)^7 <= 9985965/10000000.
Leaf R1110 B=[z8008,z8299,z8300,z8301,z8010,z8290,z8291,z7,z8,z9,z8,z8] h=z8302
  horizon=29 mass=z8291.
Cells
  z8303:B1:137735764;z8304:0:Nlo:285123795;z25:0:Nhi:13504054;z260:0:Nhi:265497574
  ;z8305:B11/25:90046619;z8306:J1:24838348;z8307:1:Q:10144371;z8308:J1:2;z15:1:A:2
  3565579;z8309:1:A:34670704;z17:P:46738684;z57:P:63698128.
Sum=995563622; test 995563622/1000000000+(1-z8291)^7 <= 9995392/10000000.
Leaf R1111 B=[z8015,z8310,z8311,z8312,z8010,z8290,z8291,z7,z8,z9,z8,z8] h=z8313
  horizon=29 mass=z8291.
Cells
  z8314:B1:184274380;z8315:0:Nlo:250840802;z25:0:Nhi:10197835;z260:0:Nhi:263059037
  ;z8316:B11/25:27794450;z8317:1:Q:38712277;z8318:J1:2;z15:1:A:54060810;z8319:1:A:
  44211459;z17:P:28269266;z57:P:63698128.
Sum=965118446; test 965118446/1000000000+(1-z8291)^7 <= 9690940/10000000.


