Family NE; domain version 1.
Leaves 344, empty leaves 9, internal nodes 352, audited rational cells 3907.
Largest upper integer 9998993 with denominator10000000.
[0,[1,[2,[3,[0,[1,[2,[3,9756517,[0,9890815,[1,[2,[3,9953989,[0,9914978,[1,9757173,
  9886670]]],9745837],9900665]]],9355705],[2,[3,9660151,9657613],9052074]],[1,[2,[
  3,[0,9946263,9880365],[0,[1,[2,[3,[0,[1,9643722,9879605],[1,9314897,9846636]],[0
  ,[1,9758162,9992843],[1,9433784,9963249]]],9938233],[2,[3,9858346,9949137],96934
  77]],[1,[2,[3,9954723,[0,[1,9095522,9890398],9834357]],9792310],9991244]]],96513
  68],[2,[3,9937590,9948393],9344029]]],[0,[1,[2,[3,[0,9952819,[1,[2,[3,[0,9988306
  ,[1,9832305,9964930]],[0,[1,9891764,9874660],[1,9891784,[2,[3,9966048,9995901],9
  848964]]]],9880738],9973218]],[0,9959917,[1,[2,[3,[0,[1,9913053,9904963],[1,9913
  057,[2,[3,[0,9948096,[1,9984558,9937760]],[0,9954076,[1,9991916,9945477]]],99040
  87]]],[0,[1,9885325,9886359],[1,9885311,[2,[3,[0,9946382,[1,9984061,9941402]],99
  87433],9913278]]]],9971618],9997346]]],9836659],9871630],[1,[2,[3,[0,[1,[2,[3,[0
  ,[1,9832868,[2,[3,9991114,[0,9982277,9986348]],9875336]],[1,9513812,[2,[3,996318
  3,[0,9967170,9943026]],9854525]]],[0,[1,9893321,[2,[3,[0,[1,9993796,9939702],[1,
  9995551,9945535]],[0,[1,[2,[3,9996458,[0,9985634,9994927]],9937351],9971783],[1,
  [2,[3,9998336,[0,9988743,9979498]],9940349],9979170]]],9953984]],[1,9578775,[2,[
  3,[0,[1,9956714,9930822],9987001],[0,[1,9991284,9963773],[1,9833983,9947530]]],9
  936263]]]],[3,9920834,[0,9926271,9903844]]],[2,[3,[0,9938563,9931254],[0,[1,9998
  888,9867539],[1,9991920,9868037]]],9827668]],[1,[2,[3,[0,[1,9183690,9977162],992
  3994],[0,[1,9255351,[2,[3,9982169,[0,9986483,9945729]],9878253]],[1,8952999,9866
  064]]],9950607],[2,[3,9925540,9998993],9770785]]],[0,[1,[2,[3,[0,[1,9913275,[2,[
  3,[0,[1,[2,[3,[0,9995549,[1,9965525,9967265]],[0,[1,9975703,9963534],[1,9975253,
  9977145]]],9965850],9995776],[1,[2,[3,[0,[1,9884693,9962928],9993127],[0,[1,9891
  124,9972707],[1,9808545,9968089]]],9970161],[2,[3,9978844,9988530],9925560]]],[0
  ,[1,[2,[3,[0,[1,9979883,9968241],[1,9977799,9980972]],[0,[1,9980113,9969107],[1,
  9977938,9981965]]],9979054],[2,[3,9985736,9987020],9933084]],[1,[2,[3,[0,[1,9895
  956,9977024],[1,9815355,9975704]],[0,[1,9898823,9979463],[1,9818664,9979943]]],9
  984547],[2,[3,9996193,9997895],9944669]]]],[3,9960103,9983018]]],[1,9622071,[2,[
  3,[0,[1,[2,[3,9991632,[0,9988582,9929316]],9936647],9994510],[1,9859682,9973902]
  ],[0,[1,[2,[3,[0,9998535,9938553],[0,[1,9738803,9970266],9945405]],9960691],[2,[
  3,9992047,[0,9978990,9973521]],9941832]],[1,9878383,9994291]]],[3,9944506,997402
  6]]]],[0,[1,9881480,[2,[3,[0,[1,[2,[3,[0,[1,9977062,9966876],[1,9974459,9979274]
  ],[0,9994763,[1,9965742,9971896]]],9979079],[2,[3,9985448,9979583],9935650]],[1,
  [2,[3,[0,[1,9898084,9979596],[1,9817810,9980125]],[0,[1,9887928,9972161],[1,9808
  444,9971995]]],9988497],[2,[3,9997385,9993056],9948829]]],[0,[1,[2,[3,[0,9979998
  ,9993331],9988664],9960337],9977488],[1,[2,[3,[0,9992466,9992265],9998902],99701
  64],9992987]]],[3,9988553,9979594]]],[1,9594799,[2,[3,[0,[1,[2,[3,[0,[1,9739692,
  9972241],9949472],[0,9998233,9950266]],9971725],[2,[3,[0,9982052,9979211],999804
  9],9956319]],[1,9871965,9988010]],[0,[1,[2,[3,[0,9985904,9941966],9984436],99552
  06],[2,[3,9988620,9975110],9944750]],[1,9847177,9968757]]],[3,9993336,9988164]]]
  ]],[3,[0,9994837,9977368],[0,[1,9609999,9892669],[1,9329290,9902113]]]],[2,[3,[0
  ,[1,[2,[3,9995687,[0,9955771,9970998]],9895236],9909872],[1,[2,[3,9995291,[0,997
  9650,9953798]],9899510],9916210]],[0,[1,[2,[3,[0,9955030,9972291],9988926],99148
  90],9915179],[1,[2,[3,[0,9984416,9954360],[0,9966358,9943150]],9937354],9920461]
  ]],9931507]],[1,[2,[3,[0,[1,9285745,[2,[3,[0,[1,9690815,9944950],9975786],[0,[1,
  9704787,9960168],9998333]],9945506]],[1,9006467,9922602]],[0,[1,9271264,[2,[3,[0
  ,[1,9703182,9961159],[1,9564076,9944794]],[0,[1,9685057,9949533],9993181]],99676
  20]],[1,9011126,9925453]]],[3,9968209,[0,9961142,9799694]]],[2,[3,[0,[1,9992572,
  9883123],9919402],[0,[1,9998873,9897460],9925727]],9889816]]]],[3,9870735,[0,990
  2831,9850936]]],[2,[3,[0,9895961,9843356],[0,9935169,9898932]],9736306]]]],96050
  84],[2,[3,[0,9789420,[1,[2,E,9139701],E]],9837759],9203173]],[1,[2,[3,[0,[1,[2,[
  3,9701762,[0,[1,9635441,9765211],E]],9296253],[2,E,9059969]],E],[0,[1,[2,[3,[0,[
  1,9733830,9866678],E],[0,[1,9799812,9934721],E]],9855068],9946207],E]],9487047],
  [2,E,9189522]]]


Family M; domain version 5.
Leaves 898, empty leaves 0, internal nodes 897, audited rational cells 9642.
Largest upper integer 9998871 with denominator10000000.
[2,[2,[4,[2,[1,9943795,[0,[4,9968796,[2,[4,9874909,9885320],[4,9861430,[3,9821582,
  9836827]]]],[2,[4,[3,9759458,9437472],[1,[4,9932165,9877584],[4,[3,9836889,97887
  81],[3,9962314,[4,9871901,9978280]]]]],[4,[3,9703511,9518383],[4,[3,9918404,9938
  155],[1,[4,[3,9704511,9784031],9961975],[3,[4,9951323,[2,9883785,[4,9941509,9930
  645]]],[4,9984771,[2,9940376,[3,9926150,9916580]]]]]]]]]],[4,[3,9784424,9669149]
  ,[1,[4,9981165,9997840],[0,[4,9849474,[3,[2,9913774,9907988],9942983]],[4,[3,[2,
  9957996,9969301],[2,9935463,9886020]],[2,[1,[3,9973272,[4,9881799,[2,9858043,991
  3038]]],[3,[4,[3,9839172,9925581],[2,[4,[3,9693790,9873533],[3,9722958,9961604]]
  ,[4,9995391,[3,9753466,9945292]]]],[4,[2,9897719,9893756],[2,[3,9972128,9978734]
  ,[3,9952137,9976428]]]]],[0,[3,[3,9887185,9955100],9983753],[0,[3,[4,9959987,[2,
  9930471,9860260]],[1,9903891,9954515]],9893426]]]]]]]],[1,[2,9396123,[2,9703656,
  [4,9955147,9447738]]],[2,[2,[4,[4,[4,[2,9875259,9981281],9995250],[4,9940529,990
  4569]],9979387],[4,[4,[1,9982532,[0,9913696,[2,[4,[4,[3,9819968,9909103],9994493
  ],[4,9970375,9949456]],[4,[1,9989650,[3,9968462,[4,9940676,9998065]]],[2,[4,9978
  072,9960486],[4,[4,9997678,9988820],[4,9982752,9977469]]]]]]],[1,9877853,[2,[4,9
  969986,9939868],[4,[4,[2,9949129,9993754],[2,9937637,9976834]],[4,9988790,998823
  4]]]]],[2,[4,[4,9941901,9930270],9945781],[1,9717178,[1,9973116,[4,[4,[4,9975150
  ,9971848],[4,9969636,9988489]],[2,9962088,[4,[4,9974072,9970894],9977339]]]]]]]]
  ,[0,[0,[2,9951111,9996369],[4,[4,[2,[4,[3,9852529,9884161],9945633],[4,[3,986983
  6,9856462],[2,9950694,9978279]]],[2,9986662,[4,9972064,9939168]]],[2,9971048,[2,
  9969509,[4,9972853,9944334]]]]],[4,[4,[2,[1,[4,[2,9902871,9958855],9972932],[4,[
  0,[3,[3,9788305,9870277],9869159],[0,[3,[2,9929563,9961063],[0,9938895,9942014]]
  ,9913338]],[0,[3,9998079,[1,9844387,9904469]],[0,[2,[0,[3,9876358,9937715],99401
  57],[0,[3,9924298,9980924],9870670]],9882983]]]],[1,[0,[4,9967553,9916900],[2,99
  90259,9918171]],[0,[3,[4,9978977,[2,9929112,9935039]],[4,9844519,[1,9921756,9895
  504]]],[0,[0,[2,[4,[3,9875176,9774034],[3,9879175,9913398]],[4,9967367,9941504]]
  ,[2,9912104,9839481]],9831448]]]],[2,[1,[4,9940207,9912689],[0,[4,[2,9964013,[4,
  9972100,9942690]],[2,9917618,9970377]],[0,[4,[2,[0,9982068,9917811],[0,[2,997453
  3,9969389],9848318]],[2,[0,9962400,9893154],[2,[0,9961402,9767188],[0,9955875,97
  37564]]]],9941066]]],[1,[0,9982580,[2,9928384,9870654]],[0,[4,[2,[4,[3,9887805,9
  916392],9981456],[4,[3,9898124,9922790],[2,9968757,9982808]]],[2,[4,9973714,9980
  429],[4,[2,9962817,9978181],[2,9966299,9980828]]]],[0,[0,[2,[4,9987166,9979243],
  [4,9926732,9922571]],9973252],9787991]]]]],[2,[1,[2,9881291,9952607],[2,[0,[4,99
  89606,9959000],[0,[0,[4,[4,9956806,9959975],9986424],9998871],9795085]],[0,[4,[4
  ,9970696,9974809],[2,9959954,9986146]],[0,[0,[1,9992194,[0,[4,[4,9977711,9982356
  ],[2,9959841,9961229]],[2,9960171,9935385]]],9944376],9733906]]]],[1,[0,9967763,
  [2,9922981,9869338]],[0,[2,[1,[4,9965022,9929378],[4,[4,[4,9961762,9967867],[4,9
  970269,9985965]],[2,9996743,[4,9997940,9992548]]]],[1,[4,[4,9928686,9936359],997
  1596],[4,[4,[4,9995497,[2,9960248,9978249]],[2,[4,9963768,9975514],[4,9982509,99
  92642]]],[0,9990304,[2,[4,[4,9986543,[4,9981927,9989008]],[2,[4,9994978,9996565]
  ,[4,[4,9981893,9989005],[1,9933013,9994140]]]],[1,[4,9982254,9986616],[0,[4,9977
  275,9976848],[0,[4,[4,9963615,9974267],9997486],9955373]]]]]]]],[0,[0,[2,[2,[4,[
  4,9930837,9937816],9974451],[4,9982695,9952787]],[2,[4,9956860,9931293],9975780]
  ],[2,9890815,9838193]],9811820]]]]]]]]],[4,[4,9874082,[0,[2,[1,9900153,[4,952847
  4,9985181]],[1,9845733,9797091]],[2,[1,[4,9990903,[2,9930081,9946568]],[0,[4,970
  9671,[3,[3,9993426,[2,9888159,9816654]],9995663]],[0,[2,[3,[4,9332903,9954237],[
  1,9873364,9880077]],[1,9858845,9909600]],[2,9841639,9681350]]]],[0,[1,9988901,[1
  ,[4,9392820,9935440],9952818]],[0,9975512,9708837]]]]],[1,[1,9320397,[2,[4,[4,99
  95198,9927054],9913805],[4,[4,[4,9975819,9941435],[2,9889130,9937114]],9997815]]
  ],[0,[0,[2,[4,9947839,9882201],9939119],[2,[4,[4,[2,[4,9966435,9992371],[1,99320
  60,9893929]],[1,9987973,[2,[4,9954459,9938369],[4,9934697,9942495]]]],[1,9995977
  ,[2,[2,[4,9966502,9944163],[4,9988666,9968576]],[1,[2,9941744,9960027],[4,[4,994
  4928,9972149],[2,9969775,9980885]]]]]],[4,[4,[1,9935154,9803378],[4,9983264,[2,9
  971827,9936192]]],[1,[2,9938471,9955768],[2,[0,9954527,[1,[4,9967696,9959135],[4
  ,[4,9924926,9964781],[2,9985130,9985178]]]],[0,9936019,[4,[4,9921900,9973255],[2
  ,[1,9926742,9981900],9995216]]]]]]]],[2,[0,[4,[4,[2,[1,[4,9970270,9961952],[3,[4
  ,9965549,[2,9950678,9949738]],[4,9825736,9996428]]],[4,[3,9970380,9973269],[1,99
  73539,[3,9997202,9968986]]]],[1,[2,[4,9958861,9925471],[4,9967534,9968372]],[2,[
  4,[2,[1,9969204,[3,9959487,9963431]],[1,9979339,[3,9969782,9968086]]],[2,[1,9955
  931,[4,[3,9924743,9984252],[2,9977534,9990605]]],[1,9980508,[4,[3,9941683,999611
  6],[2,[4,9979003,9982821],[4,9990099,9993149]]]]]],[4,[0,[3,9944316,9897775],[0,
  [3,9986471,[1,9950503,9895116]],9989684]],[0,[2,9987765,9987117],[0,[2,[4,999355
  0,[0,9976629,9951472]],[4,9977313,9990480]],[2,9938226,9886283]]]]]]],[1,[2,[2,9
  960951,9995206],[2,[4,9987657,9946371],[4,[4,9930857,9942472],9974797]]],[2,[1,[
  2,[4,[4,9961662,9974234],[2,9966075,9984993]],[4,[4,9990406,[4,9963930,9973582]]
  ,[2,[4,9982800,9987314],[4,[4,9961533,9978613],[2,9987184,9997951]]]]],[2,[4,[4,
  [4,[2,9983743,[4,9978670,9983969]],[2,9994294,[4,9989976,9990326]]],[0,9977033,[
  0,[4,9983920,9997394],[2,[4,9970951,9985951],9988417]]]],[0,[2,9983256,[4,997628
  4,9992541]],[0,[1,[2,9969586,9984329],[2,[4,9993855,9991194],[4,[4,9972929,99839
  04],[2,9986870,9995889]]]],[0,[2,[2,[4,9984033,9977854],9997548],[4,9988271,9980
  595]],9988106]]]],[0,[4,[4,9976760,9997731],[2,[4,9992546,9997496],[4,[4,9957819
  ,9973164],[4,9988981,9991633]]]],[0,[4,[4,[4,9985608,9998306],[4,[2,9970725,9982
  083],[2,9988639,9996142]]],[1,[2,[4,9977964,9972757],[0,9993709,9994729]],[2,[4,
  [4,9994361,[4,9984146,9989678]],[2,[4,9993311,9992196],[4,[4,9983834,9989796],[0
  ,9973722,9994998]]]],[0,[4,[4,9971341,9987244],[2,9998517,[4,9990377,9993657]]],
  [0,[4,9997566,[2,9982227,9970967]],9985450]]]]],[0,[4,[4,9959624,9979799],[2,999
  1593,9967760]],[4,9959893,9947198]]]]]],[0,[1,[2,[4,9992576,9975063],[4,[4,99265
  57,9945105],9991329]],[2,[4,[4,9989387,[4,9970004,9986488]],[1,[4,9987541,998911
  5],[2,[4,9996396,9997759],[4,[4,9965979,9980146],[2,9990243,9996401]]]]],[4,[4,9
  993050,[4,9979906,9998713]],[1,[2,[4,9974635,9973422],[4,9988011,9984962]],[0,[2
  ,9996156,9997386],[2,[4,[4,9969626,9987847],[2,[4,9991867,9996024],[4,9993527,99
  97950]]],[4,[4,9974538,9991874],[1,[2,9986829,9988523],[2,[4,9989816,9994266],[4
  ,9992387,9996311]]]]]]]]]],[0,[2,[1,[4,[4,9957610,9976679],[0,[2,9958975,9977598
  ],9962110]],[4,[4,[4,9996898,[0,9986286,9959683]],[0,[4,9995372,[2,9976288,99846
  11]],[2,9975069,9953072]]],[0,[1,[2,[4,9981396,9981729],[4,9989110,9990133]],[2,
  [4,[4,9979604,9995044],[2,[4,9993999,9996830],[0,9996399,9986072]]],[0,[4,[4,997
  5304,9989941],[2,[4,9988290,9990541],[4,9989021,9990888]]],[4,9993439,9993594]]]
  ],[2,[4,[4,9958433,9972999],[2,9982323,9971543]],[4,9979074,9978844]]]]],[0,[1,[
  4,[4,9926303,9949365],9995819],[4,[4,[4,9956834,9973698],[2,[4,9957728,9972962],
  9979775]],[2,[0,[1,9989662,[4,[4,9967557,9982913],[2,9992952,9983968]]],[4,99850
  81,9983577]],[0,[4,[4,9959303,9975967],[2,9984810,9976329]],9993143]]]],[1,99824
  69,[4,[4,9939339,9965872],[2,9984965,9966792]]]]],[2,[4,[4,9954795,9975957],[2,9
  983379,9961284]],[4,9995369,9978720]]]]]]],[0,[2,[4,[4,[2,[4,9962430,9950093],99
  79481],[2,[4,9935852,9934658],9965269]],[2,[2,[4,9973015,9940831],9989241],[2,99
  67190,9945317]]],[4,[4,9988188,9985835],[2,9961065,9912907]]],[2,9951676,9816166
  ]]],[0,[4,[4,[4,[3,9990422,[1,9935260,9831168]],[2,[0,9989904,[0,9989472,9890715
  ]],[0,9937854,9923475]]],[4,[2,[1,9980078,[0,9982548,[0,9982762,9877154]]],[0,99
  82130,9962742]],[1,[2,9992046,9996023],[2,[0,[2,9982062,9972114],[0,[2,9973571,9
  924455],9898448]],[0,9982523,9967537]]]]],[1,[2,[0,[2,9975604,9997333],[2,998253
  8,9936570]],[0,[2,[4,9968364,9941181],[4,9973928,9954809]],9953134]],[2,[0,[1,[4
  ,[4,9984715,[2,9959768,9969375]],[2,[2,9980014,9993160],[2,[4,9979639,9976567],[
  4,9981066,9984007]]]],[4,[4,[2,9991803,9987150],[2,[4,9983555,[2,9976739,9978762
  ]],[4,9981021,[2,9978516,9977959]]]],[2,[0,[2,[4,9981965,9990197],[4,9983582,999
  0077]],[1,[2,[4,9988007,9991365],[4,9995383,9996605]],[2,[4,[4,9980707,[4,997751
  2,9986331]],[0,9998605,[0,[2,[4,9989953,9991233],[4,9995566,9997223]],[2,9993329
  ,9985580]]]],[4,[4,9985998,[4,9985689,9994124]],[0,[2,9991549,9996554],[0,[2,[4,
  9995552,9997350],9997109],9991651]]]]]],[0,[4,[4,9960607,9981662],[2,9991368,999
  1996]],[0,[1,[2,9997177,[4,9977682,9984767]],[2,[4,[4,9959164,9983176],[2,[4,998
  9232,9990757],[4,9992989,9996614]]],[4,[4,9954255,9977201],[2,[4,9989943,9997500
  ],[0,9985138,9980629]]]]],[2,[0,[4,9997891,[2,9996039,9985108]],9995878],[4,9992
  163,[0,9986141,9957528]]]]]]]],[0,[2,[0,[1,[4,9972575,9954520],[4,[4,9953448,998
  6146],[2,[4,9998339,[2,9981968,9973927]],[4,9975121,9984255]]]],[4,[4,9910645,99
  40417],9998689]],[0,[4,[4,9930039,9964709],[2,9996402,9975632]],[4,9957526,99535
  94]]],[2,9996720,9952792]]],[0,[2,[1,[4,[4,9936808,9973007],[2,[4,9982452,998575
  3],[4,9984032,9985664]]],[4,[4,9978261,[4,9974957,9997519]],[0,[2,[4,9985208,999
  5210],[4,9984184,[1,9955077,9989282]]],[0,[2,[1,[4,9977010,9987789],[4,9998434,[
  0,9993815,9981875]]],[0,[4,9988562,9996800],9992035]],[2,9998809,9980954]]]]],[0
  ,[4,[4,9925549,9975086],[1,9975179,[2,[4,9984743,[1,9960502,9993585]],[4,9979098
  ,9995441]]]],[0,[4,[4,9933682,9984482],[1,9973815,[2,[0,9995951,9972860],9991438
  ]]],[4,9991295,[2,9979427,9960118]]]]],[0,[2,[4,[4,9911727,9948923],[2,9980580,9
  961834]],[4,9963047,9967487]],9971380]]]]],[0,[2,[4,[4,9861966,9870932],9944599]
  ,[4,9932936,9847176]],9875709]]]]]]],[2,[0,[0,[2,9952929,9827614],[4,[1,9935472,
  9818540],[2,[1,[2,9990592,9981332],[0,[4,9960618,9976717],[4,[4,9853750,9977769]
  ,[2,[1,9950230,[2,[4,9960177,9990144],9986944]],[1,9934989,9988670]]]]],[1,99736
  78,[4,9997355,[2,9992423,9950528]]]]]],[0,[4,[4,9281581,[4,9797627,[1,9965018,99
  59159]]],[2,[1,[0,[2,[4,9953435,9756779],[4,9953117,9768689]],9854197],[0,[4,[4,
  9984604,[4,9976257,[0,9974425,9984308]]],[2,[1,[0,9998076,9980453],[0,[2,[4,[4,9
  908567,9962559],[1,9976835,[2,9996971,9992147]]],[4,9996162,[1,9967088,[0,997022
  8,9990856]]]],[2,[0,[4,9991118,[1,9934917,9992955]],[4,9950836,9964039]],[0,9998
  011,9960070]]]],[0,[1,9982827,[0,[2,9988759,9967864],[2,9984622,9946453]]],[1,99
  01222,[0,9982669,9953779]]]]],[2,[4,[4,9874223,9963903],[0,[2,[4,9957615,9956149
  ],9960241],9909697]],[4,9985069,9994032]]]],[0,[1,9993435,[2,[0,[4,9982314,[0,99
  79641,9957900]],[4,9928730,9954505]],[0,9973357,9926749]]],[4,9984584,9994611]]]
  ],[2,[4,9756416,[4,[4,9802903,9860170],9948156]],9994144]]],[0,[2,9996048,980198
  6],[0,[0,[2,9985586,9759760],9949029],9838521]]]]


FAMILY NE; 344 nonempty leaves; 9 empty leaves; 3907 cells.
Rational dictionary:
z0=263/1800
z1=72517/180000
z2=189/1040
z3=71287/65000
z4=7/30
z5=1042667/4000000
z6=3003/10000
z7=15289/40000
z8=0
z9=189/1000
z10=415953/725170
z11=2911671/3276190
z12=9/10
z13=72245634188207/74369782029925
z14=65815321/66598115
z15=26/25
z16=27/25
z17=32939/120000
z18=9283/20000
z19=138651/329390
z20=970557/1105730
z21=99/100
z22=670196059/660313625
z23=2455605403492789586842742174737777/2117772227838611712795467392015325
z24=29/25
z25=166199/260000
z26=5928001/24000000
z27=6771/16000
z28=21648718/22584825
z29=3993791/4068325
z30=599662219129987/598995171166150
z31=46217/43130
z32=243851/720000
z33=1247859/2438510
z34=8735013/9869570
z35=1389908624720943743/1370568692252678245
z36=463987/431300
z37=2754740698651114419088890794323/2376914474660615878524905857175
z38=213449/520000
z39=3092674/5336225
z40=21648718/24353575
z41=65381849/64628530
z42=146549199863808/136186910707745
z43=942493424476453945423/890620859020886437775
z44=128857819/130290575
z45=2559274871526893/2552934576631550
z46=2451239054180789586842742174737777/2113573815038611712795467392015325
z47=595754320229/564221915700
z48=1728001/6000000
z49=1527997/4000000
z50=160143623/162787400
z51=414044457195226/416190293945325
z52=53/50
z53=96613/60000
z54=96749773/97061400
z55=2435219/2426535
z56=1001495982409/953221226475
z57=302103609063740856136582314331/260434339710121427703950270975
z58=286671/160000
z59=12965431443095/12788371184909
z60=261523/130000
z61=2602326591/2600093320
z62=1644100497/1625058325
z63=12110717674042/11527485967515
z64=191251/360000
z65=1247859/1912510
z66=8735013/9787570
z67=415953/425170
z68=46512513/43768700
z69=19789/30000
z70=3705739/18720000
z71=3705739/18000000
z72=138651/197890
z73=970557/1085230
z74=860774464687073/892437384359100
z75=1946819381/1997943450
z76=7473/16000
z77=104195225520154567827343198/104303612165903573925110675
z78=46217/74730
z79=323519/363110
z80=787551/4160000
z81=787551/4000000
z82=11960533/21344900
z83=83723731/97414300
z84=16283244429312/16316124904655
z85=8964137/9509400
z86=12406055226207132581/12426012931112465575
z87=996132007/940712750
z88=508387/502030
z89=582735491/550233250
z90=32085731/32546600
z91=10824359/10850225
z92=227815699708819/214675030288180
z93=128768946601757/121321943059340
z94=2257168368207714/2246390948128075
z95=4944962691743887/4666247416580500
z96=110881/172800
z97=770697/1108810
z98=107387657/149579100
z99=145490282984009/180502185659400
z100=5394879/6033670
z101=751713599/813053700
z102=397778305674811428627949/398276837223621674146200
z103=428719/720000
z104=2068781/3842082
z105=14481467/17534574
z106=933150634/921401925
z107=1247859/1192510
z108=2911671/4287190
z109=549822378782951/682389726420600
z110=20381697/22810330
z111=1509835042862159/1493265938809032
z112=7734997/37440000
z113=7734997/36000000
z114=210569567/299158200
z115=2937483629/3252214800
z116=1473986969/1626107400
z117=2401953853/2378074350
z118=84870019/82223280
z119=26171534956481/32465545338600
z120=1181264227/1177370100
z121=1531067447/1562432400
z122=3755069149/3705248550
z123=107387657/102779100
z124=8368713/8503400
z125=4575483/4376870
z126=2687079093143/2551146216900
z127=21843/40000
z128=10194049098921462233488237/9895558819418494314437075
z129=8799883663211771499933751996451/7599691433803251293046337927975
z130=40409/80000
z131=944201999/922428025
z132=2179231308054528/2133043660367575
z133=416158288/403019525
z134=94239005955181077730071893244017297/81518637950328515284544735555187325
z135=8716925232218112/8456916761129675
z136=34019414/32698475
z137=3842667/16000000
z138=16819/32000
z139=1974671023/1924732925
z140=123551819383424797365952615792787/107011353491796549453407427407575
z141=367034352860224239041371/356852068231172541765950
z142=117005732557142112032233/110503389894381907668650
z143=31319853199737692576690631081339099/27083313177042838428181578518395775
z144=3998219719/3902619275
z145=8765771559211771499933751996451/7566891333803251293046337927975
z146=34019414/32704725
z147=542891527863/513487018450
z148=157/250
z149=397385053/377675975
z150=467891641772928336585160820362291/405961561528386497056173121001975
z151=46963/80000
z152=1833972127/1771831850
z153=128272469/122813650
z154=448441019/432872710
z155=38872327/37126025
z156=73274599931904/68093455311685
z157=177973/480000
z158=90649/160000
z159=970557/1779730
z160=6793899/7658110
z161=4378029665472931/4228458379650775
z162=4441164840543717/4258440833126450
z163=545847/1040000
z164=64946154/69523225
z165=3906838247/3776441650
z166=1525161/1425290
z167=777943525816769/746175324639650
z168=6038890792358285103883734235531517137/5252203149781969917141150203044411325
z169=2038088611/1968097700
z170=18997118500864/18147294602585
z171=986843741/943110325
z172=6114657160979861/5863567509210150
z173=129514709490245692964833/122106787060503197158650
z174=155236155705642778861720273454097/134620785042795499018724373667325
z175=36838206166201266065030503282380371/32146273376380401780198709726189975
z176=490165273/466887725
z177=97203/160000
z178=1874394067/1787674025
z179=6797583661145551534267/6488289433660891674050
z180=7473278895382009185907/7135870197031212561050
z181=3646300587185792801580131341453802131/3196734731982235173775975294356725975
z182=2572995997/2454534425
z183=4062084423359251785003389253597819/3541952773020044642244301080687775
z184=1882331113/1816653710
z185=6086823821/5829614950
z186=463525292460928336585160820362291/401763148728386497056173121001975
z187=582945493/556099475
z188=1032938569/1000860125
z189=497052616/468034525
z190=2910553151737257166644583998817/2511363744601083764348779309325
z191=768505933/734522975
z192=1546337/1457175
z193=83186042202033011545161596928/81253772835479826658702779275
z194=77541/160000
z195=1032076794636964892413370539/1012782039018134330257683125
z196=626353/1440000
z197=3743577/6263530
z198=26205039/29444710
z199=14969134611724965845099914011587031253/12936470510400142969913718975506061425
z200=13852399/72000000
z201=3095175083/3252214800
z202=25964210462654464/25370750283389025
z203=129831429991629570990949423/127328385544068732818765475
z204=975869734579085722214861332939/842587931533694588116259769775
z205=142406986702011/139392610597900
z206=90126140349685033185553/88505963827471483143600
z207=2500280939/2360686750
z208=718787/1440000
z209=4575483/7187870
z210=32028381/35915090
z211=267643519/261637800
z212=1334809957/1260220250
z213=14499437/72000000
z214=121451785/130088592
z215=335589776455046321/328747473939866400
z216=45278339/43078700
z217=51684226607930111/50742550358466000
z218=3481319647/3289520450
z219=491852376110413/476160980136025
z220=124411430546153469608189755392/121163961895317674431506670475
z221=463164247/500567220
z222=41179347/40098830
z223=119296073/112620450
z224=22728001/96000000
z225=171467/320000
z226=3268846962081792/3180751020009175
z227=402163/960000
z228=2357067/4021630
z229=16499469/18551410
z230=1102139750286193624186524831848066792699/955359617115154503609073130903505855
  775
z231=9127093/48000000
z232=1553694233/1668557400
z233=37331168243337361/36221751388818800
z234=6447535211/6192173600
z235=6571378683/6192173600
z236=123322896928615811765952615792787/106791235746787909453407427407575
z237=102058242/98107925
z238=1165465173982571/1132995745793592
z239=1298923/2880000
z240=7903107/12989230
z241=55321749/62124610
z242=727829531/706377060
z243=4830893041/4644130200
z244=9846553657/9288260400
z245=28028317/144000000
z246=657457463/982524600
z247=55659475545733/71352901501200
z248=4602202241/5005672200
z249=125733183969046927/121953661300931400
z250=38896788389672477/37768930789586400
z251=5387574361/5179400700
z252=14291275337446081/13489859617031600
z253=373271304388259/363104415773800
z254=6048627/9097450
z255=63040743/69523225
z256=127021167/139046450
z257=26509622907850069/25846964908551700
z258=2838958889/2680194250
z259=913918464903041/888358183537200
z260=1428557/1351388
z261=39303612579810109/38403434754167550
z262=416383849631129/404954896663300
z263=376037233/354993500
z264=366575568684299/355993809640800
z265=322420111/491262300
z266=8771913/9787570
z267=2256940777/2502836100
z268=5345516891/5179400700
z269=4575483/4307870
z270=843171173/816381600
z271=638644903/608124600
z272=17976721336534909/17472663639788400
z273=3932890247/3715530450
z274=5914348957567406083/5823364446632355215
z275=93680113243245077730071893244017297/80981241111928515284544735555187325
z276=4639011/4534025
z277=287260086698209/270612741949180
z278=343508347/347207200
z279=538266911/525983890
z280=48084621/45679600
z281=34719/40000
z282=4995858/5075825
z283=47484058/46098875
z284=39622785024113/37322699722460
z285=6836992468279/6565758429775
z286=1236010822941/1169455895300
z287=790503/812132
z288=1242219/1207636
z289=539798831/523325600
z290=112929/106876
z291=353902011624694646247/345428126226821863850
z292=6133850431531687/5785001649800500
z293=2125102343/2082434475
z294=2681783663/2617704975
z295=1231356646187/1174671242910
z296=2911671/2847190
z297=1191951709/1161032550
z298=219375390835659/206556863243500
z299=5622368401/5475040575
z300=2068781/1970082
z301=270407/480000
z302=1802463/2704070
z303=12617241/14128490
z304=210041767/204095400
z305=201953/960000
z306=141781627/199438800
z307=729898689145051/909852968560800
z308=992471389/1084071600
z309=97718947892007/94921777140800
z310=747868719/709987000
z311=23153708773/22538883825
z312=99233303/192104100
z313=694633121/876728700
z314=29363743/28471900
z315=11391369821/11109541425
z316=2961119/2880000
z317=435162966/446195825
z318=14906167646329233/14552166881585725
z319=598016562/579608275
z320=39651134065743161/38663392687494624
z321=178021/320000
z322=7644337519/7393129550
z323=8660803095489909/8307933506231650
z324=194549/416000
z325=184844231/291823500
z326=2570797667/2837529000
z327=1293909617/1418764500
z328=9034371598910368/8764023946322525
z329=3308437093/3175963675
z330=6743912733/6351927350
z331=19088681555732693/18510866015383150
z332=3493997533/3354387175
z333=7122170553/6708774350
z334=3092674/4863725
z335=27524468646473/36091582640900
z336=85860371/94584300
z337=21648718/23646075
z338=3702721763/3580175800
z339=59701973808521/57246789709300
z340=1730006957/1627920275
z341=871828162598360100778734137554134331733/7572701430683904317058052909949433894
  25
z342=4684092431010577/4492151313697950
z343=36983681263769497/35856076427237600
z344=3400138989/3255840550
z345=6916446783/6511681100
z346=39023557979593411/37821712672713800
z347=3585699429/3434264050
z348=7294704603/6868528100
z349=31020185261/29998332550
z350=35222524502724351/33788673220051250
z351=466800054444928336585160820362291/404911958328386497056173121001975
z352=275163473/437735250
z353=1926144311/2128146750
z354=6087609463/5886175500
z355=9920587157/9527891025
z356=10105354732/9527891025
z357=10477268477/10063161525
z358=10672741462/10063161525
z359=2059212647442071407/1996397134514492400
z360=5089694116/4883760825
z361=10364155807/9767521650
z362=7312308367/7063770600
z363=5368034776/5151396075
z364=10931542537/10302792150
z365=546121199/875470500
z366=3822848393/4256293500
z367=29475773/28562050
z368=10158359497/9767521650
z369=20707282879/19535043300
z370=10715040817/10302792150
z371=91458845106244083/86335764881017820
z372=40346583797/38750285625
z373=41098446136/38750285625
z374=4863846559/4709480400
z375=11033949797/10598432025
z376=480069809147085092/452949072011356825
z377=5646375436/5419031325
z378=251685033362849671/237366530745241850
z379=44800034357/43032449625
z380=7923888766607088041/7478533152483864625
z381=7383/12800
z382=7574782501/7320105350
z383=3546280939/3335717425
z384=7983015469/7712637050
z385=3735409849/3514140925
z386=25927737/25037930
z387=3486406014/3335717425
z388=7088980833/6671434850
z389=3671966454/3514140925
z390=7467238653/7028281850
z391=276575767/267137825
z392=39484217/37126025
z393=1434082244058069138063259/1249173475599445647571775
z394=1910838437/1797008900
z395=2033286541/1962058500
z396=3572673039/3415594300
z397=7261514883/6831188600
z398=12217979000835377/11790812921257200
z399=3758233479/3594017800
z400=7639772703/7188035600
z401=32374897061/31276362550
z402=14410799492/13555776875
z403=6021006225576333103883734235531517137/5235006450953169917141150203044411325
z404=1759896281/1699540090
z405=3924538759/3692564425
z406=1002701446/943110325
z407=7128152161/6883323230
z408=15923830772/14983164875
z409=10438189307/10007152275
z410=10622956882/10007152275
z411=10994870627/10542422775
z412=11190343612/10542422775
z413=425686897/412157450
z414=10417160572/10007152275
z415=21224885029/20014304550
z416=10973841892/10542422775
z417=192015151972072611/181178840584529890
z418=5348495191/5123391450
z419=10881757957/10246782900
z420=5626835851/5391026700
z421=11449144687/10782053400
z422=109678243/106111550
z423=10675961647/10246782900
z424=21742487179/20493565800
z425=11232642967/10782053400
z426=50333279355894639/47472580373034160
z427=42416992397/40667330625
z428=43168854736/40667330625
z429=390468247/376758432
z430=11551551947/11077693275
z431=527221583534117342/497027476182391825
z432=5905176511/5658661950
z433=5995916951873251/5650351261816100
z434=46870442957/44949494625
z435=8689853971234807241/8194671689495034625
z436=4358462616109056/4228458379650775
z437=2001040552931460367961244745177172379/1739269917374789972380383401014803775
z438=3745859399189047/3624340053441650
z439=28197303786060581/27384931695519325
z440=6185934703/5839649750
z441=1391357/2880000
z442=8735013/13913570
z443=24279247917417/31201974588775
z444=61145091/68594990
z445=55993319082458/54308296019725
z446=3177636839/2999701750
z447=5735071/28800000
z448=649045969/982524600
z449=9048426763/10011344400
z450=4543321783/5005672200
z451=11229664667/10838062650
z452=86073629/81535700
z453=93544525112387389/90831445909312625
z454=25186573997/23784413350
z455=1169056474244012/1133780442938275
z456=5604317966/5419031325
z457=6160999286/5954301825
z458=322420111/304062300
z459=31421992273813481/30438358747374325
z460=6524612653/6159157250
z461=11488465742/11077693275
z462=15053207/24318625
z463=105372449/118230375
z464=985387789772038/953416998713975
z465=1673487907/1579727750
z466=4137242918987257/4002995936270150
z467=1747712083/1651097150
z468=11747266817/11317323900
z469=104041017726045949/100769859710242625
z470=26541285797/25062443350
z471=34460094116488661/33379901738577325
z472=4528626438785467/4381651819098650
z473=6102029479/6504429600
z474=12860629457/12387864900
z475=1281495553/1216249200
z476=22791487040154953/22073962674474925
z477=5863119041/5658661950
z478=6419800361/6193932450
z479=56274123612019027/54647197302925200
z480=4158675547/3928535450
z481=1728368168746397/1675668613905925
z482=4384460847/4141540450
z483=693470544009007/661215457879300
z484=191129/320000
z485=7913460451/7639612850
z486=6404769540910271/6119689168688900
z487=3718814989/3495471175
z488=8321693419/8032144550
z489=6730479063724931/6432063754466900
z490=3907943899/3673894675
z491=4073827381/3924117000
z492=3658940064/3495471175
z493=7434048933/6990942350
z494=2441519509/2354590200
z495=3844500504/3673894675
z496=7812306753/7347789350
z497=3276690254191873/3129766723920700
z498=1902541007/1787674025
z499=531425186927824579618576370973673800017/4647292981689411893263589404945463793
  25
z500=3745207089/3575348050
z501=7606582983/7150696100
z502=4890293317/4709180400
z503=3930767529/3753771550
z504=7984840803/7507543100
z505=33729608861/32554392550
z506=26007726861208591/24851503485572500
z507=15100935692/14194791875
z508=36698482988217266065030503282380371/32011924166780401780198709726189975
z509=1827631871/1763441590
z510=7056188586539591/6744438340244900
z511=4097072809/3852318175
z512=2059954507/1966097525
z513=2091669917/1966097525
z514=7399094521/7138929230
z515=28613403043725871/27350500171796500
z516=16613966972/15622179875
z517=10955791457/10486413525
z518=11140559032/10486413525
z519=11512472777/11021684025
z520=11707945762/11021684025
z521=10934762722/10486413525
z522=22260089329/20972827050
z523=11491444042/11021684025
z524=30124512366715143/28400853212122270
z525=5607296266/5363022075
z526=11399360107/10726044150
z527=5885636926/5630657325
z528=11966746837/11261314650
z529=11193563797/10726044150
z530=22777691479/21452088300
z531=11750245117/11261314650
z532=110315279701177473/103962896781343820
z533=44487400997/42584375625
z534=45239263336/42584375625
z535=12069154097/11556954525
z536=576578394840364592/543147581204551825
z537=6163977586/5898292575
z538=301041844669096921/283486635767401850
z539=48940851557/46866539625
z540=9491099766569966441/8943477440124204625
z541=197683/320000
z542=3835055159/3655224925
z543=3891349039/3655224925
z544=3831474114/3655224925
z545=7779117033/7310449850
z546=497202008/466887725
z547=408808980781740712272881023572884108051/3594806702788578554076560548042104379
  75
z548=27196614600996391/25970257718792500
z549=15791071892/14833806875
z550=3628416020403840801580131341453802131/3179538033153435173775975294356725975
z551=536555383/511493600
z552=1088968471/1022987200
z553=11473393607/10965674775
z554=11658161182/10965674775
z555=11452364872/10965674775
z556=23295293629/21931349550
z557=5866097341/5602652700
z558=11916962257/11205305400
z559=46557809597/44501420625
z560=47309671936/44501420625
z561=6422778661/6137923200
z562=81843507002907949/77019490979206400
z563=1225365063/1182714850
z564=2496923888/2348031925
z565=4498469904778333/4297271235499900
z566=2611946588/2454534425
z567=1203510484540629600526710447151267377/1054113778108211724591991764785575325
z568=1589540212/1522535525
z569=3233878579/3045071050
z570=451739047/436734950
z571=3637911329/3495471175
z572=479978515061295653/452919717722271625
z573=3823471769/3673894675
z574=75184684188672617/71002133030305675
z575=12006067892/11556954525
z576=1862089177/1787674025
z577=125817021185052782/118673283195294625
z578=12264868967/11796585150
z579=1841020433/1779694750
z580=14773057039/14194791875
z581=7922316367277162669/7477950741844680625
z582=4009032209/3852318175
z583=5505027296535533/5205976553876900
z584=13119430532/12627495525
z585=2047649617/1966097525
z586=2810647429230979/2656960602114700
z587=16257540559/15622179875
z588=22324251289366741/21111626416916500
z589=6121920116/5898292575
z590=6678601436/6433563075
z591=3810445379/3655224925
z592=527108913648930353/496976973052866625
z593=11410307402/10965674775
z594=37764010367424443/35763758750078700
z595=974178101/933775450
z596=34468812611715833/32485702408583500
z597=15463193239/14833806875
z598=8687939559114521069/8193750897408810625
z599=4181566259/4012071925
z600=5737562420388383/5421865854581900
z601=1066958321/1022987200
z602=731728747789351/691226313116800
z603=16947676759/16261194875
z604=23254391784778141/21975183619736500
z605=17158140691820773/16597469379548325
z606=4610246147/4354545450
z607=2556589477/2454534425
z608=237581045400775297/224224196348984825
z609=17341888690154821/16839795709847280
z610=7778723693/7513141750
z611=36279313454265266065030503282380371/31608876537980401780198709726189975
z612=154328948/145140059
z613=34306779639880571/33179100942933925
z614=41055144902072531/39705135293895925
z615=419810989/396748550
z616=1005799065255936/972903553822775
z617=5412675591540607/5192901433429950
z618=663686753880503/625132051389860
z619=504404690271343/486451776841075
z620=40895131725568991/38509853144262025
z621=357990983/365459400
z622=562557259/543436200
z623=6461857831/6193932450
z624=35968890939593183/33952362809162400
z625=7410023279952631/7109550460810650
z626=4554127925059189/4291795946204700
z627=8716925232218112/8419287818217175
z628=449655631423489/435048876400600
z629=232651036357457/224944606647800
z630=24331229/22839800
z631=353461717/365459400
z632=44574929/42985050
z633=861317431/822232800
z634=17350255/16444656
z635=613178331783579/593250520800200
z636=1229276755215093/1186918758654400
z637=5602001/5343800
z638=420785777/405657250
z639=2245514947/2144521025
z640=177298292263683539/166850789074651225
z641=1127730907/1086872400
z642=6720658906/6433563075
z643=74769172933499941/70531821081784800
z644=11972957303430929/11260786924064725
z645=190800817/183931550
z646=3067823837/2930330425
z647=30152146582018487/28391300442157675
z648=51978901/49639325
z649=2805915792481/2652626249350
z650=4459096596159251785003389253597819/3846060293020044642244301080687775
z651=2233210057/2144521025
z652=599381852/577238775
z653=74992443487849/70841440242720
z654=1070987273494827/1016096063128400
z655=154717438686997919261625122316698283109/1334021151784495717772630364799123130
  25
z656=3051417317/2930330425
z657=11135726021131/10610504997400
z658=4456339627711251785003389253597819/3846060293020044642244301080687775
z659=103789374941409443/97843754476066375
z660=5306868047/5123391450
z661=999031183748661/940532219621500
z662=79553591/122815575
z663=556875137/625709025
z664=11219081809/10838062650
z665=12440347/11925100
z666=6139970551/5954301825
z667=5281662766602482/4994495945367525
z668=1802463/1744070
z669=3160813851/2999701750
z670=5863549367/5658661950
z671=6420230687/6193932450
z672=3254938520366/3077186491575
z673=141781627/137038800
z674=1665076413/1579727750
z675=25224117373/24455928825
z676=4192951321/3975850150
z677=997363549/947836650
z678=560280402077343/527418493134500
z679=12235115659/11796585150
z680=6938352390509059/6539114397658500
z681=13348478299/12867126150
z682=79553591/76015575
z683=5798147956723382/5480246871953775
z684=104669539/163754100
z685=732686773/834278700
z686=18081479/17440700
z687=3499491801/3319209250
z688=284301979/274077600
z689=759277701/720937370
z690=1818388316248621/1713460596241500
z691=1514097637945958/1430780583811725
z692=458603847/434870375
z693=4974765341/4795086150
z694=9543355710170399/8998448925636900
z695=2350484123/2227555700
z696=549483467/521844450
z697=12426574121/12068063925
z698=3827834550340377/3609582534207100
z699=27009428303/26053172850
z700=392177548360407/369709236436100
z701=472777217/457201150
z702=18100310839/17180843650
z703=87799271/91364850
z704=579507179/558805650
z705=1410089558086193/1334565619157100
z706=637832112/616474525
z707=68093303317/65173652775
z708=4994387638061/4734850937916
z709=1479626041606785009755482461086873/1275734745385159491168519363005925
z710=2314081/2880000
z711=312872784/332964175
z712=44943109/43452025
z713=5877507857/5595616050
z714=765809589246109/724435192902300
z715=244014769619/231207177828
z716=120236361383467798195091509847141113/103843627911541205340596129178569925
z717=3192762391/3037438650
z718=1532784053053497376536189628012834469/1321903572859635669427749679321409025
z719=17915228981/17308750425
z720=1191637305862921/1128587039787900
z721=175994109594056/172544538513225
z722=153052981049642778861720273454097/132521578642795499018724373667325
z723=350885197/339778989
z724=414566284731021/391425525651820
z725=502463827230507499911613/487217175994268173290850
z726=111463111416033/107060332209425
z727=1972561/1440000
z728=1361234953708392/1322180972177915
z729=2164369855981356125202363554903261/1867088720756341487243416857675225
z730=978896013529741/928696128567900
z731=19463155209560205126821271994129349/16803798486807073385190751719077025
z732=36926880908503686085773749/35769127704225324570964250
z733=214250952244082/205804448247475
z734=342667/1000000
z735=927999/2000000
z736=8310038937264337/8129048101671450
z737=91717/40000
z738=21902639/21522835
z739=6185348/5888075
z740=21806044/18801725
z741=1128766479/1126017800
z742=142846917/140752225
z743=269552582/236085175
z744=594007/240000
z745=538428449563251/514085461243850
z746=464642789995059/440171843409050
z747=39993611628584343166379591984621/34536410079814088936534131021225
z748=439001/120000
z749=355340861/346300825
z750=16105118411044/15407637920475
z751=459761042/407427925
z752=516671/720000
z753=671543/3120000
z754=441841/480000
z755=671543/3000000
z756=3703239/5166710
z757=25922673/28966970
z758=61611858/65322175
z759=5330153/5583475
z760=8801694/8646025
z761=3439397/4985970
z762=24075779/27101790
z763=138651/137890
z764=1410283/1378900
z765=27296438513923/26924681558775
z766=1779356/1729205
z767=939007/1080000
z768=7030863/9390070
z769=49216041/54930490
z770=250271203/260405400
z771=3978193/4069685
z772=603211918585866059300883169/607874391096385083735027375
z773=35753029/34972200
z774=128307/80000
z775=48989943606761/49892706156315
z776=12091559/12259599
z777=28423863/28586440
z778=1732972/1684605
z779=12081521/11727850
z780=34186893/32517850
z781=46150013/44020850
z782=75789527/73466850
z783=1358347003/1297957150
z784=117518681477753029499138775953863/101325409439442266809602393063675
z785=6599/5625
z786=415953/527920
z787=2911671/3245440
z788=801516287/785025900
z789=146348293/141313800
z790=356461/120000
z791=8596443/8411525
z792=17240429/16623050
z793=454324806/407427925
z794=47559/16250
z795=38417/10000
z796=56737/72000
z797=164951/180000
z798=334829/1440000
z799=135697/288000
z800=4352777/18000000
z801=584537/2340000
z802=20309/28800
z803=584537/2250000
Written witnesses:
Leaf R00000000 B=[z0,z1,z2,z3,z4,z5,z6,z7,z8,z8,z8,z8] h=z9 horizon=27 mass=z4.
Cells
  z10:B1:20428244;z11:0:Nlo:348388507;z12:0:Nhi:24108281;z13:0:Nhi:201713465;z14:D
  1:Nlo:51750419;z15:D1:Nhi:110884472;z16:D1:Nhi:62693476.
Sum=819966864; test 819966864/1000000000+(1-z4)^7 <= 9756517/10000000.
Leaf R000000010 B=[z0,z17,z2,z3,z4,z5,z7,z18,z8,z8,z8,z8] h=z9 horizon=29 mass=z7.
Cells
  z19:B1:2341468;z20:0:Nlo:308412697;z12:0:Nhi:45918560;z21:0:Nhi:270715745;z22:B1
  1/25:78109437;z15:D1:Nhi:70059469;z16:D1:Nhi:73079202;z23:D1:C:105668356;z24:D1:
  C:435519.
Sum=954740453; test 954740453/1000000000+(1-z7)^7 <= 9890815/10000000.
Leaf R000000011000 B=[z17,z1,z2,z25,z4,z26,z7,z27,z8,z8,z8,z8] h=z9 horizon=29
  mass=z7.
Cells
  z10:B1:20428244;z11:0:Nlo:348388506;z12:0:Nhi:24108281;z28:0:Nhi:157715061;z29:1
  :Nhi:77671628;z21:D1:Nhi:28723150;z30:B11/25:33332652;z15:D1:Nhi:97041063;z31:D1
  :Nhi:55583954;z16:D1:C:11961521;z23:D1:C:105668356;z24:D1:C:435519.
Sum=961057935; test 961057935/1000000000+(1-z7)^7 <= 9953989/10000000.
Leaf R0000000110010 B=[z17,z32,z2,z25,z4,z26,z27,z18,z8,z8,z8,z8] h=z9 horizon=29
  mass=z27.
Cells
  z33:B1:9189394;z34:0:Nlo:337118544;z12:0:Nhi:31621059;z28:0:Nhi:157715061;z21:1:
  Nhi:108221252;z35:B11/25:75236492;z15:D1:Nhi:72454638;z36:D1:Nhi:67116782;z16:D1
  :C:5860147;z37:D1:C:104919978;z24:D1:C:800083.
Sum=970253430; test 970253430/1000000000+(1-z27)^7 <= 9914978/10000000.
Leaf R00000001100110 B=[z32,z1,z2,z38,z4,z26,z27,z18,z8,z8,z8,z8] h=z9 horizon=29
  mass=z27.
Cells
  z10:B1:20428244;z39:0:Nlo:1535183;z40:1:Nlo:324894475;z21:1:Nhi:281456163;z41:B1
  1/25:67072227;z15:D1:Nhi:80386229;z42:D1:Nhi:67555376;z16:D1:C:5424967;z37:D1:C:
  104919979;z24:D1:C:800083.
Sum=954472926; test 954472926/1000000000+(1-z27)^7 <= 9757173/10000000.
Leaf R00000001100111 B=[z32,z1,z38,z25,z4,z26,z27,z18,z8,z8,z8,z8] h=z9 horizon=29
  mass=z27.
Cells
  z10:B1:20428244;z11:0:Nlo:348388506;z12:0:Nhi:24108281;z28:0:Nhi:157448337;z21:1
  :Nhi:108221252;z35:B11/25:75236492;z15:D1:Nhi:72454638;z43:D1:Nhi:38119591;z16:D
  1:C:33816471;z37:D1:C:88596316;z24:D1:C:604520.
Sum=967422648; test 967422648/1000000000+(1-z27)^7 <= 9886670/10000000.
Leaf R00000001101 B=[z17,z1,z2,z25,z26,z5,z7,z18,z8,z8,z8,z8] h=z9 horizon=29
  mass=z7.
Cells
  z10:B1:20428244;z11:0:Nlo:348388506;z12:0:Nhi:24108281;z28:0:Nhi:157715061;z44:1
  :Nhi:104485867;z21:D1:Nhi:3704164;z45:B11/25:37597755;z15:D1:Nhi:97212234;z31:D1
  :Nhi:53598711;z16:D1:C:10689058;z46:D1:C:82139576;z24:D1:C:175255.
Sum=940242712; test 940242712/1000000000+(1-z7)^7 <= 9745837/10000000.
Leaf R0000000111 B=[z17,z1,z25,z3,z4,z5,z7,z18,z8,z8,z8,z8] h=z9 horizon=29
  mass=z7.
Cells
  z10:B1:20428244;z11:0:Nlo:348388507;z12:0:Nhi:24108281;z21:0:Nhi:269307982;z22:B
  11/25:78109437;z15:D1:Nhi:70059469;z47:D1:Nhi:33641528;z16:D1:C:36379173;z23:D1:
  C:75054534;z24:D1:C:248341.
Sum=955725496; test 955725496/1000000000+(1-z7)^7 <= 9900665/10000000.
Leaf R0000001 B=[z0,z1,z2,z3,z5,z48,z49,z18,z8,z8,z8,z8] h=z9 horizon=29 mass=z49.
Cells
  z10:B1:20428244;z11:0:Nlo:348388507;z12:0:Nhi:24108281;z50:0:Nhi:246638010;z21:D
  1:Nlo:22237226;z51:B11/25:14254598;z15:D1:Nhi:105443520;z52:D1:Nhi:31792544;z16:
  D1:C:24420396;z24:D1:C:63430205.
Sum=901141531; test 901141531/1000000000+(1-z49)^7 <= 9355705/10000000.
Leaf R00000100 B=[z0,z1,z3,z53,z4,z5,z6,z7,z8,z8,z8,z8] h=z9 horizon=29 mass=z6.
Cells
  z10:B1:20428244;z11:0:Nlo:348388506;z12:0:Nhi:24108281;z21:0:Nhi:270715747;z54:B
  11/25:20097285;z55:D1:Nlo:17674325;z15:D1:Nhi:74515290;z56:D1:Nhi:18176589;z16:D
  1:C:36828963;z57:D1:C:52973919;z24:D1:C:376.
Sum=883907525; test 883907525/1000000000+(1-z6)^7 <= 9660151/10000000.
Leaf R00000101 B=[z0,z1,z3,z58,z4,z5,z7,z18,z8,z8,z8,z8] h=z9 horizon=29 mass=z7.
Cells
  z10:B1:20428244;z11:0:Nlo:348388506;z12:0:Nhi:24108281;z21:0:Nhi:270715746;z59:B
  11/25:74347826;z15:D1:Nhi:74436368;z56:D1:Nhi:23274019;z16:D1:C:42821252;z23:D1:
  C:52766379;z24:D1:C:133699.
Sum=931420320; test 931420320/1000000000+(1-z7)^7 <= 9657613/10000000.
Leaf R0000011 B=[z0,z1,z3,z60,z5,z48,z49,z18,z8,z8,z8,z8] h=z9 horizon=29
  mass=z49.
Cells
  z10:B1:20428244;z11:0:Nlo:348388506;z12:0:Nhi:24108281;z21:0:Nhi:270715746;z61:B
  11/25:32543546;z62:D1:Nlo:34200263;z15:D1:Nhi:60386687;z63:D1:Nhi:17639010;z16:D
  1:C:31620651;z24:D1:C:30747543.
Sum=870778477; test 870778477/1000000000+(1-z49)^7 <= 9052074/10000000.
Leaf R000010000 B=[z1,z64,z2,z3,z4,z5,z6,z7,z8,z8,z8,z8] h=z9 horizon=27 mass=z4.
Cells
  z65:B1:50342249;z66:0:Nlo:345929720;z12:0:Nhi:16340436;z67:0:Nhi:224341523;z14:D
  1:Nlo:28435790;z15:D1:Nhi:110884474;z68:D1:Nhi:37519556;z16:D1:C:25147726.
Sum=838941474; test 838941474/1000000000+(1-z4)^7 <= 9946263/10000000.
Leaf R000010001 B=[z64,z69,z70,z3,z4,z5,z6,z7,z8,z8,z8,z8] h=z71 horizon=27
  mass=z4.
Cells
  z72:B1:82888468;z73:0:Nlo:329692433;z12:0:Nhi:12357823;z74:0:Nhi:175959145;z75:D
  1:Nlo:30545992;z15:D1:Nhi:145342614;z16:D1:C:55565179.
Sum=832351654; test 832351654/1000000000+(1-z4)^7 <= 9880365/10000000.
Leaf R00001001000000 B=[z1,z76,z2,z38,z4,z26,z7,z27,z8,z8,z8,z8] h=z9 horizon=29
  mass=z7.
Cells
  z39:B1:21963427;z40:1:Nlo:324894474;z29:1:Nhi:251242257;z21:D1:Nhi:28403095;z77:
  B11/25:26700643;z15:D1:Nhi:103048364;z16:D1:Nhi:67675021;z23:D1:C:105668356;z24:
  D1:C:435519.
Sum=930031156; test 930031156/1000000000+(1-z7)^7 <= 9643722/10000000.
Leaf R00001001000001 B=[z1,z76,z38,z25,z4,z26,z7,z27,z8,z8,z8,z8] h=z9 horizon=29
  mass=z7.
Cells
  z78:B1:34605680;z79:0:Nlo:349960799;z12:0:Nhi:19478799;z28:0:Nhi:157180936;z29:1
  :Nhi:77671630;z21:D1:Nhi:28723150;z30:B11/25:33332652;z15:D1:Nhi:97041065;z68:D1
  :Nhi:41546501;z16:D1:C:24572460;z23:D1:C:89174778;z24:D1:C:331022.
Sum=953619472; test 953619472/1000000000+(1-z7)^7 <= 9879605/10000000.
Leaf R00001001000010 B=[z76,z64,z80,z38,z4,z26,z7,z27,z8,z8,z8,z8] h=z81
  horizon=29 mass=z7.
Cells
  z82:B1:17345822;z83:1:Nlo:256588460;z29:1:Nhi:302498479;z21:D1:Nhi:28197835;z84:
  B11/25:23721790;z15:D1:Nhi:105183959;z52:D1:Nhi:36875083;z16:D1:C:28689303;z23:D
  1:C:97648642;z24:D1:C:399326.
Sum=897148699; test 897148699/1000000000+(1-z7)^7 <= 9314897/10000000.
Leaf R00001001000011 B=[z76,z64,z38,z25,z4,z26,z7,z27,z8,z8,z8,z8] h=z81
  horizon=29 mass=z7.
Cells
  z65:B1:50342249;z66:0:Nlo:345929720;z12:0:Nhi:16340436;z85:0:Nhi:108592413;z29:1
  :Nhi:124427113;z21:D1:Nhi:28519885;z86:B11/25:24968164;z15:D1:Nhi:104466534;z87:
  D1:Nhi:34972222;z16:D1:C:28758714;z23:D1:C:82700001;z24:D1:C:305152.
Sum=950322603; test 950322603/1000000000+(1-z7)^7 <= 9846636/10000000.
Leaf R00001001000100 B=[z1,z76,z2,z38,z4,z26,z27,z18,z8,z8,z8,z8] h=z9 horizon=29
  mass=z27.
Cells
  z39:B1:21963427;z40:1:Nlo:324894474;z21:1:Nhi:281456166;z41:B11/25:67072227;z15:
  D1:Nhi:80386231;z16:D1:Nhi:73079203;z37:D1:C:104919979;z24:D1:C:800083.
Sum=954571790; test 954571790/1000000000+(1-z27)^7 <= 9758162/10000000.
Leaf R00001001000101 B=[z1,z76,z38,z25,z4,z26,z27,z18,z8,z8,z8,z8] h=z9 horizon=29
  mass=z27.
Cells
  z78:B1:34605680;z79:0:Nlo:349960799;z12:0:Nhi:19478799;z28:0:Nhi:157180936;z21:1
  :Nhi:108221254;z35:B11/25:75236492;z15:D1:Nhi:72454640;z68:D1:Nhi:46071361;z16:D
  1:C:25629192;z37:D1:C:88596315;z24:D1:C:604520.
Sum=978039988; test 978039988/1000000000+(1-z27)^7 <= 9992843/10000000.
Leaf R00001001000110 B=[z76,z64,z80,z38,z4,z26,z27,z18,z8,z8,z8,z8] h=z81
  horizon=29 mass=z27.
Cells
  z82:B1:17345822;z83:1:Nlo:256588460;z21:1:Nhi:332496829;z88:B11/25:70405248;z15:
  D1:Nhi:76421254;z52:D1:Nhi:41067607;z16:D1:C:30117741;z37:D1:C:96959054;z24:D1:C
  :732061.
Sum=922134076; test 922134076/1000000000+(1-z27)^7 <= 9433784/10000000.
Leaf R00001001000111 B=[z76,z64,z38,z25,z4,z26,z27,z18,z8,z8,z8,z8] h=z81
  horizon=29 mass=z27.
Cells
  z65:B1:50342249;z66:0:Nlo:345929720;z12:0:Nhi:16340436;z85:0:Nhi:108592413;z21:1
  :Nhi:154763252;z88:B11/25:70405252;z15:D1:Nhi:76667104;z89:D1:Nhi:39303357;z16:D
  1:C:30016386;z37:D1:C:82164186;z24:D1:C:556148.
Sum=975080503; test 975080503/1000000000+(1-z27)^7 <= 9963249/10000000.
Leaf R00001001001 B=[z1,z64,z2,z25,z26,z5,z7,z18,z8,z8,z8,z8] h=z9 horizon=29
  mass=z7.
Cells
  z65:B1:50342249;z66:0:Nlo:345929719;z12:0:Nhi:16340436;z28:0:Nhi:157180936;z44:1
  :Nhi:104485869;z21:D1:Nhi:3704164;z45:B11/25:37597755;z15:D1:Nhi:97212237;z68:D1
  :Nhi:40577167;z16:D1:C:23796897;z46:D1:C:82139578;z24:D1:C:175255.
Sum=959482262; test 959482262/1000000000+(1-z7)^7 <= 9938233/10000000.
Leaf R000010010100 B=[z1,z64,z25,z3,z4,z26,z7,z27,z8,z8,z8,z8] h=z9 horizon=29
  mass=z7.
Cells
  z65:B1:50342249;z66:0:Nlo:345929720;z12:0:Nhi:16340436;z90:0:Nhi:252030940;z21:D
  1:Nlo:15820591;z91:B11/25:22601098;z15:D1:Nhi:108753267;z92:D1:Nhi:39022012;z16:
  D1:C:25350400;z23:D1:C:75054535;z24:D1:C:248341.
Sum=951493589; test 951493589/1000000000+(1-z7)^7 <= 9858346/10000000.
Leaf R000010010101 B=[z1,z64,z25,z3,z4,z26,z27,z18,z8,z8,z8,z8] h=z9 horizon=29
  mass=z27.
Cells
  z65:B1:50342249;z66:0:Nlo:345929720;z12:0:Nhi:16340436;z21:0:Nhi:267889356;z22:B
  11/25:78109437;z15:D1:Nhi:70059471;z93:D1:Nhi:43674272;z16:D1:C:26261216;z37:D1:
  C:74612545;z24:D1:C:450659.
Sum=973669361; test 973669361/1000000000+(1-z27)^7 <= 9949137/10000000.
Leaf R00001001011 B=[z1,z64,z25,z3,z26,z5,z7,z18,z8,z8,z8,z8] h=z9 horizon=29
  mass=z7.
Cells
  z65:B1:50342249;z66:0:Nlo:345929720;z12:0:Nhi:16340436;z21:0:Nhi:267889356;z94:B
  11/25:44882432;z15:D1:Nhi:90634378;z95:D1:Nhi:35735660;z16:D1:C:25292034;z46:D1:
  C:57862937;z24:D1:C:97490.
Sum=935006692; test 935006692/1000000000+(1-z7)^7 <= 9693477/10000000.
Leaf R000010011000 B=[z64,z96,z70,z25,z4,z26,z7,z27,z8,z8,z8,z8] h=z71 horizon=29
  mass=z7.
Cells
  z97:B1:78376479;z98:0:Nlo:19930372;z99:1:Nlo:120773346;z100:0:Nlo:190935011;z12:
  0:Nhi:12794100;z101:0:Nhi:58920441;z29:1:Nhi:171755738;z21:D1:Nhi:28286753;z102:
  B11/25:26050396;z15:D1:Nhi:102455933;z16:D1:C:61355079;z23:D1:C:89136504;z24:D1:
  C:361186.
Sum=961131338; test 961131338/1000000000+(1-z7)^7 <= 9954723/10000000.
Leaf R00001001100100 B=[z64,z103,z70,z38,z4,z26,z27,z18,z8,z8,z8,z8] h=z71
  horizon=29 mass=z27.
Cells
  z104:B1:13123064;z105:1:Nlo:194123217;z21:1:Nhi:378187422;z106:B11/25:70698667;z
  15:D1:Nhi:75450633;z107:D1:Nhi:14225714;z16:D1:C:53329402;z37:D1:C:88509153;z24:
  D1:C:660524.
Sum=888307796; test 888307796/1000000000+(1-z27)^7 <= 9095522/10000000.
Leaf R00001001100101 B=[z64,z103,z38,z25,z4,z26,z27,z18,z8,z8,z8,z8] h=z71
  horizon=29 mass=z27.
Cells
  z108:B1:66647981;z98:0:Nlo:31657529;z109:1:Nlo:120226646;z110:0:Nlo:186789860;z1
  2:0:Nhi:14072844;z101:0:Nhi:58920441;z21:1:Nhi:201847038;z111:B11/25:65225462;z1
  5:D1:Nhi:81201411;z107:D1:Nhi:14215469;z16:D1:C:51170778;z37:D1:C:75314972;z24:D
  1:C:505024.
Sum=967795455; test 967795455/1000000000+(1-z27)^7 <= 9890398/10000000.
Leaf R0000100110011 B=[z103,z96,z112,z25,z4,z26,z27,z18,z8,z8,z8,z8] h=z113
  horizon=29 mass=z27.
Cells
  z97:B1:78376479;z114:0:Nlo:7221371;z100:1:Nlo:316697817;z12:0:Nhi:12794100;z115:
  0:Nhi:7231651;z116:1:Nlo:7260149;z21:1:Nhi:243159710;z117:B11/25:61766600;z118:D
  1:Nhi:65161649;z15:D1:C:18760270;z16:D1:C:62484281;z37:D1:C:80682313;z24:D1:C:59
  4930.
Sum=962191320; test 962191320/1000000000+(1-z27)^7 <= 9834357/10000000.
Leaf R00001001101 B=[z64,z69,z70,z25,z26,z5,z7,z18,z8,z8,z8,z8] h=z71 horizon=29
  mass=z7.
Cells
  z72:B1:82888468;z98:0:Nlo:15418452;z119:1:Nlo:120959584;z73:0:Nlo:192422724;z12:
  0:Nhi:12357823;z101:0:Nhi:58920441;z44:1:Nhi:198167649;z21:D1:Nhi:3648540;z120:B
  11/25:40179932;z15:D1:Nhi:93002325;z16:D1:C:57987412;z46:D1:C:68792410;z24:D1:C:
  144222.
Sum=944889982; test 944889982/1000000000+(1-z7)^7 <= 9792310/10000000.
Leaf R0000100111 B=[z64,z69,z25,z3,z4,z5,z7,z18,z8,z8,z8,z8] h=z71 horizon=29
  mass=z7.
Cells
  z72:B1:82888468;z73:0:Nlo:329692433;z12:0:Nhi:12357823;z121:0:Nhi:229060743;z21:
  1:Nhi:37075668;z122:B11/25:73013269;z15:D1:Nhi:73881289;z123:D1:Nhi:10830749;z16
  :D1:C:52273319;z23:D1:C:63503013;z24:D1:C:206584.
Sum=964783358; test 964783358/1000000000+(1-z7)^7 <= 9991244/10000000.
Leaf R0000101 B=[z1,z69,z2,z3,z5,z48,z49,z18,z8,z8,z8,z8] h=z9 horizon=29
  mass=z49.
Cells
  z72:B1:82888468;z73:0:Nlo:329692433;z12:0:Nhi:12357823;z124:0:Nhi:245740337;z21:
  D1:Nlo:20695400;z51:B11/25:14254598;z15:D1:Nhi:105443521;z68:D1:Nhi:35541555;z16
  :D1:C:20663508;z24:D1:C:63430207.
Sum=930707850; test 930707850/1000000000+(1-z49)^7 <= 9651368/10000000.
Leaf R00001100 B=[z1,z69,z3,z53,z4,z5,z6,z7,z8,z8,z8,z8] h=z9 horizon=29 mass=z6.
Cells
  z72:B1:82888468;z73:0:Nlo:329692432;z12:0:Nhi:12357823;z124:0:Nhi:245740337;z21:
  D1:Nlo:20614627;z54:B11/25:20097285;z55:D1:Nlo:17674325;z15:D1:Nhi:74515292;z125
  :D1:Nhi:9360912;z16:D1:C:45735604;z57:D1:C:52973921;z24:D1:C:376.
Sum=911651402; test 911651402/1000000000+(1-z6)^7 <= 9937590/10000000.
Leaf R00001101 B=[z1,z69,z3,z58,z4,z5,z7,z18,z8,z8,z8,z8] h=z9 horizon=29 mass=z7.
Cells
  z72:B1:82888468;z73:0:Nlo:329692432;z12:0:Nhi:12357823;z21:0:Nhi:267889358;z59:B
  11/25:74347826;z15:D1:Nhi:74436369;z126:D1:Nhi:28525456;z16:D1:C:37460517;z23:D1
  :C:52766381;z24:D1:C:133699.
Sum=960498329; test 960498329/1000000000+(1-z7)^7 <= 9948393/10000000.
Leaf R0000111 B=[z1,z69,z3,z60,z5,z48,z49,z18,z8,z8,z8,z8] h=z9 horizon=29
  mass=z49.
Cells
  z72:B1:82888468;z73:0:Nlo:329692432;z12:0:Nhi:12357823;z21:0:Nhi:267889359;z61:B
  11/25:32543546;z62:D1:Nlo:34200263;z15:D1:Nhi:60386689;z125:D1:Nhi:9238570;z16:D
  1:C:40029228;z24:D1:C:30747545.
Sum=899973923; test 899973923/1000000000+(1-z49)^7 <= 9344029/10000000.
Leaf R000100000 B=[z0,z17,z2,z3,z4,z5,z18,z127,z8,z8,z8,z8] h=z9 horizon=29
  mass=z18.
Cells
  z19:B1:2341468;z20:0:Nlo:308412697;z12:0:Nhi:45918560;z21:0:Nhi:270715745;z128:B
  11/25:131639422;z15:D1:Nhi:33380664;z16:D1:Nhi:85282400;z129:D1:C:103558491;z24:
  D1:C:1347069.
Sum=982596516; test 982596516/1000000000+(1-z18)^7 <= 9952819/10000000.
Leaf R0001000010000 B=[z17,z32,z2,z25,z4,z26,z18,z130,z8,z8,z8,z8] h=z9 horizon=29
  mass=z18.
Cells
  z33:B1:9189394;z34:0:Nlo:337118544;z12:0:Nhi:31621059;z28:0:Nhi:157715061;z21:1:
  Nhi:108221252;z131:B11/25:107950776;z15:D1:Nhi:50577274;z36:D1:Nhi:72927215;z16:
  D1:C:5919028;z129:D1:C:103558491;z24:D1:C:1347069.
Sum=986145163; test 986145163/1000000000+(1-z18)^7 <= 9988306/10000000.
Leaf R00010000100010 B=[z32,z1,z2,z38,z4,z26,z18,z130,z8,z8,z8,z8] h=z9 horizon=29
  mass=z18.
Cells
  z10:B1:20428244;z39:0:Nlo:1535183;z40:1:Nlo:324894475;z21:1:Nhi:281456163;z132:B
  11/25:101075863;z15:D1:Nhi:57401600;z42:D1:Nhi:73372498;z16:D1:C:5475538;z129:D1
  :C:103558492;z24:D1:C:1347069.
Sum=970545125; test 970545125/1000000000+(1-z18)^7 <= 9832305/10000000.
Leaf R00010000100011 B=[z32,z1,z38,z25,z4,z26,z18,z130,z8,z8,z8,z8] h=z9
  horizon=29 mass=z18.
Cells
  z10:B1:20428244;z11:0:Nlo:348388506;z12:0:Nhi:24108281;z28:0:Nhi:157448337;z21:1
  :Nhi:108221252;z131:B11/25:107950776;z15:D1:Nhi:50577274;z42:D1:Nhi:73075315;z16
  :D1:C:5053882;z129:D1:C:87542088;z24:D1:C:1013602.
Sum=983807557; test 983807557/1000000000+(1-z18)^7 <= 9964930/10000000.
Leaf R00010000100100 B=[z17,z32,z2,z38,z4,z26,z130,z127,z8,z8,z8,z8] h=z9
  horizon=29 mass=z130.
Cells
  z33:B1:9189394;z39:0:Nlo:12772084;z40:1:Nlo:324894474;z21:1:Nhi:281456163;z133:B
  11/25:140673466;z15:D1:Nhi:24450111;z36:D1:Nhi:79224225;z16:D1:C:5978559;z134:D1
  :C:101068026;z24:D1:C:2199618.
Sum=981906120; test 981906120/1000000000+(1-z130)^7 <= 9891764/10000000.
Leaf R00010000100101 B=[z17,z32,z38,z25,z4,z26,z130,z127,z8,z8,z8,z8] h=z9
  horizon=29 mass=z130.
Cells
  z33:B1:9189394;z34:0:Nlo:337118544;z12:0:Nhi:31621059;z28:0:Nhi:157715061;z21:1:
  Nhi:108221252;z135:B11/25:133781828;z15:D1:Nhi:31164384;z136:B17/50:1198647;z31:
  D1:Nhi:71129167;z16:D1:C:11796358;z134:D1:C:85607443;z24:D1:C:1652670.
Sum=980195807; test 980195807/1000000000+(1-z130)^7 <= 9874660/10000000.
Leaf R00010000100110 B=[z32,z1,z2,z38,z4,z26,z130,z127,z8,z8,z8,z8] h=z9
  horizon=29 mass=z130.
Cells
  z10:B1:20428244;z39:0:Nlo:1535183;z40:1:Nlo:324894475;z21:1:Nhi:281456163;z133:B
  11/25:140673467;z15:D1:Nhi:24450111;z42:D1:Nhi:79676282;z16:D1:C:5526628;z134:D1
  :C:101068028;z24:D1:C:2199618.
Sum=981908199; test 981908199/1000000000+(1-z130)^7 <= 9891784/10000000.
Leaf R0001000010011100 B=[z32,z1,z38,z25,z4,z137,z130,z138,z8,z8,z8,z8] h=z9
  horizon=29 mass=z130.
Cells
  z10:B1:20428244;z11:0:Nlo:348388506;z12:0:Nhi:24108281;z28:0:Nhi:157448337;z21:1
  :Nhi:108221252;z139:B11/25:116299423;z15:D1:Nhi:45945472;z42:D1:Nhi:76157229;z16
  :D1:C:5077748;z134:D1:C:85607444;z24:D1:C:1652670.
Sum=989334606; test 989334606/1000000000+(1-z130)^7 <= 9966048/10000000.
Leaf R0001000010011101 B=[z32,z1,z38,z25,z4,z137,z138,z127,z8,z8,z8,z8] h=z9
  horizon=29 mass=z138.
Cells
  z10:B1:20428244;z11:0:Nlo:348388506;z12:0:Nhi:24108281;z28:0:Nhi:157448337;z21:1
  :Nhi:108221252;z135:B11/25:133781828;z15:D1:Nhi:31164384;z136:B17/50:1198647;z42
  :D1:Nhi:78145621;z16:D1:C:5101737;z140:D1:C:84086740;z24:D1:C:2108281.
Sum=994181858; test 994181858/1000000000+(1-z138)^7 <= 9995901/10000000.
Leaf R000100001001111 B=[z32,z1,z38,z25,z137,z26,z130,z127,z8,z8,z8,z8] h=z9
  horizon=29 mass=z130.
Cells
  z10:B1:20428244;z11:0:Nlo:348388506;z12:0:Nhi:24108281;z28:0:Nhi:157448337;z21:1
  :Nhi:108221252;z141:B11/25:125665891;z15:D1:Nhi:36853347;z142:D1:Nhi:45593471;z1
  6:D1:C:33806706;z143:D1:C:75818313;z24:D1:C:1293773.
Sum=977626121; test 977626121/1000000000+(1-z130)^7 <= 9848964/10000000.
Leaf R00010000101 B=[z17,z1,z2,z25,z26,z5,z18,z127,z8,z8,z8,z8] h=z9 horizon=29
  mass=z18.
Cells
  z10:B1:20428244;z11:0:Nlo:348388506;z12:0:Nhi:24108281;z28:0:Nhi:157715061;z21:1
  :Nhi:108221252;z144:B11/25:111117141;z15:D1:Nhi:48311816;z31:D1:Nhi:64221581;z16
  :D1:C:11136907;z145:D1:C:80954176;z24:D1:C:785452.
Sum=975388417; test 975388417/1000000000+(1-z18)^7 <= 9880738/10000000.
Leaf R0001000011 B=[z17,z1,z25,z3,z4,z5,z18,z127,z8,z8,z8,z8] h=z9 horizon=29
  mass=z18.
Cells
  z10:B1:20428244;z11:0:Nlo:348388507;z12:0:Nhi:24108281;z21:0:Nhi:269307982;z128:
  B11/25:131639422;z15:D1:Nhi:33380664;z146:B17/50:598866;z147:D1:Nhi:44455882;z16
  :D1:C:37770670;z129:D1:C:73805478;z24:D1:C:752385.
Sum=984636381; test 984636381/1000000000+(1-z18)^7 <= 9973218/10000000.
Leaf R000100010 B=[z0,z17,z2,z3,z4,z5,z127,z148,z8,z8,z8,z8] h=z9 horizon=29
  mass=z127.
Cells
  z19:B1:2341468;z20:0:Nlo:308412697;z12:0:Nhi:45918560;z21:0:Nhi:270715745;z15:B1
  1/25:168901239;z149:B17/50:38010385;z16:D1:Nhi:57688863;z150:D1:C:96451699;z24:D
  1:C:3580111.
Sum=992020767; test 992020767/1000000000+(1-z127)^7 <= 9959917/10000000.
Leaf R00010001100000 B=[z17,z32,z2,z38,z4,z26,z127,z151,z8,z8,z8,z8] h=z9
  horizon=29 mass=z127.
Cells
  z33:B1:9189394;z39:0:Nlo:12772084;z40:1:Nlo:324894474;z21:1:Nhi:281456163;z152:B
  11/25:149963769;z15:D1:Nhi:18240716;z153:B17/50:13568016;z36:D1:Nhi:71179202;z16
  :D1:C:6038748;z150:D1:C:96451699;z24:D1:C:3580111.
Sum=987334376; test 987334376/1000000000+(1-z127)^7 <= 9913053/10000000.
Leaf R00010001100001 B=[z17,z32,z38,z25,z4,z26,z127,z151,z8,z8,z8,z8] h=z9
  horizon=29 mass=z127.
Cells
  z33:B1:9189394;z34:0:Nlo:337118544;z12:0:Nhi:31621059;z28:0:Nhi:157715061;z21:1:
  Nhi:108221252;z154:B11/25:153358329;z15:D1:Nhi:14792967;z155:B17/50:21627131;z31
  :D1:Nhi:56144192;z16:D1:C:12040146;z150:D1:C:82000018;z24:D1:C:2697309.
Sum=986525402; test 986525402/1000000000+(1-z127)^7 <= 9904963/10000000.
Leaf R00010001100010 B=[z32,z1,z2,z38,z4,z26,z127,z151,z8,z8,z8,z8] h=z9
  horizon=29 mass=z127.
Cells
  z10:B1:20428244;z39:0:Nlo:1535183;z40:1:Nlo:324894475;z21:1:Nhi:281456163;z152:B
  11/25:149963771;z15:D1:Nhi:18240716;z153:B17/50:13568016;z156:D1:Nhi:71638121;z1
  6:D1:C:5578240;z150:D1:C:96451700;z24:D1:C:3580111.
Sum=987334740; test 987334740/1000000000+(1-z127)^7 <= 9913057/10000000.
Leaf R00010001100011000 B=[z32,z157,z38,z25,z4,z137,z127,z158,z8,z8,z8,z8] h=z9
  horizon=29 mass=z127.
Cells
  z159:B1:14343942;z160:0:Nlo:344323751;z12:0:Nhi:27358720;z28:0:Nhi:157448337;z21
  :1:Nhi:108221252;z161:B11/25:151106108;z15:D1:Nhi:15956529;z162:B17/50:8833163;z
  42:D1:Nhi:73423624;z16:D1:C:5125851;z150:D1:C:82000019;z24:D1:C:2697309.
Sum=990838605; test 990838605/1000000000+(1-z127)^7 <= 9948096/10000000.
Leaf R000100011000110010 B=[z157,z1,z38,z163,z4,z137,z127,z158,z8,z8,z8,z8] h=z9
  horizon=29 mass=z127.
Cells
  z10:B1:20428244;z11:0:Nlo:348388507;z12:0:Nhi:24108281;z164:0:Nhi:84737857;z21:1
  :Nhi:178151648;z165:B11/25:147913152;z15:D1:Nhi:19026043;z162:B17/50:8833163;z16
  6:D1:Nhi:63793251;z16:D1:C:14407413;z150:D1:C:82000018;z24:D1:C:2697309.
Sum=994484886; test 994484886/1000000000+(1-z127)^7 <= 9984558/10000000.
Leaf R000100011000110011 B=[z157,z1,z163,z25,z4,z137,z127,z158,z8,z8,z8,z8] h=z9
  horizon=29 mass=z127.
Cells
  z10:B1:20428244;z11:0:Nlo:348388506;z12:0:Nhi:24108281;z28:0:Nhi:157314721;z21:1
  :Nhi:108221252;z161:B11/25:151106108;z15:D1:Nhi:15956529;z167:B17/50:7811473;z16
  6:D1:Nhi:64713403;z16:D1:C:13893626;z150:D1:C:75532599;z24:D1:C:2330318.
Sum=989805060; test 989805060/1000000000+(1-z127)^7 <= 9937760/10000000.
Leaf R00010001100011010 B=[z32,z157,z38,z25,z4,z137,z158,z151,z8,z8,z8,z8] h=z9
  horizon=29 mass=z158.
Cells
  z159:B1:14343942;z160:0:Nlo:344323751;z12:0:Nhi:27358720;z28:0:Nhi:157448337;z21
  :1:Nhi:108221252;z154:B11/25:153358329;z15:D1:Nhi:14792967;z155:B17/50:21627131;
  z42:D1:Nhi:63322775;z16:D1:C:5150090;z168:D1:C:79117290;z24:D1:C:3468673.
Sum=992533257; test 992533257/1000000000+(1-z158)^7 <= 9954076/10000000.
Leaf R000100011000110110 B=[z157,z1,z38,z163,z4,z137,z158,z151,z8,z8,z8,z8] h=z9
  horizon=29 mass=z158.
Cells
  z10:B1:20428244;z11:0:Nlo:348388507;z12:0:Nhi:24108281;z164:0:Nhi:84737857;z21:1
  :Nhi:178151648;z169:B11/25:151828137;z15:D1:Nhi:16337080;z170:B17/50:20975567;z1
  66:D1:Nhi:54193413;z16:D1:C:14582536;z168:D1:C:79117289;z24:D1:C:3468673.
Sum=996317232; test 996317232/1000000000+(1-z158)^7 <= 9991916/10000000.
Leaf R000100011000110111 B=[z157,z1,z163,z25,z4,z137,z158,z151,z8,z8,z8,z8] h=z9
  horizon=29 mass=z158.
Cells
  z10:B1:20428244;z11:0:Nlo:348388506;z12:0:Nhi:24108281;z28:0:Nhi:157314721;z21:1
  :Nhi:108221252;z154:B11/25:153358329;z15:D1:Nhi:14792967;z171:B17/50:19543710;z1
  66:D1:Nhi:55465556;z16:D1:C:14063808;z168:D1:C:72984876;z24:D1:C:3003143.
Sum=991673393; test 991673393/1000000000+(1-z158)^7 <= 9945477/10000000.
Leaf R000100011000111 B=[z32,z1,z38,z25,z137,z26,z127,z151,z8,z8,z8,z8] h=z9
  horizon=29 mass=z127.
Cells
  z10:B1:20428244;z11:0:Nlo:348388506;z12:0:Nhi:24108281;z28:0:Nhi:157448337;z21:1
  :Nhi:108221252;z161:B11/25:151106106;z15:D1:Nhi:15995825;z172:B17/50:8567814;z17
  3:D1:Nhi:45517929;z16:D1:C:31495615;z174:D1:C:73015566;z24:D1:C:2144266.
Sum=986437741; test 986437741/1000000000+(1-z127)^7 <= 9904087/10000000.
Leaf R00010001100100 B=[z17,z32,z2,z38,z4,z26,z151,z148,z8,z8,z8,z8] h=z9
  horizon=29 mass=z151.
Cells
  z33:B1:9189394;z39:0:Nlo:12772084;z40:1:Nlo:324894474;z21:1:Nhi:281456163;z15:B1
  1/25:168901234;z149:B17/50:38010385;z36:D1:Nhi:51533243;z16:D1:C:6099600;z175:D1
  :C:87723193;z24:D1:C:5904439.
Sum=986484209; test 986484209/1000000000+(1-z151)^7 <= 9885325/10000000.
Leaf R00010001100101 B=[z17,z32,z38,z25,z4,z26,z151,z148,z8,z8,z8,z8] h=z9
  horizon=29 mass=z151.
Cells
  z33:B1:9189394;z34:0:Nlo:337118544;z12:0:Nhi:31621059;z28:0:Nhi:157715061;z21:1:
  Nhi:108221252;z15:B11/25:168901236;z176:B17/50:30540938;z31:D1:Nhi:51394895;z16:
  D1:C:12289367;z175:D1:C:75102783;z24:D1:C:4493157.
Sum=986587686; test 986587686/1000000000+(1-z151)^7 <= 9886359/10000000.
Leaf R00010001100110 B=[z32,z1,z2,z38,z4,z26,z151,z148,z8,z8,z8,z8] h=z9
  horizon=29 mass=z151.
Cells
  z10:B1:20428244;z39:0:Nlo:1535183;z40:1:Nlo:324894475;z21:1:Nhi:281456163;z15:B1
  1/25:168901236;z149:B17/50:38010385;z156:D1:Nhi:51999108;z16:D1:C:5630383;z175:D
  1:C:87723194;z24:D1:C:5904439.
Sum=986482810; test 986482810/1000000000+(1-z151)^7 <= 9885311/10000000.
Leaf R00010001100111000 B=[z32,z157,z38,z25,z4,z137,z151,z177,z8,z8,z8,z8] h=z9
  horizon=29 mass=z151.
Cells
  z159:B1:14343942;z160:0:Nlo:344323751;z12:0:Nhi:27358720;z28:0:Nhi:157448337;z21
  :1:Nhi:108221252;z15:B11/25:168901241;z178:B17/50:26265233;z42:D1:Nhi:60957110;z
  16:D1:C:5174454;z175:D1:C:75102784;z24:D1:C:4493157.
Sum=992589981; test 992589981/1000000000+(1-z151)^7 <= 9946382/10000000.
Leaf R000100011001110010 B=[z157,z1,z38,z163,z4,z137,z151,z177,z8,z8,z8,z8] h=z9
  horizon=29 mass=z151.
Cells
  z10:B1:20428244;z11:0:Nlo:348388507;z12:0:Nhi:24108281;z164:0:Nhi:84737857;z21:1
  :Nhi:178151648;z15:B11/25:168901238;z179:B17/50:23614037;z166:D1:Nhi:53672133;z1
  6:D1:C:14759942;z175:D1:C:75102783;z24:D1:C:4493157.
Sum=996357827; test 996357827/1000000000+(1-z151)^7 <= 9984061/10000000.
Leaf R000100011001110011 B=[z157,z1,z163,z25,z4,z137,z151,z177,z8,z8,z8,z8] h=z9
  horizon=29 mass=z151.
Cells
  z10:B1:20428244;z11:0:Nlo:348388506;z12:0:Nhi:24108281;z28:0:Nhi:157314721;z21:1
  :Nhi:108221252;z15:B11/25:168901241;z180:B17/50:22400121;z166:D1:Nhi:54766688;z1
  6:D1:C:14236219;z175:D1:C:69423184;z24:D1:C:3903446.
Sum=992091903; test 992091903/1000000000+(1-z151)^7 <= 9941402/10000000.
Leaf R0001000110011101 B=[z32,z1,z38,z25,z4,z137,z177,z148,z8,z8,z8,z8] h=z9
  horizon=29 mass=z177.
Cells
  z10:B1:20428244;z11:0:Nlo:348388506;z12:0:Nhi:24108281;z28:0:Nhi:157448337;z21:1
  :Nhi:108221252;z15:B11/25:168901237;z176:B17/50:30540938;z42:D1:Nhi:58738841;z16
  :D1:C:5198944;z181:D1:C:69458516;z24:D1:C:5875569.
Sum=997308665; test 997308665/1000000000+(1-z177)^7 <= 9987433/10000000.
Leaf R000100011001111 B=[z32,z1,z38,z25,z137,z26,z151,z148,z8,z8,z8,z8] h=z9
  horizon=29 mass=z151.
Cells
  z10:B1:20428244;z11:0:Nlo:348388506;z12:0:Nhi:24108281;z28:0:Nhi:157448337;z21:1
  :Nhi:108221252;z15:B11/25:168901241;z182:B17/50:25482635;z42:D1:Nhi:60246271;z16
  :D1:C:4871710;z183:D1:C:67551632;z24:D1:C:3631441.
Sum=989279550; test 989279550/1000000000+(1-z151)^7 <= 9913278/10000000.
Leaf R00010001101 B=[z17,z1,z2,z25,z26,z5,z127,z148,z8,z8,z8,z8] h=z9 horizon=29
  mass=z127.
Cells
  z10:B1:20428244;z11:0:Nlo:348388506;z12:0:Nhi:24108281;z28:0:Nhi:157715061;z21:1
  :Nhi:108221252;z184:B11/25:154073966;z15:D1:Nhi:14131615;z185:B17/50:12558956;z3
  6:D1:Nhi:69238431;z16:D1:C:5360807;z186:D1:C:76688214;z24:D1:C:2277534.
Sum=993190867; test 993190867/1000000000+(1-z127)^7 <= 9971618/10000000.
Leaf R0001000111 B=[z17,z1,z25,z3,z4,z5,z127,z148,z8,z8,z8,z8] h=z9 horizon=29
  mass=z127.
Cells
  z10:B1:20428244;z11:0:Nlo:348388507;z12:0:Nhi:24108281;z21:0:Nhi:269307982;z15:B
  11/25:168901239;z187:B17/50:25524414;z31:D1:Nhi:56160502;z16:D1:C:11408051;z150:
  D1:C:69529806;z24:D1:C:2006642.
Sum=995763668; test 995763668/1000000000+(1-z127)^7 <= 9997346/10000000.
Leaf R0001001 B=[z0,z1,z2,z3,z5,z48,z18,z148,z8,z8,z8,z8] h=z9 horizon=29
  mass=z18.
Cells
  z10:B1:20428244;z11:0:Nlo:348388507;z12:0:Nhi:24108281;z21:0:Nhi:270715745;z188:
  B11/25:138623429;z15:D1:Nhi:26938472;z189:D1:Nhi:52658428;z16:D1:C:25901039;z190
  :D1:C:62812637;z24:D1:C:405723.
Sum=970980505; test 970980505/1000000000+(1-z18)^7 <= 9836659/10000000.
Leaf R000101 B=[z0,z1,z3,z60,z4,z48,z18,z148,z8,z8,z8,z8] h=z9 horizon=29
  mass=z18.
Cells
  z10:B1:20428244;z11:0:Nlo:348388506;z12:0:Nhi:24108281;z21:0:Nhi:270715745;z15:B
  11/25:168901243;z191:B17/50:19212275;z192:D1:Nhi:41828577;z16:D1:C:28435733;z129
  :D1:C:52063147;z24:D1:C:395836.
Sum=974477587; test 974477587/1000000000+(1-z18)^7 <= 9871630/10000000.
Leaf R00011000000000 B=[z1,z76,z2,z38,z4,z26,z18,z130,z8,z8,z8,z8] h=z9 horizon=29
  mass=z18.
Cells
  z39:B1:21963427;z40:1:Nlo:324894474;z21:1:Nhi:281456166;z193:B11/25:108573236;z1
  5:D1:Nhi:49871212;z16:D1:Nhi:78937305;z129:D1:C:103558492;z24:D1:C:1347069.
Sum=970601381; test 970601381/1000000000+(1-z18)^7 <= 9832868/10000000.
Leaf R0001100000000100 B=[z1,z76,z38,z25,z4,z137,z18,z194,z8,z8,z8,z8] h=z9
  horizon=29 mass=z18.
Cells
  z78:B1:34605680;z79:0:Nlo:349960799;z12:0:Nhi:19478799;z28:0:Nhi:157180936;z21:1
  :Nhi:108221254;z195:B11/25:92031270;z15:D1:Nhi:61725860;z68:D1:Nhi:48490023;z16:
  D1:C:26175708;z129:D1:C:87542087;z24:D1:C:1013602.
Sum=986426018; test 986426018/1000000000+(1-z18)^7 <= 9991114/10000000.
Leaf R00011000000001010 B=[z1,z196,z38,z25,z4,z137,z194,z130,z8,z8,z8,z8] h=z9
  horizon=29 mass=z194.
Cells
  z197:B1:27244150;z198:0:Nlo:350078201;z12:0:Nhi:21547815;z28:0:Nhi:157180936;z21
  :1:Nhi:108221254;z131:B11/25:107950776;z15:D1:Nhi:50577276;z68:D1:Nhi:51018063;z
  16:D1:C:26734650;z199:D1:C:86721824;z24:D1:C:1296008.
Sum=988570953; test 988570953/1000000000+(1-z194)^7 <= 9982277/10000000.
Leaf R00011000000001011 B=[z196,z76,z38,z25,z4,z137,z194,z130,z8,z8,z8,z8] h=z200
  horizon=29 mass=z194.
Cells
  z78:B1:34605680;z79:0:Nlo:349960799;z12:0:Nhi:19478799;z201:0:Nhi:135649897;z21:
  1:Nhi:128876720;z202:B11/25:107194673;z15:D1:Nhi:51159889;z52:D1:Nhi:45775724;z1
  6:D1:C:31061970;z199:D1:C:83964759;z24:D1:C:1249191.
Sum=988978101; test 988978101/1000000000+(1-z194)^7 <= 9986348/10000000.
Leaf R000110000000011 B=[z1,z76,z38,z25,z137,z26,z18,z130,z8,z8,z8,z8] h=z9
  horizon=29 mass=z18.
Cells
  z78:B1:34605680;z79:0:Nlo:349960799;z12:0:Nhi:19478799;z28:0:Nhi:157180936;z21:1
  :Nhi:108221254;z203:B11/25:94128511;z15:D1:Nhi:60361827;z68:D1:Nhi:47881232;z16:
  D1:C:24954333;z204:D1:C:77298310;z24:D1:C:776464.
Sum=974848145; test 974848145/1000000000+(1-z18)^7 <= 9875336/10000000.
Leaf R00011000000010 B=[z76,z64,z80,z38,z4,z26,z18,z130,z8,z8,z8,z8] h=z81
  horizon=29 mass=z18.
Cells
  z82:B1:17345822;z83:1:Nlo:256588460;z21:1:Nhi:332496829;z205:B11/25:100976674;z1
  5:D1:Nhi:57068440;z52:D1:Nhi:45662461;z16:D1:C:31622350;z129:D1:C:95704446;z24:D
  1:C:1230357.
Sum=938695839; test 938695839/1000000000+(1-z18)^7 <= 9513812/10000000.
Leaf R0001100000001100 B=[z76,z64,z38,z25,z4,z137,z18,z194,z8,z8,z8,z8] h=z81
  horizon=29 mass=z18.
Cells
  z65:B1:50342249;z66:0:Nlo:345929720;z12:0:Nhi:16340436;z85:0:Nhi:108592413;z21:1
  :Nhi:154763252;z206:B11/25:89465841;z15:D1:Nhi:63792317;z207:D1:Nhi:41600561;z16
  :D1:C:30687511;z129:D1:C:81187657;z24:D1:C:930902.
Sum=983632859; test 983632859/1000000000+(1-z18)^7 <= 9963183/10000000.
Leaf R00011000000011010 B=[z76,z208,z38,z25,z4,z137,z194,z130,z8,z8,z8,z8] h=z81
  horizon=29 mass=z194.
Cells
  z209:B1:42350363;z210:0:Nlo:348467472;z12:0:Nhi:17772178;z85:0:Nhi:108592413;z21
  :1:Nhi:154763252;z211:B11/25:105649737;z15:D1:Nhi:52469214;z212:D1:Nhi:43993436;
  z16:D1:C:31385000;z199:D1:C:80427828;z24:D1:C:1189410.
Sum=987060303; test 987060303/1000000000+(1-z194)^7 <= 9967170/10000000.
Leaf R00011000000011011 B=[z208,z64,z38,z25,z4,z137,z194,z130,z8,z8,z8,z8] h=z213
  horizon=29 mass=z194.
Cells
  z65:B1:50342249;z66:0:Nlo:345929720;z12:0:Nhi:16340436;z214:0:Nhi:83045258;z21:1
  :Nhi:179061927;z215:B11/25:98140517;z15:D1:Nhi:59858829;z216:D1:Nhi:26932154;z16
  :D1:C:46846831;z199:D1:C:77015943;z24:D1:C:1132054.
Sum=984645918; test 984645918/1000000000+(1-z194)^7 <= 9943026/10000000.
Leaf R000110000000111 B=[z76,z64,z38,z25,z137,z26,z18,z130,z8,z8,z8,z8] h=z81
  horizon=29 mass=z18.
Cells
  z65:B1:50342249;z66:0:Nlo:345929720;z12:0:Nhi:16340436;z85:0:Nhi:108592413;z21:1
  :Nhi:154763252;z217:B11/25:90332151;z15:D1:Nhi:63708999;z218:D1:Nhi:39631764;z16
  :D1:C:30841846;z204:D1:C:71572722;z24:D1:C:711510.
Sum=972767062; test 972767062/1000000000+(1-z18)^7 <= 9854525/10000000.
Leaf R00011000000100 B=[z1,z76,z2,z38,z4,z26,z130,z127,z8,z8,z8,z8] h=z9
  horizon=29 mass=z130.
Cells
  z39:B1:21963427;z40:1:Nlo:324894474;z21:1:Nhi:281456166;z219:B11/25:141993443;z1
  5:D1:Nhi:23204294;z16:D1:Nhi:85282401;z134:D1:C:101068027;z24:D1:C:2199618.
Sum=982061850; test 982061850/1000000000+(1-z130)^7 <= 9893321/10000000.
Leaf R000110000001010000 B=[z1,z196,z38,z163,z4,z137,z130,z138,z8,z8,z8,z8] h=z9
  horizon=29 mass=z130.
Cells
  z197:B1:27244150;z198:0:Nlo:350078200;z12:0:Nhi:21547815;z164:0:Nhi:84696336;z21
  :1:Nhi:178151649;z220:B11/25:119384473;z15:D1:Nhi:42780798;z68:D1:Nhi:53659545;z
  16:D1:C:27306266;z134:D1:C:85607443;z24:D1:C:1652670.
Sum=992109345; test 992109345/1000000000+(1-z130)^7 <= 9993796/10000000.
Leaf R000110000001010001 B=[z1,z196,z163,z25,z4,z137,z130,z138,z8,z8,z8,z8] h=z9
  horizon=29 mass=z130.
Cells
  z197:B1:27244150;z198:0:Nlo:350078201;z12:0:Nhi:21547815;z28:0:Nhi:157180936;z21
  :1:Nhi:108221254;z139:B11/25:116299424;z15:D1:Nhi:45945472;z68:D1:Nhi:53591529;z
  16:D1:C:26456579;z134:D1:C:78709113;z24:D1:C:1425470.
Sum=986699943; test 986699943/1000000000+(1-z130)^7 <= 9939702/10000000.
Leaf R000110000001010010 B=[z196,z76,z38,z163,z4,z137,z130,z138,z8,z8,z8,z8]
  h=z200 horizon=29 mass=z130.
Cells
  z78:B1:34605680;z79:0:Nlo:349960798;z12:0:Nhi:19478799;z221:0:Nhi:60861025;z21:1
  :Nhi:200797064;z222:B11/25:119904789;z15:D1:Nhi:42122672;z52:D1:Nhi:48238842;z16
  :D1:C:31836360;z134:D1:C:82886340;z24:D1:C:1592542.
Sum=992284911; test 992284911/1000000000+(1-z130)^7 <= 9995551/10000000.
Leaf R000110000001010011 B=[z196,z76,z163,z25,z4,z137,z130,z138,z8,z8,z8,z8]
  h=z200 horizon=29 mass=z130.
Cells
  z78:B1:34605680;z79:0:Nlo:349960799;z12:0:Nhi:19478799;z201:0:Nhi:135649897;z21:
  1:Nhi:128876720;z222:B11/25:119904789;z15:D1:Nhi:42153553;z223:D1:Nhi:46732059;z
  16:D1:C:32375490;z134:D1:C:76173030;z24:D1:C:1372408.
Sum=987283224; test 987283224/1000000000+(1-z130)^7 <= 9945535/10000000.
Leaf R00011000000101010000 B=[z1,z196,z38,z163,z4,z224,z138,z225,z8,z8,z8,z8] h=z9
  horizon=29 mass=z138.
Cells
  z197:B1:27244150;z198:0:Nlo:350078200;z12:0:Nhi:21547815;z164:0:Nhi:84696336;z21
  :1:Nhi:178151649;z226:B11/25:122621156;z15:D1:Nhi:41082151;z68:D1:Nhi:55024129;z
  16:D1:C:27596907;z140:D1:C:84086739;z24:D1:C:2108281.
Sum=994237513; test 994237513/1000000000+(1-z138)^7 <= 9996458/10000000.
Leaf R000110000001010100010 B=[z1,z227,z38,z163,z4,z224,z225,z127,z8,z8,z8,z8]
  h=z9 horizon=29 mass=z225.
Cells
  z228:B1:23756843;z229:0:Nlo:349490980;z12:0:Nhi:22756292;z164:0:Nhi:84696336;z21
  :1:Nhi:178151649;z226:B11/25:122621155;z15:D1:Nhi:42649200;z136:B17/50:1198647;z
  68:D1:Nhi:55199343;z16:D1:C:27890811;z230:D1:C:83126520;z24:D1:C:2383468.
Sum=993921244; test 993921244/1000000000+(1-z225)^7 <= 9985634/10000000.
Leaf R000110000001010100011 B=[z227,z196,z38,z163,z4,z224,z225,z127,z8,z8,z8,z8]
  h=z231 horizon=29 mass=z225.
Cells
  z197:B1:27244150;z198:0:Nlo:350078200;z12:0:Nhi:21547815;z232:0:Nhi:76479062;z21
  :1:Nhi:185966522;z233:B11/25:133351308;z15:D1:Nhi:31542289;z234:B17/50:3745816;z
  235:D1:Nhi:49700456;z16:D1:C:30615899;z230:D1:C:82225516;z24:D1:C:2353587.
Sum=994850620; test 994850620/1000000000+(1-z225)^7 <= 9994927/10000000.
Leaf R0001100000010101001 B=[z1,z196,z38,z163,z224,z137,z138,z127,z8,z8,z8,z8]
  h=z9 horizon=29 mass=z138.
Cells
  z197:B1:27244150;z198:0:Nlo:350078200;z12:0:Nhi:21547815;z164:0:Nhi:84696336;z21
  :1:Nhi:178151649;z226:B11/25:122621154;z15:D1:Nhi:41221852;z68:D1:Nhi:54689263;z
  16:D1:C:26954779;z236:D1:C:79245916;z24:D1:C:1875686.
Sum=988326800; test 988326800/1000000000+(1-z138)^7 <= 9937351/10000000.
Leaf R000110000001010101 B=[z1,z196,z163,z25,z4,z137,z138,z127,z8,z8,z8,z8] h=z9
  horizon=29 mass=z138.
Cells
  z197:B1:27244150;z198:0:Nlo:350078201;z12:0:Nhi:21547815;z28:0:Nhi:157180936;z21
  :1:Nhi:108221254;z135:B11/25:133781830;z15:D1:Nhi:31164384;z237:B17/50:798691;z6
  8:D1:Nhi:55534491;z16:D1:C:27027400;z140:D1:C:77371649;z24:D1:C:1819277.
Sum=991770078; test 991770078/1000000000+(1-z138)^7 <= 9971783/10000000.
Leaf R00011000000101011000 B=[z196,z76,z38,z163,z4,z224,z138,z225,z8,z8,z8,z8]
  h=z200 horizon=29 mass=z138.
Cells
  z78:B1:34605680;z79:0:Nlo:349960798;z12:0:Nhi:19478799;z221:0:Nhi:60861025;z21:1
  :Nhi:200797064;z238:B11/25:126119674;z15:D1:Nhi:37413027;z52:D1:Nhi:49512364;z16
  :D1:C:32231129;z140:D1:C:81414685;z24:D1:C:2031118.
Sum=994425363; test 994425363/1000000000+(1-z138)^7 <= 9998336/10000000.
Leaf R000110000001010110010 B=[z196,z239,z38,z163,z4,z224,z225,z127,z8,z8,z8,z8]
  h=z200 horizon=29 mass=z225.
Cells
  z240:B1:30867482;z241:0:Nlo:350215744;z12:0:Nhi:20461160;z221:0:Nhi:60861025;z21
  :1:Nhi:200797064;z242:B11/25:132396921;z15:D1:Nhi:32425422;z243:B17/50:647311;z2
  44:D1:Nhi:50378576;z16:D1:C:32400077;z230:D1:C:80485423;z24:D1:C:2296013.
Sum=994232218; test 994232218/1000000000+(1-z225)^7 <= 9988743/10000000.
Leaf R000110000001010110011 B=[z239,z76,z38,z163,z4,z224,z225,z127,z8,z8,z8,z8]
  h=z245 horizon=29 mass=z225.
Cells
  z78:B1:34605680;z246:0:Nlo:25464006;z247:1:Nlo:113261589;z79:0:Nlo:211179430;z12
  :0:Nhi:19478799;z248:0:Nhi:45816079;z21:1:Nhi:215026317;z249:B11/25:134692596;z1
  5:D1:Nhi:30085539;z52:D1:Nhi:50698251;z16:D1:C:31983608;z230:D1:C:78776129;z24:D
  1:C:2239632.
Sum=993307655; test 993307655/1000000000+(1-z225)^7 <= 9979498/10000000.
Leaf R0001100000010101101 B=[z196,z76,z38,z163,z224,z137,z138,z127,z8,z8,z8,z8]
  h=z200 horizon=29 mass=z138.
Cells
  z78:B1:34605680;z79:0:Nlo:349960798;z12:0:Nhi:19478799;z221:0:Nhi:60861025;z21:1
  :Nhi:200797064;z238:B11/25:126119674;z15:D1:Nhi:37530199;z52:D1:Nhi:49245249;z16
  :D1:C:31520035;z236:D1:C:76702078;z24:D1:C:1806083.
Sum=988626684; test 988626684/1000000000+(1-z138)^7 <= 9940349/10000000.
Leaf R000110000001010111 B=[z196,z76,z163,z25,z4,z137,z138,z127,z8,z8,z8,z8]
  h=z200 horizon=29 mass=z138.
Cells
  z78:B1:34605680;z79:0:Nlo:349960799;z12:0:Nhi:19478799;z201:0:Nhi:135649897;z21:
  1:Nhi:128876720;z250:B11/25:130528618;z15:D1:Nhi:34322296;z251:B17/50:580377;z25
  2:D1:Nhi:48941505;z16:D1:C:32933259;z140:D1:C:74879624;z24:D1:C:1751178.
Sum=992508752; test 992508752/1000000000+(1-z138)^7 <= 9979170/10000000.
Leaf R000110000001011 B=[z1,z76,z38,z25,z137,z26,z130,z127,z8,z8,z8,z8] h=z9
  horizon=29 mass=z130.
Cells
  z78:B1:34605680;z79:0:Nlo:349960799;z12:0:Nhi:19478799;z28:0:Nhi:157180936;z21:1
  :Nhi:108221254;z141:B11/25:125665893;z15:D1:Nhi:36853347;z68:D1:Nhi:53004260;z16
  :D1:C:26045098;z143:D1:C:75818312;z24:D1:C:1293773.
Sum=988128151; test 988128151/1000000000+(1-z130)^7 <= 9953984/10000000.
Leaf R00011000000110 B=[z76,z64,z80,z38,z4,z26,z130,z127,z8,z8,z8,z8] h=z81
  horizon=29 mass=z130.
Cells
  z82:B1:17345822;z83:1:Nlo:256588460;z21:1:Nhi:332496829;z253:B11/25:123722749;z1
  5:D1:Nhi:41140436;z52:D1:Nhi:50690782;z16:D1:C:33206699;z134:D1:C:93409244;z24:D
  1:C:2006240.
Sum=950607261; test 950607261/1000000000+(1-z130)^7 <= 9578775/10000000.
Leaf R000110000001110000 B=[z76,z208,z38,z163,z4,z137,z130,z138,z8,z8,z8,z8] h=z81
  horizon=29 mass=z130.
Cells
  z209:B1:42350363;z254:0:Nlo:15082342;z210:1:Nlo:331926236;z12:0:Nhi:17772178;z25
  5:0:Nhi:15326188;z256:1:Nlo:15877071;z21:1:Nhi:228673074;z257:B11/25:115195190;z
  15:D1:Nhi:46691759;z258:D1:Nhi:46487422;z16:D1:C:32108027;z134:D1:C:79395520;z24
  :D1:C:1515790.
Sum=988401160; test 988401160/1000000000+(1-z130)^7 <= 9956714/10000000.
Leaf R000110000001110001 B=[z76,z208,z163,z25,z4,z137,z130,z138,z8,z8,z8,z8] h=z81
  horizon=29 mass=z130.
Cells
  z209:B1:42350363;z210:0:Nlo:348467472;z12:0:Nhi:17772178;z85:0:Nhi:108592413;z21
  :1:Nhi:154763252;z259:B11/25:126537493;z15:D1:Nhi:35510178;z260:D1:Nhi:42062632;
  z16:D1:C:35530298;z134:D1:C:72921000;z24:D1:C:1304736.
Sum=985812015; test 985812015/1000000000+(1-z130)^7 <= 9930822/10000000.
Leaf R00011000000111001 B=[z208,z64,z38,z25,z4,z137,z130,z138,z8,z8,z8,z8] h=z213
  horizon=29 mass=z130.
Cells
  z65:B1:50342249;z66:0:Nlo:345929720;z12:0:Nhi:16340436;z214:0:Nhi:83045258;z21:1
  :Nhi:179061927;z261:B11/25:107366387;z15:D1:Nhi:54726928;z216:D1:Nhi:28566723;z1
  6:D1:C:48580007;z134:D1:C:76028093;z24:D1:C:1442177.
Sum=991429905; test 991429905/1000000000+(1-z130)^7 <= 9987001/10000000.
Leaf R000110000001110100 B=[z76,z208,z38,z163,z4,z137,z138,z127,z8,z8,z8,z8] h=z81
  horizon=29 mass=z138.
Cells
  z209:B1:42350363;z254:0:Nlo:15082342;z210:1:Nlo:331926236;z12:0:Nhi:17772178;z25
  5:0:Nhi:15326188;z256:1:Nlo:15877071;z21:1:Nhi:228673074;z262:B11/25:124533443;z
  15:D1:Nhi:40316070;z263:D1:Nhi:49087740;z16:D1:C:32856061;z140:D1:C:77986761;z24
  :D1:C:1932651.
Sum=993720178; test 993720178/1000000000+(1-z138)^7 <= 9991284/10000000.
Leaf R000110000001110101 B=[z76,z208,z163,z25,z4,z137,z138,z127,z8,z8,z8,z8] h=z81
  horizon=29 mass=z138.
Cells
  z209:B1:42350363;z210:0:Nlo:348467472;z12:0:Nhi:17772178;z85:0:Nhi:108592413;z21
  :1:Nhi:154763252;z264:B11/25:130023586;z15:D1:Nhi:34686076;z260:D1:Nhi:44400341;
  z16:D1:C:36564995;z140:D1:C:71684051;z24:D1:C:1664354.
Sum=990969081; test 990969081/1000000000+(1-z138)^7 <= 9963773/10000000.
Leaf R000110000001110110 B=[z208,z64,z38,z163,z4,z137,z138,z127,z8,z8,z8,z8]
  h=z213 horizon=29 mass=z138.
Cells
  z65:B1:50342249;z265:0:Nlo:2109601;z66:1:Nlo:329312204;z266:0:Nhi:8072341;z267:1
  :Nlo:12008803;z21:1:Nhi:254291867;z268:B11/25:138703813;z15:D1:Nhi:26030410;z269
  :D1:Nhi:54599302;z16:D1:C:26001235;z140:D1:C:74679973;z24:D1:C:1838243.
Sum=977990041; test 977990041/1000000000+(1-z138)^7 <= 9833983/10000000.
Leaf R000110000001110111 B=[z208,z64,z163,z25,z4,z137,z138,z127,z8,z8,z8,z8]
  h=z213 horizon=29 mass=z138.
Cells
  z65:B1:50342249;z66:0:Nlo:345929720;z12:0:Nhi:16340436;z214:0:Nhi:83045258;z21:1
  :Nhi:179061927;z270:B11/25:141473745;z15:D1:Nhi:23432602;z271:D1:Nhi:28107425;z1
  6:D1:C:51427272;z140:D1:C:68602957;z24:D1:C:1581190.
Sum=989344781; test 989344781/1000000000+(1-z138)^7 <= 9947530/10000000.
Leaf R000110000001111 B=[z76,z64,z38,z25,z137,z26,z130,z127,z8,z8,z8,z8] h=z81
  horizon=29 mass=z130.
Cells
  z65:B1:50342249;z66:0:Nlo:345929720;z12:0:Nhi:16340436;z85:0:Nhi:108592413;z21:1
  :Nhi:154763252;z272:B11/25:126814575;z15:D1:Nhi:35464801;z273:D1:Nhi:44542046;z1
  6:D1:C:32177582;z143:D1:C:70205264;z24:D1:C:1183726.
Sum=986356064; test 986356064/1000000000+(1-z130)^7 <= 9936263/10000000.
Leaf R000110000010 B=[z1,z64,z2,z25,z26,z5,z18,z130,z8,z8,z8,z8] h=z9 horizon=29
  mass=z18.
Cells
  z65:B1:50342249;z66:0:Nlo:345929719;z12:0:Nhi:16340436;z28:0:Nhi:157180936;z21:1
  :Nhi:108221254;z274:B11/25:80328558;z15:D1:Nhi:69460864;z68:D1:Nhi:45025821;z16:
  D1:C:24828490;z145:D1:C:80954178;z24:D1:C:785452.
Sum=979397957; test 979397957/1000000000+(1-z18)^7 <= 9920834/10000000.
Leaf R0001100000110 B=[z1,z76,z2,z25,z26,z5,z130,z127,z8,z8,z8,z8] h=z9 horizon=29
  mass=z130.
Cells
  z78:B1:34605680;z79:0:Nlo:349960799;z12:0:Nhi:19478799;z28:0:Nhi:157180936;z21:1
  :Nhi:108221254;z144:B11/25:111117141;z15:D1:Nhi:48311818;z16:D1:Nhi:75639013;z27
  5:D1:C:79490210;z24:D1:C:1351227.
Sum=985356877; test 985356877/1000000000+(1-z130)^7 <= 9926271/10000000.
Leaf R0001100000111 B=[z76,z64,z80,z25,z26,z5,z130,z127,z8,z8,z8,z8] h=z81
  horizon=29 mass=z130.
Cells
  z65:B1:50342249;z66:0:Nlo:345929720;z12:0:Nhi:16340436;z85:0:Nhi:108592413;z21:1
  :Nhi:154763252;z211:B11/25:105649734;z15:D1:Nhi:53489624;z52:D1:Nhi:44665403;z16
  :D1:C:28888546;z275:D1:C:73226524;z24:D1:C:1226259.
Sum=983114160; test 983114160/1000000000+(1-z130)^7 <= 9903844/10000000.
Leaf R0001100001000 B=[z1,z76,z25,z3,z4,z26,z18,z130,z8,z8,z8,z8] h=z9 horizon=29
  mass=z18.
Cells
  z78:B1:34605680;z79:0:Nlo:349960798;z12:0:Nhi:19478799;z21:0:Nhi:267889356;z276:
  B11/25:106358896;z15:D1:Nhi:52357266;z277:D1:Nhi:48713507;z16:D1:C:27248768;z129
  :D1:C:73805479;z24:D1:C:752385.
Sum=981170934; test 981170934/1000000000+(1-z18)^7 <= 9938563/10000000.
Leaf R0001100001001 B=[z76,z64,z25,z3,z4,z26,z18,z130,z8,z8,z8,z8] h=z81
  horizon=29 mass=z18.
Cells
  z65:B1:50342249;z66:0:Nlo:345929720;z12:0:Nhi:16340436;z278:0:Nhi:264672514;z21:
  1:Nhi:2482979;z279:B11/25:107056537;z15:D1:Nhi:51268872;z280:D1:Nhi:30509047;z16
  :D1:C:42847978;z129:D1:C:68301525;z24:D1:C:688104.
Sum=980439961; test 980439961/1000000000+(1-z18)^7 <= 9931254/10000000.
Leaf R00011000010100 B=[z1,z76,z25,z281,z4,z26,z130,z127,z8,z8,z8,z8] h=z9
  horizon=29 mass=z130.
Cells
  z78:B1:34605680;z79:0:Nlo:349960797;z12:0:Nhi:19478799;z282:0:Nhi:246056241;z21:
  1:Nhi:21507244;z283:B11/25:131212628;z15:D1:Nhi:33776348;z146:B17/50:598866;z284
  :D1:Nhi:53570364;z16:D1:C:28307195;z134:D1:C:72319193;z24:D1:C:1225216.
Sum=992618571; test 992618571/1000000000+(1-z130)^7 <= 9998888/10000000.
Leaf R00011000010101 B=[z1,z76,z281,z3,z4,z26,z130,z127,z8,z8,z8,z8] h=z9
  horizon=29 mass=z130.
Cells
  z78:B1:34605680;z79:0:Nlo:349960798;z12:0:Nhi:19478799;z21:0:Nhi:267889356;z128:
  B11/25:131639424;z15:D1:Nhi:33380664;z285:B17/50:3961134;z286:D1:Nhi:40226150;z1
  6:D1:C:36510292;z134:D1:C:60936240;z24:D1:C:895140.
Sum=979483677; test 979483677/1000000000+(1-z130)^7 <= 9867539/10000000.
Leaf R00011000010110 B=[z76,z64,z25,z281,z4,z26,z130,z127,z8,z8,z8,z8] h=z81
  horizon=29 mass=z130.
Cells
  z65:B1:50342249;z66:0:Nlo:345929721;z12:0:Nhi:16340436;z287:0:Nhi:206313862;z21:
  1:Nhi:59943628;z288:B11/25:126042718;z15:D1:Nhi:38815907;z280:D1:Nhi:34225266;z1
  6:D1:C:45919417;z134:D1:C:66929476;z24:D1:C:1119049.
Sum=991921729; test 991921729/1000000000+(1-z130)^7 <= 9991920/10000000.
Leaf R00011000010111 B=[z76,z64,z281,z3,z4,z26,z130,z127,z8,z8,z8,z8] h=z81
  horizon=29 mass=z130.
Cells
  z65:B1:50342249;z66:0:Nlo:345929720;z12:0:Nhi:16340436;z278:0:Nhi:264672514;z21:
  1:Nhi:2482979;z289:B11/25:136494741;z15:D1:Nhi:28333436;z290:D1:Nhi:43255341;z16
  :D1:C:34596252;z134:D1:C:56272001;z24:D1:C:813840.
Sum=979533509; test 979533509/1000000000+(1-z130)^7 <= 9868037/10000000.
Leaf R00011000011 B=[z1,z64,z25,z3,z26,z5,z18,z127,z8,z8,z8,z8] h=z9 horizon=29
  mass=z18.
Cells
  z65:B1:50342249;z66:0:Nlo:345929720;z12:0:Nhi:16340436;z21:0:Nhi:267889356;z291:
  B11/25:111242018;z15:D1:Nhi:48354803;z292:D1:Nhi:45386920;z16:D1:C:26983608;z145
  :D1:C:57187745;z24:D1:C:424516.
Sum=970081371; test 970081371/1000000000+(1-z18)^7 <= 9827668/10000000.
Leaf R00011000100000 B=[z64,z103,z70,z38,z4,z26,z18,z130,z8,z8,z8,z8] h=z71
  horizon=29 mass=z18.
Cells
  z104:B1:13123064;z105:1:Nlo:194123217;z21:1:Nhi:378187422;z293:B11/25:97012971;z
  15:D1:Nhi:60628846;z107:D1:Nhi:16147274;z16:D1:C:57985219;z129:D1:C:87367703;z24
  :D1:C:1107841.
Sum=905683557; test 905683557/1000000000+(1-z18)^7 <= 9183690/10000000.
Leaf R00011000100001 B=[z64,z103,z38,z25,z4,z26,z18,z130,z8,z8,z8,z8] h=z71
  horizon=29 mass=z18.
Cells
  z108:B1:66647981;z98:0:Nlo:31657529;z109:1:Nlo:120226646;z110:0:Nlo:186789860;z1
  2:0:Nhi:14072844;z101:0:Nhi:58920441;z21:1:Nhi:201847038;z294:B11/25:111054730;z
  15:D1:Nhi:46761717;z295:D1:Nhi:20465412;z16:D1:C:51321893;z129:D1:C:74421091;z24
  :D1:C:843654.
Sum=985030836; test 985030836/1000000000+(1-z18)^7 <= 9977162/10000000.
Leaf R0001100010001 B=[z103,z96,z112,z25,z4,z26,z18,z130,z8,z8,z8,z8] h=z113
  horizon=29 mass=z18.
Cells
  z97:B1:78376479;z114:0:Nlo:7221371;z100:1:Nlo:316697817;z12:0:Nhi:12794100;z115:
  0:Nhi:7231651;z116:1:Nlo:7260149;z21:1:Nhi:243159710;z296:B11/25:104566917;z15:D
  1:Nhi:52612294;z16:D1:C:69152395;z129:D1:C:79645382;z24:D1:C:995727.
Sum=979713992; test 979713992/1000000000+(1-z18)^7 <= 9923994/10000000.
Leaf R00011000100100 B=[z64,z103,z70,z38,z4,z26,z130,z127,z8,z8,z8,z8] h=z71
  horizon=29 mass=z130.
Cells
  z104:B1:13123064;z105:1:Nlo:194123217;z21:1:Nhi:378187422;z297:B11/25:118765635;
  z15:D1:Nhi:46047655;z298:D1:Nhi:54345145;z16:D1:C:26589947;z134:D1:C:85279250;z2
  4:D1:C:1803555.
Sum=918264890; test 918264890/1000000000+(1-z130)^7 <= 9255351/10000000.
Leaf R0001100010010100 B=[z64,z103,z38,z25,z4,z137,z130,z138,z8,z8,z8,z8] h=z71
  horizon=29 mass=z130.
Cells
  z108:B1:66647981;z98:0:Nlo:31657529;z109:1:Nlo:120226646;z110:0:Nlo:186789860;z1
  2:0:Nhi:14072844;z101:0:Nhi:58920441;z21:1:Nhi:201847038;z299:B11/25:119769847;z
  15:D1:Nhi:41741516;z300:D1:Nhi:26181214;z16:D1:C:48939601;z134:D1:C:72780547;z24
  :D1:C:1371599.
Sum=990946663; test 990946663/1000000000+(1-z130)^7 <= 9982169/10000000.
Leaf R00011000100101010 B=[z64,z301,z38,z25,z4,z137,z138,z127,z8,z8,z8,z8] h=z71
  horizon=29 mass=z138.
Cells
  z302:B1:58470797;z303:0:Nlo:342604345;z12:0:Nhi:15122126;z101:0:Nhi:58920441;z21
  :1:Nhi:201847038;z304:B11/25:127863415;z15:D1:Nhi:36570296;z300:D1:Nhi:27775233;
  z16:D1:C:50827755;z140:D1:C:71490875;z24:D1:C:1747759.
Sum=993240080; test 993240080/1000000000+(1-z138)^7 <= 9986483/10000000.
Leaf R00011000100101011 B=[z301,z103,z38,z25,z4,z137,z138,z127,z8,z8,z8,z8] h=z305
  horizon=29 mass=z138.
Cells
  z108:B1:66647981;z306:0:Nlo:25115550;z307:1:Nlo:119833777;z110:0:Nlo:193130857;z
  12:0:Nhi:14072844;z308:0:Nhi:36134965;z21:1:Nhi:223190060;z309:B11/25:129082866;
  z15:D1:Nhi:35180494;z310:D1:Nhi:35453908;z16:D1:C:41244197;z140:D1:C:68416091;z2
  4:D1:C:1661061.
Sum=989164651; test 989164651/1000000000+(1-z138)^7 <= 9945729/10000000.
Leaf R000110001001011 B=[z64,z103,z38,z25,z137,z26,z130,z127,z8,z8,z8,z8] h=z71
  horizon=29 mass=z130.
Cells
  z108:B1:66647981;z98:0:Nlo:31657529;z109:1:Nlo:120226646;z110:0:Nlo:186789860;z1
  2:0:Nhi:14072844;z101:0:Nhi:58920441;z21:1:Nhi:201847038;z311:B11/25:121105612;z
  15:D1:Nhi:40715657;z300:D1:Nhi:26034641;z16:D1:C:47232125;z143:D1:C:64236634;z24
  :D1:C:1068048.
Sum=980555056; test 980555056/1000000000+(1-z130)^7 <= 9878253/10000000.
Leaf R00011000100110 B=[z103,z96,z112,z38,z4,z26,z130,z127,z8,z8,z8,z8] h=z113
  horizon=29 mass=z130.
Cells
  z312:B1:9813993;z313:1:Nlo:145173701;z21:1:Nhi:412903859;z314:B11/25:135922412;z
  15:D1:Nhi:28307163;z16:D1:C:76542267;z134:D1:C:77747921;z24:D1:C:1618392.
Sum=888029708; test 888029708/1000000000+(1-z130)^7 <= 8952999/10000000.
Leaf R00011000100111 B=[z103,z96,z38,z25,z4,z26,z130,z127,z8,z8,z8,z8] h=z113
  horizon=29 mass=z130.
Cells
  z97:B1:78376479;z114:0:Nlo:7221371;z100:1:Nlo:316697817;z12:0:Nhi:12794100;z115:
  0:Nhi:7231651;z116:1:Nlo:7260149;z21:1:Nhi:243159710;z118:B11/25:139140145;z15:D
  1:Nhi:25291934;z16:D1:C:74292219;z134:D1:C:66631411;z24:D1:C:1239140.
Sum=979336126; test 979336126/1000000000+(1-z130)^7 <= 9866064/10000000.
Leaf R00011000101 B=[z64,z69,z70,z25,z26,z5,z18,z127,z8,z8,z8,z8] h=z71 horizon=29
  mass=z18.
Cells
  z72:B1:82888468;z98:0:Nlo:15418452;z119:1:Nlo:120959584;z73:0:Nlo:192422724;z12:
  0:Nhi:12357823;z101:0:Nhi:58920441;z21:1:Nhi:201847038;z315:B11/25:114229343;z15
  :D1:Nhi:44487085;z107:D1:Nhi:16029983;z16:D1:C:54364327;z145:D1:C:67810526;z24:D
  1:C:639521.
Sum=982375315; test 982375315/1000000000+(1-z18)^7 <= 9950607/10000000.
Leaf R000110001100 B=[z64,z96,z25,z316,z4,z26,z18,z130,z8,z8,z8,z8] h=z71
  horizon=29 mass=z18.
Cells
  z97:B1:78376479;z100:0:Nlo:332328864;z12:0:Nhi:12794100;z317:0:Nhi:212516344;z21
  :1:Nhi:53358080;z318:B11/25:110511465;z15:D1:Nhi:47427946;z107:D1:Nhi:16123855;z
  16:D1:C:53358925;z129:D1:C:62452019;z24:D1:C:620551.
Sum=979868628; test 979868628/1000000000+(1-z18)^7 <= 9925540/10000000.
Leaf R000110001101 B=[z64,z96,z25,z316,z4,z26,z130,z127,z8,z8,z8,z8] h=z71
  horizon=29 mass=z130.
Cells
  z97:B1:78376479;z100:0:Nlo:332328864;z12:0:Nhi:12794100;z317:0:Nhi:212516344;z21
  :1:Nhi:53358080;z319:B11/25:137541290;z15:D1:Nhi:27076437;z107:D1:Nhi:18254645;z
  16:D1:C:58174055;z134:D1:C:61201111;z24:D1:C:1007647.
Sum=992629052; test 992629052/1000000000+(1-z130)^7 <= 9998993/10000000.
Leaf R00011000111 B=[z64,z69,z25,z3,z26,z5,z18,z127,z8,z8,z8,z8] h=z71 horizon=29
  mass=z18.
Cells
  z72:B1:82888468;z73:0:Nlo:329692433;z12:0:Nhi:12357823;z121:0:Nhi:229060743;z21:
  1:Nhi:37075668;z320:B11/25:114870637;z15:D1:Nhi:44015742;z107:D1:Nhi:16006744;z1
  6:D1:C:50037395;z145:D1:C:48041245;z24:D1:C:346240.
Sum=964393138; test 964393138/1000000000+(1-z18)^7 <= 9770785/10000000.
Leaf R00011001000000 B=[z1,z76,z2,z38,z4,z26,z127,z151,z8,z8,z8,z8] h=z9
  horizon=29 mass=z127.
Cells
  z39:B1:21963427;z40:1:Nlo:324894474;z21:1:Nhi:281456166;z152:B11/25:149963771;z1
  5:D1:Nhi:18240716;z125:B17/50:16448625;z16:D1:Nhi:74357550;z150:D1:C:96451700;z2
  4:D1:C:3580111.
Sum=987356540; test 987356540/1000000000+(1-z127)^7 <= 9913275/10000000.
Leaf R000110010000010000000 B=[z1,z227,z38,z163,z4,z224,z127,z321,z8,z8,z8,z8]
  h=z9 horizon=29 mass=z127.
Cells
  z228:B1:23756843;z229:0:Nlo:349490980;z12:0:Nhi:22756292;z164:0:Nhi:84696336;z21
  :1:Nhi:178151649;z322:B11/25:145838320;z15:D1:Nhi:20340906;z323:B17/50:7503152;z
  68:D1:Nhi:50164179;z16:D1:C:28188012;z150:D1:C:82000018;z24:D1:C:2697309.
Sum=995583996; test 995583996/1000000000+(1-z127)^7 <= 9995549/10000000.
Leaf R0001100100000100000010 B=[z227,z196,z38,z324,z4,z224,z127,z321,z8,z8,z8,z8]
  h=z231 horizon=29 mass=z127.
Cells
  z197:B1:27244150;z325:0:Nlo:13662864;z198:1:Nlo:334629621;z12:0:Nhi:21547815;z32
  6:0:Nhi:13572908;z327:1:Nlo:13917049;z21:1:Nhi:232612832;z328:B11/25:134160049;z
  15:D1:Nhi:31861225;z329:B17/50:5178872;z330:D1:Nhi:50462313;z16:D1:C:29957010;z1
  50:D1:C:81111401;z24:D1:C:2663416.
Sum=992581525; test 992581525/1000000000+(1-z127)^7 <= 9965525/10000000.
Leaf R0001100100000100000011 B=[z227,z196,z324,z163,z4,z224,z127,z321,z8,z8,z8,z8]
  h=z231 horizon=29 mass=z127.
Cells
  z197:B1:27244150;z198:0:Nlo:350078200;z12:0:Nhi:21547815;z232:0:Nhi:76479062;z21
  :1:Nhi:185966522;z331:B11/25:135519755;z15:D1:Nhi:30476981;z332:B17/50:4902114;z
  333:D1:Nhi:50524206;z16:D1:C:29692815;z150:D1:C:77847699;z24:D1:C:2476252.
Sum=992755571; test 992755571/1000000000+(1-z127)^7 <= 9967265/10000000.
Leaf R0001100100000100000100 B=[z1,z227,z38,z324,z4,z224,z321,z158,z8,z8,z8,z8]
  h=z9 horizon=29 mass=z321.
Cells
  z228:B1:23756843;z334:0:Nlo:18271852;z335:1:Nlo:105318243;z229:0:Nlo:225482253;z
  12:0:Nhi:22756292;z336:0:Nhi:17671876;z337:1:Nlo:18417389;z21:1:Nhi:224527658;z3
  38:B11/25:146781691;z15:D1:Nhi:20128336;z339:B17/50:8769018;z340:D1:Nhi:50127720
  ;z16:D1:C:28443867;z341:D1:C:80676130;z24:D1:C:3056399.
Sum=994185567; test 994185567/1000000000+(1-z321)^7 <= 9975703/10000000.
Leaf R0001100100000100000101 B=[z1,z227,z324,z163,z4,z224,z321,z158,z8,z8,z8,z8]
  h=z9 horizon=29 mass=z321.
Cells
  z228:B1:23756843;z229:0:Nlo:349490980;z12:0:Nhi:22756292;z164:0:Nhi:84696336;z21
  :1:Nhi:178151649;z165:B11/25:147913153;z15:D1:Nhi:19026043;z342:B17/50:8280517;z
  68:D1:Nhi:50544674;z16:D1:C:28046895;z341:D1:C:77461925;z24:D1:C:2843321.
Sum=992968628; test 992968628/1000000000+(1-z321)^7 <= 9963534/10000000.
Leaf R0001100100000100000110 B=[z227,z196,z38,z324,z4,z224,z321,z158,z8,z8,z8,z8]
  h=z231 horizon=29 mass=z321.
Cells
  z197:B1:27244150;z325:0:Nlo:13662864;z198:1:Nlo:334629621;z12:0:Nhi:21547815;z32
  6:0:Nhi:13572908;z327:1:Nlo:13917049;z21:1:Nhi:232612832;z343:B11/25:136383853;z
  15:D1:Nhi:30665719;z344:B17/50:13172358;z345:D1:Nhi:44585840;z16:D1:C:29325525;z
  341:D1:C:79802062;z24:D1:C:3017919.
Sum=994140515; test 994140515/1000000000+(1-z321)^7 <= 9975253/10000000.
Leaf R0001100100000100000111 B=[z227,z196,z324,z163,z4,z224,z321,z158,z8,z8,z8,z8]
  h=z231 horizon=29 mass=z321.
Cells
  z197:B1:27244150;z198:0:Nlo:350078200;z12:0:Nhi:21547815;z232:0:Nhi:76479062;z21
  :1:Nhi:185966522;z346:B11/25:137603420;z15:D1:Nhi:29394123;z347:B17/50:12479909;
  z348:D1:Nhi:44998244;z16:D1:C:29114117;z341:D1:C:76617074;z24:D1:C:2807130.
Sum=994329766; test 994329766/1000000000+(1-z321)^7 <= 9977145/10000000.
Leaf R0001100100000100001 B=[z1,z196,z38,z163,z224,z137,z127,z158,z8,z8,z8,z8]
  h=z9 horizon=29 mass=z127.
Cells
  z197:B1:27244150;z198:0:Nlo:350078200;z12:0:Nhi:21547815;z164:0:Nhi:84696336;z21
  :1:Nhi:178151649;z349:B11/25:146158621;z15:D1:Nhi:20068448;z350:B17/50:7387228;z
  68:D1:Nhi:49937149;z16:D1:C:27535516;z351:D1:C:77400570;z24:D1:C:2408358.
Sum=992614040; test 992614040/1000000000+(1-z127)^7 <= 9965850/10000000.
Leaf R000110010000010001 B=[z1,z196,z163,z25,z4,z137,z127,z158,z8,z8,z8,z8] h=z9
  horizon=29 mass=z127.
Cells
  z197:B1:27244150;z198:0:Nlo:350078201;z12:0:Nhi:21547815;z28:0:Nhi:157180936;z21
  :1:Nhi:108221254;z161:B11/25:151106108;z15:D1:Nhi:15956529;z167:B17/50:7811473;z
  68:D1:Nhi:50986119;z16:D1:C:27611172;z150:D1:C:75532600;z24:D1:C:2330318.
Sum=995606675; test 995606675/1000000000+(1-z127)^7 <= 9995776/10000000.
Leaf R0001100100000100100000 B=[z196,z239,z38,z324,z4,z224,z127,z321,z8,z8,z8,z8]
  h=z200 horizon=29 mass=z127.
Cells
  z240:B1:30867482;z352:0:Nlo:7916713;z241:1:Nlo:332977311;z12:0:Nhi:20461160;z353
  :1:Nlo:11267140;z21:1:Nhi:247862521;z354:B11/25:146753423;z15:D1:Nhi:19407113;z3
  55:B17/50:3673079;z356:D1:Nhi:49608656;z16:D1:C:31710452;z150:D1:C:79395227;z24:
  D1:C:2598116.
Sum=984498393; test 984498393/1000000000+(1-z127)^7 <= 9884693/10000000.
Leaf R0001100100000100100001 B=[z196,z239,z324,z163,z4,z224,z127,z321,z8,z8,z8,z8]
  h=z200 horizon=29 mass=z127.
Cells
  z240:B1:30867482;z241:0:Nlo:350215744;z12:0:Nhi:20461160;z221:0:Nhi:60861025;z21
  :1:Nhi:200797064;z242:B11/25:132396921;z15:D1:Nhi:33622800;z357:B17/50:3477056;z
  358:D1:Nhi:49711697;z16:D1:C:31306535;z150:D1:C:76189512;z24:D1:C:2414869.
Sum=992321865; test 992321865/1000000000+(1-z127)^7 <= 9962928/10000000.
Leaf R000110010000010010001 B=[z239,z76,z38,z163,z4,z224,z127,z321,z8,z8,z8,z8]
  h=z245 horizon=29 mass=z127.
Cells
  z78:B1:34605680;z246:0:Nlo:25464006;z247:1:Nlo:113261589;z79:0:Nlo:211179430;z12
  :0:Nhi:19478799;z248:0:Nhi:45816079;z21:1:Nhi:215026317;z359:B11/25:136444518;z1
  5:D1:Nhi:29412396;z52:D1:Nhi:52027266;z16:D1:C:32382083;z150:D1:C:77709420;z24:D
  1:C:2534174.
Sum=995341757; test 995341757/1000000000+(1-z127)^7 <= 9993127/10000000.
Leaf R0001100100000100100100 B=[z196,z239,z38,z324,z4,z224,z321,z158,z8,z8,z8,z8]
  h=z200 horizon=29 mass=z321.
Cells
  z240:B1:30867482;z352:0:Nlo:7916713;z241:1:Nlo:332977311;z12:0:Nhi:20461160;z353
  :1:Nlo:11267140;z21:1:Nhi:247862521;z354:B11/25:146753424;z15:D1:Nhi:20091772;z3
  60:B17/50:6566610;z361:D1:Nhi:48856617;z16:D1:C:31049139;z341:D1:C:78113983;z24:
  D1:C:2943783.
Sum=985727655; test 985727655/1000000000+(1-z321)^7 <= 9891124/10000000.
Leaf R0001100100000100100101 B=[z196,z239,z324,z163,z4,z224,z321,z158,z8,z8,z8,z8]
  h=z200 horizon=29 mass=z321.
Cells
  z240:B1:30867482;z241:0:Nlo:350215744;z12:0:Nhi:20461160;z221:0:Nhi:60861025;z21
  :1:Nhi:200797064;z362:B11/25:150394399;z15:D1:Nhi:16578601;z363:B17/50:6223426;z
  364:D1:Nhi:49060468;z16:D1:C:30703655;z341:D1:C:74985565;z24:D1:C:2737419.
Sum=993886008; test 993886008/1000000000+(1-z321)^7 <= 9972707/10000000.
Leaf R0001100100000100100110 B=[z239,z76,z38,z324,z4,z224,z321,z158,z8,z8,z8,z8]
  h=z245 horizon=29 mass=z321.
Cells
  z78:B1:34605680;z365:0:Nlo:2150693;z366:1:Nlo:346007324;z21:1:Nhi:262373141;z367
  :B11/25:138399894;z15:D1:Nhi:28438438;z368:B17/50:42235;z369:D1:Nhi:53355107;z16
  :D1:C:32770261;z341:D1:C:76455768;z24:D1:C:2871195.
Sum=977469736; test 977469736/1000000000+(1-z321)^7 <= 9808545/10000000.
Leaf R0001100100000100100111 B=[z239,z76,z324,z163,z4,z224,z321,z158,z8,z8,z8,z8]
  h=z245 horizon=29 mass=z321.
Cells
  z78:B1:34605680;z246:0:Nlo:25464006;z247:1:Nlo:113261589;z79:0:Nlo:211179430;z12
  :0:Nhi:19478799;z248:0:Nhi:45816079;z21:1:Nhi:215026317;z367:B11/25:138399895;z1
  5:D1:Nhi:28444697;z370:B17/50:40041;z371:D1:Nhi:51892732;z16:D1:C:33762558;z341:
  D1:C:73383118;z24:D1:C:2669179.
Sum=993424120; test 993424120/1000000000+(1-z321)^7 <= 9968089/10000000.
Leaf R0001100100000100101 B=[z196,z76,z38,z163,z224,z137,z127,z158,z8,z8,z8,z8]
  h=z200 horizon=29 mass=z127.
Cells
  z78:B1:34605680;z79:0:Nlo:349960798;z12:0:Nhi:19478799;z221:0:Nhi:60861025;z21:1
  :Nhi:200797064;z242:B11/25:132396920;z15:D1:Nhi:33710986;z372:B17/50:3609571;z37
  3:D1:Nhi:49360662;z16:D1:C:31027995;z351:D1:C:74917149;z24:D1:C:2318546.
Sum=993045195; test 993045195/1000000000+(1-z127)^7 <= 9970161/10000000.
Leaf R00011001000001001100 B=[z196,z76,z163,z25,z4,z224,z127,z321,z8,z8,z8,z8]
  h=z200 horizon=29 mass=z127.
Cells
  z78:B1:34605680;z79:0:Nlo:349960799;z12:0:Nhi:19478799;z201:0:Nhi:135649897;z21:
  1:Nhi:128876720;z374:B11/25:141334452;z15:D1:Nhi:24623238;z375:B17/50:3300894;z3
  76:D1:Nhi:48400731;z16:D1:C:32338395;z150:D1:C:73101096;z24:D1:C:2242717.
Sum=993913418; test 993913418/1000000000+(1-z127)^7 <= 9978844/10000000.
Leaf R00011001000001001101 B=[z196,z76,z163,z25,z4,z224,z321,z158,z8,z8,z8,z8]
  h=z200 horizon=29 mass=z321.
Cells
  z78:B1:34605680;z79:0:Nlo:349960799;z12:0:Nhi:19478799;z201:0:Nhi:135649897;z21:
  1:Nhi:128876720;z374:B11/25:141334450;z15:D1:Nhi:25504937;z377:B17/50:5914331;z3
  78:D1:Nhi:47864599;z16:D1:C:31764015;z341:D1:C:71970519;z24:D1:C:2543496.
Sum=995468242; test 995468242/1000000000+(1-z321)^7 <= 9988530/10000000.
Leaf R0001100100000100111 B=[z196,z76,z163,z25,z224,z137,z127,z158,z8,z8,z8,z8]
  h=z200 horizon=29 mass=z127.
Cells
  z78:B1:34605680;z79:0:Nlo:349960799;z12:0:Nhi:19478799;z201:0:Nhi:135649897;z21:
  1:Nhi:128876720;z374:B11/25:141334451;z15:D1:Nhi:24671366;z379:B17/50:3249268;z3
  80:D1:Nhi:47502574;z16:D1:C:32325838;z351:D1:C:68933177;z24:D1:C:1996493.
Sum=988585062; test 988585062/1000000000+(1-z127)^7 <= 9925560/10000000.
Leaf R0001100100000101000000 B=[z1,z227,z38,z324,z4,z224,z158,z381,z8,z8,z8,z8]
  h=z9 horizon=29 mass=z158.
Cells
  z228:B1:23756843;z334:0:Nlo:18271852;z335:1:Nlo:105318243;z229:0:Nlo:225482253;z
  12:0:Nhi:22756292;z336:0:Nhi:17671876;z337:1:Nlo:18417389;z21:1:Nhi:224527658;z3
  82:B11/25:148905052;z15:D1:Nhi:18690700;z125:B17/50:16448626;z383:D1:Nhi:4442798
  2;z16:D1:C:27853252;z168:D1:C:79117289;z24:D1:C:3468673.
Sum=995113980; test 995113980/1000000000+(1-z158)^7 <= 9979883/10000000.
Leaf R0001100100000101000001 B=[z1,z227,z324,z163,z4,z224,z158,z381,z8,z8,z8,z8]
  h=z9 horizon=29 mass=z158.
Cells
  z228:B1:23756843;z229:0:Nlo:349490980;z12:0:Nhi:22756292;z164:0:Nhi:84696336;z21
  :1:Nhi:178151649;z384:B11/25:149908259;z15:D1:Nhi:17691670;z125:B17/50:16448626;
  z385:D1:Nhi:44069272;z16:D1:C:27755643;z168:D1:C:75995452;z24:D1:C:3228759.
Sum=993949781; test 993949781/1000000000+(1-z158)^7 <= 9968241/10000000.
Leaf R0001100100000101000010 B=[z227,z196,z38,z324,z4,z224,z158,z381,z8,z8,z8,z8]
  h=z231 horizon=29 mass=z158.
Cells
  z197:B1:27244150;z325:0:Nlo:13662864;z198:1:Nlo:334629621;z12:0:Nhi:21547815;z32
  6:0:Nhi:13572908;z327:1:Nlo:13917049;z21:1:Nhi:232612832;z386:B11/25:151735606;z
  15:D1:Nhi:15866277;z387:B17/50:15816608;z388:D1:Nhi:43894776;z16:D1:C:28719795;z
  168:D1:C:78260346;z24:D1:C:3424929.
Sum=994905576; test 994905576/1000000000+(1-z158)^7 <= 9977799/10000000.
Leaf R0001100100000101000011 B=[z227,z196,z324,z163,z4,z224,z158,z381,z8,z8,z8,z8]
  h=z231 horizon=29 mass=z158.
Cells
  z197:B1:27244150;z198:0:Nlo:350078200;z12:0:Nhi:21547815;z232:0:Nhi:76479062;z21
  :1:Nhi:185966522;z386:B11/25:151735607;z15:D1:Nhi:15868194;z389:B17/50:15002159;
  z390:D1:Nhi:44389550;z16:D1:C:28557167;z168:D1:C:75166874;z24:D1:C:3187603.
Sum=995222903; test 995222903/1000000000+(1-z158)^7 <= 9980972/10000000.
Leaf R0001100100000101000100 B=[z1,z227,z38,z324,z4,z224,z381,z151,z8,z8,z8,z8]
  h=z9 horizon=29 mass=z381.
Cells
  z228:B1:23756843;z334:0:Nlo:18271852;z335:1:Nlo:105318243;z229:0:Nlo:225482253;z
  12:0:Nhi:22756292;z336:0:Nhi:17671876;z337:1:Nlo:18417389;z21:1:Nhi:224527658;z3
  91:B11/25:150944210;z15:D1:Nhi:17236548;z125:B17/50:16448626;z392:D1:Nhi:4624009
  7;z16:D1:C:27286408;z393:D1:C:77277973;z24:D1:C:3943710.
Sum=995579978; test 995579978/1000000000+(1-z381)^7 <= 9980113/10000000.
Leaf R0001100100000101000101 B=[z1,z227,z324,z163,z4,z224,z381,z151,z8,z8,z8,z8]
  h=z9 horizon=29 mass=z381.
Cells
  z228:B1:23756843;z229:0:Nlo:349490980;z12:0:Nhi:22756292;z164:0:Nhi:84696336;z21
  :1:Nhi:178151649;z169:B11/25:151828137;z15:D1:Nhi:16337080;z125:B17/50:16448626;
  z394:D1:Nhi:45844915;z16:D1:C:27231329;z393:D1:C:74263494;z24:D1:C:3673687.
Sum=994479368; test 994479368/1000000000+(1-z381)^7 <= 9969107/10000000.
Leaf R0001100100000101000110 B=[z227,z196,z38,z324,z4,z224,z381,z151,z8,z8,z8,z8]
  h=z231 horizon=29 mass=z381.
Cells
  z197:B1:27244150;z325:0:Nlo:13662864;z198:1:Nlo:334629621;z12:0:Nhi:21547815;z32
  6:0:Nhi:13572908;z327:1:Nlo:13917049;z21:1:Nhi:232612832;z395:B11/25:154644992;z
  15:D1:Nhi:13486089;z396:B17/50:18349284;z397:D1:Nhi:43221370;z16:D1:C:28138297;z
  393:D1:C:76441222;z24:D1:C:3893909.
Sum=995362402; test 995362402/1000000000+(1-z381)^7 <= 9977938/10000000.
Leaf R0001100100000101000111 B=[z227,z196,z324,z163,z4,z224,z381,z151,z8,z8,z8,z8]
  h=z231 horizon=29 mass=z381.
Cells
  z197:B1:27244150;z198:0:Nlo:350078200;z12:0:Nhi:21547815;z232:0:Nhi:76479062;z21
  :1:Nhi:185966522;z398:B11/25:154362802;z15:D1:Nhi:13768577;z399:B17/50:17423364;
  z400:D1:Nhi:43792965;z16:D1:C:28020786;z393:D1:C:73454120;z24:D1:C:3626807.
Sum=995765170; test 995765170/1000000000+(1-z381)^7 <= 9981965/10000000.
Leaf R0001100100000101001 B=[z1,z196,z38,z163,z224,z137,z158,z151,z8,z8,z8,z8]
  h=z9 horizon=29 mass=z158.
Cells
  z197:B1:27244150;z198:0:Nlo:350078200;z12:0:Nhi:21547815;z164:0:Nhi:84696336;z21
  :1:Nhi:178151649;z401:B11/25:150161787;z15:D1:Nhi:17462183;z125:B17/50:16448626;
  z402:D1:Nhi:43981931;z16:D1:C:27310215;z403:D1:C:74839353;z24:D1:C:3108795.
Sum=995031040; test 995031040/1000000000+(1-z158)^7 <= 9979054/10000000.
Leaf R00011001000001010100 B=[z1,z196,z163,z25,z4,z224,z158,z381,z8,z8,z8,z8] h=z9
  horizon=29 mass=z158.
Cells
  z197:B1:27244150;z198:0:Nlo:350078201;z12:0:Nhi:21547815;z28:0:Nhi:157180936;z21
  :1:Nhi:108221254;z404:B11/25:151640243;z15:D1:Nhi:15982815;z125:B17/50:16448626;
  z405:D1:Nhi:43741594;z16:D1:C:27625613;z168:D1:C:72984877;z24:D1:C:3003143.
Sum=995699267; test 995699267/1000000000+(1-z158)^7 <= 9985736/10000000.
Leaf R00011001000001010101 B=[z1,z196,z163,z25,z4,z224,z381,z151,z8,z8,z8,z8] h=z9
  horizon=29 mass=z381.
Cells
  z197:B1:27244150;z198:0:Nlo:350078201;z12:0:Nhi:21547815;z28:0:Nhi:157180936;z21
  :1:Nhi:108221254;z154:B11/25:153358330;z15:D1:Nhi:14792967;z125:B17/50:16448626;
  z406:D1:Nhi:45483222;z16:D1:C:27140514;z393:D1:C:71355001;z24:D1:C:3419629.
Sum=996270645; test 996270645/1000000000+(1-z381)^7 <= 9987020/10000000.
Leaf R0001100100000101011 B=[z1,z196,z163,z25,z224,z137,z158,z151,z8,z8,z8,z8]
  h=z9 horizon=29 mass=z158.
Cells
  z197:B1:27244150;z198:0:Nlo:350078201;z12:0:Nhi:21547815;z28:0:Nhi:157180936;z21
  :1:Nhi:108221254;z407:B11/25:151849780;z15:D1:Nhi:15795394;z125:B17/50:16448626;
  z408:D1:Nhi:43322060;z16:D1:C:27069254;z403:D1:C:68991657;z24:D1:C:2684933.
Sum=990434060; test 990434060/1000000000+(1-z158)^7 <= 9933084/10000000.
Leaf R0001100100000101100000 B=[z196,z239,z38,z324,z4,z224,z158,z381,z8,z8,z8,z8]
  h=z200 horizon=29 mass=z158.
Cells
  z240:B1:30867482;z352:0:Nlo:7916713;z241:1:Nlo:332977311;z12:0:Nhi:20461160;z353
  :1:Nlo:11267140;z21:1:Nhi:247862521;z354:B11/25:146753424;z15:D1:Nhi:20796430;z4
  09:B17/50:9336336;z410:D1:Nhi:48122326;z16:D1:C:30414460;z168:D1:C:76605329;z24:
  D1:C:3340656.
Sum=986721288; test 986721288/1000000000+(1-z158)^7 <= 9895956/10000000.
Leaf R0001100100000101100001 B=[z196,z239,z324,z163,z4,z224,z158,z381,z8,z8,z8,z8]
  h=z200 horizon=29 mass=z158.
Cells
  z240:B1:30867482;z241:0:Nlo:350215744;z12:0:Nhi:20461160;z221:0:Nhi:60861025;z21
  :1:Nhi:200797064;z362:B11/25:150394399;z15:D1:Nhi:17154211;z411:B17/50:8858311;z
  412:D1:Nhi:48420505;z16:D1:C:30123104;z168:D1:C:73566784;z24:D1:C:3108328.
Sum=994828117; test 994828117/1000000000+(1-z158)^7 <= 9977024/10000000.
Leaf R0001100100000101100010 B=[z239,z76,z38,z324,z4,z224,z158,z381,z8,z8,z8,z8]
  h=z245 horizon=29 mass=z158.
Cells
  z78:B1:34605680;z365:0:Nlo:2150693;z366:1:Nlo:346007324;z21:1:Nhi:262373141;z413
  :B11/25:141514516;z15:D1:Nhi:26152653;z414:B17/50:2933923;z415:D1:Nhi:52578063;z
  16:D1:C:32107479;z168:D1:C:74979586;z24:D1:C:3258148.
Sum=978661206; test 978661206/1000000000+(1-z158)^7 <= 9815355/10000000.
Leaf R0001100100000101100011 B=[z239,z76,z324,z163,z4,z224,z158,z381,z8,z8,z8,z8]
  h=z245 horizon=29 mass=z158.
Cells
  z78:B1:34605680;z246:0:Nlo:25464006;z247:1:Nlo:113261589;z79:0:Nlo:211179430;z12
  :0:Nhi:19478799;z248:0:Nhi:45816079;z21:1:Nhi:215026317;z413:B11/25:141514517;z1
  5:D1:Nhi:26157774;z416:B17/50:2784562;z417:D1:Nhi:51248194;z16:D1:C:33133257;z16
  8:D1:C:71995184;z24:D1:C:3030730.
Sum=994696118; test 994696118/1000000000+(1-z158)^7 <= 9975704/10000000.
Leaf R0001100100000101100100 B=[z196,z239,z38,z324,z4,z224,z381,z151,z8,z8,z8,z8]
  h=z200 horizon=29 mass=z381.
Cells
  z240:B1:30867482;z352:0:Nlo:7916713;z241:1:Nlo:332977311;z12:0:Nhi:20461160;z353
  :1:Nlo:11267140;z21:1:Nhi:247862521;z354:B11/25:146753423;z15:D1:Nhi:21521551;z4
  18:B17/50:11989987;z419:D1:Nhi:47405577;z16:D1:C:29804867;z393:D1:C:74825195;z24
  :D1:C:3797969.
Sum=987450896; test 987450896/1000000000+(1-z381)^7 <= 9898823/10000000.
Leaf R0001100100000101100101 B=[z196,z239,z324,z163,z4,z224,z381,z151,z8,z8,z8,z8]
  h=z200 horizon=29 mass=z381.
Cells
  z240:B1:30867482;z241:0:Nlo:350215744;z12:0:Nhi:20461160;z221:0:Nhi:60861025;z21
  :1:Nhi:200797064;z362:B11/25:150394400;z15:D1:Nhi:17746364;z420:B17/50:11388319;
  z421:D1:Nhi:47792018;z16:D1:C:29563695;z393:D1:C:71891106;z24:D1:C:3536508.
Sum=995514885; test 995514885/1000000000+(1-z381)^7 <= 9979463/10000000.
Leaf R0001100100000101100110 B=[z239,z76,z38,z324,z4,z224,z381,z151,z8,z8,z8,z8]
  h=z245 horizon=29 mass=z381.
Cells
  z78:B1:34605680;z365:0:Nlo:2150693;z366:1:Nlo:346007324;z21:1:Nhi:262373141;z422
  :B11/25:144462642;z15:D1:Nhi:23899740;z423:B17/50:5705257;z424:D1:Nhi:51818239;z
  16:D1:C:31470567;z393:D1:C:73237741;z24:D1:C:3704042.
Sum=979435066; test 979435066/1000000000+(1-z381)^7 <= 9818664/10000000.
Leaf R0001100100000101100111 B=[z239,z76,z324,z163,z4,z224,z381,z151,z8,z8,z8,z8]
  h=z245 horizon=29 mass=z381.
Cells
  z78:B1:34605680;z246:0:Nlo:25464006;z247:1:Nlo:113261589;z79:0:Nlo:211179430;z12
  :0:Nhi:19478799;z248:0:Nhi:45816079;z21:1:Nhi:215026317;z422:B11/25:144462643;z1
  5:D1:Nhi:23903878;z425:B17/50:5420559;z426:D1:Nhi:50613431;z16:D1:C:32526469;z39
  3:D1:C:70355910;z24:D1:C:3448123.
Sum=995562913; test 995562913/1000000000+(1-z381)^7 <= 9979943/10000000.
Leaf R0001100100000101101 B=[z196,z76,z38,z163,z224,z137,z158,z151,z8,z8,z8,z8]
  h=z200 horizon=29 mass=z158.
Cells
  z78:B1:34605680;z79:0:Nlo:349960798;z12:0:Nhi:19478799;z221:0:Nhi:60861025;z21:1
  :Nhi:200797064;z362:B11/25:150394400;z15:D1:Nhi:17176101;z427:B17/50:9185765;z42
  8:D1:Nhi:47907269;z16:D1:C:29781337;z403:D1:C:72439684;z24:D1:C:2992448.
Sum=995580370; test 995580370/1000000000+(1-z158)^7 <= 9984547/10000000.
Leaf R00011001000001011100 B=[z196,z76,z163,z25,z4,z224,z158,z381,z8,z8,z8,z8]
  h=z200 horizon=29 mass=z158.
Cells
  z78:B1:34605680;z79:0:Nlo:349960799;z12:0:Nhi:19478799;z201:0:Nhi:135649897;z21:
  1:Nhi:128876720;z429:B11/25:154973771;z15:D1:Nhi:12702603;z430:B17/50:8426850;z4
  31:D1:Nhi:47333743;z16:D1:C:31209122;z168:D1:C:70637102;z24:D1:C:2889922.
Sum=996745008; test 996745008/1000000000+(1-z158)^7 <= 9996193/10000000.
Leaf R00011001000001011101 B=[z196,z76,z163,z25,z4,z224,z381,z151,z8,z8,z8,z8]
  h=z200 horizon=29 mass=z381.
Cells
  z78:B1:34605680;z79:0:Nlo:349960799;z12:0:Nhi:19478799;z201:0:Nhi:135649897;z21:
  1:Nhi:128876720;z429:B11/25:154973773;z15:D1:Nhi:13135575;z432:B17/50:10844149;z
  433:D1:Nhi:46808691;z16:D1:C:30672777;z393:D1:C:69060720;z24:D1:C:3290591.
Sum=997358171; test 997358171/1000000000+(1-z381)^7 <= 9997895/10000000.
Leaf R0001100100000101111 B=[z196,z76,z163,z25,z224,z137,z158,z151,z8,z8,z8,z8]
  h=z200 horizon=29 mass=z158.
Cells
  z78:B1:34605680;z79:0:Nlo:349960799;z12:0:Nhi:19478799;z201:0:Nhi:135649897;z21:
  1:Nhi:128876720;z429:B11/25:154973773;z15:D1:Nhi:12714647;z434:B17/50:8303763;z4
  35:D1:Nhi:46479430;z16:D1:C:31216575;z403:D1:C:66750246;z24:D1:C:2582241.
Sum=991592570; test 991592570/1000000000+(1-z158)^7 <= 9944669/10000000.
Leaf R0001100100000110 B=[z1,z76,z38,z25,z137,z26,z127,z158,z8,z8,z8,z8] h=z9
  horizon=29 mass=z127.
Cells
  z78:B1:34605680;z79:0:Nlo:349960799;z12:0:Nhi:19478799;z28:0:Nhi:157180936;z21:1
  :Nhi:108221254;z436:B11/25:133781831;z15:D1:Nhi:31322283;z136:B17/50:1198647;z68
  :D1:Nhi:54520063;z16:D1:C:26609231;z174:D1:C:73015565;z24:D1:C:2144266.
Sum=992039354; test 992039354/1000000000+(1-z127)^7 <= 9960103/10000000.
Leaf R0001100100000111 B=[z1,z76,z38,z25,z137,z26,z158,z151,z8,z8,z8,z8] h=z9
  horizon=29 mass=z158.
Cells
  z78:B1:34605680;z79:0:Nlo:349960799;z12:0:Nhi:19478799;z28:0:Nhi:157180936;z21:1
  :Nhi:108221254;z161:B11/25:151106107;z15:D1:Nhi:15995825;z172:B17/50:8567814;z68
  :D1:Nhi:49598546;z16:D1:C:27186199;z437:D1:C:70746829;z24:D1:C:2778709.
Sum=995427497; test 995427497/1000000000+(1-z158)^7 <= 9983018/10000000.
Leaf R00011001000010 B=[z76,z64,z80,z38,z4,z26,z127,z151,z8,z8,z8,z8] h=z81
  horizon=29 mass=z127.
Cells
  z82:B1:17345822;z83:1:Nlo:256588460;z21:1:Nhi:332496829;z438:B11/25:144147264;z1
  5:D1:Nhi:24181475;z52:D1:Nhi:56185521;z16:D1:C:34874491;z150:D1:C:89154019;z24:D
  1:C:3262244.
Sum=958236125; test 958236125/1000000000+(1-z127)^7 <= 9622071/10000000.
Leaf R00011001000011000000 B=[z76,z208,z38,z163,z4,z224,z127,z321,z8,z8,z8,z8]
  h=z81 horizon=29 mass=z127.
Cells
  z209:B1:42350363;z254:0:Nlo:15082342;z210:1:Nlo:331926236;z12:0:Nhi:17772178;z25
  5:0:Nhi:15326188;z256:1:Nlo:15877071;z21:1:Nhi:228673074;z439:B11/25:129804678;z
  15:D1:Nhi:36186263;z440:D1:Nhi:50429366;z16:D1:C:33239350;z150:D1:C:76053551;z24
  :D1:C:2471568.
Sum=995192228; test 995192228/1000000000+(1-z127)^7 <= 9991632/10000000.
Leaf R000110010000110000010 B=[z76,z441,z38,z163,z4,z224,z321,z158,z8,z8,z8,z8]
  h=z81 horizon=29 mass=z321.
Cells
  z442:B1:38439246;z254:0:Nlo:18993187;z443:1:Nlo:112696394;z444:0:Nlo:216881756;z
  12:0:Nhi:18586410;z255:0:Nhi:15326188;z256:1:Nlo:15877071;z21:1:Nhi:228673074;z4
  45:B11/25:134824021;z15:D1:Nhi:32120734;z446:D1:Nhi:51799476;z16:D1:C:33628787;z
  341:D1:C:74826994;z24:D1:C:2800126.
Sum=995473464; test 995473464/1000000000+(1-z321)^7 <= 9988582/10000000.
Leaf R000110010000110000011 B=[z441,z208,z38,z163,z4,z224,z321,z158,z8,z8,z8,z8]
  h=z447 horizon=29 mass=z321.
Cells
  z209:B1:42350363;z448:0:Nlo:12543518;z210:1:Nlo:330050132;z12:0:Nhi:17772178;z44
  9:0:Nhi:8575889;z450:1:Nlo:8632549;z21:1:Nhi:241755640;z451:B11/25:153994491;z15
  :D1:Nhi:13102733;z452:D1:Nhi:43452807;z16:D1:C:41358788;z341:D1:C:73227238;z24:D
  1:C:2730553.
Sum=989546879; test 989546879/1000000000+(1-z321)^7 <= 9929316/10000000.
Leaf R0001100100001100001 B=[z76,z208,z38,z163,z224,z137,z127,z158,z8,z8,z8,z8]
  h=z81 horizon=29 mass=z127.
Cells
  z209:B1:42350363;z254:0:Nlo:15082342;z210:1:Nlo:331926236;z12:0:Nhi:17772178;z25
  5:0:Nhi:15326188;z256:1:Nlo:15877071;z21:1:Nhi:228673074;z453:B11/25:130555569;z
  15:D1:Nhi:35495378;z454:D1:Nhi:49439813;z16:D1:C:33259317;z351:D1:C:71732211;z24
  :D1:C:2204025.
Sum=989693765; test 989693765/1000000000+(1-z127)^7 <= 9936647/10000000.
Leaf R000110010000110001 B=[z76,z208,z163,z25,z4,z137,z127,z158,z8,z8,z8,z8] h=z81
  horizon=29 mass=z127.
Cells
  z209:B1:42350363;z210:0:Nlo:348467472;z12:0:Nhi:17772178;z85:0:Nhi:108592413;z21
  :1:Nhi:154763252;z455:B11/25:135144661;z15:D1:Nhi:31797466;z260:D1:Nhi:46847237;
  z16:D1:C:37630855;z150:D1:C:69983080;z24:D1:C:2131054.
Sum=995480031; test 995480031/1000000000+(1-z127)^7 <= 9994510/10000000.
Leaf R000110010000110010 B=[z208,z64,z38,z163,z4,z137,z127,z158,z8,z8,z8,z8]
  h=z213 horizon=29 mass=z127.
Cells
  z65:B1:50342249;z265:0:Nlo:2109601;z66:1:Nlo:329312204;z266:0:Nhi:8072341;z267:1
  :Nlo:12008803;z21:1:Nhi:254291867;z456:B11/25:146641500;z15:D1:Nhi:20032542;z269
  :D1:Nhi:57417159;z16:D1:C:26588825;z150:D1:C:72829920;z24:D1:C:2350272.
Sum=981997283; test 981997283/1000000000+(1-z127)^7 <= 9859682/10000000.
Leaf R000110010000110011 B=[z208,z64,z163,z25,z4,z137,z127,z158,z8,z8,z8,z8]
  h=z213 horizon=29 mass=z127.
Cells
  z65:B1:50342249;z66:0:Nlo:345929720;z12:0:Nhi:16340436;z214:0:Nhi:83045258;z21:1
  :Nhi:179061927;z457:B11/25:148612090;z15:D1:Nhi:18138390;z458:D1:Nhi:53753028;z1
  6:D1:C:29195371;z150:D1:C:66976701;z24:D1:C:2024131.
Sum=993419301; test 993419301/1000000000+(1-z127)^7 <= 9973902/10000000.
Leaf R000110010000110100000 B=[z76,z441,z38,z163,z4,z224,z158,z381,z8,z8,z8,z8]
  h=z81 horizon=29 mass=z158.
Cells
  z442:B1:38439246;z254:0:Nlo:18993187;z443:1:Nlo:112696394;z444:0:Nlo:216881756;z
  12:0:Nhi:18586410;z255:0:Nhi:15326188;z256:1:Nlo:15877071;z21:1:Nhi:228673074;z4
  59:B11/25:139609408;z15:D1:Nhi:28113292;z460:D1:Nhi:53198696;z16:D1:C:34024357;z
  168:D1:C:73382699;z24:D1:C:3177372.
Sum=996979150; test 996979150/1000000000+(1-z158)^7 <= 9998535/10000000.
Leaf R000110010000110100001 B=[z441,z208,z38,z163,z4,z224,z158,z381,z8,z8,z8,z8]
  h=z447 horizon=29 mass=z158.
Cells
  z209:B1:42350363;z448:0:Nlo:12543518;z210:1:Nlo:330050132;z12:0:Nhi:17772178;z44
  9:0:Nhi:8575889;z450:1:Nlo:8632549;z21:1:Nhi:241755640;z461:B11/25:157620882;z15
  :D1:Nhi:10125076;z452:D1:Nhi:44648524;z16:D1:C:41993618;z168:D1:C:71814255;z24:D
  1:C:3098298.
Sum=990980922; test 990980922/1000000000+(1-z158)^7 <= 9938553/10000000.
Leaf R0001100100001101000100 B=[z76,z441,z38,z324,z4,z224,z381,z151,z8,z8,z8,z8]
  h=z81 horizon=29 mass=z381.
Cells
  z462:B1:34820110;z463:1:Nlo:327780255;z21:1:Nhi:276172404;z464:B11/25:144162918;
  z15:D1:Nhi:24169035;z465:D1:Nhi:54627650;z16:D1:C:34426054;z393:D1:C:71678455;z2
  4:D1:C:3612093.
Sum=971448974; test 971448974/1000000000+(1-z381)^7 <= 9738803/10000000.
Leaf R0001100100001101000101 B=[z76,z441,z324,z163,z4,z224,z381,z151,z8,z8,z8,z8]
  h=z81 horizon=29 mass=z381.
Cells
  z442:B1:38439246;z254:0:Nlo:18993187;z443:1:Nlo:112696394;z444:0:Nlo:216881756;z
  12:0:Nhi:18586410;z255:0:Nhi:15326188;z256:1:Nlo:15877071;z21:1:Nhi:228673074;z4
  66:B11/25:144177091;z15:D1:Nhi:24158166;z467:D1:Nhi:52708184;z16:D1:C:35868745;z
  393:D1:C:68848132;z24:D1:C:3361619.
Sum=994595263; test 994595263/1000000000+(1-z381)^7 <= 9970266/10000000.
Leaf R000110010000110100011 B=[z441,z208,z38,z163,z4,z224,z381,z151,z8,z8,z8,z8]
  h=z447 horizon=29 mass=z381.
Cells
  z209:B1:42350363;z448:0:Nlo:12543518;z210:1:Nlo:330050132;z12:0:Nhi:17772178;z44
  9:0:Nhi:8575889;z450:1:Nlo:8632549;z21:1:Nhi:241755640;z468:B11/25:161112418;z15
  :D1:Nhi:7137101;z452:D1:Nhi:45871893;z16:D1:C:42638431;z393:D1:C:70146933;z24:D1
  :C:3522086.
Sum=992109131; test 992109131/1000000000+(1-z381)^7 <= 9945405/10000000.
Leaf R0001100100001101001 B=[z76,z208,z38,z163,z224,z137,z158,z151,z8,z8,z8,z8]
  h=z81 horizon=29 mass=z158.
Cells
  z209:B1:42350363;z254:0:Nlo:15082342;z210:1:Nlo:331926236;z12:0:Nhi:17772178;z25
  5:0:Nhi:15326188;z256:1:Nlo:15877071;z21:1:Nhi:228673074;z469:B11/25:140154166;z
  15:D1:Nhi:27591278;z470:D1:Nhi:52208837;z16:D1:C:34026826;z403:D1:C:69362087;z24
  :D1:C:2844124.
Sum=993194770; test 993194770/1000000000+(1-z158)^7 <= 9960691/10000000.
Leaf R00011001000011010100 B=[z76,z208,z163,z25,z4,z224,z158,z381,z8,z8,z8,z8]
  h=z81 horizon=29 mass=z158.
Cells
  z209:B1:42350363;z210:0:Nlo:348467472;z12:0:Nhi:17772178;z85:0:Nhi:108592413;z21
  :1:Nhi:154763252;z471:B11/25:139777068;z15:D1:Nhi:27946940;z260:D1:Nhi:48112909;
  z16:D1:C:38175725;z168:D1:C:67626381;z24:D1:C:2745629.
Sum=996330330; test 996330330/1000000000+(1-z158)^7 <= 9992047/10000000.
Leaf R000110010000110101010 B=[z76,z441,z163,z25,z4,z224,z381,z151,z8,z8,z8,z8]
  h=z81 horizon=29 mass=z381.
Cells
  z442:B1:38439246;z444:0:Nlo:349363406;z12:0:Nhi:18586410;z85:0:Nhi:108592413;z21
  :1:Nhi:154763252;z472:B11/25:144201764;z15:D1:Nhi:24140320;z260:D1:Nhi:49407428;
  z16:D1:C:38728695;z393:D1:C:66118554;z24:D1:C:3126150.
Sum=995467638; test 995467638/1000000000+(1-z381)^7 <= 9978990/10000000.
Leaf R000110010000110101011 B=[z441,z208,z163,z25,z4,z224,z381,z151,z8,z8,z8,z8]
  h=z447 horizon=29 mass=z381.
Cells
  z209:B1:42350363;z210:0:Nlo:348467472;z12:0:Nhi:17772178;z473:0:Nhi:95635663;z21
  :1:Nhi:167106360;z474:B11/25:161781951;z15:D1:Nhi:6508482;z475:D1:Nhi:40824533;z
  16:D1:C:46740082;z393:D1:C:64687116;z24:D1:C:3046580.
Sum=994920780; test 994920780/1000000000+(1-z381)^7 <= 9973521/10000000.
Leaf R0001100100001101011 B=[z76,z208,z163,z25,z224,z137,z158,z151,z8,z8,z8,z8]
  h=z81 horizon=29 mass=z158.
Cells
  z209:B1:42350363;z210:0:Nlo:348467472;z12:0:Nhi:17772178;z85:0:Nhi:108592413;z21
  :1:Nhi:154763252;z476:B11/25:140317563;z15:D1:Nhi:27429010;z260:D1:Nhi:47895196;
  z16:D1:C:37393120;z403:D1:C:63876853;z24:D1:C:2451439.
Sum=991308859; test 991308859/1000000000+(1-z158)^7 <= 9941832/10000000.
Leaf R000110010000110110 B=[z208,z64,z38,z163,z4,z137,z158,z151,z8,z8,z8,z8]
  h=z213 horizon=29 mass=z158.
Cells
  z65:B1:50342249;z265:0:Nlo:2109601;z66:1:Nlo:329312204;z266:0:Nhi:8072341;z267:1
  :Nlo:12008803;z21:1:Nhi:254291867;z477:B11/25:153992956;z15:D1:Nhi:13989399;z269
  :D1:Nhi:60359506;z16:D1:C:27190316;z168:D1:C:70273848;z24:D1:C:3020899.
Sum=984963989; test 984963989/1000000000+(1-z158)^7 <= 9878383/10000000.
Leaf R000110010000110111 B=[z208,z64,z163,z25,z4,z137,z158,z151,z8,z8,z8,z8]
  h=z213 horizon=29 mass=z158.
Cells
  z65:B1:50342249;z66:0:Nlo:345929720;z12:0:Nhi:16340436;z214:0:Nhi:83045258;z21:1
  :Nhi:179061927;z478:B11/25:155268184;z15:D1:Nhi:12735721;z458:D1:Nhi:56572580;z1
  6:D1:C:29927871;z168:D1:C:64723377;z24:D1:C:2607491.
Sum=996554814; test 996554814/1000000000+(1-z158)^7 <= 9994291/10000000.
Leaf R0001100100001110 B=[z76,z64,z38,z25,z137,z26,z127,z158,z8,z8,z8,z8] h=z81
  horizon=29 mass=z127.
Cells
  z65:B1:50342249;z66:0:Nlo:345929720;z12:0:Nhi:16340436;z85:0:Nhi:108592413;z21:1
  :Nhi:154763252;z479:B11/25:130195784;z15:D1:Nhi:34706010;z480:D1:Nhi:47146252;z1
  6:D1:C:32888474;z174:D1:C:67615284;z24:D1:C:1959802.
Sum=990479676; test 990479676/1000000000+(1-z127)^7 <= 9944506/10000000.
Leaf R0001100100001111 B=[z76,z64,z38,z25,z137,z26,z158,z151,z8,z8,z8,z8] h=z81
  horizon=29 mass=z158.
Cells
  z65:B1:50342249;z66:0:Nlo:345929720;z12:0:Nhi:16340436;z85:0:Nhi:108592413;z21:1
  :Nhi:154763252;z481:B11/25:136390474;z15:D1:Nhi:30628117;z482:D1:Nhi:49857480;z1
  6:D1:C:33626862;z437:D1:C:65518437;z24:D1:C:2538833.
Sum=994528273; test 994528273/1000000000+(1-z158)^7 <= 9974026/10000000.
Leaf R00011001000100 B=[z1,z76,z2,z38,z4,z26,z151,z148,z8,z8,z8,z8] h=z9
  horizon=29 mass=z151.
Cells
  z39:B1:21963427;z40:1:Nlo:324894474;z21:1:Nhi:281456166;z15:B11/25:168901236;z48
  3:B17/50:27124547;z16:D1:Nhi:68132208;z175:D1:C:87723194;z24:D1:C:5904439.
Sum=986099691; test 986099691/1000000000+(1-z151)^7 <= 9881480/10000000.
Leaf R0001100100010100000000 B=[z1,z227,z38,z324,z4,z224,z151,z484,z8,z8,z8,z8]
  h=z9 horizon=29 mass=z151.
Cells
  z228:B1:23756843;z334:0:Nlo:18271852;z335:1:Nlo:105318243;z229:0:Nlo:225482253;z
  12:0:Nhi:22756292;z336:0:Nhi:17671876;z337:1:Nlo:18417389;z21:1:Nhi:224527658;z4
  85:B11/25:152904064;z15:D1:Nhi:15764944;z486:B17/50:20208412;z487:D1:Nhi:4424023
  9;z16:D1:C:26741947;z175:D1:C:75102784;z24:D1:C:4493157.
Sum=995657953; test 995657953/1000000000+(1-z151)^7 <= 9977062/10000000.
Leaf R0001100100010100000001 B=[z1,z227,z324,z163,z4,z224,z151,z484,z8,z8,z8,z8]
  h=z9 horizon=29 mass=z151.
Cells
  z228:B1:23756843;z229:0:Nlo:349490980;z12:0:Nhi:22756292;z164:0:Nhi:84696336;z21
  :1:Nhi:178151649;z488:B11/25:153676946;z15:D1:Nhi:14961553;z489:B17/50:19617067;
  z490:D1:Nhi:44403112;z16:D1:C:26726180;z175:D1:C:72212997;z24:D1:C:4189415.
Sum=994639370; test 994639370/1000000000+(1-z151)^7 <= 9966876/10000000.
Leaf R0001100100010100000010 B=[z227,z196,z38,z324,z4,z224,z151,z484,z8,z8,z8,z8]
  h=z231 horizon=29 mass=z151.
Cells
  z197:B1:27244150;z325:0:Nlo:13662864;z198:1:Nlo:334629621;z12:0:Nhi:21547815;z32
  6:0:Nhi:13572908;z327:1:Nlo:13917049;z21:1:Nhi:232612832;z491:B11/25:161735036;z
  15:D1:Nhi:6827009;z492:B17/50:20777267;z493:D1:Nhi:42565240;z16:D1:C:27579626;z1
  75:D1:C:74289893;z24:D1:C:4436358.
Sum=995397668; test 995397668/1000000000+(1-z151)^7 <= 9974459/10000000.
Leaf R0001100100010100000011 B=[z227,z196,z324,z163,z4,z224,z151,z484,z8,z8,z8,z8]
  h=z231 horizon=29 mass=z151.
Cells
  z197:B1:27244150;z198:0:Nlo:350078200;z12:0:Nhi:21547815;z232:0:Nhi:76479062;z21
  :1:Nhi:185966522;z494:B11/25:157000522;z15:D1:Nhi:11538832;z495:B17/50:19749448;
  z496:D1:Nhi:43208479;z16:D1:C:27503878;z175:D1:C:71426337;z24:D1:C:4135912.
Sum=995879157; test 995879157/1000000000+(1-z151)^7 <= 9979274/10000000.
Leaf R000110010001010000010 B=[z1,z227,z38,z163,z4,z224,z484,z177,z8,z8,z8,z8]
  h=z9 horizon=29 mass=z484.
Cells
  z228:B1:23756843;z229:0:Nlo:349490980;z12:0:Nhi:22756292;z164:0:Nhi:84696336;z21
  :1:Nhi:178151649;z15:B11/25:168901238;z497:B17/50:21334904;z498:D1:Nhi:44796092;
  z16:D1:C:26218583;z499:D1:C:72524013;z24:D1:C:5131259.
Sum=997758189; test 997758189/1000000000+(1-z484)^7 <= 9994763/10000000.
Leaf R0001100100010100000110 B=[z227,z196,z38,z324,z4,z224,z484,z177,z8,z8,z8,z8]
  h=z231 horizon=29 mass=z484.
Cells
  z197:B1:27244150;z325:0:Nlo:13662864;z198:1:Nlo:334629621;z12:0:Nhi:21547815;z32
  6:0:Nhi:13572908;z327:1:Nlo:13917049;z21:1:Nhi:232612832;z491:B11/25:161735035;z
  15:D1:Nhi:7052772;z500:B17/50:23106887;z501:D1:Nhi:41925979;z16:D1:C:27042480;z4
  99:D1:C:71739387;z24:D1:C:5066352.
Sum=994856131; test 994856131/1000000000+(1-z484)^7 <= 9965742/10000000.
Leaf R0001100100010100000111 B=[z227,z196,z324,z163,z4,z224,z484,z177,z8,z8,z8,z8]
  h=z231 horizon=29 mass=z484.
Cells
  z197:B1:27244150;z198:0:Nlo:350078200;z12:0:Nhi:21547815;z232:0:Nhi:76479062;z21
  :1:Nhi:185966522;z502:B11/25:162924399;z15:D1:Nhi:5856153;z503:B17/50:21985878;z
  504:D1:Nhi:42636031;z16:D1:C:27005421;z499:D1:C:69019166;z24:D1:C:4728672.
Sum=995471469; test 995471469/1000000000+(1-z484)^7 <= 9971896/10000000.
Leaf R0001100100010100001 B=[z1,z196,z38,z163,z224,z137,z151,z177,z8,z8,z8,z8]
  h=z9 horizon=29 mass=z151.
Cells
  z197:B1:27244150;z198:0:Nlo:350078200;z12:0:Nhi:21547815;z164:0:Nhi:84696336;z21
  :1:Nhi:178151649;z505:B11/25:153872470;z15:D1:Nhi:14773579;z506:B17/50:20024419;
  z507:D1:Nhi:43935314;z16:D1:C:26238395;z508:D1:C:71252555;z24:D1:C:4044739.
Sum=995859621; test 995859621/1000000000+(1-z151)^7 <= 9979079/10000000.
Leaf R00011001000101000100 B=[z1,z196,z163,z25,z4,z224,z151,z484,z8,z8,z8,z8] h=z9
  horizon=29 mass=z151.
Cells
  z197:B1:27244150;z198:0:Nlo:350078201;z12:0:Nhi:21547815;z28:0:Nhi:157180936;z21
  :1:Nhi:108221254;z509:B11/25:155018420;z15:D1:Nhi:13577557;z510:B17/50:19081054;
  z511:D1:Nhi:44548691;z16:D1:C:26671832;z175:D1:C:69423185;z24:D1:C:3903446.
Sum=996496541; test 996496541/1000000000+(1-z151)^7 <= 9985448/10000000.
Leaf R00011001000101000101 B=[z1,z196,z163,z25,z4,z224,z484,z177,z8,z8,z8,z8] h=z9
  horizon=29 mass=z484.
Cells
  z197:B1:27244150;z198:0:Nlo:350078201;z12:0:Nhi:21547815;z28:0:Nhi:157180936;z21
  :1:Nhi:108221254;z15:B11/25:168901241;z512:B17/50:23828384;z513:D1:Nhi:41424312;
  z16:D1:C:26218767;z499:D1:C:67126914;z24:D1:C:4468190.
Sum=996240164; test 996240164/1000000000+(1-z484)^7 <= 9979583/10000000.
Leaf R0001100100010100011 B=[z1,z196,z163,z25,z224,z137,z151,z177,z8,z8,z8,z8]
  h=z9 horizon=29 mass=z151.
Cells
  z197:B1:27244150;z198:0:Nlo:350078201;z12:0:Nhi:21547815;z28:0:Nhi:157180936;z21
  :1:Nhi:108221254;z514:B11/25:155181081;z15:D1:Nhi:13422670;z515:B17/50:18929559;
  z516:D1:Nhi:44240138;z16:D1:C:26149043;z508:D1:C:65816719;z24:D1:C:3505163.
Sum=991516729; test 991516729/1000000000+(1-z151)^7 <= 9935650/10000000.
Leaf R0001100100010100100000 B=[z196,z239,z38,z324,z4,z224,z151,z484,z8,z8,z8,z8]
  h=z200 horizon=29 mass=z151.
Cells
  z240:B1:30867482;z352:0:Nlo:7916713;z241:1:Nlo:332977311;z12:0:Nhi:20461160;z353
  :1:Nlo:11267140;z21:1:Nhi:247862521;z15:B11/25:168901237;z517:B17/50:14534669;z5
  18:D1:Nhi:46706108;z16:D1:C:29218923;z175:D1:C:72719942;z24:D1:C:4326944.
Sum=987760150; test 987760150/1000000000+(1-z151)^7 <= 9898084/10000000.
Leaf R0001100100010100100001 B=[z196,z239,z324,z163,z4,z224,z151,z484,z8,z8,z8,z8]
  h=z200 horizon=29 mass=z151.
Cells
  z240:B1:30867482;z241:0:Nlo:350215744;z12:0:Nhi:20461160;z221:0:Nhi:60861025;z21
  :1:Nhi:200797064;z362:B11/25:150394400;z15:D1:Nhi:18355439;z519:B17/50:13819556;
  z520:D1:Nhi:47175133;z16:D1:C:29024321;z175:D1:C:69907179;z24:D1:C:4032858.
Sum=995911361; test 995911361/1000000000+(1-z151)^7 <= 9979596/10000000.
Leaf R0001100100010100100010 B=[z239,z76,z38,z324,z4,z224,z151,z484,z8,z8,z8,z8]
  h=z245 horizon=29 mass=z151.
Cells
  z78:B1:34605680;z365:0:Nlo:2150693;z366:1:Nlo:346007324;z21:1:Nhi:262373141;z15:
  B11/25:168901237;z521:B17/50:8363552;z522:D1:Nhi:51075512;z16:D1:C:30858066;z175
  :D1:C:71177738;z24:D1:C:4219831.
Sum=979732774; test 979732774/1000000000+(1-z151)^7 <= 9817810/10000000.
Leaf R0001100100010100100011 B=[z239,z76,z324,z163,z4,z224,z151,z484,z8,z8,z8,z8]
  h=z245 horizon=29 mass=z151.
Cells
  z78:B1:34605680;z246:0:Nlo:25464006;z247:1:Nlo:113261589;z79:0:Nlo:211179430;z12
  :0:Nhi:19478799;z248:0:Nhi:45816079;z21:1:Nhi:215026317;z15:B11/25:168901237;z52
  3:B17/50:7954301;z524:D1:Nhi:49988767;z16:D1:C:31941039;z175:D1:C:68415047;z24:D
  1:C:3931993.
Sum=995964284; test 995964284/1000000000+(1-z151)^7 <= 9980125/10000000.
Leaf R0001100100010100100100 B=[z196,z239,z38,z324,z4,z224,z484,z177,z8,z8,z8,z8]
  h=z200 horizon=29 mass=z484.
Cells
  z240:B1:30867482;z352:0:Nlo:7916713;z241:1:Nlo:332977311;z12:0:Nhi:20461160;z353
  :1:Nlo:11267140;z21:1:Nhi:247862521;z15:B11/25:168901238;z525:B17/50:16976924;z5
  26:D1:Nhi:46023611;z16:D1:C:28655300;z499:D1:C:70224011;z24:D1:C:4941316.
Sum=987074727; test 987074727/1000000000+(1-z484)^7 <= 9887928/10000000.
Leaf R0001100100010100100101 B=[z196,z239,z324,z163,z4,z224,z484,z177,z8,z8,z8,z8]
  h=z200 horizon=29 mass=z484.
Cells
  z240:B1:30867482;z241:0:Nlo:350215744;z12:0:Nhi:20461160;z221:0:Nhi:60861025;z21
  :1:Nhi:200797064;z15:B11/25:168901240;z527:B17/50:16157665;z528:D1:Nhi:46569908;
  z16:D1:C:28503947;z499:D1:C:67552011;z24:D1:C:4610801.
Sum=995498047; test 995498047/1000000000+(1-z484)^7 <= 9972161/10000000.
Leaf R0001100100010100100110 B=[z239,z76,z38,z324,z4,z224,z484,z177,z8,z8,z8,z8]
  h=z245 horizon=29 mass=z484.
Cells
  z78:B1:34605680;z365:0:Nlo:2150693;z366:1:Nlo:346007324;z21:1:Nhi:262373141;z15:
  B11/25:168901237;z529:B17/50:10915541;z530:D1:Nhi:50349695;z16:D1:C:30268625;z49
  9:D1:C:68735408;z24:D1:C:4818913.
Sum=979126257; test 979126257/1000000000+(1-z484)^7 <= 9808444/10000000.
Leaf R0001100100010100100111 B=[z239,z76,z324,z163,z4,z224,z484,z177,z8,z8,z8,z8]
  h=z245 horizon=29 mass=z484.
Cells
  z78:B1:34605680;z246:0:Nlo:25464006;z247:1:Nlo:113261589;z79:0:Nlo:211179430;z12
  :0:Nhi:19478799;z248:0:Nhi:45816079;z21:1:Nhi:215026317;z15:B11/25:168901237;z53
  1:B17/50:10391588;z532:D1:Nhi:49374430;z16:D1:C:31375891;z499:D1:C:66110941;z24:
  D1:C:4495438.
Sum=995481425; test 995481425/1000000000+(1-z484)^7 <= 9971995/10000000.
Leaf R0001100100010100101 B=[z196,z76,z38,z163,z224,z137,z151,z177,z8,z8,z8,z8]
  h=z200 horizon=29 mass=z151.
Cells
  z78:B1:34605680;z79:0:Nlo:349960798;z12:0:Nhi:19478799;z221:0:Nhi:60861025;z21:1
  :Nhi:200797064;z362:B11/25:150394399;z15:D1:Nhi:18378617;z533:B17/50:14311153;z5
  34:D1:Nhi:46521131;z16:D1:C:28629714;z508:D1:C:68969974;z24:D1:C:3893042.
Sum=996801396; test 996801396/1000000000+(1-z151)^7 <= 9988497/10000000.
Leaf R00011001000101001100 B=[z196,z76,z163,z25,z4,z224,z151,z484,z8,z8,z8,z8]
  h=z200 horizon=29 mass=z151.
Cells
  z78:B1:34605680;z79:0:Nlo:349960799;z12:0:Nhi:19478799;z201:0:Nhi:135649897;z21:
  1:Nhi:128876720;z429:B11/25:154973773;z15:D1:Nhi:13580761;z535:B17/50:13171508;z
  536:D1:Nhi:46289870;z16:D1:C:30154098;z175:D1:C:67192239;z24:D1:C:3756073.
Sum=997690217; test 997690217/1000000000+(1-z151)^7 <= 9997385/10000000.
Leaf R00011001000101001101 B=[z196,z76,z163,z25,z4,z224,z484,z177,z8,z8,z8,z8]
  h=z200 horizon=29 mass=z484.
Cells
  z78:B1:34605680;z79:0:Nlo:349960799;z12:0:Nhi:19478799;z201:0:Nhi:135649897;z21:
  1:Nhi:128876720;z15:B11/25:168901240;z537:B17/50:15413828;z538:D1:Nhi:45777629;z
  16:D1:C:29652255;z499:D1:C:64971154;z24:D1:C:4299476.
Sum=997587477; test 997587477/1000000000+(1-z484)^7 <= 9993056/10000000.
Leaf R0001100100010100111 B=[z196,z76,z163,z25,z224,z137,z151,z177,z8,z8,z8,z8]
  h=z200 horizon=29 mass=z151.
Cells
  z78:B1:34605680;z79:0:Nlo:349960799;z12:0:Nhi:19478799;z201:0:Nhi:135649897;z21:
  1:Nhi:128876720;z429:B11/25:154973771;z15:D1:Nhi:13593503;z539:B17/50:12987471;z
  540:D1:Nhi:45477084;z16:D1:C:30178942;z508:D1:C:63681050;z24:D1:C:3370936.
Sum=992834652; test 992834652/1000000000+(1-z151)^7 <= 9948829/10000000.
Leaf R000110010001010100000 B=[z1,z227,z38,z163,z4,z224,z177,z541,z8,z8,z8,z8]
  h=z9 horizon=29 mass=z177.
Cells
  z228:B1:23756843;z229:0:Nlo:349490980;z12:0:Nhi:22756292;z164:0:Nhi:84696336;z21
  :1:Nhi:178151649;z15:B11/25:168901238;z542:B17/50:28445689;z543:D1:Nhi:39316865;
  z16:D1:C:25715127;z181:D1:C:69458516;z24:D1:C:5875569.
Sum=996565104; test 996565104/1000000000+(1-z177)^7 <= 9979998/10000000.
Leaf R000110010001010100001 B=[z227,z196,z38,z163,z4,z224,z177,z541,z8,z8,z8,z8]
  h=z231 horizon=29 mass=z177.
Cells
  z197:B1:27244150;z198:0:Nlo:350078200;z12:0:Nhi:21547815;z232:0:Nhi:76479062;z21
  :1:Nhi:185966522;z15:B11/25:168901239;z544:B17/50:25343977;z545:D1:Nhi:41303162;
  z16:D1:C:26525654;z181:D1:C:68707452;z24:D1:C:5801222.
Sum=997898455; test 997898455/1000000000+(1-z177)^7 <= 9993331/10000000.
Leaf R00011001000101010001 B=[z1,z196,z38,z163,z4,z224,z541,z148,z8,z8,z8,z8] h=z9
  horizon=29 mass=z541.
Cells
  z197:B1:27244150;z198:0:Nlo:350078200;z12:0:Nhi:21547815;z164:0:Nhi:84696336;z21
  :1:Nhi:178151649;z15:B11/25:168901238;z176:B17/50:30540940;z546:D1:Nhi:38731749;
  z16:D1:C:25230476;z547:D1:C:65803657;z24:D1:C:6747871.
Sum=997674081; test 997674081/1000000000+(1-z541)^7 <= 9988664/10000000.
Leaf R0001100100010101001 B=[z1,z196,z38,z163,z224,z137,z177,z148,z8,z8,z8,z8]
  h=z9 horizon=29 mass=z177.
Cells
  z197:B1:27244150;z198:0:Nlo:350078200;z12:0:Nhi:21547815;z164:0:Nhi:84696336;z21
  :1:Nhi:178151649;z15:B11/25:168901238;z548:B17/50:22205842;z549:D1:Nhi:45034113;
  z16:D1:C:25246758;z550:D1:C:66174239;z24:D1:C:5318676.
Sum=994599016; test 994599016/1000000000+(1-z177)^7 <= 9960337/10000000.
Leaf R000110010001010101 B=[z1,z196,z163,z25,z4,z137,z177,z148,z8,z8,z8,z8] h=z9
  horizon=29 mass=z177.
Cells
  z197:B1:27244150;z198:0:Nlo:350078201;z12:0:Nhi:21547815;z28:0:Nhi:157180936;z21
  :1:Nhi:108221254;z15:B11/25:168901238;z551:B17/50:27808311;z552:D1:Nhi:40456041;
  z16:D1:C:25356535;z181:D1:C:64388778;z24:D1:C:5130863.
Sum=996314122; test 996314122/1000000000+(1-z177)^7 <= 9977488/10000000.
Leaf R000110010001010110000 B=[z196,z239,z38,z163,z4,z224,z177,z541,z8,z8,z8,z8]
  h=z200 horizon=29 mass=z177.
Cells
  z240:B1:30867482;z241:0:Nlo:350215744;z12:0:Nhi:20461160;z221:0:Nhi:60861025;z21
  :1:Nhi:200797064;z15:B11/25:168901238;z553:B17/50:19322784;z554:D1:Nhi:45357745;
  z16:D1:C:28112764;z181:D1:C:67256888;z24:D1:C:5658005.
Sum=997811899; test 997811899/1000000000+(1-z177)^7 <= 9992466/10000000.
Leaf R000110010001010110001 B=[z239,z76,z38,z163,z4,z224,z177,z541,z8,z8,z8,z8]
  h=z245 horizon=29 mass=z177.
Cells
  z78:B1:34605680;z246:0:Nlo:25464006;z247:1:Nlo:113261589;z79:0:Nlo:211179430;z12
  :0:Nhi:19478799;z248:0:Nhi:45816079;z21:1:Nhi:215026317;z15:B11/25:168901237;z55
  5:B17/50:13367442;z556:D1:Nhi:49640551;z16:D1:C:29700987;z181:D1:C:65831937;z24:
  D1:C:5517805.
Sum=997791859; test 997791859/1000000000+(1-z177)^7 <= 9992265/10000000.
Leaf R00011001000101011001 B=[z196,z76,z38,z163,z4,z224,z541,z148,z8,z8,z8,z8]
  h=z200 horizon=29 mass=z541.
Cells
  z78:B1:34605680;z79:0:Nlo:349960798;z12:0:Nhi:19478799;z221:0:Nhi:60861025;z21:1
  :Nhi:200797064;z15:B11/25:168901238;z557:B17/50:21577816;z558:D1:Nhi:44708147;z1
  6:D1:C:27590170;z547:D1:C:63719175;z24:D1:C:6498016.
Sum=998697928; test 998697928/1000000000+(1-z541)^7 <= 9998902/10000000.
Leaf R0001100100010101101 B=[z196,z76,z38,z163,z224,z137,z177,z148,z8,z8,z8,z8]
  h=z200 horizon=29 mass=z177.
Cells
  z78:B1:34605680;z79:0:Nlo:349960798;z12:0:Nhi:19478799;z221:0:Nhi:60861025;z21:1
  :Nhi:200797064;z15:B11/25:168901239;z559:B17/50:19038000;z560:D1:Nhi:45200169;z1
  6:D1:C:27562817;z550:D1:C:64057043;z24:D1:C:5119095.
Sum=995581729; test 995581729/1000000000+(1-z177)^7 <= 9970164/10000000.
Leaf R000110010001010111 B=[z196,z76,z163,z25,z4,z137,z177,z148,z8,z8,z8,z8]
  h=z200 horizon=29 mass=z177.
Cells
  z78:B1:34605680;z79:0:Nlo:349960799;z12:0:Nhi:19478799;z201:0:Nhi:135649897;z21:
  1:Nhi:128876720;z15:B11/25:168901241;z561:B17/50:19661245;z562:D1:Nhi:44773931;z
  16:D1:C:28695999;z181:D1:C:62322530;z24:D1:C:4937187.
Sum=997864028; test 997864028/1000000000+(1-z177)^7 <= 9992987/10000000.
Leaf R0001100100010110 B=[z1,z76,z38,z25,z137,z26,z151,z177,z8,z8,z8,z8] h=z9
  horizon=29 mass=z151.
Cells
  z78:B1:34605680;z79:0:Nlo:349960799;z12:0:Nhi:19478799;z28:0:Nhi:157180936;z21:1
  :Nhi:108221254;z563:B11/25:153724639;z15:D1:Nhi:14454695;z125:B17/50:16448626;z5
  64:D1:Nhi:45301799;z16:D1:C:26246701;z183:D1:C:67551630;z24:D1:C:3631441.
Sum=996806999; test 996806999/1000000000+(1-z151)^7 <= 9988553/10000000.
Leaf R0001100100010111 B=[z1,z76,z38,z25,z137,z26,z177,z148,z8,z8,z8,z8] h=z9
  horizon=29 mass=z177.
Cells
  z78:B1:34605680;z79:0:Nlo:349960799;z12:0:Nhi:19478799;z28:0:Nhi:157180936;z21:1
  :Nhi:108221254;z15:B11/25:168901241;z565:B17/50:20946962;z566:D1:Nhi:44179240;z1
  6:D1:C:25252028;z567:D1:C:62995810;z24:D1:C:4801956.
Sum=996524705; test 996524705/1000000000+(1-z177)^7 <= 9979594/10000000.
Leaf R00011001000110 B=[z76,z64,z80,z38,z4,z26,z151,z148,z8,z8,z8,z8] h=z81
  horizon=29 mass=z151.
Cells
  z82:B1:17345822;z83:1:Nlo:256588460;z21:1:Nhi:332496829;z15:B11/25:168901236;z56
  8:B17/50:12212287;z569:D1:Nhi:51725605;z16:D1:C:31678251;z175:D1:C:81105324;z24:
  D1:C:5377871.
Sum=957431685; test 957431685/1000000000+(1-z151)^7 <= 9594799/10000000.
Leaf R0001100100011100000000 B=[z76,z441,z38,z324,z4,z224,z151,z484,z8,z8,z8,z8]
  h=z81 horizon=29 mass=z151.
Cells
  z462:B1:34820110;z463:1:Nlo:327780255;z21:1:Nhi:276172404;z570:B11/25:147257237;
  z15:D1:Nhi:21629339;z571:B17/50:2263231;z572:D1:Nhi:54265873;z16:D1:C:33954646;z
  175:D1:C:69662887;z24:D1:C:4114975.
Sum=971920957; test 971920957/1000000000+(1-z151)^7 <= 9739692/10000000.
Leaf R0001100100011100000001 B=[z76,z441,z324,z163,z4,z224,z151,z484,z8,z8,z8,z8]
  h=z81 horizon=29 mass=z151.
Cells
  z442:B1:38439246;z254:0:Nlo:18993187;z443:1:Nlo:112696394;z444:0:Nlo:216881756;z
  12:0:Nhi:18586410;z255:0:Nhi:15326188;z256:1:Nlo:15877071;z21:1:Nhi:228673074;z5
  70:B11/25:147257238;z15:D1:Nhi:21632639;z573:B17/50:2153091;z574:D1:Nhi:52459177
  ;z16:D1:C:35417572;z175:D1:C:66949549;z24:D1:C:3833279.
Sum=995175871; test 995175871/1000000000+(1-z151)^7 <= 9972241/10000000.
Leaf R000110010001110000001 B=[z441,z208,z38,z163,z4,z224,z151,z484,z8,z8,z8,z8]
  h=z447 horizon=29 mass=z151.
Cells
  z209:B1:42350363;z448:0:Nlo:12543518;z210:1:Nlo:330050132;z12:0:Nhi:17772178;z44
  9:0:Nhi:8575889;z450:1:Nlo:8632549;z21:1:Nhi:241755640;z575:B11/25:164476421;z15
  :D1:Nhi:4138154;z452:D1:Nhi:47123429;z16:D1:C:43293364;z175:D1:C:68174998;z24:D1
  :C:4012340.
Sum=992898975; test 992898975/1000000000+(1-z151)^7 <= 9949472/10000000.
Leaf R000110010001110000010 B=[z76,z441,z38,z163,z4,z224,z484,z177,z8,z8,z8,z8]
  h=z81 horizon=29 mass=z484.
Cells
  z442:B1:38439246;z254:0:Nlo:18993187;z443:1:Nlo:112696394;z444:0:Nlo:216881756;z
  12:0:Nhi:18586410;z255:0:Nhi:15326188;z256:1:Nlo:15877071;z21:1:Nhi:228673074;z1
  5:B11/25:168901239;z576:B17/50:4922098;z577:D1:Nhi:53522548;z16:D1:C:33313736;z4
  99:D1:C:67273194;z24:D1:C:4699096.
Sum=998105237; test 998105237/1000000000+(1-z484)^7 <= 9998233/10000000.
Leaf R000110010001110000011 B=[z441,z208,z38,z163,z4,z224,z484,z177,z8,z8,z8,z8]
  h=z447 horizon=29 mass=z484.
Cells
  z209:B1:42350363;z448:0:Nlo:12543518;z210:1:Nlo:330050132;z12:0:Nhi:17772178;z44
  9:0:Nhi:8575889;z450:1:Nlo:8632549;z21:1:Nhi:241755640;z578:B11/25:167719700;z15
  :D1:Nhi:1127494;z452:D1:Nhi:48403656;z16:D1:C:43958557;z499:D1:C:65836993;z24:D1
  :C:4581818.
Sum=993308487; test 993308487/1000000000+(1-z484)^7 <= 9950266/10000000.
Leaf R0001100100011100001 B=[z76,z208,z38,z163,z224,z137,z151,z177,z8,z8,z8,z8]
  h=z81 horizon=29 mass=z151.
Cells
  z209:B1:42350363;z254:0:Nlo:15082342;z210:1:Nlo:331926236;z12:0:Nhi:17772178;z25
  5:0:Nhi:15326188;z256:1:Nlo:15877071;z21:1:Nhi:228673074;z579:B11/25:147647321;z
  15:D1:Nhi:21242348;z580:B17/50:2226711;z581:D1:Nhi:53300442;z16:D1:C:33957846;z5
  08:D1:C:66042456;z24:D1:C:3699683.
Sum=995124259; test 995124259/1000000000+(1-z151)^7 <= 9971725/10000000.
Leaf R000110010001110001000 B=[z76,z441,z163,z25,z4,z224,z151,z484,z8,z8,z8,z8]
  h=z81 horizon=29 mass=z151.
Cells
  z442:B1:38439246;z444:0:Nlo:349363406;z12:0:Nhi:18586410;z85:0:Nhi:108592413;z21
  :1:Nhi:154763252;z570:B11/25:147257239;z15:D1:Nhi:21639238;z582:B17/50:2053173;z
  583:D1:Nhi:49119504;z16:D1:C:38443582;z175:D1:C:64331240;z24:D1:C:3568279.
Sum=996156982; test 996156982/1000000000+(1-z151)^7 <= 9982052/10000000.
Leaf R000110010001110001001 B=[z441,z208,z163,z25,z4,z224,z151,z484,z8,z8,z8,z8]
  h=z447 horizon=29 mass=z151.
Cells
  z209:B1:42350363;z210:0:Nlo:348467472;z12:0:Nhi:17772178;z473:0:Nhi:95635663;z21
  :1:Nhi:167106360;z584:B11/25:164850422;z15:D1:Nhi:3783384;z475:D1:Nhi:41966087;z
  16:D1:C:47524249;z175:D1:C:62939271;z24:D1:C:3477413.
Sum=995872862; test 995872862/1000000000+(1-z151)^7 <= 9979211/10000000.
Leaf R00011001000111000101 B=[z76,z208,z163,z25,z4,z224,z484,z177,z8,z8,z8,z8]
  h=z81 horizon=29 mass=z484.
Cells
  z209:B1:42350363;z210:0:Nlo:348467472;z12:0:Nhi:17772178;z85:0:Nhi:108592413;z21
  :1:Nhi:154763252;z15:B11/25:168901240;z585:B17/50:4473511;z586:D1:Nhi:48487651;z
  16:D1:C:37987745;z499:D1:C:62206515;z24:D1:C:4084495.
Sum=998086835; test 998086835/1000000000+(1-z484)^7 <= 9998049/10000000.
Leaf R0001100100011100011 B=[z76,z208,z163,z25,z224,z137,z151,z177,z8,z8,z8,z8]
  h=z81 horizon=29 mass=z151.
Cells
  z209:B1:42350363;z210:0:Nlo:348467472;z12:0:Nhi:17772178;z85:0:Nhi:108592413;z21
  :1:Nhi:154763252;z579:B11/25:147647322;z15:D1:Nhi:21248709;z587:B17/50:2022865;z
  588:D1:Nhi:48908925;z16:D1:C:37667087;z508:D1:C:60943102;z24:D1:C:3199987.
Sum=993583675; test 993583675/1000000000+(1-z151)^7 <= 9956319/10000000.
Leaf R000110010001110010 B=[z208,z64,z38,z163,z4,z137,z151,z177,z8,z8,z8,z8]
  h=z213 horizon=29 mass=z151.
Cells
  z65:B1:50342249;z265:0:Nlo:2109601;z66:1:Nlo:329312204;z266:0:Nhi:8072341;z267:1
  :Nlo:12008803;z21:1:Nhi:254291867;z589:B11/25:160820257;z15:D1:Nhi:7897959;z216:
  B17/50:34391411;z269:D1:Nhi:27469988;z16:D1:C:27805996;z175:D1:C:66713691;z24:D1
  :C:3911884.
Sum=985148251; test 985148251/1000000000+(1-z151)^7 <= 9871965/10000000.
Leaf R000110010001110011 B=[z208,z64,z163,z25,z4,z137,z151,z177,z8,z8,z8,z8]
  h=z213 horizon=29 mass=z151.
Cells
  z65:B1:50342249;z66:0:Nlo:345929720;z12:0:Nhi:16340436;z214:0:Nhi:83045258;z21:1
  :Nhi:179061927;z590:B11/25:161488884;z15:D1:Nhi:7226872;z271:B17/50:31595938;z45
  8:D1:Nhi:26081095;z16:D1:C:30679382;z175:D1:C:61572498;z24:D1:C:3388522.
Sum=996752781; test 996752781/1000000000+(1-z151)^7 <= 9988010/10000000.
Leaf R000110010001110100000 B=[z76,z441,z38,z163,z4,z224,z177,z541,z8,z8,z8,z8]
  h=z81 horizon=29 mass=z177.
Cells
  z442:B1:38439246;z254:0:Nlo:18993187;z443:1:Nlo:112696394;z444:0:Nlo:216881756;z
  12:0:Nhi:18586410;z255:0:Nhi:15326188;z256:1:Nlo:15877071;z21:1:Nhi:228673074;z1
  5:B11/25:168901237;z591:B17/50:7477350;z592:D1:Nhi:52794880;z16:D1:C:32696195;z1
  81:D1:C:64432234;z24:D1:C:5380570.
Sum=997155792; test 997155792/1000000000+(1-z177)^7 <= 9985904/10000000.
Leaf R000110010001110100001 B=[z441,z208,z38,z163,z4,z224,z177,z541,z8,z8,z8,z8]
  h=z447 horizon=29 mass=z177.
Cells
  z209:B1:42350363;z448:0:Nlo:12543518;z210:1:Nlo:330050132;z12:0:Nhi:17772178;z44
  9:0:Nhi:8575889;z450:1:Nlo:8632549;z21:1:Nhi:241755640;z15:B11/25:168901237;z593
  :B17/50:1651913;z594:D1:Nhi:48341427;z16:D1:C:43883406;z181:D1:C:63057419;z24:D1
  :C:5246251.
Sum=992761922; test 992761922/1000000000+(1-z177)^7 <= 9941966/10000000.
Leaf R00011001000111010001 B=[z76,z208,z38,z163,z4,z224,z541,z148,z8,z8,z8,z8]
  h=z81 horizon=29 mass=z541.
Cells
  z209:B1:42350363;z254:0:Nlo:15082342;z210:1:Nlo:331926236;z12:0:Nhi:17772178;z25
  5:0:Nhi:15326188;z256:1:Nlo:15877071;z21:1:Nhi:228673074;z15:B11/25:168901238;z5
  95:B17/50:9934892;z596:D1:Nhi:52082742;z16:D1:C:32100796;z547:D1:C:61044762;z24:
  D1:C:6179420.
Sum=997251302; test 997251302/1000000000+(1-z541)^7 <= 9984436/10000000.
Leaf R0001100100011101001 B=[z76,z208,z38,z163,z224,z137,z177,z148,z8,z8,z8,z8]
  h=z81 horizon=29 mass=z177.
Cells
  z209:B1:42350363;z254:0:Nlo:15082342;z210:1:Nlo:331926236;z12:0:Nhi:17772178;z25
  5:0:Nhi:15326188;z256:1:Nlo:15877071;z21:1:Nhi:228673074;z15:B11/25:168901238;z5
  97:B17/50:7366859;z598:D1:Nhi:51883954;z16:D1:C:32720189;z550:D1:C:61341530;z24:
  D1:C:4864720.
Sum=994085942; test 994085942/1000000000+(1-z177)^7 <= 9955206/10000000.
Leaf R00011001000111010100 B=[z76,z208,z163,z25,z4,z224,z177,z541,z8,z8,z8,z8]
  h=z81 horizon=29 mass=z177.
Cells
  z209:B1:42350363;z210:0:Nlo:348467472;z12:0:Nhi:17772178;z85:0:Nhi:108592413;z21
  :1:Nhi:154763252;z15:B11/25:168901238;z599:B17/50:6807979;z600:D1:Nhi:47863037;z
  16:D1:C:37546418;z181:D1:C:59672625;z24:D1:C:4690406.
Sum=997427381; test 997427381/1000000000+(1-z177)^7 <= 9988620/10000000.
Leaf R00011001000111010101 B=[z76,z208,z163,z25,z4,z224,z541,z148,z8,z8,z8,z8]
  h=z81 horizon=29 mass=z541.
Cells
  z209:B1:42350363;z210:0:Nlo:348467472;z12:0:Nhi:17772178;z85:0:Nhi:108592413;z21
  :1:Nhi:154763252;z15:B11/25:168901239;z601:B17/50:9061039;z602:D1:Nhi:47246016;z
  16:D1:C:37118973;z547:D1:C:56640099;z24:D1:C:5405724.
Sum=996318768; test 996318768/1000000000+(1-z541)^7 <= 9975110/10000000.
Leaf R0001100100011101011 B=[z76,z208,z163,z25,z224,z137,z177,z148,z8,z8,z8,z8]
  h=z81 horizon=29 mass=z177.
Cells
  z209:B1:42350363;z210:0:Nlo:348467472;z12:0:Nhi:17772178;z85:0:Nhi:108592413;z21
  :1:Nhi:154763252;z15:B11/25:168901239;z603:B17/50:6716070;z604:D1:Nhi:47677499;z
  16:D1:C:36803948;z550:D1:C:56765867;z24:D1:C:4230043.
Sum=993040344; test 993040344/1000000000+(1-z177)^7 <= 9944750/10000000.
Leaf R000110010001110110 B=[z208,z64,z38,z163,z4,z137,z177,z148,z8,z8,z8,z8]
  h=z213 horizon=29 mass=z177.
Cells
  z65:B1:50342249;z265:0:Nlo:2109601;z66:1:Nlo:329312204;z266:0:Nhi:8072341;z267:1
  :Nlo:12008803;z21:1:Nhi:254291867;z15:B11/25:168901237;z216:B17/50:34391411;z269
  :D1:Nhi:28595215;z16:D1:C:28436157;z181:D1:C:61707140;z24:D1:C:5114793.
Sum=983283018; test 983283018/1000000000+(1-z177)^7 <= 9847177/10000000.
Leaf R000110010001110111 B=[z208,z64,z163,z25,z4,z137,z177,z148,z8,z8,z8,z8]
  h=z213 horizon=29 mass=z177.
Cells
  z65:B1:50342249;z66:0:Nlo:345929720;z12:0:Nhi:16340436;z214:0:Nhi:83045258;z21:1
  :Nhi:179061927;z15:B11/25:168901236;z271:B17/50:31595938;z458:D1:Nhi:27202492;z1
  6:D1:C:31450342;z181:D1:C:57117294;z24:D1:C:4454201.
Sum=995441093; test 995441093/1000000000+(1-z177)^7 <= 9968757/10000000.
Leaf R0001100100011110 B=[z76,z64,z38,z25,z137,z26,z151,z177,z8,z8,z8,z8] h=z81
  horizon=29 mass=z151.
Cells
  z65:B1:50342249;z66:0:Nlo:345929720;z12:0:Nhi:16340436;z85:0:Nhi:108592413;z21:1
  :Nhi:154763252;z605:B11/25:145093376;z15:D1:Nhi:23268316;z606:D1:Nhi:52681220;z1
  6:D1:C:34392192;z183:D1:C:62564815;z24:D1:C:3317364.
Sum=997285353; test 997285353/1000000000+(1-z151)^7 <= 9993336/10000000.
Leaf R0001100100011111 B=[z76,z64,z38,z25,z137,z26,z177,z148,z8,z8,z8,z8] h=z81
  horizon=29 mass=z177.
Cells
  z65:B1:50342249;z66:0:Nlo:345929720;z12:0:Nhi:16340436;z85:0:Nhi:108592413;z21:1
  :Nhi:154763252;z15:B11/25:168901240;z607:B17/50:4774289;z608:D1:Nhi:51679311;z16
  :D1:C:33319817;z567:D1:C:58352444;z24:D1:C:4386614.
Sum=997381785; test 997381785/1000000000+(1-z177)^7 <= 9988164/10000000.
Leaf R0001100100100 B=[z1,z76,z2,z25,z26,z5,z127,z151,z8,z8,z8,z8] h=z9 horizon=29
  mass=z127.
Cells
  z78:B1:34605680;z79:0:Nlo:349960799;z12:0:Nhi:19478799;z28:0:Nhi:157180936;z21:1
  :Nhi:108221254;z436:B11/25:133781831;z15:D1:Nhi:31481057;z16:D1:Nhi:81836616;z18
  6:D1:C:76688215;z24:D1:C:2277534.
Sum=995512721; test 995512721/1000000000+(1-z127)^7 <= 9994837/10000000.
Leaf R0001100100101 B=[z76,z64,z80,z25,z26,z5,z127,z151,z8,z8,z8,z8] h=z81
  horizon=29 mass=z127.
Cells
  z65:B1:50342249;z66:0:Nlo:345929720;z12:0:Nhi:16340436;z85:0:Nhi:108592413;z21:1
  :Nhi:154763252;z609:B11/25:130358910;z15:D1:Nhi:34732906;z52:D1:Nhi:49612992;z16
  :D1:C:30371138;z186:D1:C:70657552;z24:D1:C:2064325.
Sum=993765893; test 993765893/1000000000+(1-z127)^7 <= 9977368/10000000.
Leaf R00011001001100 B=[z1,z76,z2,z38,z26,z5,z151,z148,z8,z8,z8,z8] h=z9
  horizon=29 mass=z151.
Cells
  z39:B1:21963427;z40:1:Nlo:324894474;z21:1:Nhi:281456166;z610:B11/25:151016763;z1
  5:D1:Nhi:17244383;z125:B17/50:16448625;z16:D1:Nhi:70860534;z611:D1:C:71178104;z2
  4:D1:C:3889146.
Sum=958951622; test 958951622/1000000000+(1-z151)^7 <= 9609999/10000000.
Leaf R00011001001101 B=[z1,z76,z38,z25,z26,z5,z151,z148,z8,z8,z8,z8] h=z9
  horizon=29 mass=z151.
Cells
  z78:B1:34605680;z79:0:Nlo:349960799;z12:0:Nhi:19478799;z28:0:Nhi:157180936;z21:1
  :Nhi:108221254;z184:B11/25:154073966;z15:D1:Nhi:14131615;z125:B17/50:16448626;z6
  12:D1:Nhi:44397797;z16:D1:C:25230584;z611:D1:C:60586113;z24:D1:C:2902472.
Sum=987218641; test 987218641/1000000000+(1-z151)^7 <= 9892669/10000000.
Leaf R00011001001110 B=[z76,z64,z80,z38,z26,z5,z151,z148,z8,z8,z8,z8] h=z81
  horizon=29 mass=z151.
Cells
  z82:B1:17345822;z83:1:Nlo:256588460;z21:1:Nhi:332496829;z613:B11/25:145872382;z1
  5:D1:Nhi:22496182;z52:D1:Nhi:55021722;z16:D1:C:31933144;z611:D1:C:65602779;z24:D
  1:C:3523398.
Sum=930880718; test 930880718/1000000000+(1-z151)^7 <= 9329290/10000000.
Leaf R00011001001111 B=[z76,z64,z38,z25,z26,z5,z151,z148,z8,z8,z8,z8] h=z81
  horizon=29 mass=z151.
Cells
  z65:B1:50342249;z66:0:Nlo:345929720;z12:0:Nhi:16340436;z85:0:Nhi:108592413;z21:1
  :Nhi:154763252;z614:B11/25:145922301;z15:D1:Nhi:22457618;z615:D1:Nhi:50868033;z1
  6:D1:C:34276329;z611:D1:C:56026463;z24:D1:C:2644258.
Sum=988163072; test 988163072/1000000000+(1-z151)^7 <= 9902113/10000000.
Leaf R0001100101000000 B=[z1,z76,z25,z281,z4,z137,z127,z158,z8,z8,z8,z8] h=z9
  horizon=29 mass=z127.
Cells
  z78:B1:34605680;z79:0:Nlo:349960797;z12:0:Nhi:19478799;z282:0:Nhi:246056241;z21:
  1:Nhi:21507244;z616:B11/25:145210521;z15:D1:Nhi:21702828;z617:B17/50:7039730;z61
  8:D1:Nhi:49637555;z16:D1:C:28861934;z150:D1:C:69529808;z24:D1:C:2006642.
Sum=995597779; test 995597779/1000000000+(1-z127)^7 <= 9995687/10000000.
Leaf R00011001010000010 B=[z1,z196,z25,z281,z4,z137,z158,z151,z8,z8,z8,z8] h=z9
  horizon=29 mass=z158.
Cells
  z197:B1:27244150;z198:0:Nlo:350078202;z12:0:Nhi:21547815;z282:0:Nhi:246056241;z2
  1:1:Nhi:21507244;z619:B11/25:156949846;z15:D1:Nhi:11229963;z125:B17/50:16448627;
  z620:D1:Nhi:42814957;z16:D1:C:28949693;z168:D1:C:67284000;z24:D1:C:2591995.
Sum=992702733; test 992702733/1000000000+(1-z158)^7 <= 9955771/10000000.
Leaf R00011001010000011 B=[z196,z76,z25,z281,z4,z137,z158,z151,z8,z8,z8,z8] h=z200
  horizon=29 mass=z158.
Cells
  z78:B1:34605680;z79:0:Nlo:349960797;z12:0:Nhi:19478799;z621:0:Nhi:228566017;z21:
  1:Nhi:38397674;z622:B11/25:150396727;z15:D1:Nhi:17757820;z623:B17/50:9898206;z62
  4:D1:Nhi:43871942;z16:D1:C:33708632;z168:D1:C:65091051;z24:D1:C:2492134.
Sum=994225479; test 994225479/1000000000+(1-z158)^7 <= 9970998/10000000.
Leaf R000110010100001 B=[z1,z76,z25,z281,z137,z26,z127,z151,z8,z8,z8,z8] h=z9
  horizon=29 mass=z127.
Cells
  z78:B1:34605680;z79:0:Nlo:349960797;z12:0:Nhi:19478799;z282:0:Nhi:246056241;z21:
  1:Nhi:21507244;z616:B11/25:145210521;z15:D1:Nhi:21774889;z625:B17/50:6860393;z62
  6:D1:Nhi:48069123;z16:D1:C:28696238;z174:D1:C:61753489;z24:D1:C:1579211.
Sum=985552625; test 985552625/1000000000+(1-z127)^7 <= 9895236/10000000.
Leaf R00011001010001 B=[z1,z76,z281,z3,z4,z26,z127,z151,z8,z8,z8,z8] h=z9
  horizon=29 mass=z127.
Cells
  z78:B1:34605680;z79:0:Nlo:349960798;z12:0:Nhi:19478799;z21:0:Nhi:267889356;z627:
  B11/25:151027640;z15:D1:Nhi:17174760;z125:B17/50:16448626;z286:D1:Nhi:31440979;z
  16:D1:C:38713082;z150:D1:C:58804080;z24:D1:C:1472470.
Sum=987016270; test 987016270/1000000000+(1-z127)^7 <= 9909872/10000000.
Leaf R0001100101001000 B=[z76,z64,z25,z281,z4,z137,z127,z158,z8,z8,z8,z8] h=z81
  horizon=29 mass=z127.
Cells
  z65:B1:50342249;z66:0:Nlo:345929721;z12:0:Nhi:16340436;z287:0:Nhi:206313862;z21:
  1:Nhi:59943628;z628:B11/25:144321069;z15:D1:Nhi:22422172;z280:D1:Nhi:36221313;z1
  6:D1:C:47538444;z150:D1:C:64354044;z24:D1:C:1831260.
Sum=995558198; test 995558198/1000000000+(1-z127)^7 <= 9995291/10000000.
Leaf R00011001010010010 B=[z76,z208,z25,z281,z4,z137,z158,z151,z8,z8,z8,z8] h=z81
  horizon=29 mass=z158.
Cells
  z209:B1:42350363;z210:0:Nlo:348467471;z12:0:Nhi:17772178;z287:0:Nhi:206313862;z2
  1:1:Nhi:59943628;z629:B11/25:146895526;z15:D1:Nhi:21306043;z630:D1:Nhi:66870646;
  z16:D1:C:20525855;z168:D1:C:62280082;z24:D1:C:2364979.
Sum=995090633; test 995090633/1000000000+(1-z158)^7 <= 9979650/10000000.
Leaf R00011001010010011 B=[z208,z64,z25,z281,z4,z137,z158,z151,z8,z8,z8,z8] h=z213
  horizon=29 mass=z158.
Cells
  z65:B1:50342249;z66:0:Nlo:345929720;z12:0:Nhi:16340436;z631:0:Nhi:184938285;z21:
  1:Nhi:80590213;z632:B11/25:157259785;z15:D1:Nhi:10799769;z633:B17/50:23189770;z6
  34:D1:Nhi:20233321;z16:D1:C:41067558;z168:D1:C:59571032;z24:D1:C:2243371.
Sum=992505509; test 992505509/1000000000+(1-z158)^7 <= 9953798/10000000.
Leaf R000110010100101 B=[z76,z64,z25,z281,z137,z26,z127,z151,z8,z8,z8,z8] h=z81
  horizon=29 mass=z127.
Cells
  z65:B1:50342249;z66:0:Nlo:345929721;z12:0:Nhi:16340436;z287:0:Nhi:206313862;z21:
  1:Nhi:59943628;z635:B11/25:144380821;z15:D1:Nhi:22439985;z280:D1:Nhi:35975455;z1
  6:D1:C:45812198;z174:D1:C:57064589;z24:D1:C:1437083.
Sum=985980027; test 985980027/1000000000+(1-z127)^7 <= 9899510/10000000.
Leaf R00011001010011 B=[z76,z64,z281,z3,z4,z26,z127,z151,z8,z8,z8,z8] h=z81
  horizon=29 mass=z127.
Cells
  z65:B1:50342249;z66:0:Nlo:345929720;z12:0:Nhi:16340436;z278:0:Nhi:264672514;z21:
  1:Nhi:2482979;z636:B11/25:152301740;z15:D1:Nhi:15758372;z637:B17/50:25658004;z29
  0:D1:Nhi:21777984;z16:D1:C:36737621;z150:D1:C:54310614;z24:D1:C:1337854.
Sum=987650087; test 987650087/1000000000+(1-z127)^7 <= 9916210/10000000.
Leaf R00011001010100000 B=[z1,z196,z25,z281,z4,z137,z151,z177,z8,z8,z8,z8] h=z9
  horizon=29 mass=z151.
Cells
  z197:B1:27244150;z198:0:Nlo:350078202;z12:0:Nhi:21547815;z282:0:Nhi:246056241;z2
  1:1:Nhi:21507244;z638:B11/25:158436910;z15:D1:Nhi:10444335;z639:B17/50:21805246;
  z640:D1:Nhi:40723817;z16:D1:C:28097654;z175:D1:C:64131727;z24:D1:C:3381376.
Sum=993454717; test 993454717/1000000000+(1-z151)^7 <= 9955030/10000000.
Leaf R00011001010100001 B=[z196,z76,z25,z281,z4,z137,z151,z177,z8,z8,z8,z8] h=z200
  horizon=29 mass=z151.
Cells
  z78:B1:34605680;z79:0:Nlo:349960797;z12:0:Nhi:19478799;z621:0:Nhi:228566017;z21:
  1:Nhi:38397674;z641:B11/25:159584588;z15:D1:Nhi:9229031;z642:B17/50:14114278;z64
  3:D1:Nhi:42986166;z16:D1:C:32962532;z175:D1:C:62044274;z24:D1:C:3251040.
Sum=995180876; test 995180876/1000000000+(1-z151)^7 <= 9972291/10000000.
Leaf R0001100101010001 B=[z1,z76,z25,z281,z4,z137,z177,z148,z8,z8,z8,z8] h=z9
  horizon=29 mass=z177.
Cells
  z78:B1:34605680;z79:0:Nlo:349960797;z12:0:Nhi:19478799;z282:0:Nhi:246056241;z21:
  1:Nhi:21507244;z15:B11/25:168901241;z187:B17/50:25524415;z644:D1:Nhi:40010458;z1
  6:D1:C:27292756;z181:D1:C:59651237;z24:D1:C:4469084.
Sum=997457952; test 997457952/1000000000+(1-z177)^7 <= 9988926/10000000.
Leaf R000110010101001 B=[z1,z76,z25,z281,z137,z26,z151,z148,z8,z8,z8,z8] h=z9
  horizon=29 mass=z151.
Cells
  z78:B1:34605680;z79:0:Nlo:349960797;z12:0:Nhi:19478799;z282:0:Nhi:246056241;z21:
  1:Nhi:21507244;z645:B11/25:158640291;z15:D1:Nhi:10247196;z646:B17/50:21262399;z6
  47:D1:Nhi:39355746;z16:D1:C:28103666;z183:D1:C:57517947;z24:D1:C:2704738.
Sum=989440744; test 989440744/1000000000+(1-z151)^7 <= 9914890/10000000.
Leaf R00011001010101 B=[z1,z76,z281,z3,z4,z26,z151,z148,z8,z8,z8,z8] h=z9
  horizon=29 mass=z151.
Cells
  z78:B1:34605680;z79:0:Nlo:349960798;z12:0:Nhi:19478799;z21:0:Nhi:267889356;z15:B
  11/25:168901241;z648:B17/50:21923120;z649:D1:Nhi:30900810;z16:D1:C:38675869;z175
  :D1:C:54623092;z650:D1:C:2508537;z24:D1:A:2341.
Sum=989469643; test 989469643/1000000000+(1-z151)^7 <= 9915179/10000000.
Leaf R00011001010110000 B=[z76,z208,z25,z281,z4,z137,z151,z177,z8,z8,z8,z8] h=z81
  horizon=29 mass=z151.
Cells
  z209:B1:42350363;z210:0:Nlo:348467471;z12:0:Nhi:17772178;z287:0:Nhi:206313862;z2
  1:1:Nhi:59943628;z15:B11/25:168901240;z651:B17/50:4099860;z630:D1:Nhi:65181821;z
  16:D1:C:20909407;z175:D1:C:59368413;z24:D1:C:3085095.
Sum=996393338; test 996393338/1000000000+(1-z151)^7 <= 9984416/10000000.
Leaf R00011001010110001 B=[z208,z64,z25,z281,z4,z137,z151,z177,z8,z8,z8,z8] h=z213
  horizon=29 mass=z151.
Cells
  z65:B1:50342249;z66:0:Nlo:345929720;z12:0:Nhi:16340436;z631:0:Nhi:184938285;z21:
  1:Nhi:80590213;z652:B11/25:162541337;z15:D1:Nhi:6177093;z633:B17/50:23189770;z65
  3:D1:Nhi:29883122;z16:D1:C:33739688;z175:D1:C:56789442;z24:D1:C:2926406.
Sum=993387761; test 993387761/1000000000+(1-z151)^7 <= 9954360/10000000.
Leaf R00011001010110010 B=[z76,z208,z25,z281,z4,z137,z177,z148,z8,z8,z8,z8] h=z81
  horizon=29 mass=z177.
Cells
  z209:B1:42350363;z210:0:Nlo:348467471;z12:0:Nhi:17772178;z287:0:Nhi:206313862;z2
  1:1:Nhi:59943628;z15:B11/25:168901239;z654:B17/50:43972510;z630:D1:Nhi:26872662;
  z16:D1:C:21300460;z181:D1:C:55228714;z24:D1:C:4078058.
Sum=995201145; test 995201145/1000000000+(1-z177)^7 <= 9966358/10000000.
Leaf R00011001010110011 B=[z208,z64,z25,z281,z4,z137,z177,z148,z8,z8,z8,z8] h=z213
  horizon=29 mass=z177.
Cells
  z65:B1:50342249;z66:0:Nlo:345929720;z12:0:Nhi:16340436;z631:0:Nhi:184938285;z21:
  1:Nhi:80590213;z15:B11/25:168901239;z633:B17/50:23189770;z653:D1:Nhi:31273217;z1
  6:D1:C:34673585;z181:D1:C:52834021;z655:D1:C:3866924;z24:D1:A:677.
Sum=992880336; test 992880336/1000000000+(1-z177)^7 <= 9943150/10000000.
Leaf R000110010101101 B=[z76,z64,z25,z281,z137,z26,z151,z148,z8,z8,z8,z8] h=z81
  horizon=29 mass=z151.
Cells
  z65:B1:50342249;z66:0:Nlo:345929721;z12:0:Nhi:16340436;z287:0:Nhi:206313862;z21:
  1:Nhi:59943628;z15:B11/25:168901240;z656:B17/50:3996134;z630:D1:Nhi:64408577;z16
  :D1:C:19887567;z183:D1:C:53162981;z24:D1:C:2460793.
Sum=991687188; test 991687188/1000000000+(1-z151)^7 <= 9937354/10000000.
Leaf R00011001010111 B=[z76,z64,z281,z3,z4,z26,z151,z148,z8,z8,z8,z8] h=z81
  horizon=29 mass=z151.
Cells
  z65:B1:50342249;z66:0:Nlo:345929720;z12:0:Nhi:16340436;z278:0:Nhi:264672514;z21:
  1:Nhi:2482979;z15:B11/25:168901239;z657:B17/50:29405211;z290:D1:Nhi:20170389;z16
  :D1:C:39013604;z175:D1:C:50462500;z658:D1:C:2271874;z24:D1:A:5122.
Sum=989997837; test 989997837/1000000000+(1-z151)^7 <= 9920461/10000000.
Leaf R00011001011 B=[z1,z64,z25,z3,z26,z5,z127,z148,z8,z8,z8,z8] h=z9 horizon=29
  mass=z127.
Cells
  z65:B1:50342249;z66:0:Nlo:345929720;z12:0:Nhi:16340436;z21:0:Nhi:267889356;z627:
  B11/25:151027640;z15:D1:Nhi:17258969;z125:B17/50:16448627;z659:D1:Nhi:39159921;z
  16:D1:C:28836902;z186:D1:C:54718745;z24:D1:C:1227155.
Sum=989179720; test 989179720/1000000000+(1-z127)^7 <= 9931507/10000000.
Leaf R00011001100000 B=[z64,z103,z70,z38,z4,z26,z127,z151,z8,z8,z8,z8] h=z71
  horizon=29 mass=z127.
Cells
  z104:B1:13123064;z105:1:Nlo:194123217;z21:1:Nhi:378187422;z660:B11/25:152773985;
  z15:D1:Nhi:15132602;z107:B17/50:19676154;z661:D1:Nhi:39733805;z16:D1:C:27517420;
  z150:D1:C:81406440;z24:D1:C:2929478.
Sum=924603587; test 924603587/1000000000+(1-z127)^7 <= 9285745/10000000.
Leaf R000110011000010000 B=[z64,z301,z38,z163,z4,z137,z127,z158,z8,z8,z8,z8] h=z71
  horizon=29 mass=z127.
Cells
  z662:B1:47845864;z663:1:Nlo:318807553;z21:1:Nhi:277794412;z664:B11/25:150283709;
  z15:D1:Nhi:16470355;z665:B17/50:9747350;z300:D1:Nhi:19416305;z16:D1:C:52790005;z
  150:D1:C:69720978;z24:D1:C:2234047.
Sum=965110578; test 965110578/1000000000+(1-z127)^7 <= 9690815/10000000.
Leaf R000110011000010001 B=[z64,z301,z163,z25,z4,z137,z127,z158,z8,z8,z8,z8] h=z71
  horizon=29 mass=z127.
Cells
  z302:B1:58470797;z303:0:Nlo:342604345;z12:0:Nhi:15122126;z101:0:Nhi:58920441;z21
  :1:Nhi:201847038;z666:B11/25:135398817;z15:D1:Nhi:31261255;z665:B17/50:9747350;z
  667:D1:Nhi:37268031;z16:D1:C:33883343;z150:D1:C:64078744;z24:D1:C:1921784.
Sum=990524071; test 990524071/1000000000+(1-z127)^7 <= 9944950/10000000.
Leaf R00011001100001001 B=[z301,z103,z38,z25,z4,z137,z127,z158,z8,z8,z8,z8] h=z305
  horizon=29 mass=z127.
Cells
  z108:B1:66647981;z306:0:Nlo:25115550;z307:1:Nlo:119833777;z110:0:Nlo:193130857;z
  12:0:Nhi:14072844;z308:0:Nhi:36134965;z21:1:Nhi:223190060;z668:B11/25:143967842;
  z15:D1:Nhi:22464348;z669:D1:Nhi:38365258;z16:D1:C:41838010;z150:D1:C:66723433;z2
  4:D1:C:2122722.
Sum=993607647; test 993607647/1000000000+(1-z127)^7 <= 9975786/10000000.
Leaf R000110011000010100 B=[z64,z301,z38,z163,z4,z137,z158,z151,z8,z8,z8,z8] h=z71
  horizon=29 mass=z158.
Cells
  z662:B1:47845864;z663:1:Nlo:318807553;z21:1:Nhi:277794412;z670:B11/25:154282836;
  z15:D1:Nhi:13644282;z107:B17/50:19676154;z300:D1:Nhi:10577828;z16:D1:C:54828867;
  z168:D1:C:67275546;z24:D1:C:2871006.
Sum=967604348; test 967604348/1000000000+(1-z158)^7 <= 9704787/10000000.
Leaf R000110011000010101 B=[z64,z301,z163,z25,z4,z137,z158,z151,z8,z8,z8,z8] h=z71
  horizon=29 mass=z158.
Cells
  z302:B1:58470797;z303:0:Nlo:342604345;z12:0:Nhi:15122126;z101:0:Nhi:58920441;z21
  :1:Nhi:201847038;z671:B11/25:155533523;z15:D1:Nhi:12422360;z107:B17/50:19676154;
  z672:D1:Nhi:29872232;z16:D1:C:34273140;z168:D1:C:61924987;z24:D1:C:2475293.
Sum=993142436; test 993142436/1000000000+(1-z158)^7 <= 9960168/10000000.
Leaf R00011001100001011 B=[z301,z103,z38,z25,z4,z137,z158,z151,z8,z8,z8,z8] h=z305
  horizon=29 mass=z158.
Cells
  z108:B1:66647981;z306:0:Nlo:25115550;z307:1:Nlo:119833777;z110:0:Nlo:193130857;z
  12:0:Nhi:14072844;z308:0:Nhi:36134965;z21:1:Nhi:223190060;z673:B11/25:148216847;
  z15:D1:Nhi:19663321;z674:D1:Nhi:41358086;z16:D1:C:42482549;z168:D1:C:64384621;z2
  4:D1:C:2727465.
Sum=996958923; test 996958923/1000000000+(1-z158)^7 <= 9998333/10000000.
Leaf R000110011000011 B=[z64,z103,z38,z25,z137,z26,z127,z151,z8,z8,z8,z8] h=z71
  horizon=29 mass=z127.
Cells
  z108:B1:66647981;z98:0:Nlo:31657529;z109:1:Nlo:120226646;z110:0:Nlo:186789860;z1
  2:0:Nhi:14072844;z101:0:Nhi:58920441;z21:1:Nhi:201847038;z675:B11/25:136246847;z
  15:D1:Nhi:30518526;z665:B17/50:9747350;z300:D1:Nhi:19273364;z16:D1:C:50992620;z1
  74:D1:C:61872485;z24:D1:C:1766148.
Sum=990579679; test 990579679/1000000000+(1-z127)^7 <= 9945506/10000000.
Leaf R00011001100010 B=[z103,z96,z112,z38,z4,z26,z127,z151,z8,z8,z8,z8] h=z113
  horizon=29 mass=z127.
Cells
  z312:B1:9813993;z313:1:Nlo:145173701;z21:1:Nhi:412903859;z422:B11/25:144462639;z
  15:D1:Nhi:23441665;z676:D1:Nhi:42660459;z16:D1:C:41365101;z150:D1:C:74228448;z24
  :D1:C:2625870.
Sum=896675735; test 896675735/1000000000+(1-z127)^7 <= 9006467/10000000.
Leaf R00011001100011 B=[z103,z96,z38,z25,z4,z26,z127,z151,z8,z8,z8,z8] h=z113
  horizon=29 mass=z127.
Cells
  z97:B1:78376479;z114:0:Nlo:7221371;z100:1:Nlo:316697817;z12:0:Nhi:12794100;z115:
  0:Nhi:7231651;z116:1:Nlo:7260149;z21:1:Nhi:243159710;z422:B11/25:144462638;z15:D
  1:Nhi:23458473;z677:D1:Nhi:36657222;z16:D1:C:45119490;z150:D1:C:63834069;z24:D1:
  C:2016128.
Sum=988289297; test 988289297/1000000000+(1-z127)^7 <= 9922602/10000000.
Leaf R00011001100100 B=[z64,z103,z70,z38,z4,z26,z151,z148,z8,z8,z8,z8] h=z71
  horizon=29 mass=z151.
Cells
  z104:B1:13123064;z105:1:Nlo:194123217;z21:1:Nhi:378187422;z15:B11/25:168901234;z
  107:B17/50:19676154;z678:D1:Nhi:43637975;z16:D1:C:28524098;z175:D1:C:74077918;z2
  4:D1:C:4827029.
Sum=925078111; test 925078111/1000000000+(1-z151)^7 <= 9271264/10000000.
Leaf R000110011001010000 B=[z64,z301,z38,z163,z4,z137,z151,z177,z8,z8,z8,z8] h=z71
  horizon=29 mass=z151.
Cells
  z662:B1:47845864;z663:1:Nlo:318807553;z21:1:Nhi:277794412;z679:B11/25:157978554;
  z15:D1:Nhi:10745764;z107:B17/50:19676154;z680:D1:Nhi:38920071;z16:D1:C:28914907;
  z175:D1:C:63869292;z24:D1:C:3717371.
Sum=968269942; test 968269942/1000000000+(1-z151)^7 <= 9703182/10000000.
Leaf R000110011001010001 B=[z64,z301,z163,z25,z4,z137,z151,z177,z8,z8,z8,z8] h=z71
  horizon=29 mass=z151.
Cells
  z302:B1:58470797;z303:0:Nlo:342604345;z12:0:Nhi:15122126;z101:0:Nhi:58920441;z21
  :1:Nhi:201847038;z681:B11/25:158880533;z15:D1:Nhi:9825925;z682:B17/50:20080747;z
  683:D1:Nhi:31492287;z16:D1:C:34693862;z175:D1:C:58913067;z24:D1:C:3216518.
Sum=994067686; test 994067686/1000000000+(1-z151)^7 <= 9961159/10000000.
Leaf R000110011001010010 B=[z301,z103,z38,z163,z4,z137,z151,z177,z8,z8,z8,z8]
  h=z305 horizon=29 mass=z151.
Cells
  z684:B1:43591008;z685:1:Nlo:290456506;z21:1:Nhi:299314486;z686:B11/25:156316955;
  z15:D1:Nhi:12406378;z687:D1:Nhi:44441814;z16:D1:C:43174421;z175:D1:C:61126685;z2
  4:D1:C:3531130.
Sum=954359383; test 954359383/1000000000+(1-z151)^7 <= 9564076/10000000.
Leaf R000110011001010011 B=[z301,z103,z163,z25,z4,z137,z151,z177,z8,z8,z8,z8]
  h=z305 horizon=29 mass=z151.
Cells
  z108:B1:66647981;z306:0:Nlo:25115550;z307:1:Nlo:119833777;z110:0:Nlo:193130857;z
  12:0:Nhi:14072844;z308:0:Nhi:36134965;z21:1:Nhi:223190060;z688:B11/25:158478425;
  z15:D1:Nhi:10192382;z689:B17/50:41236308;z16:D1:C:44995909;z175:D1:C:56350066;z2
  4:D1:C:3051990.
Sum=992431114; test 992431114/1000000000+(1-z151)^7 <= 9944794/10000000.
Leaf R000110011001010100 B=[z64,z301,z38,z163,z4,z137,z177,z148,z8,z8,z8,z8] h=z71
  horizon=29 mass=z177.
Cells
  z662:B1:47845864;z663:1:Nlo:318807553;z21:1:Nhi:277794412;z15:B11/25:168901235;z
  295:B17/50:25463876;z690:D1:Nhi:35105594;z16:D1:C:29213491;z181:D1:C:59078782;z2
  4:D1:C:4860265.
Sum=967071072; test 967071072/1000000000+(1-z177)^7 <= 9685057/10000000.
Leaf R000110011001010101 B=[z64,z301,z163,z25,z4,z137,z177,z148,z8,z8,z8,z8] h=z71
  horizon=29 mass=z177.
Cells
  z302:B1:58470797;z303:0:Nlo:342604345;z12:0:Nhi:15122126;z101:0:Nhi:58920441;z21
  :1:Nhi:201847038;z15:B11/25:168901237;z682:B17/50:20080747;z691:D1:Nhi:33546347;
  z16:D1:C:35143563;z181:D1:C:54653819;z24:D1:C:4228197.
Sum=993518657; test 993518657/1000000000+(1-z177)^7 <= 9949533/10000000.
Leaf R00011001100101011 B=[z301,z103,z38,z25,z4,z137,z177,z148,z8,z8,z8,z8] h=z305
  horizon=29 mass=z177.
Cells
  z108:B1:66647981;z306:0:Nlo:25115550;z307:1:Nlo:119833777;z110:0:Nlo:193130857;z
  12:0:Nhi:14072844;z308:0:Nhi:36134965;z21:1:Nhi:223190060;z15:B11/25:168901235;z
  692:B17/50:45784267;z16:D1:C:43910934;z181:D1:C:56544394;z24:D1:C:4616593.
Sum=997883457; test 997883457/1000000000+(1-z177)^7 <= 9993181/10000000.
Leaf R000110011001011 B=[z64,z103,z38,z25,z137,z26,z151,z148,z8,z8,z8,z8] h=z71
  horizon=29 mass=z151.
Cells
  z108:B1:66647981;z98:0:Nlo:31657529;z109:1:Nlo:120226646;z110:0:Nlo:186789860;z1
  2:0:Nhi:14072844;z101:0:Nhi:58920441;z21:1:Nhi:201847038;z693:B11/25:159118889;z
  15:D1:Nhi:9595838;z107:B17/50:19676154;z694:D1:Nhi:37259310;z16:D1:C:28652291;z1
  83:D1:C:57260980;z24:D1:C:2987902.
Sum=994713703; test 994713703/1000000000+(1-z151)^7 <= 9967620/10000000.
Leaf R00011001100110 B=[z103,z96,z112,z38,z4,z26,z151,z148,z8,z8,z8,z8] h=z113
  horizon=29 mass=z151.
Cells
  z312:B1:9813993;z313:1:Nlo:145173701;z21:1:Nhi:412903859;z15:B11/25:168901234;z6
  95:B17/50:47782658;z16:D1:C:42598466;z175:D1:C:67565578;z24:D1:C:4324843.
Sum=899064332; test 899064332/1000000000+(1-z151)^7 <= 9011126/10000000.
Leaf R00011001100111 B=[z103,z96,z38,z25,z4,z26,z151,z148,z8,z8,z8,z8] h=z113
  horizon=29 mass=z151.
Cells
  z97:B1:78376479;z114:0:Nlo:7221371;z100:1:Nlo:316697817;z12:0:Nhi:12794100;z115:
  0:Nhi:7231651;z116:1:Nlo:7260149;z21:1:Nhi:243159710;z15:B11/25:168901233;z696:B
  17/50:40531533;z16:D1:C:46487186;z175:D1:C:58482936;z24:D1:C:3352878.
Sum=990497043; test 990497043/1000000000+(1-z151)^7 <= 9925453/10000000.
Leaf R000110011010 B=[z64,z69,z70,z25,z26,z5,z127,z151,z8,z8,z8,z8] h=z71
  horizon=29 mass=z127.
Cells
  z72:B1:82888468;z98:0:Nlo:15418452;z119:1:Nlo:120959584;z73:0:Nlo:192422724;z12:
  0:Nhi:12357823;z101:0:Nhi:58920441;z21:1:Nhi:201847038;z697:B11/25:129960397;z15
  :D1:Nhi:34843040;z698:D1:Nhi:50051644;z16:D1:C:27064120;z186:D1:C:64274013;z24:D
  1:C:1842160.
Sum=992849904; test 992849904/1000000000+(1-z127)^7 <= 9968209/10000000.
Leaf R0001100110110 B=[z64,z103,z70,z25,z26,z5,z151,z148,z8,z8,z8,z8] h=z71
  horizon=29 mass=z151.
Cells
  z108:B1:66647981;z98:0:Nlo:31657529;z109:1:Nlo:120226646;z110:0:Nlo:186789860;z1
  2:0:Nhi:14072844;z101:0:Nhi:58920441;z21:1:Nhi:201847038;z699:B11/25:156177576;z
  15:D1:Nhi:11836613;z665:B17/50:9747350;z700:D1:Nhi:45474708;z16:D1:C:27825344;z6
  11:D1:C:59699365;z24:D1:C:3142600.
Sum=994065895; test 994065895/1000000000+(1-z151)^7 <= 9961142/10000000.
Leaf R0001100110111 B=[z103,z69,z112,z25,z26,z5,z151,z148,z8,z8,z8,z8] h=z113
  horizon=29 mass=z151.
Cells
  z72:B1:82888468;z114:0:Nlo:2709383;z73:1:Nlo:317161897;z12:0:Nhi:12357823;z115:0
  :Nhi:7231651;z116:1:Nlo:7260149;z21:1:Nhi:243159710;z701:B11/25:146176131;z15:D1
  :Nhi:21811672;z702:D1:Nhi:39373547;z16:D1:C:40747602;z611:D1:C:54245811;z24:D1:C
  :2797257.
Sum=977921101; test 977921101/1000000000+(1-z151)^7 <= 9799694/10000000.
Leaf R00011001110000 B=[z64,z103,z25,z281,z4,z26,z127,z151,z8,z8,z8,z8] h=z71
  horizon=29 mass=z127.
Cells
  z108:B1:66647981;z110:0:Nlo:338691248;z12:0:Nhi:14072844;z703:0:Nhi:164401108;z2
  1:1:Nhi:100365368;z704:B11/25:157486698;z15:D1:Nhi:10535137;z123:B17/50:14778802
  ;z705:D1:Nhi:31887712;z16:D1:C:35919320;z150:D1:C:58852594;z24:D1:C:1647428.
Sum=995286240; test 995286240/1000000000+(1-z127)^7 <= 9992572/10000000.
Leaf R00011001110001 B=[z64,z103,z281,z316,z4,z26,z127,z151,z8,z8,z8,z8] h=z71
  horizon=29 mass=z127.
Cells
  z108:B1:66647981;z110:0:Nlo:338691247;z12:0:Nhi:14072844;z317:0:Nhi:212516344;z2
  1:1:Nhi:53358080;z706:B11/25:148350385;z15:D1:Nhi:19630425;z707:B17/50:14650567;
  z708:D1:Nhi:27673292;z16:D1:C:38010700;z150:D1:C:49543713;z709:D1:C:1194724;z24:
  D1:A:1038.
Sum=984341340; test 984341340/1000000000+(1-z127)^7 <= 9883123/10000000.
Leaf R0001100111001 B=[z103,z96,z25,z710,z4,z26,z127,z151,z8,z8,z8,z8] h=z113
  horizon=29 mass=z127.
Cells
  z97:B1:78376479;z100:0:Nlo:332328863;z12:0:Nhi:12794100;z711:0:Nhi:99747976;z21:
  1:Nhi:162355599;z712:B11/25:147108201;z15:D1:Nhi:20722654;z713:D1:Nhi:31647415;z
  16:D1:C:47659653;z150:D1:C:53748882;z24:D1:C:1479473.
Sum=987969295; test 987969295/1000000000+(1-z127)^7 <= 9919402/10000000.
Leaf R00011001110100 B=[z64,z103,z25,z281,z4,z26,z151,z148,z8,z8,z8,z8] h=z71
  horizon=29 mass=z151.
Cells
  z108:B1:66647981;z110:0:Nlo:338691248;z12:0:Nhi:14072844;z703:0:Nhi:164401108;z2
  1:1:Nhi:100365368;z15:B11/25:168901240;z107:B17/50:19676154;z714:D1:Nhi:31151293
  ;z16:D1:C:36852601;z175:D1:C:54304535;z24:D1:C:2774712.
Sum=997839084; test 997839084/1000000000+(1-z151)^7 <= 9998873/10000000.
Leaf R00011001110101 B=[z64,z103,z281,z316,z4,z26,z151,z148,z8,z8,z8,z8] h=z71
  horizon=29 mass=z151.
Cells
  z108:B1:66647981;z110:0:Nlo:338691247;z12:0:Nhi:14072844;z317:0:Nhi:212516344;z2
  1:1:Nhi:53358080;z15:B11/25:168901239;z107:B17/50:19676155;z715:D1:Nhi:26653872;
  z16:D1:C:39099981;z175:D1:C:46047639;z716:D1:C:2024008;z24:D1:A:8379.
Sum=987697769; test 987697769/1000000000+(1-z151)^7 <= 9897460/10000000.
Leaf R0001100111011 B=[z103,z96,z25,z710,z4,z26,z151,z148,z8,z8,z8,z8] h=z113
  horizon=29 mass=z151.
Cells
  z97:B1:78376479;z100:0:Nlo:332328863;z12:0:Nhi:12794100;z711:0:Nhi:99747976;z21:
  1:Nhi:162355599;z15:B11/25:168901237;z717:B17/50:34633661;z16:D1:C:49292112;z175
  :D1:C:49605908;z718:D1:C:2486693;z24:D1:A:1825.
Sum=990524453; test 990524453/1000000000+(1-z151)^7 <= 9925727/10000000.
Leaf R00011001111 B=[z64,z69,z25,z3,z26,z5,z127,z148,z8,z8,z8,z8] h=z71 horizon=29
  mass=z127.
Cells
  z72:B1:82888468;z73:0:Nlo:329692433;z12:0:Nhi:12357823;z121:0:Nhi:229060743;z21:
  1:Nhi:37075668;z719:B11/25:149841202;z15:D1:Nhi:18202882;z123:B17/50:14778802;z7
  20:D1:Nhi:29483112;z16:D1:C:34646146;z186:D1:C:45988737;z24:D1:C:994644.
Sum=985010660; test 985010660/1000000000+(1-z127)^7 <= 9889816/10000000.
Leaf R00011010 B=[z1,z69,z2,z3,z5,z48,z18,z127,z8,z8,z8,z8] h=z9 horizon=29
  mass=z18.
Cells
  z72:B1:82888468;z73:0:Nlo:329692433;z12:0:Nhi:12357823;z21:0:Nhi:267889356;z721:
  B11/25:95286416;z15:D1:Nhi:56626277;z68:D1:Nhi:43891741;z16:D1:C:22537210;z190:D
  1:C:62812639;z24:D1:C:405723.
Sum=974388086; test 974388086/1000000000+(1-z18)^7 <= 9870735/10000000.
Leaf R000110110 B=[z1,z64,z2,z3,z5,z48,z127,z148,z8,z8,z8,z8] h=z9 horizon=29
  mass=z127.
Cells
  z65:B1:50342249;z66:0:Nlo:345929720;z12:0:Nhi:16340436;z21:0:Nhi:267889356;z188:
  B11/25:138623429;z15:D1:Nhi:26938472;z68:D1:Nhi:53890111;z16:D1:C:24592049;z722:
  D1:C:60393390;z24:D1:C:1372948.
Sum=986312160; test 986312160/1000000000+(1-z127)^7 <= 9902831/10000000.
Leaf R000110111 B=[z64,z69,z70,z3,z5,z48,z127,z148,z8,z8,z8,z8] h=z71 horizon=29
  mass=z127.
Cells
  z72:B1:82888468;z73:0:Nlo:329692433;z12:0:Nhi:12357823;z121:0:Nhi:229060743;z21:
  1:Nhi:37075668;z723:B11/25:140993734;z15:D1:Nhi:24199990;z724:D1:Nhi:46447919;z1
  6:D1:C:27065919;z722:D1:C:50243581;z24:D1:C:1096333.
Sum=981122611; test 981122611/1000000000+(1-z127)^7 <= 9850936/10000000.
Leaf R000111000 B=[z1,z64,z3,z58,z4,z5,z18,z127,z8,z8,z8,z8] h=z9 horizon=29
  mass=z18.
Cells
  z65:B1:50342249;z66:0:Nlo:345929719;z12:0:Nhi:16340436;z21:0:Nhi:267889358;z725:
  B11/25:135810190;z15:D1:Nhi:29302865;z726:B17/50:3396729;z192:D1:Nhi:49628006;z1
  6:D1:C:25812110;z129:D1:C:52063149;z24:D1:C:395836.
Sum=976910647; test 976910647/1000000000+(1-z18)^7 <= 9895961/10000000.
Leaf R000111001 B=[z64,z69,z3,z727,z4,z5,z18,z127,z8,z8,z8,z8] h=z71 horizon=29
  mass=z18.
Cells
  z72:B1:82888468;z73:0:Nlo:329692433;z12:0:Nhi:12357823;z21:0:Nhi:266459800;z728:
  B11/25:129337293;z15:D1:Nhi:35210458;z107:D1:Nhi:18227931;z16:D1:C:53526961;z129
  :D1:C:43629334;z24:D1:C:319656.
Sum=971650157; test 971650157/1000000000+(1-z18)^7 <= 9843356/10000000.
Leaf R000111010 B=[z1,z64,z3,z58,z4,z5,z127,z148,z8,z8,z8,z8] h=z9 horizon=29
  mass=z127.
Cells
  z65:B1:50342249;z66:0:Nlo:345929719;z12:0:Nhi:16340436;z21:0:Nhi:267889358;z15:B
  11/25:168901240;z191:B17/50:19212276;z192:D1:Nhi:41828577;z16:D1:C:28435733;z150
  :D1:C:49608845;z729:D1:C:1052965;z24:D1:A:4563.
Sum=989545961; test 989545961/1000000000+(1-z127)^7 <= 9935169/10000000.
Leaf R000111011 B=[z64,z69,z3,z727,z4,z5,z127,z148,z8,z8,z8,z8] h=z71 horizon=29
  mass=z127.
Cells
  z72:B1:82888468;z73:0:Nlo:329692433;z12:0:Nhi:12357823;z21:0:Nhi:266459800;z15:B
  11/25:168901239;z107:B17/50:19676154;z730:D1:Nhi:23012521;z16:D1:C:40495258;z150
  :D1:C:41597936;z731:D1:C:830139;z24:D1:A:10475.
Sum=985922246; test 985922246/1000000000+(1-z127)^7 <= 9898932/10000000.
Leaf R0001111 B=[z1,z69,z3,z60,z5,z48,z18,z148,z8,z8,z8,z8] h=z9 horizon=29
  mass=z18.
Cells
  z72:B1:82888468;z73:0:Nlo:329692432;z12:0:Nhi:12357823;z21:0:Nhi:267889357;z732:
  B11/25:139802513;z15:D1:Nhi:25852806;z733:B17/50:3145591;z126:D1:Nhi:31715858;z1
  6:D1:C:36921532;z190:D1:C:30576475;z24:D1:C:102324.
Sum=960945179; test 960945179/1000000000+(1-z18)^7 <= 9736306/10000000.
Leaf R001 B=[z0,z69,z2,z60,z48,z734,z735,z148,z8,z8,z8,z8] h=z9 horizon=29
  mass=z735.
Cells
  z72:B1:82888468;z73:0:Nlo:329692432;z12:0:Nhi:12357823;z21:0:Nhi:270715745;z736:
  B11/25:103220763;z15:D1:Nhi:51620675;z52:D1:Nhi:37846648;z16:D1:C:22410775;z24:D
  1:C:37044731.
Sum=947798060; test 947798060/1000000000+(1-z735)^7 <= 9605084/10000000.
Leaf R01000 B=[z0,z1,z60,z737,z4,z48,z6,z18,z8,z8,z8,z8] h=z9 horizon=29 mass=z6.
Cells
  z10:B1:20428244;z11:0:Nlo:348388506;z12:0:Nhi:24108281;z21:0:Nhi:270715745;z738:
  B11/25:87206134;z15:D1:Nhi:62217161;z739:D1:Nhi:22842284;z16:D1:C:35461922;z740:
  D1:C:25456826;z57:D1:A:9248;z24:D1:A:38.
Sum=896834389; test 896834389/1000000000+(1-z6)^7 <= 9789420/10000000.
Leaf R0100101 B=[z1,z69,z60,z737,z5,z48,z49,z18,z8,z8,z8,z8] h=z9 horizon=29
  mass=z49.
Cells
  z72:B1:82888468;z73:0:Nlo:329692432;z12:0:Nhi:12357823;z21:0:Nhi:267889359;z741:
  B11/25:37465001;z742:D1:Nlo:39727620;z15:D1:Nhi:52722197;z125:D1:Nhi:9213645;z16
  :D1:C:33552093;z743:D1:C:13695054;z24:D1:A:337501.
Sum=879541193; test 879541193/1000000000+(1-z49)^7 <= 9139701/10000000.
Leaf R0101 B=[z0,z69,z60,z744,z4,z48,z18,z148,z8,z8,z8,z8] h=z9 horizon=29
  mass=z18.
Cells
  z72:B1:82888468;z73:0:Nlo:329692432;z12:0:Nhi:12357823;z21:0:Nhi:270715745;z15:B
  11/25:168901242;z745:B17/50:22615449;z746:D1:Nhi:24185588;z16:D1:C:34449685;z129
  :D1:C:25243940;z747:D1:C:9650;z24:D1:A:30496.
Sum=971090518; test 971090518/1000000000+(1-z18)^7 <= 9837759/10000000.
Leaf R011 B=[z0,z69,z60,z748,z48,z734,z735,z148,z8,z8,z8,z8] h=z9 horizon=29
  mass=z735.
Cells
  z72:B1:82888468;z73:0:Nlo:329692432;z12:0:Nhi:12357823;z21:0:Nhi:270715745;z749:
  B11/25:116871143;z15:D1:Nhi:39048217;z750:D1:Nhi:11634291;z16:D1:C:36501333;z751
  :D1:C:7647684;z24:D1:A:249816.
Sum=907606952; test 907606952/1000000000+(1-z735)^7 <= 9203173/10000000.
Leaf R10000000 B=[z69,z752,z753,z754,z4,z5,z6,z7,z8,z8,z8,z8] h=z755 horizon=27
  mass=z4.
Cells
  z756:B1:97179261;z757:0:Nlo:320797186;z12:0:Nhi:11132639;z758:0:Nhi:109742094;z7
  59:1:Nhi:33640582;z760:D1:Nhi:157629297;z15:D1:C:37490099;z16:D1:C:46880256.
Sum=814491414; test 814491414/1000000000+(1-z4)^7 <= 9701762/10000000.
Leaf R1000000100 B=[z69,z752,z753,z25,z4,z5,z7,z18,z8,z8,z8,z8] h=z755 horizon=29
  mass=z7.
Cells
  z761:B1:74323908;z762:1:Nlo:299196297;z21:1:Nhi:279240552;z763:B11/25:47173475;z
  764:D1:Nhi:54892119;z15:D1:C:42585959;z16:D1:C:57538800;z23:D1:C:73958044;z24:D1
  :C:293970.
Sum=929203124; test 929203124/1000000000+(1-z7)^7 <= 9635441/10000000.
Leaf R1000000101 B=[z69,z752,z25,z754,z4,z5,z7,z18,z8,z8,z8,z8] h=z755 horizon=29
  mass=z7.
Cells
  z756:B1:97179261;z757:0:Nlo:320797186;z12:0:Nhi:11132639;z758:0:Nhi:109742094;z2
  1:1:Nhi:152318335;z765:B11/25:74220339;z766:D1:Nhi:44309277;z15:D1:C:25705523;z1
  6:D1:C:53738055;z23:D1:C:52868705;z24:D1:C:168722.
Sum=942180136; test 942180136/1000000000+(1-z7)^7 <= 9765211/10000000.
Leaf R1000001 B=[z69,z767,z753,z3,z5,z48,z49,z18,z8,z8,z8,z8] h=z755 horizon=29
  mass=z49.
Cells
  z768:B1:131940658;z769:0:Nlo:296693618;z12:0:Nhi:8837284;z770:0:Nhi:164158748;z7
  71:1:Nhi:54797269;z21:D1:Nhi:40670258;z772:B11/25:6803966;z773:D1:Nhi:75527156;z
  15:D1:C:31176275;z16:D1:C:41562370;z24:D1:C:43028807.
Sum=895196409; test 895196409/1000000000+(1-z49)^7 <= 9296253/10000000.
Leaf R1000011 B=[z69,z767,z3,z774,z5,z48,z49,z18,z8,z8,z8,z8] h=z755 horizon=29
  mass=z49.
Cells
  z768:B1:131940658;z769:0:Nlo:296693616;z12:0:Nhi:8837284;z775:0:Nhi:235084525;z7
  76:D1:Nlo:15442724;z21:D1:Nhi:11789353;z777:B11/25:12670695;z778:D1:Nhi:83922517
  ;z15:D1:C:18911440;z16:D1:C:35745390;z24:D1:C:20529767.
Sum=871567969; test 871567969/1000000000+(1-z49)^7 <= 9059969/10000000.
Leaf R1001000000 B=[z69,z752,z753,z25,z4,z5,z18,z127,z8,z8,z8,z8] h=z755
  horizon=29 mass=z18.
Cells
  z761:B1:74323908;z762:1:Nlo:299196297;z21:1:Nhi:279240552;z779:B11/25:131611600;
  z15:D1:Nhi:32227897;z16:D1:C:70703392;z129:D1:C:72500695;z24:D1:C:893291.
Sum=960697632; test 960697632/1000000000+(1-z18)^7 <= 9733830/10000000.
Leaf R1001000001 B=[z69,z752,z25,z754,z4,z5,z18,z127,z8,z8,z8,z8] h=z755
  horizon=29 mass=z18.
Cells
  z756:B1:97179261;z757:0:Nlo:320797186;z12:0:Nhi:11132639;z758:0:Nhi:109742094;z2
  1:1:Nhi:152318335;z779:B11/25:131611600;z15:D1:Nhi:32273523;z16:D1:C:66426550;z1
  29:D1:C:51999166;z24:D1:C:502032.
Sum=973982386; test 973982386/1000000000+(1-z18)^7 <= 9866678/10000000.
Leaf R1001000100 B=[z69,z752,z753,z25,z4,z5,z127,z148,z8,z8,z8,z8] h=z755
  horizon=29 mass=z127.
Cells
  z761:B1:74323908;z762:1:Nlo:299196297;z21:1:Nhi:279240552;z15:B11/25:168901234;z
  780:B17/50:35245722;z16:D1:C:49167241;z150:D1:C:67586025;z24:D1:C:2349304.
Sum=976010283; test 976010283/1000000000+(1-z127)^7 <= 9799812/10000000.
Leaf R1001000101 B=[z69,z752,z25,z754,z4,z5,z127,z148,z8,z8,z8,z8] h=z755
  horizon=29 mass=z127.
Cells
  z756:B1:97179261;z757:0:Nlo:320797186;z12:0:Nhi:11132639;z758:0:Nhi:109742094;z2
  1:1:Nhi:152318335;z15:B11/25:168901234;z781:B17/50:25813712;z16:D1:C:53270837;z1
  50:D1:C:49019554;z24:D1:C:1326255.
Sum=989501107; test 989501107/1000000000+(1-z127)^7 <= 9934721/10000000.
Leaf R1001001 B=[z69,z767,z753,z3,z5,z48,z18,z148,z8,z8,z8,z8] h=z755 horizon=29
  mass=z18.
Cells
  z768:B1:131940658;z769:0:Nlo:296693618;z12:0:Nhi:8837284;z770:0:Nhi:164158748;z2
  1:1:Nhi:99723350;z782:B11/25:137004362;z15:D1:Nhi:27618843;z16:D1:C:63961813;z19
  0:D1:C:42625241;z24:D1:C:257433.
Sum=972821350; test 972821350/1000000000+(1-z18)^7 <= 9855068/10000000.
Leaf R100101 B=[z69,z767,z3,z774,z4,z48,z18,z148,z8,z8,z8,z8] h=z755 horizon=29
  mass=z18.
Cells
  z768:B1:131940658;z769:0:Nlo:296693616;z12:0:Nhi:8837284;z21:0:Nhi:265019243;z15
  :B11/25:168901239;z783:B17/50:20029287;z16:D1:C:54332975;z129:D1:C:35931980;z784
  :D1:C:246663;z24:D1:A:2305.
Sum=981935250; test 981935250/1000000000+(1-z18)^7 <= 9946207/10000000.
Leaf R101 B=[z69,z785,z753,z60,z48,z734,z735,z148,z8,z8,z8,z8] h=z755 horizon=29
  mass=z735.
Cells
  z786:B1:188509404;z787:0:Nlo:253068006;z12:0:Nhi:6257001;z21:0:Nhi:265019243;z78
  8:B11/25:98813277;z789:D1:Nhi:43808725;z15:D1:C:9874006;z16:D1:C:46333774;z24:D1
  :C:24310924.
Sum=935994360; test 935994360/1000000000+(1-z735)^7 <= 9487047/10000000.
Leaf R111 B=[z69,z785,z60,z790,z48,z734,z735,z148,z8,z8,z8,z8] h=z755 horizon=29
  mass=z735.
Cells
  z786:B1:188509404;z787:0:Nlo:253068006;z12:0:Nhi:6257001;z21:0:Nhi:265019242;z79
  1:B11/25:102234495;z792:D1:Nhi:44594699;z15:D1:C:6312366;z16:D1:C:35599784;z793:
  D1:C:4333410;z24:D1:A:313476.
Sum=906241883; test 906241883/1000000000+(1-z735)^7 <= 9189522/10000000.
Empty R0100100 raw=[z1,z69,z60,z794,z4,z5,z6,z18,z8,z8,z8,z8]
  B=[z1,z69,z60,z58,z4,z5,z6,z18,z8,z8,z8,z8] h=z9; b_low>b_high:z60>z58.
Empty R010011 raw=[z1,z69,z794,z795,z4,z48,z6,z18,z8,z8,z8,z8]
  B=[z1,z69,z794,z737,z4,z48,z6,z18,z8,z8,z8,z8] h=z9; b_low>b_high:z794>z737.
Empty R100000011 raw=[z796,z797,z2,z3,z4,z5,z7,z18,z8,z8,z8,z8]
  B=[z796,z752,z798,z799,z4,z5,z7,z18,z8,z8,z8,z8] h=z800; a_low>a_high:z796>z752.
Empty R1000010 raw=[z69,z797,z3,z60,z4,z5,z6,z18,z8,z8,z8,z8]
  B=[z69,z752,z3,z754,z4,z5,z6,z18,z8,z8,z8,z8] h=z755; b_low>b_high:z3>z754.
Empty R10001 raw=[z797,z785,z2,z60,z4,z48,z6,z18,z8,z8,z8,z8]
  B=[z797,z767,z801,z802,z4,z48,z6,z18,z8,z8,z8,z8] h=z803;
  a_low>a_high:z797>z767.
Empty R100100001 raw=[z796,z797,z2,z3,z4,z5,z18,z127,z8,z8,z8,z8]
  B=[z796,z752,z798,z799,z4,z5,z18,z127,z8,z8,z8,z8] h=z800;
  a_low>a_high:z796>z752.
Empty R100100011 raw=[z796,z797,z2,z3,z4,z5,z127,z148,z8,z8,z8,z8]
  B=[z796,z752,z798,z799,z4,z5,z127,z148,z8,z8,z8,z8] h=z800;
  a_low>a_high:z796>z752.
Empty R10011 raw=[z797,z785,z2,z60,z4,z48,z18,z148,z8,z8,z8,z8]
  B=[z797,z767,z801,z802,z4,z48,z18,z148,z8,z8,z8,z8] h=z803;
  a_low>a_high:z797>z767.
Empty R110 raw=[z69,z785,z60,z795,z4,z48,z6,z148,z8,z8,z8,z8]
  B=[z69,z767,z60,z774,z4,z48,z6,z148,z8,z8,z8,z8] h=z755; b_low>b_high:z60>z774.



FAMILY M; 898 nonempty leaves; 0 empty leaves; 9642 cells.
Rational dictionary:
z0=263/1800
z1=110881/172800
z2=129/650
z3=605773/998400
z4=7/30
z5=5928001/24000000
z6=3003/10000
z7=157/250
z8=0
z9=1/2
z10=129/625
z11=770697/1108810
z12=10598354/15144325
z13=5394879/6033670
z14=9/10
z15=12794237/14095700
z16=3225586/3523925
z17=1455573791178/1548317499025
z18=10598354/10984325
z19=116581894/116667575
z20=30568081/29600075
z21=26/25
z22=793334867/761441950
z23=397385053/377360975
z24=5960918456234027/5625047977062025
z25=397385053/372656975
z26=397385053/369320975
z27=27/25
z28=136129/345600
z29=1360039/3120000
z30=38977/38400
z31=1/4
z32=770697/1361290
z33=5394879/6073030
z34=248122/254825
z35=99/100
z36=1297231/1303080
z37=815258/814425
z38=8967838/8798675
z39=302103609063740856136582314331/260434339710121427703950270975
z40=29/25
z41=2159483/5760000
z42=540283/640000
z43=3842667/16000000
z44=3/8
z45=11860947/21594830
z46=83026629/93563810
z47=75214706/78549525
z48=611914943/628396200
z49=32234874/32521225
z50=16884934/16653975
z51=98947943888287/94164526776006
z52=1524641729/1419981475
z53=291818557/314198100
z54=2357935463/2257585375
z55=339599611/321798050
z56=8674879/16640000
z57=1025597/3200000
z58=159859089/155133725
z59=245290783748115001/233720843822649150
z60=2346137963/2180921575
z61=266035406/242043275
z62=7751993/16000000
z63=652446/651557
z64=326822/325821
z65=1811846/1759735
z66=3035197/6400000
z67=1639159873/1572855075
z68=2572271/2440500
z69=907793853155862851486224014565601661186734689023/78403822969173528355708966772
  8966949298909214675
z70=384403/1080000
z71=193187/320000
z72=31979273/99840000
z73=1317883/1931870
z74=9225181/10323090
z75=579657377/578201275
z76=1311455231/1287043925
z77=9283/20000
z78=8799883663211771499933751996451/7599691433803251293046337927975
z79=22722237/33280000
z80=139684454/189351975
z81=212585428821689/260626330613700
z82=11526651723/12577565900
z83=154633614313306674/162020150803188725
z84=1257160086/1288167775
z85=658512426/654945025
z86=7847676642/7454722075
z87=6998840966/6545574025
z88=12400034998/11514149375
z89=5861138894/5613629875
z90=11767461602/11163185725
z91=1066996990356745082605399/1009845995996796043511275
z92=25066687/66560000
z93=26579496073/25007064575
z94=28351729171/26306463250
z95=102912995010016594/97885782633644355
z96=13120843762/12248034425
z97=49074832351/45494521750
z98=112362516730148132294560649753096457/100378686834097696567644334277251900
z99=192838889/187946575
z100=7/16
z101=20451976298/19522719575
z102=17889464398/16865646125
z103=946420026703872/939386765701175
z104=10744958/10507075
z105=7022848274/6752017975
z106=10251214096381894883/9788839687168493425
z107=22658085034/21483257825
z108=2053946582575287354523283/1943422104584136288451175
z109=76791379/224640000
z110=11860947/11994830
z111=54126662/52797361
z112=21926600618/20716787575
z113=8169103748/7616226775
z114=26817816929488501033354463/25607381374458106313966150
z115=80118631801/75012677525
z116=54435673331/50612368525
z117=21589/26624
z118=12540797/13532500
z119=31795062/32159375
z120=61028842186/58585813175
z121=13920097780442625384439/13288664763530666938075
z122=116581894/115144375
z123=2230197734947/2133997051175
z124=216347803841/204477292525
z125=1518483003237191293/1429508113224805900
z126=466753545043968/464072590431875
z127=10598354/10373125
z128=1230299837/1186888425
z129=493479621080949012731/472303911234351147775
z130=79203007/75270125
z131=91283089/224640000
z132=55000290826/52789129175
z133=1214217914/1158877225
z134=10760099/17280000
z135=1637321963/3594240000
z136=3569699/3840000
z137=23384003/96000000
z138=30679971/64000000
z139=74117691/107600990
z140=518823837/580406930
z141=1973624021/2114789300
z142=582031297/585939800
z143=72997774/73242475
z144=382611573/382734175
z145=90620477/89764275
z146=802975514/789667225
z147=13284899/34560000
z148=845393063/1797120000
z149=10583971/32000000
z150=15/32
z151=954929/1019300
z152=577689371/578201275
z153=1549460872330051771/1537817546987544975
z154=2097569605027/2006470003175
z155=204290701121/192883924525
z156=1433120282011740733/1348458460175557900
z157=1071611994177536/1059763657502775
z158=72997774/71242475
z159=1229921951/1187126275
z160=90709851114857735423/86781865803281703475
z161=125604014666/119248117525
z162=17799993/32000000
z163=47872158466048/47205621972175
z164=381832969/375200900
z165=3749231435107687991/3658773588624255100
z166=46858862726/44884513825
z167=12707080438/12149226575
z168=25806955884901516337746135704401091054600313365960078883/22289638085531338194
  608737676207837116034752901689723175
z169=70871971/128000000
z170=815258/794425
z171=189928501/184520465
z172=28525159/27611355
z173=885863978536421130337/848473767103489842125
z174=61365034952/58316154775
z175=18960889208376470611/17964615482994679900
z176=1461450485825918123780539911533122557958530579540177550883/126798549262499127
  8392879234080278067205629809948428923175
z177=172805131120170143717855969649375339281148077806200773453311/1490891262635807
  47756286870387392533863058687763966184011475
z178=516671/720000
z179=217071/160000
z180=1042667/4000000
z181=2727993/8000000
z182=4039997/8000000
z183=3703239/5166710
z184=25922673/28966970
z185=8911476385121/8842397232455
z186=269249524/265327625
z187=69268292/67231205
z188=2029459301/1888564550
z189=14454738/14280325
z190=970635658628677/945391851148150
z191=235032619/228600575
z192=613122892/569593495
z193=1491806382890198151558933920519845173143602356376241/128853052427653219961977
  0621137797563054829617565725
z194=2184551752359858485585126774084220805651870070321237/188428505198585317722855
  7563865707591079198336483825
z195=3234723/4160000
z196=438460386/462076525
z197=3408038768589234/3522949517532725
z198=187911594/190604225
z199=689009178/681548825
z200=6090193421/5836094950
z201=3055424047/2876575475
z202=349818123750286373/327695735687307025
z203=1708658517/1848306100
z204=13119858193/12624066425
z205=3055424047/2912287475
z206=621871/1440000
z207=3703239/6218710
z208=25922673/29130970
z209=7716779031846963/7360357675448650
z210=1783621567/1653688475
z211=317036902/292459175
z212=5024999358124820921829175331944283454343244742249/433703340497105251881825459
  6503692633054521329525
z213=7134451/17280000
z214=2276851/1920000
z215=12184003/48000000
z216=15831987/32000000
z217=41486859/71344510
z218=290408013/326611570
z219=345036482/350448925
z220=594745423/594601325
z221=2336166172146051/2327092394855150
z222=49290926/48921275
z223=2816709489666695940953/2780478496244521046325
z224=34552663/49920000
z225=5783987/16000000
z226=13851379690597/13773118701502
z227=965211312753536057703/949155005576469320075
z228=19458443106786/19414058996525
z229=53000706/51694525
z230=373211389/359535425
z231=2260547497/2147983100
z232=5872051/8640000
z233=13060703/35942400
z234=41486859/58720510
z235=290408013/324643570
z236=770697/785290
z237=1758201781/1723435775
z238=17030451737/16119148675
z239=65732327141/61405415650
z240=57644939/149760000
z241=1732319719028208749727/1704394249528345173475
z242=1269586081/1234819025
z243=4588784161/4351352025
z244=11018637383/10313502850
z245=390891953/391370200
z246=9941842504058737/9695115435365150
z247=762272550013/729915754850
z248=7625117201/7147846675
z249=9649307122/8983829975
z250=460553209/449001125
z251=81434858849167723/78878651591324500
z252=481461973213/461545760150
z253=8042634691/7549361775
z254=17235568337/16069920400
z255=170994188179660042807562628538980354448440229028248979/1477048011076665031099
  67783223258926248655369851938775
z256=31250263/33280000
z257=4485474266/4636796025
z258=1922346114/1927769725
z259=1964652157/1946508050
z260=31148439036557256237511/30414289413065276877675
z261=7048602418/6929822325
z262=213583939127/204824938975
z263=103749988433/98224734025
z264=3805367/5760000
z265=9472471/23961600
z266=58236513/66560000
z267=1602667/6400000
z268=26673903/38053670
z269=4554081/5092090
z270=31739097927/34109559100
z271=3512099214/3535738475
z272=12889460308967424/12775489455862475
z273=390233246/381304275
z274=8252921807/7995560425
z275=77318718518957618833/74157789064451576525
z276=7125777542/6783388475
z277=8477667/8062190
z278=1548989/3840000
z279=91223423/224640000
z280=31335973/64000000
z281=17317181377/18547184100
z282=15323352567/15422157800
z283=14110081991835648/13949164150928075
z284=640782038/625256575
z285=28200559/27460675
z286=9910887077/9630277425
z287=909474512545928420663/873322061431200589675
z288=31443453041/29963546425
z289=7711976204609043037483746090421526083631137022749610887/666137123551110125576
  1850077949591451406152605818630075
z290=6269831/14376960
z291=27399961/64000000
z292=844105793/869401675
z293=13207979/32000000
z294=1447187896598528/1420894332907575
z295=444152462/424304875
z296=388187759037176401702615660531642917093839084362071067/3348040132465545531919
  10052182450790598137141691440575
z297=581416763/1198080000
z298=1408567/1280000
z299=53815919/128000000
z300=1608507343/1665003125
z301=210125594/214499225
z302=9263517257/9316820600
z303=232584553/232920515
z304=8364970027311343/8351833235560150
z305=90053826/89642525
z306=4712472489555931389039/4663266689091135663475
z307=806349793/857996900
z308=449428613/898560000
z309=11239973/32000000
z310=8891301/9089890
z311=97538899/97733550
z312=55005449/56866775
z313=388590227/390934200
z314=1970354539085791223263893748933404004662892573234034145869/169942090989507086
  9246804955977072417812838425201753574025
z315=715199703/717140200
z316=330197362/323355925
z317=314200072927/301208399300
z318=10261923191/9696692700
z319=106006066282187030843/99380503415890200600
z320=542200186/530134025
z321=3659157039967/3512517080675
z322=359046363221/339577108225
z323=392082337141003450669/367868541696375779900
z324=71527973/128000000
z325=1321995929124864/1300517441105975
z326=3043183717/2993407175
z327=4701323159293624927/4622999016185524325
z328=10208881761/9790291400
z329=8934743038/8545019075
z330=30017942/29214175
z331=454732487/441862675
z332=72052453827022075537/69094073014513554125
z333=13317347238/12668500175
z334=86334004963086951861894878599591973120397717687768241/74904050951317540570599
  033275510321655515273868765725
z335=3409779540786983993013900265384086951695510989822961399/294180267140601384225
  3362297744902544565095680881863275
z336=35927987/64000000
z337=505283947/497534525
z338=45021073123/43228108775
z339=97804311/93588790
z340=843394913312108682551/809783985244835456875
z341=5849109019/5570034680
z342=456208595665196443632112367152428750582585040538016426887/3958015284397991981
  76648592372783405674642276325876230075
z343=162516617845709214011140240870502491454487349228843765837337/1402111375017950
  74302723655922846975391799438990382556756325
z344=1655213/2880000
z345=187297303/299520000
z346=7095991/16000000
z347=11109717/16552130
z348=77768019/87064910
z349=41486859/42544510
z350=33727722/33987425
z351=836059239/850890200
z352=42882498610351291935668010435595673204733783566928741073/36986616238068505362
  472422789306614831667054799076500925
z353=27193543/26466827
z354=2883392252/2746532225
z355=2097617/3840000
z356=3721897/5760000
z357=23275937/46080000
z358=10117081/7680000
z359=39931127/192000000
z360=25922673/37218970
z361=181458711/202932790
z362=1047692887926490880443/1066291107385751161020
z363=2675548204373998/2663502178429675
z364=2454242769/2398197275
z365=45024892573584706/42670638831190475
z366=87029521/138240000
z367=7663893569/14376960000
z368=3153693/2560000
z369=24696007/96000000
z370=1279679/2560000
z371=601480089/870295210
z372=4210360623/4709666470
z373=33834985848832/34633813878105
z374=1178010811/1181002625
z375=12913703/23040000
z376=25243943/46080000
z377=58406479/46080000
z378=475839/1280000
z379=241882769/1152000000
z380=315348792901632/323742014083105
z381=592777417/594601325
z382=165812689/159744000
z383=701183364874766931/729497095033395500
z384=138509650503/139188689000
z385=17402812362/17398586125
z386=191430935982/188056447375
z387=28770360034/27763274325
z388=492208412/468702025
z389=59993197/92160000
z390=353464587/353483240
z391=223112979/220927025
z392=384814847/372405300
z393=867925358/825393025
z394=42366757/69120000
z395=149839901/138240000
z396=751027843/3456000000
z397=129891885147758469252699/136254802525109504748860
z398=3144809583/3169997525
z399=34592905413/34293972775
z400=663945707243/635091544050
z401=12724888319/12047738760
z402=1
z403=1115846007288928331/1141905354508286175
z404=640782038/863816575
z405=640782038/655816575
z406=3055424047/2847967475
z407=3/4
z408=87663609827407017/87932812539827800
z409=2535779489387647039560205429/2450895872369555898677262425
z410=32890585507/31710099575
z411=13173817813/12684039830
z412=20879066/26956025
z413=187911594/216604225
z414=62637198/67868075
z415=5987191717/5690326625
z416=5987191717/5621494625
z417=5987191717/5589334625
z418=10104097/17280000
z419=633027089/1797120000
z420=2913697/3840000
z421=22728001/96000000
z422=9/16
z423=68213673/101040970
z424=477495711/534486790
z425=55941722/56842425
z426=6528191337563149/6552078991196600
z427=20858051673348673537542273719/19911811185745042931889689350
z428=16683645394/15879389015
z429=219097681905443079908/208160083986993384925
z430=18121643/49920000
z431=9927969/32000000
z432=111017732113795504473/111090939525055254325
z433=968666563/939002375
z434=133314558075669958748224705657/127385096432303398899205309013
z435=218757391333/208409643425
z436=213575518/203441075
z437=5/8
z438=32234874/33521225
z439=19165280504588619255000052153/18335089830540264722975551250
z440=16536082238/15780797425
z441=17330852344/16394399375
z442=11/16
z443=42202651/46028300
z444=10744958/11507075
z445=257723547/260169800
z446=3601498/3475163
z447=6836644256/6438935725
z448=32234874/35521225
z449=10744958/11007075
z450=2411343103/2300578900
z451=23689013192/22239214975
z452=7631414362/7208537675
z453=24483783298/22852816925
z454=3704741638286097/3712580723455000
z455=5194873863758507630628800129113/4980015461359160641641302929325
z456=192339712279/183916552475
z457=419053362/401655925
z458=5943736461/5677150525
z459=17/32
z460=175986521/174811275
z461=535805997088768/529881828681075
z462=3116958053140985997289/3104788527622222414725
z463=24024092638/22961849075
z464=558526598903/531444407575
z465=5334191866801498462801/5069899613800608020150
z466=72997774/74242475
z467=307318569571/292948172525
z468=126668130511/120060598175
z469=19/32
z470=72997774/75242475
z471=400290837642187707083183/383050792834572552228275
z472=670747679381/640348282525
z473=708154706207/669161574175
z474=283232003/304969900
z475=72997774/76242475
z476=1211165581589793373942597/1159069438455645945814000
z477=36342910981/34740011000
z478=782968759859/738020157475
z479=3645979/3993600
z480=87278699/93601100
z481=591811433/596075800
z482=74188478/74509475
z483=1611039551018269007909/1606045290150138793425
z484=1066323465516313485928963434997/1021804997853149311983547186550
z485=602028452701/574473710225
z486=1845095923/3594240000
z487=29426215598/28156198075
z488=1060852294541/1010140989025
z489=9582363556772959383587/9113456819772902259250
z490=815258/824425
z491=585980233813/559042730525
z492=1208996525321/1146578951725
z493=27296631534236317116165080896734348880494129974355963063799/23532455324615547
  351883000773046852483184594805479278503275
z494=7282733/11520000
z495=1186121597/2396160000
z496=2489133/2560000
z497=15698669/64000000
z498=191619/276910
z499=352770579/394591310
z500=1389986907/1486393100
z501=154523574/158684975
z502=154523574/154684975
z503=6970078688704450791957/6929590524647176551425
z504=18474975922/17672239925
z505=144086517159/137690293175
z506=456950256607/432066539975
z507=598280103/642739900
z508=154523574/160684975
z509=39107967431/37421030850
z510=11059824218799096611/10581014966752426980
z511=168777222289/159181953625
z512=8965933/23040000
z513=1805914477/3594240000
z514=21495943/64000000
z515=37/64
z516=815258/834425
z517=629924327/612334875
z518=28407498002/27176661925
z519=4913350618397/4694311668025
z520=5208155203433/4920980389525
z521=3141481/3357700
z522=815258/839425
z523=2567227028587/2454620604575
z524=5502959788469/5192577111025
z525=39/64
z526=3150481/3377700
z527=815258/844425
z528=5355557495951/5124170750275
z529=1159552874701/1092834766505
z530=3159481/3397700
z531=815258/849425
z532=6092568958541/5735770554025
z533=41740333/45652500
z534=10598354/11413125
z535=14464171813/14001395825
z536=267153765931/252775135775
z537=285032003/308969900
z538=72997774/77242475
z539=333581719/322916225
z540=3655573415/3445322713
z541=72997774/79242475
z542=970003893989/927014615725
z543=531760730527/499523922425
z544=21/32
z545=200626701/216913300
z546=51507858/54228325
z547=17169286/16742775
z548=3099961069/3005705225
z549=555713077127/523025181775
z550=3168481/3417700
z551=815258/854425
z552=511751209/496755125
z553=3304238491177/3111148408325
z554=154523574/164684975
z555=51507858/51228325
z556=1074390096559/1032532872875
z557=605094487387/568504502675
z558=815258/864425
z559=815258/809425
z560=41491903573/39899872625
z561=3599043076213/3382745129825
z562=23/32
z563=815258/874425
z564=898316914261/858581635625
z565=1981814116997/1859630724625
z566=815258/884425
z567=3926592176299/3735695958575
z568=2129958347777/1996068687325
z569=671731207/1797120000
z570=13/16
z571=584448453901/554262191525
z572=621855480727/583075483175
z573=7/8
z574=72997774/80242475
z575=1337228528519/1260648195475
z576=696669534379/651934066475
z577=178843261948/166585178075
z578=216250288774/201014469725
z579=345541633/898560000
z580=651152271406/784098986875
z581=31795062/36319375
z582=520760762561/493078033525
z583=69724602532/65196440525
z584=106760660227/99305931200
z585=289982011/314677900
z586=74188478/78669475
z587=504712543673/477647053825
z588=135437150342/126535136125
z589=209509265732/194754117475
z590=25/32
z591=28515279066/30568763225
z592=2097861910001/1987670727925
z593=2246006140781/2101644690625
z594=28922908066/31453188225
z595=815258/869425
z596=4529048339257/4276710871925
z597=2394150371561/2238082653325
z598=27/32
z599=303898303657/286130018000
z600=59123130287/55221409675
z601=815258/899425
z602=5195697377767/4879449704075
z603=2690438833121/2510958578725
z604=2598653653/4792320000
z605=438632126257/410281037450
z606=150325826274/139926289225
z607=549740299342/510737509475
z608=791764933/1437696000
z609=29/32
z610=5443097771059/5101188677375
z611=5590500063577/5214523038125
z612=15/16
z613=11549505858449/10802237978125
z614=5885304648613/5486119759625
z615=610640808739/565612130075
z616=744875724359/692848367500
z617=818576870618/760747547875
z618=9659251/34560000
z619=41486859/96592510
z620=290408013/330547570
z621=1320881029/1401795700
z622=2790465197/2593199350
z623=832271/2880000
z624=3703239/8322710
z625=25922673/29458970
z626=4064845603/3869564900
z627=5346409679/4973198050
z628=7465/27648
z629=10578386/10152325
z630=45335032093/43283152025
z631=49290926/49921275
z632=27250652117/26099287225
z633=57556728281/54546381925
z634=301144723/301400675
z635=82999104799/79424082275
z636=14596903/34560000
z637=4881703/3840000
z638=85925727/145969030
z639=601480089/676183210
z640=2864474737/3033192100
z641=107109878/108042575
z642=107109878/106042575
z643=6636491650157510906101/6537614777662581725025
z644=2019213599/1938702523
z645=2482520214734885299/2381566447241837450
z646=106947871667/101524140775
z647=19646503/69120000
z648=73369339/99840000
z649=14454738/14530325
z650=911594389/889802225
z651=32029253671206976417/30971913364280443550
z652=96939715691/93204114775
z653=205730158439/195479658475
z654=49290926/50921275
z655=18208462129/17507354825
z656=2631489887/2490834475
z657=4818246/4926775
z658=8726442569/8241613285
z659=14454738/15030325
z660=4818246/4801775
z661=31083872469/29833715825
z662=154845405403/145724257775
z663=102369908954026/107792751905025
z664=5315971544/4963790575
z665=480034661562234/501981544505225
z666=107109878/110042575
z667=24809702281/23522540525
z668=2010407464/1878915905
z669=2896792132398/3011308928075
z670=5996493503/5722670575
z671=191745532147/180751546175
z672=39773013/41414200
z673=131780597117/123524840425
z674=50899064801/47455743775
z675=10458298643/9733195450
z676=28049921217/28285907800
z677=1808850944256027893960661/1806831584241990686649025
z678=34507106933/33077168850
z679=17306979131/16538584425
z680=162132536530879811/154806144870496350
z681=1080322207604263077198147/1075631053568578945501175
z682=122395521391/117088481795
z683=56729620357174983647/54206607931273242850
z684=1922346114/1979769725
z685=10936721029/10497855050
z686=5477836403/5248927525
z687=195412709843/185506958275
z688=624390821/798720000
z689=13828953/20976170
z690=96802671/108433190
z691=12112766146/11616170525
z692=79767815348/76083372475
z693=257622555860101589/245359441893688100
z694=119297/230400
z695=3053241/5120000
z696=694311613/1064960000
z697=20746369/30532410
z698=3542063/3964070
z699=770697/808970
z700=12257701/23040000
z701=9675459697/14376960000
z702=290408013/423667570
z703=2032856091/2274472990
z704=9740204157178983120201/10090016556761292069140
z705=880238799/887547110
z706=80123863/138240000
z707=19993467667/28753920000
z708=539329167/801238630
z709=3775304169/4226270410
z710=3603916238270358429/3722931022153397540
z711=169071903/170293400
z712=371459932142/356067091675
z713=204362686658/195023103385
z714=59986389799979441/57116026242158180
z715=1517197/2764800
z716=8754432889/14376960000
z717=157281653/138240000
z718=719970019/3456000000
z719=153147674041126857963/159128115714930075260
z720=481336137/479434475
z721=471603244055297325272127/467075048992047174645850
z722=932843474343932615633398131357/892642490267993415726011009950
z723=543898309578/518615282075
z724=160283/276480
z725=71147939/69120000
z726=367477897/1728000000
z727=5394879/5710150
z728=1690377147/1703655400
z729=211766931/212956925
z730=184191352363292912706501/184042646405412063358550
z731=146975698313713750206472220292/140349209581419573410764306625
z732=152514119823/145182582325
z733=738729/785290
z734=4215286937/4090945675
z735=212147041/199680000
z736=120637357639/128534928700
z737=4485474266/4575676025
z738=4485474266/4471676025
z739=2926459572009490905804871/2899505429905395723319275
z740=1154121878/1104873145
z741=104211207724/98609832275
z742=19406942653752564450266140966757987250866830632891133/16731062842744230595057
  018074791368319712785028354425
z743=1403670413/1597440000
z744=28252640338/27104560325
z745=184119395122/176211776825
z746=39268218262/37120601345
z747=51994571/92160000
z748=14095079447/19169280000
z749=346760739/519945710
z750=59203053/66293170
z751=90053826/91642525
z752=9456889003/9190494425
z753=267175195222/256530586175
z754=269316894574/257857081675
z755=856837468474/811136164625
z756=58281508547606155430798422900273961752600491898673399/50251535245875443785171
  054224374104959138355085063275
z757=145473617/138240000
z758=10019061/10563970
z759=3062344023/3132840425
z760=3062344023/3060840425
z761=2735004141591995570248737/2716647270286551660869950
z762=1272341698394/1220262008025
z763=1275610908442/1220262008025
z764=269788217114/255321877485
z765=21835521283/28753920000
z766=133217009/130078170
z767=418778247758/402118432075
z768=1177587928894/1128963071825
z769=250035233552/236934169855
z770=2713751756897480721309434877737955655354529094985113421337/233989301062229302
  3588409377360306599443559564642339156325
z771=199759507/184320000
z772=969909389/4608000000
z773=346760739/366345710
z774=4223837793/4321987675
z775=603405399/603712525
z776=186051595097802370878219/185027693739756161957650
z777=620961114826/595539059525
z778=622561607746/595539059525
z779=658855727179/623392948250
z780=1482368517/1526698475
z781=2270012145038116581819580595589/2173884273596126351203417019200
z782=90006468123/85964424800
z783=189179208387/178972272025
z784=8878569/8320000
z785=39888459/42544510
z786=563734782/561892675
z787=369739599767812299359997/366275663470380734532425
z788=4565563217/4391896100
z789=2641302703/2528115675
z790=563734782/574892675
z791=456355449/439189610
z792=700830429/672925741
z793=111111756067/105527875775
z794=12072103/17280000
z795=57626111/138240000
z796=777895289/798720000
z797=85925727/120721030
z798=601480089/672247210
z799=13828953/14576170
z800=25624502967/25791011560
z801=16072440306/16119382225
z802=3147891156751751942588537/3135514365317382239903825
z803=302716037748818066737/291789129970620463550
z804=13639218697/13087731575
z805=128081917/299520000
z806=4797588131/4792320000
z807=85925727/90737030
z808=794213878689/799773626200
z809=19916296686/19994340655
z810=36296357578008340102754607/36197783804029876560509735
z811=19916296686/19195620655
z812=116294862879/111609334775
z813=100169443/119808000
z814=4183570259/4792320000
z815=85925727/129137030
z816=601480089/673559210
z817=6529152077/6418885975
z818=134805833/149760000
z819=85925727/88369030
z820=2532641807/2516540875
z821=24677572621/23600852125
z822=20166261/16640000
z823=1315381158/1330469575
z824=1315381158/1304469575
z825=1002285357889497594051321/988734169067280648445525
z826=15332382169/14718933375
z827=2337835377023057197/2243396327538920250
z828=97981484731/92902614875
z829=6682709584679041394294942513020233823489168932101710181/576130150725816034128
  8743545707098123697559424225612225
z830=1127947039/1198080000
z831=14238192891/13666828300
z832=23144530214/22208275975
z833=91416349063/86589984425
z834=164511739/276480000
z835=45056846791/57507840000
z836=1117034451/1645117390
z837=7819241157/8751021730
z838=194426778002246261501/201931343534247103140
z839=9388813639/9448021000
z840=206056927/204526975
z841=24619916705318449011537/24310795829171601066850
z842=13828953/13296170
z843=1857685685362/1774873499225
z844=206056927/208526975
z845=7312783661/7144470775
z846=2288763488986/2195138552225
z847=2432456090194/2305274903225
z848=20075274442751437910884827539060701470467506796305130543/17309275747963289215
  866230637121294371092678272676836675
z849=7032323/11520000
z850=1935110459/2396160000
z851=48142107/70323230
z852=336994749/377062610
z853=11286316160502841075059/11750155537647648351260
z854=255337137/253632395
z855=94597586334593614388061/93496064386199228809310
z856=149693878191/142993626625
z857=255337137/258432395
z858=92623029681/88847956700
z859=197096786419/186767342325
z860=19955425237/28753920000
z861=308331287/276480000
z862=1469788129/6912000000
z863=222979591969672663843497/232833760719223054098580
z864=63561411/63653225
z865=60822411021612160348437/60556445568454072677950
z866=1214635522542/1161894230075
z867=13179443/18432000
z868=634046627/552960000
z869=2969424349/13824000000
z870=479305826454320490607749/501592963177018869921860
z871=13515787953/13547165675
z872=13364515104239649280345623/13320238325636908948457050
z873=22772073646/21782891175
z874=139532173/299520000
z875=290408013/308467570
z876=2909441744781322604916681/2915123782037534165184550
z877=1406107243556995367353706871494/1346352935514224112459699765075
z878=173570012603/165737830725
z879=2500625911/2709026300
z880=640782038/677256575
z881=837700396/813569045
z882=683461519/656671370
z883=1709962033/1641678425
z884=232077798407/219296647975
z885=1922346114/2083769725
z886=640782038/651256575
z887=491654413237/470955563225
z888=268742886971/253086337675
z889=80021709/122577010
z890=13662243/15308270
z891=157162/163425
z892=144978793/140958050
z893=4580324333/4399964950
z894=2292342559/2199982475
z895=7046601341/6632797425
z896=675558977/798720000
z897=18086365011/17375906530
z898=45254468077/43439766325
z899=151894123979/142698805075
z900=49290926/51421275
z901=49290926/48671275
z902=3618386339/3488965735
z903=168024843727/157574311175
z904=90053826/95642525
z905=68378/68825
z906=45335032093/43392592025
z907=75641108257/70958406725
z908=49290926/51921275
z909=49290926/49421275
z910=176090203601/168756064225
z911=32708933881/30705074475
z912=317912960326/305406001275
z913=318203679326/305406001275
z914=1052384607482/991347843025
z915=3062344023/3204840425
z916=3062344023/2988840425
z917=5398830261/5240780275
z918=1642261794082/1546926905025
z919=316231439/552960000
z920=89640388139/115015680000
z921=8779403/7680000
z922=48408011/192000000
z923=2118940551/3162314390
z924=14832583857/16606600730
z925=80021709/84177010
z926=188635678/195485075
z927=5521654703786/5306600041525
z928=6102360614714/5752262261125
z929=24843403/46080000
z930=22756548091/28753920000
z931=107956931/92160000
z932=22807947/64000000
z933=476877517/2304000000
z934=162995427/171634030
z935=2330002689/2410923275
z936=370344973/360840905
z937=1362547278313/1309993709600
z938=1506981817783/1420769662550
z939=4223837793/4417987675
z940=4223837793/4129987675
z941=6943583571/6744439625
z942=804032204911/757272503150
z943=225142956922/215529444485
z944=83195449766/78103968095
z945=3062344023/3276840425
z946=3062344023/3096840425
z947=1752257059774/1676375974125
z948=1935582502594/1817244422625
z949=6368384794971191/6716822861250300
z950=188635678/189485075
z951=1307578009582/1253244185165
z952=1452754487314/1364659740065
z953=167171021/276480000
z954=39939386561/57507840000
z955=191887483/184320000
z956=1140967989/1671710210
z957=7986775923/8937171470
z958=4019165169/4317187075
z959=4019165169/4077187075
z960=3401717294144/3255130650625
z961=3764658488474/3533669537875
z962=160140200118554019/168813964459619300
z963=2330002689/2338923275
z964=3230615444771/3097559254525
z965=1795850896723/1687249568450
z966=10135973101/14376960000
z967=1168708951/1105920000
z968=233972177/1105920000
z969=24537128301/26337723775
z970=24537128301/24897723775
z971=3366407002491/3221789348975
z972=1863746675583/1749364615675
z973=5267007/5710150
z974=1482368517/1562698475
z975=1482368517/1454698475
z976=13108168071/12697852675
z977=126671556687/119754114500
z978=728558793/783856900
z979=187911594/195964225
z980=76511049043/72569489075
z981=62657368617/67805528900
z982=16072440306/16951382225
z983=16072440306/15703382225
z984=37812285147/36829749400
z985=3833171441/3637549015
z986=83794527/90737030
z987=19916296686/20992740655
z988=19916296686/19495140655
z989=220388147109/214844877700
z990=232238874166/223916306625
z991=891755292541166284348/859642496088432667875
z992=163697771107/155383050475
z993=444843345557/424551714475
z994=39470711033/37943686180
z995=221302322033/208074489400
z996=140320145173688428947393792773424910293272547574135913801/1210031333384065652
  47063614459849060597648747908737856725
z997=107109878/111042575
z998=107109878/105542575
z999=1668644741/1612462465
z1000=81750362967/76724849300
z1001=19831933069/18953031425
z1002=85905383239/80840308475
z1003=3390437244226836890583874238004951371386614167/29287599101046092698595881362
  11164975333288075
z1004=2784580210867568611942690024926055173165637002773/24012923931623324269814282
  83556944114797962933425
z1005=8718469/15360000
z1006=2934788617/3194880000
z1007=10091407/7680000
z1008=9944003/38400000
z1009=58267821/87184690
z1010=407874747/456692830
z1011=222747782/230285175
z1012=222747782/219285175
z1013=15826756789/15329222225
z1014=472333218409/443555444600
z1015=29521807/69120000
z1016=1116822781/1198080000
z1017=24119951/64000000
z1018=14454738/14905325
z1019=4818246/4739275
z1020=1813676749/1771404425
z1021=10082676431/9779413475
z1022=931094083439/874737051475
z1023=107109878/112042575
z1024=107109878/107042575
z1025=239263897184/229329533275
z1026=269199855769/252274606400
z1027=1849343729138341/1923736385005300
z1028=107109878/108542575
z1029=532412519821/507448198175
z1030=293148622637/274374664900
z1031=222747782/232285175
z1032=222747782/222285175
z1033=153494163784/147324005225
z1034=519736126637/487329160300
z1035=453758142851/435838396975
z1036=341801758129/320619360525
z1037=7963025883437737/8281421463252100
z1038=222747782/225285175
z1039=342540508739/326854297225
z1040=37809268991/35406858400
z1041=116695940666803/121254771409900
z1042=1606082/1621425
z1043=2027232751037/1935631905625
z1044=223943293067/209795822335
z1045=1188509269227353/1239131726874300
z1046=206056927/212526975
z1047=6568463977/6316380725
z1048=174494747518/167776393955
z1049=3007226495026/2835676307225
z1050=206056927/216526975
z1051=206056927/206526975
z1052=3222765396838/3090736833725
z1053=3581996899858/3366077711225
z1054=1831478734816371/1910794057766948
z1055=255337137/263232395
z1056=123654147961543756/119038596315341235
z1057=2515274849/2419951965
z1058=25160124463/24199519650
z1059=244499694647/230541058025
z1060=255337137/268032395
z1061=255337137/256032395
z1062=104910314093/100654480565
z1063=11676104115/10972590949
z1064=331947359/276480000
z1065=323897113597280319/339520385181756340
z1066=1432168641/1486936795
z1067=1432168641/1400536795
z1068=22983123519/22363723175
z1069=2304793363/2215793925
z1070=8757606584/8284780425
z1071=3144809583/3313997525
z1072=3144809583/3097997525
z1073=24725571597/23977101025
z1074=245416313207/232038006225
z1075=6129318/6533575
z1076=8553060191/8105763550
z1077=45820725002/42876625225
z1078=70264117378/65403085025
z1079=53409688444327982/57858563557687675
z1080=505606460359/479613592475
z1081=33868786237/31716717575
z1082=104031691907/96903323875
z1083=601254820562/638289185925
z1084=2525506347/2401151225
z1085=48514538293/45568529525
z1086=268359470923798/284976591860575
z1087=33361500211/31161622175
z1088=2578498117/2395816850
z1089=5315971544/4931630575
z1090=29620728941829/31595949379700
z1091=1345705315994/1276641360625
z1092=1443478885498/1351771199825
z1093=30017942/32214175
z1094=1565695847378/1475635498825
z1095=1639026024506/1531982878225
z1096=9976335913943/10747708459900
z1097=562637603086/523182599275
z1098=2079007087274/1929971154625
z1099=13180549377198447/14150819913794900
z1100=1862252325466/1760897043225
z1101=2008912679722/1873591802025
z1102=636439102754/590972374485
z1103=65243921/69120000
z1104=5204904543/5660392100
z1105=1328864049/1415098025
z1106=49749301472/47017683105
z1107=267079051642/249175260375
z1108=413739405898/384334019175
z1109=106192161517/100800976475
z1110=114257521391/106990729525
z1111=49290926/52421275
z1112=248678442467/234447841675
z1113=130388241139/121866235625
z1114=8283500263/9584640000
z1115=162995427/248434030
z1116=1140967989/1278238210
z1117=101699709083657/107772371908100
z1118=155546568164/145355520055
z1119=801928920442/745346859425
z1120=3025828442/2808063625
z1121=28209803/69120000
z1122=140228611/159744000
z1123=3403095937857041/3599741829035300
z1124=51301641053/47957651845
z1125=39679851952/36891371825
z1126=3287254750/3051602357
z1127=153738800140530277/164571981453274100
z1128=4485474266/4679676025
z1129=1758293839822/1664481291425
z1130=1903470317554/1775896846325
z1131=87568061126/81340951015
z1132=6225523/11059200
z1133=103820092127/115015680000
z1134=41486859/62255230
z1135=290408013/325194610
z1136=1495161208762/1418836064045
z1137=8056511954738/7539842539825
z1138=8782394343398/8276632314325
z1139=9217923776594/8610878979025
z1140=24574091/44236800
z1141=425669800183/460062720000
z1142=162995427/245740910
z1143=1140967989/1277818370
z1144=928059932767313/998027041892900
z1145=36601569882826/34183780124225
z1146=37762981704682/35075104563425
z1147=9410855255906/8728679215405
z1148=108118217231/115015680000
z1149=163269712316954019/175404711211619300
z1150=1809992714374/1690707379865
z1151=1867766530162/1735017761045
z1152=2329957056466/2161385610485
z1153=269401/491520
z1154=201361833091/230031360000
z1155=8989363/8192000
z1156=639690803/3072000000
z1157=2182561434744799/2336021602904500
z1158=2866160767/2987011125
z1159=2676654170138/2529781752145
z1160=14544682672546/13540233199925
z1161=23835977247394/22108524713525
z1162=51138894707/57507840000
z1163=2464192123/2211840000
z1164=11571834629/55296000000
z1165=3664081522211096763/3921674383051079300
z1166=52497160569/54692803075
z1167=3304292622072/3123078220825
z1168=3593161701012/3344630126725
z1169=5904114332532/5476469373925
z1170=629189517633061971/675539683155649700
z1171=182582912642/172659633865
z1172=985502802076/919005946775
z1173=1566208713004/1454524166375
z1174=29835523/30720000
z1175=55036431/256000000
z1176=478205429/519910460
z1177=122122861/129977615
z1178=489566214553/462706608275
z1179=262930166993/245280248500
z1180=526589219/489238456
z1181=4516588015286958/4812040091582075
z1182=4124912038/3857925185
z1183=32598943624/30339655175
z1184=3721816187770639478/4019372124656612675
z1185=10273758416/9623374225
z1186=15800396924/14723387725
z1187=67213642876847523/72560392339889260
z1188=43887124541/41113619850
z1189=13517715731/12600095540
z1190=454142173/399360000
z1191=4021048105609525354/4253045552589048225
z1192=9746998898/10105554325
z1193=69406669618/66130359305
z1194=123660704986/116335951675
z1195=24566194271430433/26084778930028900
z1196=382956498392/358185884275
z1197=394930881826/367363913525
z1198=490725949298/455764147525
z1199=9439153579/9584640000
z1200=558424905688/529437003275
z1201=202107479808/188716373425
z1202=485390155462234/513285802005225
z1203=107109878/111542575
z1204=612309631141/578226134900
z1205=130843994632/122069847455
z1206=107109878/113042575
z1207=666194356594/627015266525
z1208=702117506896/654549354275
z1209=1861789786838341/1949263091005300
z1210=720079082047/675804398150
z1211=250005013544/232916490425
z1212=5099881/9216000
z1213=771755377/766771200
z1214=629027/512000
z1215=16354671/64000000
z1216=33779889/50998810
z1217=236459223/264831670
z1218=240524593026329/254002211717700
z1219=1465276305454/1368753452375
z1220=100878255946/93697704625
z1221=1896354109078/1759066505375
z1222=1924387/4608000
z1223=9797330671/9584640000
z1224=23463949/64000000
z1225=509047961166517/536760500706100
z1226=610900269/595934825
z1227=795380785576/746183976575
z1228=819205896067/764433434750
z1229=10833723/11563870
z1230=66489476105/61884653107
z1231=843031006558/782682892925
z1232=938331448522/870656725625
z1233=24246325739510238/25473948344009075
z1234=438460386/452156525
z1235=12145756441/11554259525
z1236=109115121713/102333115325
z1237=146153462/155052175
z1238=713944365563/674331836575
z1239=374748273367/350773061675
z1240=2280921886704693/2414527331566900
z1241=6903553579/6425794475
z1242=6017560211/5592399025
z1243=76093207/74880000
z1244=518064842077083/540122999333900
z1245=108562870819/103040351975
z1246=196739087441/183829158525
z1247=2210604251/2129920000
z1248=2091915079109274/2204473135991225
z1249=222747782/231285175
z1250=131275582529/124070327600
z1251=252887066432/236026590175
z1252=2524526897/2396160000
z1253=2926906169898/3074456115575
z1254=4818246/4989275
z1255=2330626474943/2203836007075
z1256=415945176517/388348301625
z1257=222747782/234285175
z1258=47708769862/44935252175
z1259=453080382872/422560127425
z1260=8014581319637737/8387464299252100
z1261=154977036643/145541185450
z1262=1454046965072/1355227813675
z1263=1606082/1683925
z1264=158926665911/149757145300
z1265=1342146720499/1252165934975
z1266=352272865287909/368264765979700
z1267=2755026834209/2588392642525
z1268=1436457911447/1339286965075
z1269=579791/1152000
z1270=3703239/5797910
z1271=25922673/29065370
z1272=174120376142361/182986634111300
z1273=115071456149/107458358725
z1274=89266273876/82861626275
z1275=7531181866/6983232275
z1276=13586983/27648000
z1277=625340981966989/663851231223700
z1278=6673110548/6251064575
z1279=1548852781528/1442775245075
z1280=59/64
z1281=85925727/89789830
z1282=524184745214/489468700975
z1283=178678490757/166180043300
z1284=1083921671599/1011143688725
z1285=1655509325041/1539394105400
z1286=51982813/92160000
z1287=8041290757/7667712000
z1288=6618271/5120000
z1289=33037343/128000000
z1290=31/32
z1291=346654917/519828130
z1292=2426584419/2717196910
z1293=683744182342/637813013675
z1294=1155374606646/1075116928025
z1295=3560929636394/3297922215475
z1296=3489825274052/3243493641925
z1297=3513526728166/3261636499775
z1298=3703138361078/3436731362575
z1299=18225311/36864000
z1300=6751205117/6389760000
z1301=47911901/128000000
z1302=61/64
z1303=115551639/120813110
z1304=1212288509/1183669625
z1305=2219235173441/2068471295425
z1306=30010062329/27901209409
z1307=916061620487/853089587395
z1308=2313793677143/2150813526175
z1309=1180536464497/1093496320775
z1310=132509251/106496000
z1311=112141719/120813110
z1312=116477671388/108143661565
z1313=613907858174/569829718075
z1314=2856340361/2555904000
z1315=2273270515451/2111848947625
z1316=1144515133034/1061954326375
z1317=1207554135502/1120177146875
z1318=27501967/55296000
z1319=8548329/6656000
z1320=13980086770879431/14870749972714300
z1321=388586725033/364855063175
z1322=266917082601/249248794625
z1323=174803463/182859670
z1324=1625080293343/1513529025275
z1325=5888064611/5469876010
z1326=229660059122/213225917875
z1327=6209381/11520000
z1328=11800305791/9584640000
z1329=40735629/62093810
z1330=285149403/319456670
z1331=732916296788/687155171275
z1332=10086587927/9402552384
z1333=1536565986787/1428419115125
z1334=780071892262/723227686325
z1335=5641181182/5228056235
z1336=294442277/552960000
z1337=12830233/23040000
z1338=22480176049/19169280000
z1339=85174497/128302330
z1340=596221479/667716310
z1341=1922838093/2022822770
z1342=1424230524223/1333236458300
z1343=490462039899/456436324450
z1344=437237318297/408393033475
z1345=313139462129/291286000690
z1346=1589275108382/1474466260975
z1347=1777897490278/1648708321175
z1348=608307161/1105920000
z1349=5339935129/4792320000
z1350=2884365073/2211840000
z1351=11529518831/55296000000
z1352=4020479649/4239871610
z1353=2075456199908/1938243861075
z1354=2146189593119/1992352633650
z1355=2712056738807/2515078814250
z1356=7216877/12288000
z1357=10267999621/12779520000
z1358=4566539/3840000
z1359=48793173/72168770
z1360=341552211/382301390
z1361=197528901/204326950
z1362=853223147374/810550583475
z1363=2751259577066/2578500218425
z1364=197528901/210326950
z1365=996915748582/940654934475
z1366=1044813282318/977367051475
z1367=20967107375259/22522988562725
z1368=3230234914426/3005525388425
z1369=1332198484734/1237575753475
z1370=46898900407/57507840000
z1371=111236941/92160000
z1372=481469531/2304000000
z1373=33779889/35638810
z1374=482138187/498584705
z1375=4227289442818/4027394455625
z1376=902638153742/849277590745
z1377=6999565607087043/7518145319360420
z1378=4656141431656/4355884702775
z1379=4799092094602/4465381451825
z1380=1188539479634/1104213488845
z1381=333287491/552960000
z1382=95183605039/115015680000
z1383=56438473/46080000
z1384=2272445019/3332874910
z1385=15907115133/17800524370
z1386=1225517529/1266961825
z1387=8367993837658/7974092465225
z1388=8936828736394/8409521053625
z1389=45250217806554129/48597367713551900
z1390=9221246185762/8627235347825
z1391=1901132727026/1768989928405
z1392=11781003230074/10946087995625
z1393=2011862693/2396160000
z1394=38172317/30720000
z1395=32404103/153600000
z1396=19422607/20528230
z1397=830459727/858307925
z1398=274325306359/259806728225
z1399=148951552048/138921492875
z1400=243262742996/226042522975
z1401=1516765721638142403/1628552874220168100
z1402=6546825333/6844282175
z1403=1789405927374/1692295634075
z1404=1933098528582/1802431985075
z1405=3082639338246/2863234793075
z1406=6485291434444414419/6963391010957435300
z1407=13515787953/14123165675
z1408=33711206314/31884517875
z1409=36445989481/33977924550
z1410=58324254817/54181177950
z1411=394860392074978227/426672037441105700
z1412=131688944179/122902525050
z1413=203535244783/189202700550
z1414=939007/1080000
z1415=489607/240000
z1416=1728001/6000000
z1417=1527997/4000000
z1418=7030863/9390070
z1419=49216041/54930490
z1420=11491382/11240175
z1421=7517353/7346685
z1422=1684202347/1631669975
z1423=491037016/456894525
z1424=4059227/8640000
z1425=23672351/24960000
z1426=6584003/24000000
z1427=25171443/40592270
z1428=176200101/197745890
z1429=3406812682/3518661425
z1430=486687526/487808775
z1431=928076153463091/909588147571050
z1432=14376988381670983/14006685638409000
z1433=97725589/93522905
z1434=259379642477007/246549103645915
z1435=1630427/960000
z1436=37437502/36760675
z1437=62553998/60068075
z1438=307694426/277092025
z1439=388338796433478/384258931407575
z1440=300716351/286930300
z1441=1096807/2160000
z1442=6984091/6240000
z1443=676799/1600000
z1444=7030863/10968070
z1445=49216041/55176490
z1446=1045715762/1066215925
z1447=1186016873/1188818200
z1448=149387966/148602275
z1449=216008561/212200525
z1450=2808111293/2699086825
z1451=301059950879237069/287339906139607225
z1452=194658052820549/190813682887350
z1453=1209988989667138502101/1180066970257995785025
z1454=59784607/57563675
z1455=269609743/259036100
z1456=266518425891498677/252398115743315050
z1457=3428027/4320000
z1458=25171443/34280270
z1459=176200101/196761890
z1460=97725589/92332505
z1461=1795330574827049/1687448640561405
z1462=6528053/8640000
z1463=43080689/49920000
z1464=2568001/9600000
z1465=47390877/65280530
z1466=331736139/370563710
z1467=23399167031/25164482300
z1468=862510714/869017225
z1469=9487617854/9351189475
z1470=11034755836/10705260575
z1471=7790453/17280000
z1472=6439989/16000000
z1473=47390877/49104530
z1474=3878472853/3902470200
z1475=314915458/309523325
z1476=441529151/432601075
z1477=6254967199/6106370575
z1478=5739878963/5504773975
z1479=1212809/1920000
z1480=122787529/199680000
z1481=8390481/12128090
z1482=58733367/65696630
z1483=802089296950824185311/790248975895868240675
z1484=2158133354/2071288225
z1485=908050832/845885675
z1486=243232678/220117575
z1487=262062514/261324725
z1488=6948853/11520000
z1489=794125349/1198080000
z1490=2932853/1920000
z1491=16487989/32000000
z1492=47390877/69488530
z1493=331736139/371219710
z1494=57653466343643966010131/57353250529121447448050
z1495=750229199795098022743011805954219036261677318378101/647105098151812778226734
  315477775031260066653774225
z1496=46614527/66560000
z1497=29367967/64000000
z1498=1681599/3200000
z1499=2576052537750514305437/2547752359568756005225
z1500=31585954440119549979777106145658909991674546099354050999/2724530142876240651
  2221643229016301716960815602891423275
z1501=1885306722/1800954725
z1502=3107839302219087817697946100932163528626651943423/26847310446992136359465052
  59424278903988493054675
z1503=46958771/69120000
z1504=3843262819/7188480000
z1505=1999453/1440000
z1506=30522347/144000000
z1507=331736139/469587710
z1508=2322152973/2595913970
z1509=6160685105287707/6251638688146120
z1510=2876022186957301/2866741872661000
z1511=35484153/35189060
z1512=14598508941448743521541/14411904282427568825320
z1513=525659427/515048545
z1514=3357916601/3118570450
z1515=10265503118/9345492475
z1516=122206887/124473430
z1517=654351683/599040000
z1518=326182713163776/335779703263265
z1519=110251935297/110902336600
z1520=2767763934/2772558415
z1521=89837085687975427/88157112543258810
z1522=2382528535855119/2307545967045916
z1523=219616752082/208930315925
z1524=13908239379892351875446/13121577281879194627975
z1525=398537783/575078400
z1526=32549568414007/31714551835620
z1527=380033611802/360937658425
z1528=42074209009915029940694/39583592588753004691375
z1529=24627389/34560000
z1530=2027739733/3594240000
z1531=2747623129/2396160000
z1532=24877079/115200000
z1533=176200101/246273890
z1534=1233400707/1378317230
z1535=14689337347141272724912479/15147381659240516952791575
z1536=58502120274/58706578225
z1537=12004256072803571199/11812573894069540700
z1538=725380702155126106206/700960958159142039925
z1539=104439983674/99254042075
z1540=3148917220259655442364/2966854430809014724675
z1541=5283975209/7188480000
z1542=33631253/23040000
z1543=5250190281/5309469275
z1544=750027183/744781325
z1545=35387815606/33559138115
z1546=4841333881398295561202/4548805808523319170025
z1547=365221693/898560000
z1548=13115327/11520000
z1549=63924991/288000000
z1550=153223063525833168204561/159042660123755641426850
z1551=32232956927979/32904717950900
z1552=1937577/1957225
z1553=31377954854762979/31154500774450900
z1554=12791878580/12220325413
z1555=6134319464/5799188695
z1556=3146689710033290486/2953067605205063815
z1557=48071719/112320000
z1558=164927947/138240000
z1559=783171941/3456000000
z1560=521299647/540437830
z1561=3521552846031029349/3604860620650091575
z1562=3504954681/3547198675
z1563=38554501491/38443185425
z1564=615242150757/586940997250
z1565=11812389537/11149016020
z1566=54483830522450182893/51070469238298007750
z1567=991607/1440000
z1568=7030863/9916070
z1569=49216041/55012490
z1570=11027560348518345724253/11014629264381891018025
z1571=103324681/149760000
z1572=6571291/4160000
z1573=48946685179111257/48266550191788100
z1574=448163898/440846825
z1575=6385836041/5956566025
z1576=1124395142/1019229175
z1577=276885873/273714970
z1578=740508496/711619325
z1579=1913680106/1834317025
z1580=277155689/299520000
z1581=5571920458/5353535075
z1582=9572703129369652363/9068945636315796575
z1583=6730849/8640000
z1584=21113567/99840000
z1585=1306909/768000
z1586=21113567/96000000
z1587=49216041/67308490
z1588=344512287/384759430
z1589=148784603/147363625
z1590=11232445172/10698909775
z1591=11936600074967887761/11292568323555763775
z1592=79924399/359424000
z1593=98044021/69120000
z1594=79924399/345600000
z1595=15046657857/15429703675
z1596=2149522551/2163100525
z1597=23644748061/23506105775
z1598=707644045836/675128871275
z1599=67394671032/63704013925
z1600=511850642516118243312/480657338334775829425
z1601=8222491/12480000
z1602=149387966/205562275
z1603=149387966/153562275
z1604=97725589/91378905
z1605=51742141/179712000
z1606=13147215929/14074645700
z1607=276862213518654468509753/275541728129958069746325
z1608=11185415748251334350111897/10815715014758867540720875
z1609=1142719097/1100548225
z1610=1898230847/2055235100
z1611=486687526/513808775
z1612=12774972769/12161478650
z1613=10255650375193626/11094339416680025
z1614=2730900614/2566768159
z1615=20690745478/19335937955
z1616=141327389/449280000
z1617=4010620189/4264863700
z1618=103684591729506243907997/102542702309459641912425
z1619=234752518/229803575
z1620=4934325019/4776378575
z1621=9901758737/9552757150
z1622=149387966/151852275
z1623=13177977280272389/12852099985487350
z1624=719477369/699080725
z1625=36581972141/35036478625
z1626=478937/576000
z1627=206039239/599040000
z1628=3440581/3328000
z1629=4498669/16000000
z1630=3552993/4789370
z1631=24870951/27765590
z1632=280671397/302458100
z1633=72282626/75614525
z1634=39855695581/38100121400
z1635=64206179/179712000
z1636=149387966/155102275
z1637=140835031/138733675
z1638=2678524303/2623163875
z1639=49253151413466819/48224994902868250
z1640=9292981789/8904260405
z1641=946236970948906/1002595219907025
z1642=120940098929/115620568225
z1643=32341108202/30506097175
z1644=9837955192/9224347625
z1645=5321627/17280000
z1646=25171443/53216270
z1647=176200101/199713890
z1648=113357347/110091275
z1649=303242281/310085400
z1650=393580046713478/394711920407575
z1651=1942042141/1844728025
z1652=789344296/738464825
z1653=425990747/396666450
z1654=1412407/4320000
z1655=7030863/14124070
z1656=49216041/55668490
z1657=1371246712183843/1352671822211450
z1658=326266987/317876675
z1659=2321423767/2166798050
z1660=47390877/77904530
z1661=331736139/372531710
z1662=1224099820037638/1215627963931575
z1663=66346978/65321325
z1664=65231587101377/63986026474350
z1665=729816758/710534575
z1666=6277345451/6023488375
z1667=62637198/60068075
z1668=66346978/66321325
z1669=2792151197371753/2705381710349750
z1670=49355501/47594125
z1671=98853391/95188250
z1672=8231857231/7829626475
z1673=10315253/34560000
z1674=22021151/16640000
z1675=198745748091030946/198504750662520525
z1676=1460062578/1443586325
z1677=50760403411301257/49959759684023950
z1678=314915458/307283325
z1679=28097166721/27215881925
z1680=56401683923/54431763850
z1681=39778289/33280000
z1682=1262820469/1229587025
z1683=24224266/23551025
z1684=486687526/498528775
z1685=27240548371/27501611400
z1686=66346978/67321325
z1687=464428846/465249275
z1688=2894358753/2730096925
z1689=66346978/68321325
z1690=3700102513/3721994200
z1691=66346978/65821325
z1692=1080893957/1040664025
z1693=10637588039/9996428875
z1694=1297056529338063/1272216601818050
z1695=66488558549983277/65010896316622825
z1696=3850228391/3756977275
z1697=660430046432926877907209/644142976041001120175850
z1698=10319551177/9747784125
z1699=37437502/38260675
z1700=37437502/37010675
z1701=1199017871/1160684675
z1702=23167095289/21795462605
z1703=29621483364387278/30860652592360075
z1704=3050581/6912000
z1705=1107541/768000
z1706=25352009/96000000
z1707=18365949/30505810
z1708=128561643/144420670
z1709=25517116775626/26389612667025
z1710=24833186/25288525
z1711=57371613/54772375
z1712=7028991827/6617585275
z1713=29175329/30272600
z1714=4848870533/4536235025
z1715=1879404943/1747779950
z1716=789344296/733104825
z1717=4060501/13824000
z1718=15058513/13312000
z1719=12551977/32000000
z1720=181316537868234/186672137990225
z1721=892570331/873402175
z1722=8375100123/8005600025
z1723=162355216517/152959028725
z1724=543860359/562570600
z1725=112104615779/104925428575
z1726=8697931541/8090862850
z1727=18364357336/17061514175
z1728=5302969/11520000
z1729=191178179/133120000
z1730=8669337/32000000
z1731=32577921/53029690
z1732=228045447/256007830
z1733=2278665771484900798/2357376077111703075
z1734=4283733454/4363454475
z1735=18349266247/17433583175
z1736=15196919426/14169140875
z1737=8892225784/8264256275
z1738=776241/2560000
z1739=83820591/66560000
z1740=150845657/99840000
z1741=478472045399422074/493016404254041225
z1742=3406812682/3459141425
z1743=190042635397/191215919800
z1744=3861097617/3672773425
z1745=3211270478/2994719725
z1746=229393944/213273479
z1747=271843223/199680000
z1748=1856588981/1770172925
z1749=128444863729/120272522225
z1750=37437502/38510675
z1751=2083095967/2090597800
z1752=503684519/476035475
z1753=50468126527/47173259375
z1754=2064569/1280000
z1755=384768307/396913800
z1756=238372559/239490600
z1757=39286064636/36473898025
z1758=16921940854/15699175325
z1759=305222281/314085400
z1760=32074839563/29991968475
z1761=8334157156/7738131775
z1762=10857735278/10075249025
z1763=18595382425846226/18444606622507525
z1764=9377357119/9184027475
z1765=26316298820517888/25685911101584075
z1766=80439674/79681225
z1767=17486001221/16606521025
z1768=187699/384000
z1769=239257/128000
z1770=1184331/1876990
z1771=8290317/9298930
z1772=16680606/16944275
z1773=38921414/38669975
z1774=5560202/5481425
z1775=1435265699/1400725975
z1776=12738089767/12045998075
z1777=731417/2304000
z1778=39408687253/37346185025
z1779=9661263/6656000
z1780=5834029554809742/6030340054637675
z1781=216847878/220731575
z1782=10147056257/9682563925
z1783=4156160008/3897787325
z1784=2750811033652318/2825025990501075
z1785=149387966/151282275
z1786=8324927711/8367807400
z1787=27835431/26636035
z1788=2577471416/2420857675
z1789=1469442273/1373465150
z1790=1857611/4608000
z1791=10658979/18576110
z1792=74612853/83952770
z1793=134613753/137154200
z1794=8644996509398/8633342608575
z1795=8200306153/7810688825
z1796=6852257438/6391668325
z1797=593737144/552232475
z1798=4480027/11520000
z1799=22102627/13312000
z1800=15698382339709299/16123019581678700
z1801=71969549924506598/72253811004697575
z1802=1834736241/1761549275
z1803=35833363631/33842493775
z1804=752528359170919/777905420384700
z1805=28166627207/28281277800
z1806=4964989237/4654639625
z1807=9660368731/8994275150
z1808=25171443/25600270
z1809=383599411/366846875
z1810=57402143071/53793541775
z1811=57070467600163/58178405593900
z1812=308818757/309359800
z1813=14316093623/13556013075
z1814=22878196081/21401323025
z1815=16564909/34560000
z1816=6849709/3840000
z1817=26664013/96000000
z1818=103637781/165649090
z1819=725464467/813943630
z1820=1642271647794271/1692103350214300
z1821=8798473289/8821592600
z1822=17860674884/16584643975
z1823=1565126498/1452657175
z1824=6082703/15360000
z1825=633230719/399360000
z1826=13863981/32000000
z1827=34545927/35227030
z1828=86801049959/81234678775
z1829=67877984668/63033965825
z1830=30031854086/27880539925
z1831=400669/960000
z1832=2343621/4006690
z1833=16405347/18446830
z1834=36798266518118/36622048778575
z1835=963463891/920611475
z1836=4070703442/3799177475
z1837=2577471416/2399417675
z1838=11465494313/11009652525
z1839=7611638749/7160806625
z1840=11491382/11677675
z1841=637296347/637449800
z1842=5684710967/5402783675
z1843=15127205119/14200728075
z1844=17220911/34560000
z1845=692926901/399360000
z1846=5464003/19200000
z1847=109541799/172209110
z1848=766792593/859863770
z1849=10658979/10896110
z1850=887412953521/890225661400
z1851=168615967/157106150
z1852=7505711/3840000
z1853=9730652131/9739995400
z1854=13681552599/12810677575
z1855=428755132/398195705
z1856=4793529702/4451322725
z1857=18904111/46080000
z1858=100876643/66560000
z1859=14519983/32000000
z1860=2206604979/2244822200
z1861=86494953701/81260156425
z1862=33793292143/31499886950
z1863=14884922728/13863504425
z1864=3703239/3818710
z1865=2587532142/2567371675
z1866=36986640359304521699659087872/36435411650966229740352068225
z1867=14550493750474858709/14062683573125369350
z1868=41238419456/39577802125
z1869=14465166274/13862733725
z1870=2587532142/2619371675
z1871=217455142109184/214971290980385
z1872=21979211630711483/21272344712412200
z1873=2787375253/2685508100
z1874=5580303677/5371016200
z1875=52965490136/50414630725
z1876=2133605257/2396160000
z1877=74837619/76374200
z1878=1061273101/1058888975
z1879=301549/512000
z1880=493778117/532480000
z1881=32647977/64000000
z1882=2040661/3015490
z1883=14284627/15988430
z1884=397699619/399134225
z1885=91484389/95846400
z1886=10043757/10262600
z1887=20100971580447024102731/20003047454887632094175
z1888=1423357675917218465329/1404220955828781041325
z1889=40735629/39605810
z1890=68297620378/65521740275
z1891=778708242728087/754001548746500
z1892=841759282/799957775
z1893=365002939063459194670659693809063132849318277380491/314677788436655995405741
  115352640631766653687396975
z1894=347850553688064/346532314704335
z1895=240210697/232274165
z1896=136109786367507456924341387612548889681443445293551877/117586499322360762176
  156368631507663518485728701337825
z1897=1460062578/1469586325
z1898=299828758537237803/295271048751629900
z1899=688179709375740959/669038935257712050
z1900=100750204477/96130647125
z1901=377303609/399360000
z1902=36343015978091108861743/36222984750719084276275
z1903=37437502/37260675
z1904=17104407749/16297636015
z1905=1779917791347819613936438038963135565858764788816174401/15345162522996327562
  90032792209599625740314473117391725
z1906=862510714/890457225
z1907=111453329745319963799787/110382240680244685918975
z1908=64692560816/61251459325
z1909=2587532142/2723371675
z1910=862510714/864457225
z1911=5833888099/5615327075
z1912=76419631496/72088287925
z1913=13745524481/13041989225
z1914=1460062578/1521586325
z1915=486687526/485528775
z1916=62335697801/60241703125
z1917=146669236181/138625158925
z1918=102767671/79872000
z1919=2259819926/2319591775
z1920=2259819926/2236391775
z1921=25090577798/23702032875
z1922=1115634157/1064960000
z1923=173832302/174619675
z1924=2791270193/2684296075
z1925=46851129598/44202117675
z1926=445117116784625557930806292433299384593611227909489/383863394150387549940350
  252097671883270354506818525
z1927=496377/513130
z1928=6037574998/6172080575
z1929=42263024986/42580564025
z1930=219090851681/207184677175
z1931=1034148433/958464000
z1932=13492276432133/13817836598900
z1933=5592574500746981/5609057821130425
z1934=578343184/558323675
z1935=543450883164882559/528260286412690850
z1936=9575638499/9293359975
z1937=203581261091/192271609300
z1938=18462976248592202362527279007581251974192930964354205889/1594987717001468982
  7006275006535562046718043934788108525
z1939=7939608282745292426273002694252357096928767383707954326381/68471221935932755
  34505691977803756118042040848024098557225
z1940=2259819926/2361191775
z1941=2259819926/2257191775
z1942=3310538647/3186701810
z1943=90907827634/85555203425
z1944=37992296668507/39238810921100
z1945=1386823121/1396957400
z1946=163967840881/155430827025
z1947=24833186/24688525
z1948=46851129598/45034117675
z1949=160098506594/150043734025
z1950=931574901115110457491685884178716895059368931083477/803662014475144877148005
  072567859392292559423347825
z1951=26811409/46080000
z1952=20496992093/19169280000
z1953=10747409/7680000
z1954=50376017/192000000
z1955=180707481/268114090
z1956=1264952367/1415998630
z1957=52688245739369/54702524317700
z1958=239803834/241685225
z1959=938058959942/895884143875
z1960=1043602596062/976567601275
z1961=30177809/69120000
z1962=693258967/638976000
z1963=24775953/64000000
z1964=1862315710410053/1932092618966900
z1965=198287303/199908200
z1966=24833186/24988525
z1967=1794652691/1755004375
z1968=615336574697/588085734625
z1969=342664014823/320777452625
z1970=6037574998/6276080575
z1971=6037574998/6016080575
z1972=123863671789/119473048025
z1973=265504508893/250105590275
z1974=60032144/60280135
z1975=2410246943/2287715272
z1976=3786926387/3648054775
z1977=465179593697/436322359975
z1978=16618133857931991649721369269800383020851059075025722682433/1433689928523568
  8150184628680862399155906085409504933346925
z1979=27467411/46080000
z1980=21098545927/19169280000
z1981=3801137/2560000
z1982=17010673/64000000
z1983=47/64
z1984=186611499/274674110
z1985=1306280493/1461918770
z1986=683152411/688227400
z1987=85619962/86028425
z1988=174628104248/166862075035
z1989=977571249967/914034429650
z1990=85619962/86528425
z1991=4778106877/4809591800
z1992=1850711771207/1763320804825
z1993=341328302393/318985114250
z1994=1141993/2560000
z1995=5349830711/4792320000
z1996=5086391/12800000
z1997=20734611/21459790
z1998=529010359/532570600
z1999=66346978/66571325
z2000=591876211/579534775
z2001=858271907909/820714733725
z2002=1924292365879/1799918173475
z2003=1239193757532638/1245869166806575
z2004=3640836181697/3471299640925
z2005=403325010959/377066719675
z2006=3806747/6912000
z2007=1659790943/1437696000
z2008=25171443/38067470
z2009=176200101/197352290
z2010=960043617/982090600
z2011=191099293/184861550
z2012=7661397436861277/7519025964774100
z2013=286249930213/270519064100
z2014=175534164349800556709627365857350421020017714092801265699/151361217228004560
  120713246428750362948291132838621780775
z2015=7285493/13824000
z2016=40864297/69120000
z2017=15090419677/14376960000
z2018=276885873/408642970
z2019=1938201111/2169300790
z2020=86962638422016/88631493701315
z2021=173925276844032/177262987453255
z2022=23847688774/23901989975
z2023=314915458/306643325
z2024=61733469707/60071955175
z2025=611694594004/578725372025
z2026=176060227158841003788027365857350421020017714092801265699/151867046852081913
  080713246428750362948291132838621780775
z2027=34223631749/28753920000
z2028=1118276585738/1056380934175
z2029=175354828425798651660027365857350421020017714092801265699/151188778839541189
  880713246428750362948291132838621780775
z2030=78120583/138240000
z2031=440434607/276480000
z2032=1455765169/6912000000
z2033=1121191435162799888198751/1145806212251288613392140
z2034=9995534613/10146865175
z2035=69968742291/70164056225
z2036=65240400277/61641261585
z2037=1655443/3072000
z2038=757328479/638976000
z2039=10859307/16554430
z2040=76015149/85161010
z2041=141221982/144842675
z2042=47073994/46614225
z2043=773990089/748890965
z2044=465843627002/438314753275
z2045=8759468119/7188480000
z2046=239122982633472/239046669340705
z2047=291182091/285667375
z2048=280535147/272332303
z2049=674810215469/635582163175
z2050=53283059/92160000
z2051=20768798879/19169280000
z2052=358357131/532830590
z2053=2508499917/2808214130
z2054=5022523277159495611701/5135049056244178331425
z2055=6266103865074043/6285720939861900
z2056=571403549/551975625
z2057=304512049738/285973375375
z2058=102946349/184320000
z2059=43488653249/38338560000
z2060=684136341/1029463490
z2061=4788954387/5363044430
z2062=152724721358906024597/156681868294994828225
z2063=9854181782930639/9892559312068700
z2064=47073994/47114225
z2065=350677067962/335902521815
z2066=1960020982478/1837041912175
z2067=16775057/30720000
z2068=96721849/61440000
z2069=319407863/1536000000
z2070=8339986227707080634871/8587418870195954011450
z2071=3500308779/3523273960
z2072=2195360211/2202046225
z2073=902798159744/864144498175
z2074=1006115981078/942909149725
z2075=3202289297/2875392000
z2076=51757127/30720000
z2077=158931737/768000000
z2078=3321152536576/3394107999865
z2079=1661454991/1657899445
z2080=237350713/234785635
z2081=3114902197/3017306425
z2082=265238972557/249253913075
z2083=6642305073152/6788216001605
z2084=237350713/237185635
z2085=2618321420923/2511532047875
z2086=1462468081373/1372473896875
z2087=14225707/23040000
z2088=4704435847/4792320000
z2089=83363707/55296000
z2090=97733763/142257070
z2091=684136341/765399490
z2092=3700165139765362413762723/3813989741291717749255250
z2093=524166193503/528249949000
z2094=9381516741/9340463375
z2095=37975417857/36612930325
z2096=155274255968/146127342165
z2097=402887687/399360000
z2098=285204379/184320000
z2099=195785761/921600000
z2100=873279934340555186957733/900906943716777829363150
z2101=359617736019/362422130600
z2102=6436385049/6410109475
z2103=687045639/663105235
z2104=50358067721/47397110055
z2105=182850097/266240000
z2106=13241104615404302/14013185128837675
z2107=322831418/334862825
z2108=5388271226/5120709525
z2109=52403464594/49074661925
z2110=27891884358/25990957175
z2111=169058701/239616000
z2112=541074206789187/569650587037100
z2113=28492027577/27107349775
z2114=25677258698/24065829525
z2115=123445433306/115118401675
z2116=1735523147/2396160000
z2117=109732233409696593/115308127969316900
z2118=1835885766/1887514775
z2119=173876226446/166557224425
z2120=61785328124/58436284125
z2121=36905987883765531/39116958805772300
z2122=38219172667/35936933270
z2123=196835742298/184060480325
z2124=242754774002/226554992125
z2125=148371607/199680000
z2126=19962121886174229/20941746249195700
z2127=102298613183/97868982475
z2128=109869347549/103632334225
z2129=486687526/511528775
z2130=238665531013/226665047825
z2131=125010816281/117655037725
z2132=13636691783/12630006535
z2133=6710509025124743/7097858341731900
z2134=16099522933/15067089200
z2135=19884890116/18572765075
z2136=3505541831934937/3670225991644100
z2137=32908624918/31342585275
z2138=106543921874/100004308225
z2139=2259819926/2381991775
z2140=38772160258/36656999575
z2141=40726672038/38151137675
z2142=1812959729/1916928000
z2143=997828619/798720000
z2144=4888307496026579/5171125889230700
z2145=145696698134/136460132935
z2146=150387526406/140046064375
z2147=187914152582/174723915895
z2148=510834169/532480000
z2149=24667221879268289/26061139919497700
z2150=48018351043/44992522805
z2151=371802875314/346355449475
z2152=22148800726/20601127475
z2153=1252997222860103/1309524298179900
z2154=288711337499/275310046825
z2155=20794544407/19535100225
z2156=6037574998/6328080575
z2157=161760790204/152814365825
z2158=27274136149/25513285925
z2159=1255578383260103/1314860850179900
z2160=1398517050359/1317214981075
z2161=242755686979/226917687075
z2162=9325231439/9584640000
z2163=352508267/266240000
z2164=233312618268941/246205834065300
z2165=111669646634/105085769875
z2166=268298118348/251105615225
z2167=851308012256/788749758775
z2168=1653837611082587/1766133254457100
z2169=816497769347/762175073950
z2170=33124047346/30841332089
z2171=920928498074/856875128425
z2172=2363861959/2396160000
z2173=7543142285188907/7951257570433100
z2174=1476967147877/1387929962425
z2175=304626698467/284629934975
z2176=53125455927922349/56328348441031700
z2177=632336569163/592860126175
z2178=1615466181251/1508565099775
z2179=842357848969/780697334225
z2180=18420941/30720000
z2181=6362562737/6389760000
z2182=2144897693/1597440000
z2183=102392039/384000000
z2184=125391669/184209410
z2185=877741683/982265870
z2186=421166108519534159/449577813464644700
z2187=536956525079/501381762100
z2188=181550305274/169083904725
z2189=10274678674/9562632725
z2190=61995623/138240000
z2191=600559519/599040000
z2192=51191911/128000000
z2193=969961462268865313/1034673902277292900
z2194=3204209793031/2992505524475
z2195=135427186713/126150776525
z2196=22616212411/21052672085
z2197=370299015775583/385972638223900
z2198=239803834/244685225
z2199=1043602596062/991543601275
z2200=1137419161502/1063262230075
z2201=49/64
z2202=1869544009650053/1947018866166900
z2203=31523692603/29939230875
z2204=2172636513853/2028756000125
z2205=1873158159270053/1954481989766900
z2206=3547598/3634075
z2207=18586487257/17612011565
z2208=151063896919/141001615175
z2209=2409407199966106/2523270690332025
z2210=239803834/247685225
z2211=1149146232182/1087203058675
z2212=1231235726942/1149956858875
z2213=51/64
z2214=1876772308890053/1961945113366900
z2215=24833186/25588525
z2216=1648623873/1558957250
z2217=2359280393717/2201292455125
z2218=24833186/25738525
z2219=511323151391/482602402875
z2220=2452602333649/2287560682625
z2221=2848597/5529600
z2222=18365949/28485970
z2223=128561643/144105790
z2224=24833186/25888525
z2225=8708015537/8217110925
z2226=4598321741/4295322725
z2227=30526631/55296000
z2228=10262775107/8847360000
z2229=202025439/305266310
z2230=1414178073/1583904170
z2231=558219383858/525870923125
z2232=590694348818/550696602325
z2233=3703239/3877910
z2234=46687063946/43847803225
z2235=633994302098/590709507925
z2236=1994971/1440000
z2237=119209091/576000000
z2238=142139769/148797680
z2239=1254958347214/1182862516075
z2240=1325320771294/1236651487675
z2241=40735629/42893810
z2242=1360501983334/1278521973475
z2243=1419137336734/1323346116475
z2244=301658299/552960000
z2245=310822759/221184000
z2246=1149458489/5529600000
z2247=1386386649/1450433795
z2248=785198469107/741667824225
z2249=2067983355191/1934373316500
z2250=28157969/55296000
z2251=180707481/281579690
z2252=1264952367/1418097830
z2253=373261606975583/392082574223900
z2254=3570898292/3314875675
z2255=1516051394/1405981575
z2256=269142944018579/282410194366700
z2257=5698528433/5348093675
z2258=741345067541/691682859925
z2259=1905685505850053/2021650102166900
z2260=100401374671/93412585115
z2261=191168888131/177376479200
z2262=71499791038/66314512025
z2263=271403502719/230031360000
z2264=141037277/106496000
z2265=1987782291/3016582990
z2266=13914476037/15586480930
z2267=16083547059866/15029007571225
z2268=16646446452506/15459319344025
z2269=21149641593626/19620661526425
z2270=2118680023/1769472000
z2271=14530129/10649600
z2272=180707481/189419690
z2273=610121433998/570331044625
z2274=126331453258/117356619425
z2275=803943924626/746047517125
z2276=23000424007/18402508800
z2277=6941439402482/6510728782165
z2278=7166599159538/6682853491285
z2279=7279179038066/6768915845845
z2280=7391758916594/6854978200405
z2281=8292397944818/7687246636885
z2282=22446404707/17694720000
z2283=250420129694/234470426965
z2284=1295172313054/1205256239825
z2285=1349011893784/1260210371075
z2286=1381315642222/1284888449825
z2287=202308203/368640000
z2288=392345886239/306708480000
z2289=7274273/5120000
z2290=6738669/25600000
z2291=1336012227/2023082030
z2292=9352085589/10475174210
z2293=23857657810922/22189528014025
z2294=969237822826/898987876961
z2295=27217247648474/25235280204025
z2296=6293771/12288000
z2297=22800645787/17694720000
z2298=49879907/128000000
z2299=13495073/14152570
z2300=1367140095004/1271752009775
z2301=1388618855122/1288154862125
z2302=1560448936066/1447025680925
z2303=1239246391/2211840000
z2304=1044293092811/920125440000
z2305=62855069/46080000
z2306=100424033/384000000
z2307=8244647919/12392463910
z2308=57712535433/64628847370
z2309=14435242361722/13550098102025
z2310=14885561875834/13894347520265
z2311=3022144326578/2813294445877
z2312=15335881389946/14238596938505
z2313=17137159446394/15903133811465
z2314=599708587/1105920000
z2315=623395207/1105920000
z2316=525963658043/460062720000
z2317=3039019379/2211840000
z2318=9844781/25600000
z2319=11469328813/55296000000
z2320=4156272063/6233952070
z2321=29093904441/32578464490
z2322=3943092483/4153885870
z2323=32500975541034/30379320923125
z2324=33623806573266/31237386060925
z2325=42606454831122/39539603163325
z2326=63093923/110592000
z2327=52500163111/46006272000
z2328=422416827/630939230
z2329=2956917789/3310654610
z2330=1987782291/2094982990
z2331=17887544486994/16794480941125
z2332=18447476126586/17222234306125
z2333=18727441946382/17436110988625
z2334=19007407766178/17649987671125
z2335=21247134324546/19720425131125
z2336=62926781/46080000
z2337=241298479/1152000000
z2338=85174497/89902330
z2339=703843203934/657902945475
z2340=727297345294/675832602675
z2341=914930476174/849221860275
z2342=47390877/72854930
z2343=331736139/371744510
z2344=9160128757/8722741725
z2345=54106061009/50646096625
z2346=13641189532133/14125714598900
z2347=13312837369/12571735725
z2348=105647987419/98717132075
z2349=9604657/18432000
z2350=62203833/96046570
z2351=435426831/488005990
z2352=17823717523457/18683766288100
z2353=2791700041/2620746675
z2354=363357619469/339072309325
z2355=246106217747/229000948975
z2356=93740258443/86982634400
z2357=35114557582/32570954225
z2358=5816688709/5449722105
z2359=451640434661/420469062025
z2360=313917607679/293423961475
z2361=53601999737/49882318925
z2362=84250194977/78590454425
z2363=102639112121/95482535725
z2364=344695170651/320231769775
z2365=130222487837/120820657675
z2366=4597229286/4264620325
z2367=68720488331/57507840000
z2368=521299647/781205830
z2369=3649097529/4086040810
z2370=460855023344679212143/474834835270583388275
z2371=575359389/579296200
z2372=2896098364328/2753598079675
z2373=126983212304/118647822331
z2374=13668641940341/14180890709300
z2375=66346978/68071325
z2376=3209390550509/3037698243100
z2377=3453062250872/3223721036875
z2378=34319369/61440000
z2379=10350122343/8519680000
z2380=228080721/343193690
z2381=1596565047/1787955830
z2382=85619962/89028425
z2383=517476883274/487885551025
z2384=1645257964246/1534522479275
z2385=70869550883/57507840000
z2386=66346978/68821325
z2387=13652357103/13757445400
z2388=3440097332906/3245046172525
z2389=3647845882967/3403534878550
z2390=6910498813170836583/7134852963565613740
z2391=563890540486/529974464125
z2392=5307083150434/4946934742625
z2393=782432562270311845049/808203427602056812325
z2394=1500688063199/1411082892625
z2395=784968789943/731956230650
z2396=149565303/106496000
z2397=496377/520810
z2398=1923739907518/1807023957875
z2399=5956874351402/5562803526025
z2400=2016567221942/1877889784075
z2401=245701159210/228181407137
z2402=2295049165214/2130423262675
z2403=16490076013/12779520000
z2404=38457329/26624000
z2405=110578713/167750570
z2406=774050991/867053990
z2407=62203833/65326570
z2408=167505060554/156602524675
z2409=868302865742/806492431675
z2410=18890226602/17529947425
z2411=199004677/368640000
z2412=438182459857/306708480000
z2413=3816822307/18432000000
z2414=162453318668469316496169/168531044693851055360660
z2415=3856566118574/3606951584575
z2416=3995065151948/3712610721925
z2417=1020611483788/947519164145
z2418=65800271621/51118080000
z2419=142625488382/133595672971
z2420=11068220886346/10303138777625
z2421=3751291838398/3501591476675
z2422=3844119152822/3572457302875
z2423=3890532810034/3627858215975
z2424=11903666716162/11060739213425
z2425=614140631/1105920000
z2426=1194229503131/920125440000
z2427=22478821/15360000
z2428=101736037/384000000
z2429=4072980879/6141406310
z2430=28510866153/31930644170
z2431=73951379766914/68963642717725
z2432=75065307540002/69814032632125
z2433=75622271426546/70239227589325
z2434=15235847062618/14132884509305
z2435=80634946405442/74784830204125
z2436=57299941/110592000
z2437=66823634741/51118080000
z2438=50535909/128000000
z2439=370270989/388679410
z2440=712153859/697081735
z2441=1329524962688/1238654012975
z2442=12150884667532/11289191367875
z2443=458604987841/426878775250
z2444=4173734891404/3877235290025
z2445=419761923697/306708480000
z2446=1306280493/1990046770
z2447=9143963451/10243927390
z2448=24553086351898/22792908858875
z2449=24738246355238/22934214109975
z2450=26219526381958/24304272118775
z2451=131904449/245760000
z2452=726870649/491520000
z2453=507838171/2457600000
z2454=863965641/909444490
z2455=4174041447524/3877235290025
z2456=1802100620606/1671765499375
z2457=4451781452534/4129129166675
z2458=34970839613/25559040000
z2459=1468283048445494525121/1517785029607692436340
z2460=1715625417194/1606665481975
z2461=1777180543138/1653625098575
z2462=1854124450568/1732292619325
z2463=1900290795026/1767512331775
z2464=400305361/737280000
z2465=845552177773/613416960000
z2466=23134823/15360000
z2467=2633225049/4003053610
z2468=18432575343/20648575270
z2469=45444426377038/42263995286075
z2470=46183087888366/42827510685275
z2471=10418475995798/9658819575775
z2472=57955943/110592000
z2473=35482521173/25559040000
z2474=323669274803399514951/334778799734270877740
z2475=3541745237/3469008625
z2476=1971900380762/1838731698175
z2477=546162410768/507856483525
z2478=2017943068843/1873844810300
z2479=1219974378922/1131329508605
z2480=2156071133086/1999152146675
z2481=307216679/552960000
z2482=123027347983/92012544000
z2483=222751609/147456000
z2484=2037807711/3072166790
z2485=14264653977/15975567530
z2486=32923817095442/30905771651725
z2487=34031809362434/31751044750525
z2488=2443629389/4423680000
z2489=4959499228409/3680501760000
z2490=1098013997/737280000
z2491=16175525301/24436293890
z2492=113228677107/126817257230
z2493=275687905931126/256429317672175
z2494=280119874999094/259810410067375
z2495=315575627542838/292609933228975
z2496=124869401599/92012544000
z2497=2211444041/1474560000
z2498=7649716663/36864000000
z2499=3978916361712718325991/4130084965358867565740
z2500=1368890229902/1273285354345
z2501=34774768004522/32253491204125
z2502=39194866060298/36343197968125
z2503=404920891/737280000
z2504=150199591699/115015680000
z2505=2179135331/1474560000
z2506=7682025373/36864000000
z2507=31011212433985138630053/32224732689058945268420
z2508=7496933198092/7002390920825
z2509=1554786252968/1442741839105
z2510=9989915798824/9263679393125
z2511=161506819/276480000
z2512=130769394311/115015680000
z2513=811661003/552960000
z2514=2886274261/13824000000
z2515=1089990171/1615068190
z2516=7629931197/8540677330
z2517=73771614981130994726049/76544919882019465162550
z2518=18216911817/18563525075
z2519=6390244922178/6082737936025
z2520=6947208808722/6507932893225
z2521=18216911817/18995525075
z2522=7643413666902/7219138589725
z2523=1612227316362/1507606961525
z2524=212827751/368640000
z2525=35509056959/30670848000
z2526=788044931/552960000
z2527=1430688159/2128277510
z2528=10014817113/11211542570
z2529=420969887167743496737/437656519076476596980
z2530=31996031121574/29913182301975
z2531=33109958894662/30763572216375
z2532=42021381079366/39004387531575
z2533=27013503883/23003136000
z2534=59187627/40960000
z2535=644200511/3072000000
z2536=3312356419315306501589/3447410327878126563460
z2537=7894140776678/7380692727925
z2538=8171138843426/7592011002625
z2539=2077424675482/1928396240045
z2540=1551898871/1105920000
z2541=5843971657/27648000000
z2542=922960964359690590789/962422735178929025860
z2543=34505398989/35341471775
z2544=185164497479/176675798265
z2545=995442973213/936528360975
z2546=11416671/12070790
z2547=515126608061/481551522900
z2548=1065063459031/989677730625
z2549=1343545402303/1247203209225
z2550=193547068754/185261010925
z2551=626560237966/590789544575
z2552=12199884418279177/12827378480644100
z2553=216506584606/202764266825
z2554=134495853934/125159211275
z2555=285385132162/265258034525
z2556=32577921/33829690
z2557=742946824763/709916328925
z2558=811083434057/761786494675
z2559=3406812682/3537141425
z2560=1792508391349/1698176403725
z2561=189471330529/177598165235
z2562=490712478646/456962954525
z2563=626985697234/583167286025
z2564=8623589939/6389760000
z2565=913605246203629/935229655975700
z2566=47073994/47614225
z2567=62773434386/59854776265
z2568=1033439579198/967834667575
z2569=4279454/4419475
z2570=359786203634/339272393125
z2571=382745719486/356775649025
z2572=394225477412/370519276975
z2573=1240075221866/1155315970675
z2574=81178671/53248000
z2575=451624267042/424261416725
z2576=280158366566/261558152395
z2577=158194594298/147254890875
z2578=1446710864534/1342797273775
z2579=7246164406/6723445871
z2580=29469973/55296000
z2581=12059413/7680000
z2582=51688021/192000000
z2583=192515517/294699730
z2584=1347608619/1509938110
z2585=27241492031/25569199450
z2586=169188831149/157791010675
z2587=114705847087/106652611775
z2588=87464355056/81083412325
z2589=32981370994/30569013425
z2590=31489813/69120000
z2591=18809166587/12779520000
z2592=26087957/64000000
z2593=192515517/199698130
z2594=6387653/6262561
z2595=810040403588/758726236375
z2596=2521464648664/2345765331425
z2597=878547982013/820900203100
z2598=300461280496/279432286225
z2599=59267947/110592000
z2600=681595730747/460062720000
z2601=24446827/15360000
z2602=103704043/384000000
z2603=387983043/592679470
z2604=2715881301/3042836290
z2605=32333709219578/30067043571925
z2606=32881769846978/30484563305725
z2607=37266254866178/34543569176125
z2608=63307627/138240000
z2609=19065007367/12779520000
z2610=10500783/25600000
z2611=387983043/402676270
z2612=35645837851/33152377190
z2613=2718985901398/2521115000075
z2614=1027790133994/952837562225
z2615=3991627411/2875392000
z2616=679527603521/648936308500
z2617=149532842563/140161294850
z2618=9515583705615399/9561866773628200
z2619=781732517462/737973557125
z2620=333133989773/310750472575
z2621=660693141/676593800
z2622=3433544811671/3230237974375
z2623=1801943167453/1679956694375
z2624=1205039/2211840
z2625=6469719311/4600627200
z2626=33324271/21299200
z2627=52344023/192000000
z2628=39683907/60251950
z2629=277787349/311171650
z2630=7835113718042/7366293276625
z2631=8107660155218/7573773939625
z2632=8243933373806/7677514271125
z2633=1197172370342/1111607800375
z2634=9470392341098/8790889254625
z2635=6429163/13824000
z2636=20495402693/14376960000
z2637=21360671/13312000
z2638=26743959/64000000
z2639=39683907/41251630
z2640=5800355153571249/5833421577618200
z2641=1737580517/1705804225
z2642=192876617401/181426518590
z2643=1996531814173/1865815550675
z2644=4060829268509/3783181466125
z2645=1032148727168/958682957725
z2646=1167680007494/1084247687275
z2647=18614209/36864000
z2648=2543083/1536000
z2649=119051721/186142090
z2650=833362047/934354630
z2651=30850915719/28815118625
z2652=3211270478/2977567725
z2653=21103508634/19562073125
z2654=11756881/23040000
z2655=75514329/117568810
z2656=528600303/592581670
z2657=805230207/825032600
z2658=180172031273/168306897775
z2659=56310464054/52210414825
z2660=123968835718/114920631275
z2661=46043521/92160000
z2662=343309533031/230031360000
z2663=2952167691726131191839/3037760012617420968460
z2664=64145856159/64431746200
z2665=573487014802/537393735089
z2666=14882268244402/13849804703225
z2667=317625190558/296902415525
z2668=15972453993106/14859439355225
z2669=59923949/110592000
z2670=691084799677/460062720000
z2671=25102829/15360000
z2672=20872009/76800000
z2673=393887061/599239490
z2674=2757209427/3088756430
z2675=33464077535278/31211543348075
z2676=6801834081926/6325300934815
z2677=34281716846806/31833985337075
z2678=34554263283982/32041466000075
z2679=7346926956278/6812147060815
z2680=185158087/368640000
z2681=347914667071/230031360000
z2682=53159917/128000000
z2683=131943073103212908487059/135850011984582000495260
z2684=258629166873/259891791400
z2685=3484673063/3419808475
z2686=16603585376014/15488900817725
z2687=16875389874928/15695741878775
z2688=3402258424877/3159832481860
z2689=17147194373842/15902582939825
z2690=18234412369498/16909659184025
z2691=43506758437/28753920000
z2692=2680135173710712205137/2761127021947939916980
z2693=26067490911/26205659800
z2694=3523405868879/3303153624925
z2695=731787429841/681250870895
z2696=306268099969/286404661313
z2697=3929999709857/3657383813575
z2698=20193317/36864000
z2699=233524622869/153354240000
z2700=3473479231/2129920000
z2701=35005349/128000000
z2702=133263693/201933170
z2703=932845851/1044892190
z2704=10441296201622/9715809056075
z2705=2124400915078/1970655339095
z2706=12067671565534/11192633810675
z2707=187126093/368640000
z2708=688787503/449280000
z2709=659538881/399360000
z2710=136086435182917877750289/140280457893611508673460
z2711=262720651347/264221404600
z2712=7767858362797/7229380766825
z2713=987877334249/916520211925
z2714=280759411361/260441285125
z2715=19222839293/12268339200
z2716=8586277/5120000
z2717=4323055498918/4031599306775
z2718=21976694242126/20432931812675
z2719=22157402615894/20570399452075
z2720=7446036996554/6902622363825
z2721=23783777979806/22047224206675
z2722=5669945597/3594240000
z2723=231043267/226893895
z2724=4020257089823/3749931547075
z2725=8175674490841/7602644022725
z2726=16486509292877/15308068974025
z2727=2077708700509/1926356237825
z2728=276608626463/256450145800
z2729=462714016637770534840791/478835666068975445839675
z2730=1074252760178/1025370917425
z2731=1166090823586/1095383941025
z2732=389430314/406132225
z2733=1280888402846/1212852220525
z2734=1349766950402/1265361988225
z2735=203596691/368640000
z2736=88214854271/76677120000
z2737=1117220983/798720000
z2738=1347608619/2035966910
z2739=9433260333/10565368370
z2740=47390877/49814930
z2741=5265436673978/4932956484025
z2742=1816370933598/1690994177075
z2743=6918521815322/6432806908825
z2744=44716688993/38338560000
z2745=14096117919375677786031/14604930078747614904140
z2746=2597587133882/2434617044875
z2747=128044312942/119247793675
z2748=3419678074982/3180704645575
z2749=17922784381/12779520000
z2750=36859571/38850190
z2751=1350508718858/1265361988225
z2752=465475916854/433456166675
z2753=1763780004194/1640324594425
z2754=47155292311/38338560000
z2755=5057308332528302011701/5205954251225480331425
z2756=1864688366866/1775327935625
z2757=2048364493682/1915353982825
z2758=19779366389/15335424000
z2759=275086628255758/284533429182075
z2760=47073994/48114225
z2761=804681117734/762192458875
z2762=4344838810598/4056007876975
z2763=9525965792730959/9883258291879525
z2764=2195360211/2250046225
z2765=2225741223/2238592520
z2766=2072807546446/1962809238725
z2767=148901610494/139022135335
z2768=521299647/524924230
z2769=4436676874006/4185924900575
z2770=942438212846/879192794275
z2771=200702704759/153354240000
z2772=9838219694331805630859/10156648914203336196575
z2773=10409746347/10498484600
z2774=1924852251218/1809809798365
z2775=2016690314626/1879822821965
z2776=101762248681/76677120000
z2777=1716137241430860774503/1770787938733990799275
z2778=2117670687/2135777030
z2779=4737608472844/4456632388925
z2780=4965967067594/4630598944675
z2781=316090343/552960000
z2782=287503103803/230031360000
z2783=31365947/20480000
z2784=2117670687/3160903430
z2785=14823694809/16596724010
z2786=2127136003/2208446025
z2787=14384346606994/13597288714925
z2788=15210889177666/14227405927325
z2789=48588000679/38338560000
z2790=1144590139/737280000
z2791=769793281/3686400000
z2792=25910377209/26886753475
z2793=2362237156656/2233454319275
z2794=2499252313506/2337834252725
z2795=158093329/106496000
z2796=28206155250026158599/29191217558924879660
z2797=2200366441442/2067772069165
z2798=3789728153614/3539637480075
z2799=11552860587658/10758938487425
z2800=11736536714474/10898964534625
z2801=13205945729002/12258788912225
z2802=5422684257094/5098340056175
z2803=1868457044298/1745837766925
z2804=5696714570794/5307099923075
z2805=5788058008694/5376686545375
z2806=6518805511894/6053187523775
z2807=85135681147/61341696000
z2808=20270509751882/18991123503025
z2809=7001738086382/6517075897275
z2810=21923594893226/20490973927825
z2811=22474623273674/20911052069425
z2812=3239179/5898240
z2813=857608838531/613416960000
z2814=317211/204800
z2815=34349347/128000000
z2816=106982127/161958950
z2817=748874889/838800650
z2818=46990807365554/43825348028725
z2819=15908503957606/14795150739175
z2820=1923714565058/1786620172477
z2821=48460216380082/44945556406325
z2822=51399034409138/47665205161525
z2823=3907463/7372800
z2824=1200189533/2211840000
z2825=2649158145929/1840250880000
z2826=51847913/128000000
z2827=7893136197/12001895330
z2828=1347608619/1509630910
z2829=24663218037376343823/25539115724642547404
z2830=131859070112198/122643956671375
z2831=134057248127894/124319152422175
z2832=151642672253462/140596110428575
z2833=31825747/58982400
z2834=86363716891/61341696000
z2835=916721959/589824000
z2836=15264663997/73728000000
z2837=94391900858361084309/97918791964884951940
z2838=889352923498/827334151009
z2839=22600186090066/20962553067025
z2840=25531090110994/23675379401425
z2841=202272929/368640000
z2842=441563367101/306708480000
z2843=1335694761/2022729290
z2844=228045447/255431830
z2845=19697242091774/18455845447675
z2846=20427989594974/19012538426075
z2847=21341423973974/19948020649075
z2848=21889484601374/20365540382875
z2849=2413827107/4423680000
z2850=1067075884171/736100352000
z2851=15907304763/24138271070
z2852=2715881301/3042221890
z2853=42320899467/42715540600
z2854=54975035173474/51273374962925
z2855=55851932177314/51941406537005
z2856=56290380679234/52275422324045
z2857=56728829181154/52609438111085
z2858=60236417196514/55856642807405
z2859=447703545821/306708480000
z2860=1780272319/1105920000
z2861=5710062497/27648000000
z2862=28641904922134227837393/29692163498856375447220
z2863=609687639/615376310
z2864=3503697121/3436208525
z2865=68213710581146/63629817445425
z2866=69306864082898/64462298505225
z2867=69853440833774/64878539035125
z2868=2816000703386/2611791182601
z2869=74772631591658/69343551804225
z2870=215853368057/153354240000
z2871=56138201/35389440
z2872=22944064139/110592000000
z2873=2967159412376181170382627/3079708606151913092386780
z2874=6317342532722/5933075006985
z2875=6536566783682/6100082900505
z2876=6646178909162/6183586847265
z2877=6755791034642/6267090794025
z2878=7632688038482/7078891968105
z2879=1553875044128247346877/1613798066872488335780
z2880=16037431748338/15037235139725
z2881=16588460128786/15457313281325
z2882=17277245604346/16162122958325
z2883=17690516889682/16477181564525
z2884=8380969/14745600
z2885=193192519181/153354240000
z2886=92785837/61440000
z2887=56038257/83809690
z2888=392267799/439211830
z2889=11754059560334/10946693126875
z2890=159169809162/147822922321
z2891=13407144701678/12446543551675
z2892=291801228907/230031360000
z2893=448455227/294912000
z2894=7681860761/36864000000
z2895=109141597396984336191/113411865710949289100
z2896=17516724247828/16314083067275
z2897=3558299299958/3304696507225
z2898=869116283282/806874012475
z2899=173270752511889746035791/180146072915781575841740
z2900=2773282627206/2606498119625
z2901=2864626065106/2676084741925
z2902=2910297784056/2710878053075
z2903=2955969503006/2745671364225
z2904=3321343254606/3083921853425
z2905=26310589/46080000
z2906=11176794241/9584640000
z2907=3192909617/2129920000
z2908=176200101/263105890
z2909=1233400707/1380941230
z2910=59367592243213372751619/61407891204859045405855
z2911=43197829766/43900044255
z2912=14543214878423941841/14638640961254669220
z2913=508492753912/485839967225
z2914=553917160108/520420077725
z2915=6171118538/6414063465
z2916=119452377/120658730
z2917=610697667853/578621215850
z2918=25790638900/24182251949
z2919=29933258788268522219/31047752278092904060
z2920=667478175598/621846353975
z2921=849175800382/790118795975
z2922=25429656137/19169280000
z2923=79156436439570857/79441778259294515
z2924=34754845580/33117283093
z2925=959719951892/897092298325
z2926=237350713/241985635
z2927=79701815739690439/80016016600561940
z2928=971076053441/920713325950
z2929=1050568764284/981228519325
z2930=13879247/24576000
z2931=13756419331/10223616000
z2932=16815041/10240000
z2933=92595783/138792470
z2934=648170481/725787290
z2935=1152641461/1189128075
z2936=387261516418504327/388998751455165300
z2937=2836870892154/2678410191625
z2938=3018568516938/2816730633625
z2939=3160527663150272297461/3261406727476804224150
z2940=621883465866/585165370925
z2941=130433280666/121643755585
z2942=26146010321/19169280000
z2943=920148251/552960000
z2944=2872251301/13824000000
z2945=62989064506323045994203/64703293292460223372850
z2946=1172364588243/1177615551400
z2947=3341748342491/3163310584050
z2948=709009052596/663592335675
z2949=245417123/442368000
z2950=253202160199/184025088000
z2951=19832529707/12779520000
z2952=1627040187/2454171230
z2953=277787349/311110210
z2954=56878530959666/53211440831125
z2955=59058902457074/54871286135125
z2956=76501874436338/71025440567125
z2957=2686443331603/1840250880000
z2958=3176469195325837097461/3293990164284508224150
z2959=116283211441618/108979570333925
z2960=120643954436434/112299260941925
z2961=126094883179954/117886570201925
z2962=129365440426066/120376338157925
z2963=2440723189/4423680000
z2964=5409505678849/3680501760000
z2965=49789121/30720000
z2966=16149369501/24407231890
z2967=2757209427/3088142030
z2968=257778786445414/239837200924775
z2969=52427905888046/48631378306555
z2970=297025473398758/275465200396775
z2971=2723284403923/1840250880000
z2972=1804544393/1105920000
z2973=5733022567/27648000000
z2974=29551903698939682850487/30668615303845011705580
z2975=127910286293634/119010148392725
z2976=130084722284946/120664876881125
z2977=147480210215442/136778096788325
z2978=1185344569/737280000
z2979=3839700071/18432000000
z2980=170116633436652694560501/176758057988143930299140
z2981=10696254557534/10054499878875
z2982=11059649807102/10331140762875
z2983=11241347431886/10469461204875
z2984=2284609011334/2121556329375
z2985=12876626054942/11953961182875
z2986=155066707/276480000
z2987=32083928347/23003136000
z2988=1032029163/1550667070
z2989=176200101/197313890
z2990=63618231784415497834203/65990938442447071372850
z2991=7404551291904/6946492050175
z2992=7675613852556/7152693509275
z2993=120048933569449062393/124651055069890009300
z2994=8014442053371/7500301333150
z2995=1643547794772/1530990485495
z2996=274179919/491520000
z2997=287083659523/204472320000
z2998=181668043/110592000
z2999=1821270471/2741799190
z3000=310948617/348229130
z3001=131040818215138/122053272140925
z3002=133209318700354/123702883813725
z3003=150557322582082/139775169196125
z3004=162568704287/115015680000
z3005=609605489/368640000
z3006=1918660879/9216000000
z3007=3386235180273861315573/3517873400576530511620
z3008=8130782956751/7573403178850
z3009=8265943267946/7676184107425
z3010=9347225757506/8678143536025
z3011=7206859703/4423680000
z3012=23132336713/110592000000
z3013=2550349909433873288786067/2652231622175894459234690
z3014=709410300989/663592335675
z3015=3682582785271/3421062407925
z3016=4766833027879/4425580244325
z3017=110358498889/76677120000
z3018=1932519227/9216000000
z3019=161043708444594890852189049/167428908845570670383891725
z3020=2467356971898/2519346472225
z3021=681119780653/647334324125
z3022=44073905291/41129675875
z3023=1294349264299/1204021815875
z3024=36372694301/28753920000
z3025=595747141/368640000
z3026=313848914706432/322075482755105
z3027=13556906439/13741678525
z3028=151190157801/152063599480
z3029=1453554554582/1386462112225
z3030=317965554634/298040488745
z3031=1753909312951620428878779/1807446193535321781048050
z3032=352033859281/332961171620
z3033=1862374210346/1742611106725
z3034=64661273/110592000
z3035=59110580869/46006272000
z3036=580003093/368640000
z3037=436522977/646612730
z3038=3055660839/3420369110
z3039=89405030953293207107697/93049344887254781046580
z3040=14780138584406/13826605105375
z3041=15325231458758/14241566431375
z3042=19685974453574/18280105039375
z3043=37447225577/28753920000
z3044=391807411/245760000
z3045=1293703501/6144000000
z3046=273239159925838100743/284663765627278072620
z3047=455148852743/425818896700
z3048=377672210227/350965190315
z3049=2430486172439/2257084869775
z3050=3727714903617457082562723/3870607090537264213255250
z3051=9381516741/9556463375
z3052=845249827396/805610478525
z3053=914128374952/858120246225
z3054=9381516741/9772463375
z3055=1000226559397/946221455850
z3056=1051885470064/985603781625
z3057=9374471/15360000
z3058=3195221411/3194880000
z3059=405010499/276480000
z3060=64171839/93744710
z3061=449202873/502612970
z3062=207860226616295453400057/216563653080507596576980
z3063=2089981122086/1957948122825
z3064=2158859669642/2010457890525
z3065=541977610018/504078406425
z3066=971588063/958464000
z3067=1642018063/1105920000
z3068=5848316753/27648000000
z3069=858409180975012470105753/895266268234418598574420
z3070=2066013105013/1935709655025
z3071=1067260341719/993949810875
z3072=1341290655419/1247637677775
z3073=879592781082078847757733/913912303541596453363150
z3074=6436385049/6554109475
z3075=6171416927/5903733768
z3076=165641524724/156238371825
z3077=49211524079061747189039/51375315411752743984460
z3078=342639150997/321121771275
z3079=176997626273/164883399450
z3080=222422032469/206951509950
z3081=18324307/27648000
z3082=8088326863/14376960000
z3083=15011621/11520000
z3084=128561643/183243070
z3085=899931501/1006221490
z3086=329257452/327290525
z3087=62973582834505543759038/62294176557387360491225
z3088=534330308434/510963058625
z3089=1512751825290451497777/1578450689644525801780
z3090=329257452/333290525
z3091=639873944554/614110516025
z3092=675055156594/641005001825
z3093=830054351/1437696000
z3094=20562163/15360000
z3095=27386087/128000000
z3096=22467775561728/23187826162895
z3097=452457977/450054075
z3098=59506743744995657400407/58912621834377448761450
z3099=452457977/437254075
z3100=313455672517/300884739200
z3101=1527779618580837/1594954543027300
z3102=329257452/339290525
z3103=38128768336098639/36746494851060550
z3104=1501977567/1445844775
z3105=815780004754/771046945025
z3106=329257452/345290525
z3107=329257452/330290525
z3108=868551822814/833852673725
z3109=956504852914/901088888225
z3110=1555092052562595897/1626023121846848980
z3111=452457977/466054075
z3112=706648891/682698155
z3113=452696644153/429647478500
z3114=180947063/276480000
z3115=16578454951/28753920000
z3116=29039239/23040000
z3117=1264952367/1809470630
z3118=8854666569/9901494410
z3119=11109717/11752130
z3120=632930826/653980975
z3121=2254374994378/2150933603825
z3122=2395099842538/2258511547025
z3123=2465462266618/2312300518625
z3124=2535824690698/2366089490225
z3125=3098724083338/2886257263025
z3126=8395335799/14376960000
z3127=117796961/92160000
z3128=490653559/2304000000
z3129=180707481/191314090
z3130=2572067427/2656924025
z3131=181627009733/172344432880
z3132=978126503614/915191335025
z3133=1538058143206/1432800700025
z3134=20615453/30720000
z3135=377841961/638976000
z3136=6635387/5120000
z3137=145142277/206154530
z3138=1015995939/1135881710
z3139=165459/175310
z3140=5805359/5995387
z3141=66679249806/63279440125
z3142=646526905466/604947874225
z3143=113092907018/105368353225
z3144=4303776223/7188480000
z3145=121076971/92160000
z3146=495245573/2304000000
z3147=26757730630506641510223/28006012195501536822220
z3148=2652755673/2738924275
z3149=892204696097/846822718975
z3150=480727106392/449826143825
z3151=151545034628/141214483705
z3152=37333541939798254902399/38430639226890851774860
z3153=5949442779/5958250600
z3154=326625312617519805211011/322960840913216235045650
z3155=750027183/725581325
z3156=156098894341/149868367850
z3157=347850553688064/359855081623585
z3158=750027183/768781325
z3159=1590649691/1538644875
z3160=224977441897/213610135550
z3161=32071183/46080000
z3162=2837586719/4792320000
z3163=31663247/23040000
z3164=228045447/320711830
z3165=1596318129/1784182810
z3166=6909348183141418827993/7238633227152041192020
z3167=698859027/719581175
z3168=296487645246/281465170525
z3169=319447161098/298968426425
z3170=503123287914/468946473625
z3171=2181244201/3594240000
z3172=64966499/46080000
z3173=251066797/1152000000
z3174=14719679688421292422599/15449477411943400290860
z3175=1438062177/1480162475
z3176=87353258317/82949606615
z3177=3057367508/2861578675
z3178=371690516704/346545889475
z3179=4156089652462709842461/4376876603332506101540
z3180=2941532470667733/2954459078164600
z3181=4041360856/3760676603
z3182=170739556208078809108941/180428075557633345344740
z3183=102455029902320757/103034486602305400
z3184=196819042797/183228615500
z3185=2183999/4000000
z3186=8816029700310841/8723977644175300
z3187=115168803110992933/114519707572838900
z3188=10330380359/10092234475
z3189=234752518/228443575
z3190=12093336764816551884614728415267318727756833687/1044806089355133700397821415
  1092516144617960075
z3191=4319292748549236312459769673758828873442648624137/37244156124378003123963531
  67033473166760903986325
z3192=23576020881908299/23232984133743700
z3193=529433/921600
z3194=2113425121/2396160000
z3195=3552993/5294330
z3196=24870951/27844310
z3197=16680606/16544275
z3198=28862750644/27598761975
z3199=632123/1024000
z3200=1293806789/1597440000
z3201=125391563/69120000
z3202=360466417/1728000000
z3203=4342547/6321230
z3204=30397829/34008610
z3205=5545830213/5610043400
z3206=2899714221/2882789075
z3207=2899714221/2846789075
z3208=547264942978/522684956175
z3209=1520971/2304000
z3210=883997623/1198080000
z3211=231205337/138240000
z3212=740510623/3456000000
z3213=10658979/15209710
z3214=74612853/83427970
z3215=3045744603/3112672670
z3216=5270828139/5276133425
z3217=5270828139/5204133425
z3218=44852197413336488/44172793798201925
z3219=276885873/270402970
z3220=928727187/899241950
z3221=378639223938390261/366094593321374300
z3222=144061140821/137148049200
z3223=1033687/1728000
z3224=166682309/179712000
z3225=7030863/10336870
z3226=49216041/55078090
z3227=11491382/11365175
z3228=242730023861/232858010425
z3229=1451459/1872000
z3230=87639721/46080000
z3231=244137623/1152000000
z3232=2034495123/2022993025
z3233=90719623683/86733418475
z3234=2247174085583157/2312584403970100
z3235=1517935146/1524321025
z3236=6234032857/6096297425
z3237=2328342397080285380535247/2276461018635740077941550
z3238=59017159513/56126443700
z3239=5852000117/4792320000
z3240=175852387802/166605534175
z3241=1182230691/1064960000
z3242=276885873/280502170
z3243=20297999547/20215523525
z3244=1139684202254/1079427506175
z3245=2394038051/2396160000
z3246=5270828139/5348133425
z3247=36895796973/37004933975
z3248=610990816938731283/595619058349759700
z3249=5658985797/5506772525
z3250=306685613884/289805451825
z3251=308640818369/294041370325
z3252=784904967/796112600
z3253=14241465861/14184951175
z3254=112689888519/107127871775
z3255=650543634/672594725
z3256=12108051843/12194568200
z3257=216847878/215531575
z3258=27332369207/26549740675
z3259=4683306979/4435791400
z3260=448163898/460346825
z3261=1826439316687982918551/1834795514291463527675
z3262=149387966/148032275
z3263=5221531003/5106362175
z3264=134329182559/127522325075
z3265=15554989/27648000
z3266=35995963397/28753920000
z3267=103637781/155549890
z3268=725464467/812369230
z3269=158278034/161242725
z3270=81808099079828910199229/81733752066055796738825
z3271=158278034/156242725
z3272=104780941/102128425
z3273=260341996174/245476878575
z3274=6159009053/4792320000
z3275=4619039/4543795
z3276=1112066849/1089420685
z3277=69655529489/65755803300
z3278=167065199/276480000
z3279=65785175243/57507840000
z3280=23897509/13824000
z3281=1140015591/1670651990
z3282=7980109137/8929763930
z3283=2746209753/2807188625
z3284=19223468271/19182320375
z3285=2746209753/2717188625
z3286=14967785907/14548780775
z3287=553592621322/521987514905
z3288=1250454899/1064960000
z3289=490086217/276480000
z3290=1453345703/6912000000
z3291=5244076164153530997/5342103968892074300
z3292=79022271573/78853087975
z3293=11288895939/11172155425
z3294=55812131253/54365711425
z3295=1339563329884/1263398760525
z3296=6582940964653183281/6748440471900397900
z3297=294122726433/296039471800
z3298=5270828139/5240133425
z3299=634166055/613030243
z3300=374080284916/352268015625
z3301=2314261409/1797120000
z3302=416222159626817/413287071856100
z3303=307218027701/290480898325
z3304=157765903/149760000
z3305=2034495123/2070993025
z3306=2034495123/2010993025
z3307=7806829317/7635514225
z3308=117334093227/110862651875
z3309=12967551601/14376960000
z3310=92348617/66560000
z3311=25171443/26192270
z3312=2057614442/2100715425
z3313=747948837454/713837666975
z3314=815343508486/765068230775
z3315=1354500876742/1264768741175
z3316=2215761433/2396160000
z3317=103637781/108049090
z3318=121386220267/116011368800
z3319=132495009062/124443195775
z3320=221365319422/206873811575
z3321=14881709/23040000
z3322=1825395421/2396160000
z3323=9680494927/7188480000
z3324=103637781/148817090
z3325=725464467/811319630
z3326=2242586640314456901/2331381540164846900
z3327=214204360734/219548373175
z3328=80113539454/76421714385
z3329=434265032786/407723853825
z3330=703843716914/657574109025
z3331=935165779/1198080000
z3332=39680070629/28753920000
z3333=8212208955793933865463/8552642601275465226220
z3334=880533883242/902145765725
z3335=391796622529/373941347025
z3336=212561494457/199618413975
z3337=345866959997/323264337675
z3338=16210991/27648000
z3339=2724317119/2875392000
z3340=109541799/162109910
z3341=766792593/858289370
z3342=370664478837043/381638806081900
z3343=2279343118/2313916075
z3344=27893700177357680509823/28047779758435399390275
z3345=3213223091/3096697250
z3346=972328983782/923032198225
z3347=1104150572798/1022934918025
z3348=394777/412330
z3349=1005284381036/948007878175
z3350=207647955658/194596711625
z3351=1301882956322/1217716997725
z3352=435893831/449280000
z3353=835498157/824202025
z3354=6081061129/5873593525
z3355=474864857441/451352168125
z3356=540033713687/500663926075
z3357=3295567126824414028947/3390102138616930855580
z3358=196462828601/185472043045
z3359=126862321391/119002011775
z3360=79723374757/74636945375
z3361=7080035861/4792320000
z3362=430785769756710175995177/448358786794646042871025
z3363=158690619594/162024896525
z3364=64583793573/61679855875
z3365=35038179891/32921234600
z3366=57008444727/53315687900
z3367=12306748803/12595976200
z3368=369518394212352/370607693064655
z3369=243247058834/232812097975
z3370=88570649726/83296317525
z3371=14403301094/14894767975
z3372=29456800418866293/29648615455297400
z3373=1739775342578/1650239057575
z3374=1840867349126/1727084903275
z3375=505978382/521365675
z3376=380352314474496/382645382244815
z3377=562347431269/534100570475
z3378=297836898827/279698025700
z3379=10260659/18432000
z3380=1868612551/1474560000
z3381=412204449/266240000
z3382=706667/2560000
z3383=68107851/102606590
z3384=476754957/533926130
z3385=93814145338/88001813825
z3386=32423427438/30209674075
z3387=17845625446/16607812775
z3388=10933939/23040000
z3389=7383398041/5750784000
z3390=68107851/70939390
z3391=9970608356625447/10043374340834600
z3392=20252279281/19006595450
z3393=373895311582/348499551575
z3394=2405666173118/2239639860475
z3395=31437979/55296000
z3396=74792071331/57507840000
z3397=1296309529/798720000
z3398=53656027/192000000
z3399=210227571/314379790
z3400=1471592997/1647698530
z3401=2106063801/2160981800
z3402=760704628948992/765290764742755
z3403=3950976152474/3727679012125
z3404=4084281618014/3828860935825
z3405=4350892549094/4031224783225
z3406=30366849720886389/30611630589710200
z3407=4150934350784/3879451897675
z3408=4217587083554/3930042859525
z3409=4750808945714/4424626554325
z3410=33457819/69120000
z3411=6312513521/4792320000
z3412=28055963/64000000
z3413=4274119791/4387563800
z3414=385769274605568/388664226834895
z3415=1699532401/1673004125
z3416=324575365127/306405288100
z3417=671244651467/629567629825
z3418=715432493893/663081737075
z3419=1364583224147/1275892313275
z3420=23111285756/21544156115
z3421=390857128766/364164448975
z3422=82052786989/57507840000
z3423=1279553327/1305941800
z3424=2611416280798/2498025536075
z3425=2880994964926/2702947791275
z3426=14045504293/9584640000
z3427=417453691252/400050973025
z3428=461888846432/433778280925
z3429=158278034/162242725
z3430=603156861398/570067383775
z3431=3217968320086/3004028610275
z3432=4261114367/2949120000
z3433=4457139/2560000
z3434=832160817/851427800
z3435=168822964322/158965583425
z3436=3621700138/3378236825
z3437=84201849541/57507840000
z3438=1281533327/1309941800
z3439=27690760798160662108991/27687048979488596924675
z3440=572852153/563134725
z3441=6469611123521/6095222235175
z3442=3402364816513/3174888024650
z3443=5560202/5681425
z3444=2960131382945959242601/2959377473054487985925
z3445=484106424022/458129934875
z3446=517432790407/483425415800
z3447=170623937851/115015680000
z3448=14027419/7680000
z3449=2629650857/2685483800
z3450=173140407197513839732747/173169866002510424386975
z3451=19199778364/18099053525
z3452=6688390302334/6243741526025
z3453=2880736277/1916928000
z3454=44937251/45851400
z3455=357053939350973737714323/357253952670918291736220
z3456=2080214051149/1962117066125
z3457=365113942869/340983722375
z3458=95039051/184320000
z3459=612970659/950390510
z3460=4290794613/4809533570
z3461=511017903/523845400
z3462=739036788424704/741215386382435
z3463=611578747/575236425
z3464=15973406683/14922879275
z3465=54180726041/50454466525
z3466=20668786177/19187250800
z3467=48011527/92160000
z3468=310913343/480115270
z3469=2176393401/2439206890
z3470=1383378471/1418787800
z3471=124978451447808/125542179218245
z3472=191100065/179811643
z3473=208102146239/194458976575
z3474=141217123489/131524901525
z3475=53887306057/50028932000
z3476=20444794682/18977894475
z3477=175149381/106496000
z3478=8636381412209981935461/8907645773326596185540
z3479=16547899599/16649138200
z3480=194743991642/183277646425
z3481=67218755198/62844021075
z3482=41022480514/38231854325
z3483=208568539546/193786480025
z3484=236217635354/219412147225
z3485=89706697/53248000
z3486=71210705082711037286247/73529692191326075985580
z3487=963239607/966842230
z3488=3737483326018/3519297838775
z3489=774306145964/724223872885
z3490=19204134147/19336844600
z3491=3938554431721/3672030127250
z3492=4005578133622/3722940890075
z3493=908353549766/844016598535
z3494=9046117999/5898240000
z3495=837913869277134212637/863376445912287125225
z3496=830657619/832456910
z3497=355130040538/333086810825
z3498=11180442074/10411989225
z3499=375866862394/351154061225
z3500=386235273322/359035686425
z3501=391419478786/365280499025
z3502=133353273742/123949506675
z3503=197645641/368640000
z3504=98200908929/61341696000
z3505=1294049169/1976456410
z3506=9058344183/10148794870
z3507=20087624954878/18684347987075
z3508=20447063200382/18957577660675
z3509=23322569164414/21622647049475
z3510=73338113/138240000
z3511=801453629/1474560000
z3512=386883253717/245366784000
z3513=26414833/15360000
z3514=105672049/384000000
z3515=5274036261/8014536290
z3516=36918253827/41356154030
z3517=173909297540322279941247/180103737625861885533580
z3518=5260831587/5302392430
z3519=17086681685086/15942931956275
z3520=28957053802482/26935859491925
z3521=87590037898454/81354037822975
z3522=88308914389462/81900497170175
z3523=94059926317526/87230635947775
z3524=1179641827/2211840000
z3525=402858821/737280000
z3526=973683038033/613416960000
z3527=54471921/128000000
z3528=2656206189/4028588210
z3529=18593443323/20827317470
z3530=2824981554170878697431197/2927161097892376063308580
z3531=24435696152426945157/24493993506381738100
z3532=3446624947/3387008375
z3533=42370291532582/39541952829175
z3534=14362396507186/13362235523725
z3535=43445638516046/40359083442175
z3536=43804087510534/40631460313175
z3537=46671679466438/43289707281175
z3538=5536039/10240000
z3539=61235953/110592000
z3540=710062937537/460062720000
z3541=104450449/61440000
z3542=106079761/512000000
z3543=405695097/612359530
z3544=2839865679/3180596710
z3545=4531458474909067621491/4701664462666440947740
z3546=26686165621/26788525720
z3547=30828030413414/28687618966375
z3548=6273437556334/5819492695355
z3549=35680446727718/33095067559975
z3550=9164198359/5898240000
z3551=5046749653/2949120000
z3552=612213347/2949120000
z3553=662471242672961184671169/687710024071340335052660
z3554=6450919034013/6475625514200
z3555=392054250794/364842498275
z3556=398947500688/370080515025
z3557=90818699968/84240129805
z3558=178771568213/115015680000
z3559=9170246103594560916373/9445293826012717569025
z3560=6803259843224/6384078372325
z3561=7071354650828/6587721423625
z3562=1441080410926/1346894189855
z3563=7406473160333/6887203237750
z3564=15014017426369/14016994763975
z3565=7674567967937/7135774289050
z3566=238421173/442368000
z3567=3002739624773/1840250880000
z3568=5414167/3072000
z3569=106328051/384000000
z3570=1564076637/2384211730
z3571=10948536459/12265802110
z3572=118018450389086/109797953085475
z3573=120163208849918/111427097495875
z3574=137321276536574/127335644779075
z3575=38212421/73728000
z3576=299584471/552960000
z3577=755652727339/460062720000
z3578=55127923/128000000
z3579=1969117839/2995844710
z3580=13783824873/15441312970
z3581=5782602012921704198421/5974182476498589387140
z3582=2716554159/2728806310
z3583=29246351989894/27214002003425
z3584=29781057728578/27620008902125
z3585=1362348145522/1263476483669
z3586=53998777/98304000
z3587=653438627849/408944640000
z3588=51858233/29491200
z3589=761461811/3686400000
z3590=356719233/539987770
z3591=2497034631/2796874390
z3592=296823822188544/303158713290785
z3593=34139893689346234533/34228840173687141500
z3594=84052656945218/78453151535325
z3595=85482495919106/79539247808925
z3596=14483510375666475788631/15015246134002396479340
z3597=3447896616242/3203291837829
z3598=86912334892994/80625344082525
z3599=92631690788546/85928193176925
z3600=203561417/368640000
z3601=493316422757/306708480000
z3602=1565915021/884736000
z3603=22887478463/110592000000
z3604=1347291153/2035614170
z3605=9431038071/10562899190
z3606=179380821344256/183324703564615
z3607=10047032507241/10076669147000
z3608=59320713076274/55211908667025
z3609=60390124553642/56023922464425
z3610=68945416372586/63957728843625
z3611=2571426973/1474560000
z3612=7667590883/36864000000
z3613=304634975404032/311837772419105
z3614=3293323743909/3305085762200
z3615=1522427089222/1416972705245
z3616=7746182849912/7186685051875
z3617=8818562080328/8180969257075
z3618=4899553/9216000
z3619=31976937/48995530
z3620=223838559/250808710
z3621=45135251/46251400
z3622=184710888713/173397184525
z3623=576350243729/537055207525
z3624=402748143811/377081849975
z3625=206928466303/192756838475
z3626=97007057/184320000
z3627=630682713/970070570
z3628=4414778991/4947293990
z3629=78986773463/73337792800
z3630=80812498949/75290529865
z3631=154285175681/143264375200
z3632=58793032298/54588476275
z3633=605400961/1105920000
z3634=54776240129/35389440000
z3635=183677407/106496000
z3636=3994323849/6054009610
z3637=27960266943/31318867270
z3638=248934401621183115169111/256959608538846429119675
z3639=3420046773/3438067970
z3640=1957758440006/1833104165575
z3641=2039792572646/1895369964775
z3642=2696065633766/2504088358375
z3643=3397961/6144000
z3644=1335903063/851968000
z3645=9397071/5324800
z3646=22502289/33979610
z3647=157516023/176417270
z3648=12949646148969049371207/13362043515288990404075
z3649=4217391320089689939/4222383511368401900
z3650=782199716558/736951354375
z3651=2434974834526/2277882277625
z3652=75545958143130795233253/78173350301149793812420
z3653=826387558984/770465461625
z3654=2523350519378/2344910492125
z3655=958951086262/890975783375
z3656=116365861777/70778880000
z3657=19099155370306368488947/19665076342725771871975
z3658=3112500917466227897/3111861777500860100
z3659=3984471358438/3737967190775
z3660=4148539623718/3862498789175
z3661=285264235855872/290314728476705
z3662=4353624955318/4073459287175
z3663=4476676154278/4166857985975
z3664=401523301/737280000
z3665=1014160731313/613416960000
z3666=9242279/5120000
z3667=35661351/128000000
z3668=2644186509/4015233010
z3669=18509305563/20733831070
z3670=36681170348930675268051/37916876781419208714140
z3671=40783675958662/38069497093175
z3672=41494638441542/38609134019575
z3673=41850119682982/38878952482775
z3674=14068533641474/13049590315325
z3675=45049450855942/41786550651575
z3676=193030111/368640000
z3677=117782826097/70778880000
z3678=2231357/5120000
z3679=287295595905024/292571795197985
z3680=12543352450058007521/12545417524972019300
z3681=103290207/101642675
z3682=4665391497238/4355815221575
z3683=4747197341182/4417884220175
z3684=148900303383462362907531/153998220022288452505340
z3685=4788100263154/4448918719475
z3686=2697134457722/2502202652425
z3687=5156226560902/4783525213175
z3688=42572985769/25559040000
z3689=289326955954176/294828861919265
z3690=108023026505501941/108034262300597300
z3691=282226101482/264901829455
z3692=4410142891934/4107583870825
z3693=1543694034688/1445019469025
z3694=529293959038/492844525425
z3695=1217033941/2211840000
z3696=616444952621/368050176000
z3697=28382839/15360000
z3698=21528011/76800000
z3699=8044735869/12170339410
z3700=56313151083/63073975870
z3701=1163612018677788017/1163977246182376100
z3702=24049865996078/22458780048475
z3703=122370346416838/113902577390375
z3704=123430854635062/114706915964375
z3705=14128429859986/13110810215525
z3706=1821581213686/1690187111375
z3707=194998117/368640000
z3708=19992989/36864000
z3709=263882892829/153354240000
z3710=56439927/128000000
z3711=131460741/199929890
z3712=920225187/1030869230
z3713=291358316003328/297085928640545
z3714=217642043504005721/217742784943231300
z3715=9264689409898/8622980089175
z3716=6069647335154/5638608320725
z3717=10851000107662/10065266338475
z3718=2387022643/4423680000
z3719=43084667329/25559040000
z3720=16395188123/8847360000
z3721=45794633317/221184000000
z3722=898354807676928/918235407773795
z3723=21139423949907/21183791372200
z3724=14110353428834/13136028465825
z3725=8891151688744/8256354149025
z3726=3297963895096/3059891567955
z3727=137128949/245760000
z3728=154954097009/102236160000
z3729=1993719887/1105920000
z3730=5732775649/27648000000
z3731=910986141/1371289490
z3732=6376902987/7141426430
z3733=903336746876928/923770895773795
z3734=512614432251/514004768360
z3735=58091683482742/54695020899375
z3736=60224570931382/56313931678575
z3737=818509681/1474560000
z3738=37405083461/24536678400
z3739=394020763/221184000
z3740=5427540729/8185096810
z3741=37992785103/42550077670
z3742=2529513722943/2536961341000
z3743=122160633962666/113841586301025
z3744=124293521411306/115460497080225
z3745=141356621000426/131287175313825
z3746=156864374833/102236160000
z3747=528750361/294912000
z3748=7658242243/36864000000
z3749=303256462344192/310306091241505
z3750=3396359092101/3406340527000
z3751=20198296316458/18823664359725
z3752=20552788306882/19092630020325
z3753=23388724230274/21723587305125
z3754=1302277537/737280000
z3755=3848719487/18432000000
z3756=309036255510528/316728083648545
z3757=1669781514441/1675732551800
z3758=6562004167966/6142559602325
z3759=6828615099046/6344923449725
z3760=8961502547686/8323258228925
z3761=4038279929/2211840000
z3762=11509175431/55296000000
z3763=916202027188224/938065651675235
z3764=5197166707041/5211223900600
z3765=1809966205411/1705032652875
z3766=37524959381/35106076275
z3767=20782543/36864000
z3768=941842907/613416960
z3769=138566727/207825430
z3770=969967089/1086138010
z3771=15080039647946/14055946731375
z3772=15345166702502/14257031374875
z3773=698647325558/649005300915
z3774=35169109/19660800
z3775=515152471/2457600000
z3776=34826392846336/35735377208665
z3777=225720154257/226522963000
z3778=1273634445356/1186959596125
z3779=431909455523/401238883250
z3780=1472479736273/1367725078750
z3781=11948707/20480000
z3782=5102855631/4259840000
z3783=22107199607/14376960000
z3784=80607163/119487070
z3785=564250141/631609490
z3786=19119320809413144968258289/19790552447070521639339525
z3787=499810175046/507751990175
z3788=27891655188939/28074687449800
z3789=6722444093534/6448741636275
z3790=1452320292358/1371717229335
z3791=1933972086827946348513/2010181613562114284020
z3792=7531180145918/7063508401875
z3793=1114394118578/1038347236725
z3794=1991477660614/1853446539735
z3795=34846805717/25559040000
z3796=92379598553088/94650338291395
z3797=423802127618556939/425262624194445875
z3798=10837672850446/10356849556875
z3799=11915987586958/11176538577675
z3800=29766827041390995175557/30560578190258705880250
z3801=152855861769/153458563000
z3802=13263881007598/12560573853675
z3803=14072617059982/13175340619275
z3804=212780719/368640000
z3805=211989875171/153354240000
z3806=7283471/4320000
z3807=1430264871/2127807190
z3808=10011854097/11208250330
z3809=204730284589167399431157/212424768935813397354400
z3810=7433052849/7466287520
z3811=31153273141718/29310418235775
z3812=6446317575646/6026021451315
z3813=141088477/245760000
z3814=142296263737/102236160000
z3815=230119063/138240000
z3816=946621893/1410884770
z3817=6626353251/7418593390
z3818=13062917061038/12172345093755
z3819=66392900041702/61681414489575
z3820=75019417933798/69676622655975
z3821=214855291907/153354240000
z3822=1853088541/1105920000
z3823=5778942707/27648000000
z3824=31414543692709434806403/32668899402887664144220
z3825=1296916847122/1208550190899
z3826=32960594669782/30622320078975
z3827=37261982603638/34609690530975
z3828=11933981543/8519680000
z3829=12592271/7372800
z3830=965070457/4608000000
z3831=62489225723904/64103366309485
z3832=402070774479/403865485000
z3833=5115572241962/4813979589225
z3834=5294302113698/4949741623425
z3835=5383667049566/5017622640525
z3836=5473031985434/5085503657625
z3837=6187951472378/5748359794425
z3838=152790797/92160000
z3839=487147819/2304000000
z3840=161664297467904/166304230351685
z3841=3485412903/3531769925
z3842=38870348721/39095023160
z3843=121664558834/116188633189
z3844=3311192654978/3109638084925
z3845=66413705348535661235661/68493963873566699403950
z3846=3648166010138/3455646903925
z3847=3850350023234/3609338595325
z3848=323328594935808/332608460787745
z3849=569305623614/530257103275
z3850=1012690820362/942240148745
z3851=10983437/18432000
z3852=23572112197/19169280000
z3853=74612853/109834370
z3854=522289971/584520590
z3855=44290817518546068546609/45239469587693679825460
z3856=35801644306569409341/35919648864019940575
z3857=2862751517678/2739223067325
z3858=3129362448758/2941586914725
z3859=95088078618624/97659760586435
z3860=628347314673/630824703800
z3861=3462626112608/3284397723975
z3862=3662584310918/3436170609525
z3863=217372733/368640000
z3864=95525996561/76677120000
z3865=478278181/276480000
z3866=1471592997/2173727330
z3867=10301150979/11529691310
z3868=190176157237248/195319521223495
z3869=611568095517/614293453400
z3870=14553808517378/13651866355125
z3871=15087030379538/14056594049925
z3872=19352805276818/18013263608325
z3873=24186130069/19169280000
z3874=968692399/552960000
z3875=2918171441/13824000000
z3876=192884637302784/198328943518535
z3877=1240060058631/1245577358600
z3878=3586949248324/3365174793075
z3879=3719512775602/3465717114825
z3880=4780020993826/4449767688825
z3881=13923983/8192000
z3882=8731837/40960000
z3883=2882700521917747856741/2956760789575085964740
z3884=318364373/322499575
z3885=17752514663/17855176200
z3886=20678059012/19829747775
z3887=602742748504/569130497825
z3888=110936091721728/114380479606795
z3889=208320108698/195331383925
z3890=647177903684/602857805725
z3891=274972841468/255906345775
z3892=4964868641/4792320000
z3893=219397301/138240000
z3894=1016175584083968/1049147381559395
z3895=4963819203/5052932525
z3896=700673416274/665661308925
z3897=768068087306/716891872725
z3898=1307225455562/1216592383125
z3899=2547542519/2396160000
z3900=899565271/552960000
z3901=2987298569/13824000000
z3902=522984432402432/541125513275855
z3903=20401398477/20761131775
z3904=34002206069/32315052495
z3905=14933937083/13937840235
z3906=127991871631/119147570655
z3907=37912145239/28753920000
z3908=129126650503/131929380200
z3909=71417787546845048582/71552655465936165175
z3910=53508426790/51386209829
z3911=1469532258766/1384557965525
z3912=15955401826/16387172525
z3913=194692871240361036912761/195198332390378783251925
z3914=1634309245036/1554364365275
z3915=1733175436798/1629291405125
z3916=32093981/55296000
z3917=76708253173/57507840000
z3918=1356005711/798720000
z3919=54312029/192000000
z3920=216131589/320939810
z3921=1512921123/1693618670
z3922=8029837/8246600
z3923=380080440253171750516571/381234025489161447136175
z3924=3838832610574/3626047902275
z3925=794130839918/745190124415
z3926=4234297377622/3925756061675
z3927=4036564994098/3775901981975
z3928=4102475788606/3825853341875
z3929=925952428934/863064044215
z3930=34113821/69120000
z3931=38833172047/28753920000
z3932=5742393/12800000
z3933=70484863111889830152291/72427098941285731563740
z3934=47238665859/47402406200
z3935=1680508343/1656604075
z3936=1891380419812/1787616173675
z3937=279560035027/262463961800
z3938=67354835353/62468091950
z3939=795876063151/744825404825
z3940=2022460070566/1886879291525
z3941=2284619372074/2130333527225
z3942=86493264527/57507840000
z3943=1412721733/1437142200
z3944=13027641/12966890
z3945=2398028014226/2302586140225
z3946=2661671192258/2502391579825
z3947=175334086/178642775
z3948=2793492781274/2647222299625
z3949=2991225164798/2797076379325
z3950=1414701733/1441142200
z3951=618018271312/583386283835
z3952=650973668566/608361963785
z3953=98975063/184320000
z3954=25370357039/15335424000
z3955=14683421/7680000
z3956=648394767/989750630
z3957=4538763369/5085054410
z3958=2774699263/2840684200
z3959=45396703282871655927/45491661973598169580
z3960=4479516509026/4220377678925
z3961=4655278627714/4353581305325
z3962=4743159687058/4420183118525
z3963=4831040746402/4486784931725
z3964=5534089221154/5139407437325
z3965=49979533/92160000
z3966=12847047013/7667712000
z3967=328625397/499795330
z3968=2300377779/2576967310
z3969=28459361822955223300981/29113843198312278275425
z3970=2377447479/2370120310
z3971=2197941079022/2072046423175
z3972=2285327512858/2138221835075
z3973=98234723/53248000
z3974=2329020729776/2171309541025
z3975=112986378414/104971297475
z3976=2722259682038/2529002894575
z3977=136554584713/76677120000
z3978=4447854480394/4140516217475
z3979=3154765263338/2934632617825
z3980=5234332384918/4855902924575
z3981=617864999/1105920000
z3982=730684186363/460062720000
z3983=192205433/106496000
z3984=4106500191/6178649990
z3985=28745501337/32191349930
z3986=58677935210496/59868599072365
z3987=4387235099888529061/4393670407754157300
z3988=27668188699138/26082929193725
z3989=28722761411266/26882150952125
z3990=5850009553466/5456352366265
z3991=29777334123394/27681372710525
z3992=33995624971906/31597107744125
z3993=1552498772267/920125440000
z3994=337129132225090297/337267916608860100
z3995=1513342486006/1425359954255
z3996=55076132434466/51486041915725
z3997=1211715377/2211840000
z3998=3170389357517/1840250880000
z3999=7996868793/12117153770
z4000=55978081551/62701676390
z4001=22112244631126/20587146404735
z4002=72934428754642/67758165937925
z4003=129543531973934/120197115674875
z4004=695337209/368640000
z4005=1911649399/9216000000
z4006=60307877855232/61679646455405
z4007=898052630817/899744092600
z4008=56154334776098/52285263674125
z4009=35593491179038/33061685306675
z4010=2625819567410/2436638219989
z4011=611925707/1105920000
z4012=755401769743/460062720000
z4013=718010431/368640000
z4014=76188809/368640000
z4015=4053046563/6119257070
z4016=28371325941/31775599490
z4017=148726198075392/151928564360005
z4018=335088740927289219807/335375088164752578100
z4019=1575259263578/1485299020825
z4020=27828044686858/26044188296825
z4021=28352363289874/26441240768225
z4022=5775336378578/5367658647925
z4023=33071230717018/30733561010825
z4024=312048509/552960000
z4025=369990359353/230031360000
z4026=337920913/176947200
z4027=23024745047/110592000000
z4028=2081294181/3120485090
z4029=14569059267/16313795630
z4030=458572444065792/469556637346255
z4031=10922003253009/10942495955000
z4032=2405192583378/2253444680155
z4033=12550281519906/11664275872175
z4034=16744830344034/15559543643375
z4035=175064415389/115015680000
z4036=37862223/20480000
z4037=320911099/1536000000
z4038=3440990027776/3527260767865
z4039=146338585877/146733336600
z4040=6331154720462/5931769759675
z4041=6594797898494/6131575199275
z4042=348157732910/323577708643
z4043=88642327079/57507840000
z4044=4139960239/2211840000
z4045=11596423697/55296000000
z4046=470966293905408/483327581612495
z4047=5339211476103/5353576334600
z4048=3108912891474/2913187419175
z4049=3239992542228/3012450537025
z4050=857725949652/797253495965
z4051=3185221/5760000
z4052=1759950031/1198080000
z4053=21092589/31852210
z4054=147648123/165365470
z4055=804040309997568/813441521463395
z4056=2965994780692201/2949676877863300
z4057=1102297381/1061084225
z4058=221845229411/209000918275
z4059=1873688868484792085629/1899821143831010241325
z4060=497997839027/474070968175
z4061=10611645343/9974536943
z4062=45173437/24960000
z4063=24675752222828835865177/25340700392519946884725
z4064=23960289969/24062004200
z4065=23012717468/21465170825
z4066=90761104486/84576765125
z4067=100943069/184320000
z4068=26017831013/15335424000
z4069=5113141/2560000
z4070=18322677/64000000
z4071=666106821/1009430690
z4072=4662747747/5222814830
z4073=195008078774789332427/199459928270431770975
z4074=1204959789/1203100210
z4075=4312247807062/4067808013775
z4076=718569826/672642325
z4077=200733459/106496000
z4078=4572923232046/4265055045575
z4079=4659815040374/4330804056175
z4080=5354949506998/4976604140975
z4081=276569907977/153354240000
z4082=1743932984014/1624064028995
z4083=6399509729002/5955783699425
z4084=10283717469974/9543418335775
z4085=11589941/23040000
z4086=411587/239616
z4087=271624743419904/275159736881185
z4088=26071267360194103/25947187256539900
z4089=110765619/109346935
z4090=52857668201/49894039765
z4091=110035195543/103054209995
z4092=224390250227/209374550455
z4093=28588763671/26580085115
z4094=8227155703/7648753895
z4095=19892533/34560000
z4096=10138629613/7188480000
z4097=371305253/184320000
z4098=955804123/4608000000
z4099=133586397/198925330
z4100=935104779/1046877310
z4101=3614879367/3654548630
z4102=4220919722919000561/4204983868504790315
z4103=10175174271/9785404175
z4104=687798966023/648056283475
z4105=34948883621175429/35446643927028860
z4106=482614569069/482963354200
z4107=1538520072661/1464319961825
z4108=163627335703/153828759875
z4109=68533360169/38338560000
z4110=301515116249088/308371262246945
z4111=88023784147797/88278992236600
z4112=425360553319/396899839175
z4113=555698265811/517987355075
z4114=45777313/81920000
z4115=169979131271/102236160000
z4116=363433229/184320000
z4117=304271017/457773130
z4118=2129897119/2385211910
z4119=221662656797961738184263/225391554733518206155820
z4120=94285684593/94388504120
z4121=3088466003974/2894900892375
z4122=16137464486494/15000496546675
z4123=21698540219486/20166897225075
z4124=210109679/368640000
z4125=249759083683/153354240000
z4126=4275999571/2211840000
z4127=11554848653/55296000000
z4128=1406225511/2101096790
z4129=9843578577/11021277530
z4130=8450455391555418151209027/8614155240469117958066780
z4131=5533687468107/5544031399400
z4132=23587566290054/22102477684575
z4133=4926053597998/4578293162355
z4134=32971881589478/30641066829375
z4135=23705430731/14376960000
z4136=147144497/73728000
z4137=1918496267/9216000000
z4138=455914003045284465157431/464155321236790309167340
z4139=955248395709/956283479000
z4140=1444077908299/1354406785475
z4141=754437897707/701699371225
z4142=1013629446167/942595199125
z4143=7591843/5616000
z4144=2142632341/1105920000
z4145=1164004783/5529600000
z4146=22894235991/23266135990
z4147=696523438508739686037/696150834984909549175
z4148=8069076801/7780802035
z4149=115507929927/109363064150
z4150=3638887/6144000
z4151=1747209667/1277952000
z4152=2095400197/1105920000
z4153=24670623/36388870
z4154=172694361/193282090
z4155=4467255598652399670335301/4564582843555004476643140
z4156=2705116930317/2712376275800
z4157=3341576720378/3138690244725
z4158=694382886574/647462752125
z4159=4514616132806/4206013887825
z4160=4973907871/3594240000
z4161=1413880183/737280000
z4162=3894557321/18432000000
z4163=1020840979759140569355693/1044294624771778603794020
z4164=365417083011/366395251240
z4165=1644432495836/1544896747825
z4166=244175768993/227698386400
z4167=2227613479871/2075680360600
z4168=174281221/276480000
z4169=69263953849/57507840000
z4170=83703709/46080000
z4171=1204959789/1742812210
z4172=8434718523/9434885470
z4173=104363994043794204963/106858673231528738780
z4174=1048632751368909993/1051939916122419175
z4175=2853933390958/2733318907175
z4176=623515313798/586624869355
z4177=30894896677888221/31599185484816700
z4178=21509039409/21593838520
z4179=689426108306/654547429255
z4180=3644862925054/3422591225975
z4181=344954431/552960000
z4182=140472625627/115015680000
z4183=81735703/46080000
z4184=2377447479/3449544310
z4185=16642132353/18617210170
z4186=6519770578944/6711278858765
z4187=104748660519/105213984200
z4188=7239163183954/6796564503725
z4189=7502806361986/6996369943325
z4190=9611951786242/8954237460125
z4191=14221201493/11501568000
z4192=992964473/552960000
z4193=2941131511/13824000000
z4194=99150798716928/102173894028995
z4195=50956311753/51182330488
z4196=713845572492/670319081905
z4197=3700307513214/3450858527375
z4198=4748944719246/4424675470175
z4199=11118077/17280000
z4200=4437708947/3594240000
z4201=514358291/276480000
z4202=1476305773/6912000000
z4203=77339493/111180770
z4204=541376451/605465390
z4205=1204959789/1230249010
z4206=39751574437618606341/39871574284717119175
z4207=5330720223/5129248700
z4208=60961031313/57689179025
z4209=49714954927826592791259/51020200550635381600060
z4210=662195049867/664805607400
z4211=177207773301/166460877065
z4212=229655823657/214240066075
z4213=294824679903/274783824025
z4214=53820749/30720000
z4215=55788049/256000000
z4216=47768017/49053530
z4217=28650589/29058575
z4218=68751808213/69205048600
z4219=56100387044/53350019275
z4220=61592953253/57512632600
z4221=4221339317/3932061568
z4222=1145573/1536000
z4223=158062819/266240000
z4224=5878543/3840000
z4225=8290317/11455730
z4226=58032219/64830110
z4227=92295291/95008990
z4228=348509987/349236200
z4229=43909517/43654525
z4230=8390481/8288090
z4231=131728551/127763575
z4232=99745063054/95798566025
z4233=2351418098024278705257/2431789681685989784980
z4234=131728551/134963575
z4235=721688621/699622225
z4236=4384086174/4164856825
z4237=123172798070784/127976819994635
z4238=155907288914/145978702525
z4239=16384456686/15284141395
z4240=111997819/179712000
z4241=36911263/23040000
z4242=128977409/576000000
z4243=278952921091315731/285293769635272100
z4244=6596916753/6614252600
z4245=830715429/826781575
z4246=25767012809532486183171/25538592921250815051100
z4247=60533907315072478749485292/59133120341084067201034925
z4248=1296104793/1259844025
z4249=1905208832676291438861/1978449849344702663140
z4250=830715429/850781575
z4251=209047089329/198710690125
z4252=56381196989/52799632525
z4253=89336594243/83391312475
z4254=86631409/224640000
z4255=276885873/288258970
z4256=17163968283/17304804200
z4257=1113628049404482991348431/1115237734450808437028300
z4258=5976550983/5636828200
z4259=97277425947/90646704800
z4260=664181/1920000
z4261=762143/320000
z4262=482667/1600000
z4263=927999/2000000
z4264=3452829/6641810
z4265=24169803/27292670
z4266=54493554/53160725
z4267=199809698/193589325
z4268=671113729/632041625
z4269=630563/1728000
z4270=261443/96000
z4271=3784003/12000000
z4272=3402747/6305630
z4273=23819229/26859410
z4274=10878161225958/10640573793575
z4275=6302158/6136075
z4276=370064331112448/358767838519575
z4277=853599513/807188725
z4278=504323/864000
z4279=3646439/2496000
z4280=3402747/5043230
z4281=23819229/26662610
z4282=4693103/4636375
z4283=81928054/80760975
z4284=13274161545019203635821/13023233063029436291300
z4285=121397809/116129750
z4286=61010339/58064875
z4287=466037327/449280000
z4288=36606079/35704925
z4289=17985428997123/17527047813550
z4290=740128662224896/717535677067275
z4291=69552218/67096825
z4292=19425952304648493292/18438813744163384925
z4293=52209671306/49015760275
z4294=9102457/17280000
z4295=60136741/49920000
z4296=14152009/48000000
z4297=59198913/91024570
z4298=414392391/464371990
z4299=9141776462/9275929675
z4300=1305968066/1295418525
z4301=9504370382/9373776925
z4302=26342933436626203/25961875037233900
z4303=1451005634/1417757425
z4304=11627257/34560000
z4305=1571743/2880000
z4306=10733459/8320000
z4307=10358487/15717430
z4308=72509409/81222010
z4309=1652971138/1670355325
z4310=1172847573/1173451400
z4311=59198913/58672570
z4312=708416202/701009425
z4313=200673933344040897/197800035589241900
z4314=1049050691/989946535
z4315=5136029/11520000
z4316=31075461/51360290
z4317=217528227/244322030
z4318=7030863/6924070
z4319=6787479711529246142871/6605051706625304609275
z4320=12401047798306237887451/12026430239785122473775
z4321=2160464917/2074189925
z4322=178812712/168239285
z4323=521725763/488399350
z4324=329824943/299520000
z4325=1721889939236899113227/1694383630231933890975
z4326=127151626/125375025
z4327=13103486552/12580425175
z4328=56834341/33280000
z4329=781207/802230
z4330=478820637127881542/480074453498249175
z4331=5958971/11520000
z4332=2720571/1280000
z4333=9325339/32000000
z4334=38481939/59589710
z4335=269373573/301927970
z4336=1144336348433862/1137149389057175
z4337=7823644/7597195
z4338=294927763/279794759
z4339=15754147/16044600
z4340=3554276991/3552799400
z4341=5139167293/4832246525
z4342=2011076951/1875467650
z4343=178812712/166631285
z4344=19560113/46080000
z4345=109404669/66560000
z4346=4244857/1920000
z4347=2171967934850107/2156754262795050
z4348=867679871/835124275
z4349=6649002334/6212550725
z4350=4575037064/4265833725
z4351=9944057/23040000
z4352=355409021/299520000
z4353=30549177/16640000
z4354=17162259993/17497506200
z4355=140439430860760278/140356059631032575
z4356=9224278427/8905557175
z4357=4428634158/4176141725
z4358=23776409384/22299250525
z4359=1006350949/599040000
z4360=1388087412877962015431/1373751529222280356022
z4361=273611447/265861675
z4362=170161706/159175925
z4363=39868963186/37210178375
z4364=1150943/1147270
z4365=65661501/65266825
z4366=31145470350646457/30738172383103200
z4367=15475332425961554812861/15190039959481832630025
z4368=542789561/449280000
z4369=44115106/43352525
z4370=16479105797411949823/16010373562402107075
z4371=69323738/67096825
z4372=9758459/17280000
z4373=2228558419/1797120000
z4374=4900859/1920000
z4375=14808011/48000000
z4376=65102931/97584590
z4377=455720517/510292130
z4378=388551757905617/384314953257950
z4379=74248950178/70209535925
z4380=135708115114/127555284125
z4381=12283259/34560000
z4382=290582839/224640000
z4383=8597810689/8156065100
z4384=32189443481/30328766275
z4385=154081/192000
z4386=1134249/1540810
z4387=7939743/8865670
z4388=358544801318193/350517209660750
z4389=326505347/317164375
z4390=1231602361/1188936125
z4391=3374261175693837/3159811834901125
z4392=162864338/141840325
z4393=364496837/357033125
z4394=99627659/96265675
z4395=671113729/639193625
z4396=7030863/6648070
z4397=16548498810967401/16750337991411800
z4398=2405418152230912/2351079831301675
z4399=66805781/99840000
z4400=126483700243861/123831892294850
z4401=8597497/13824000
z4402=59198913/85974970
z4403=414392391/463584790
z4404=26515007927785573/27338279664190900
z4405=220019679/221282200
z4406=5477688008/5395767175
z4407=826058896877717571418428/812218337841863167482065
z4408=671113729/621721625
z4409=3892316811397939/4124405460598700
z4410=1305968066/1347418525
z4411=671113729/644665625
z4412=671113729/636061625
z4413=165287/256000
z4414=1150943/1652870
z4415=8056601/9010090
z4416=21301288255461141640071/22044115636552070320940
z4417=651188043/655670270
z4418=80696207/79960195
z4419=580373169511166066343087/571490899185883088234675
z4420=1049050691/973434535
z4421=59198913/62224570
z4422=236138734/242336475
z4423=14891608043/14354912575
z4424=1049050691/996378535
z4425=4294429/5760000
z4426=92986613/449280000
z4427=1063668247/898560000
z4428=92986613/432000000
z4429=31075461/42944290
z4430=217528227/243010030
z4431=607903478847378946197/636447001280453083780
z4432=3260010078/3263958025
z4433=21750737885778158289227637/21659148730409599741551475
z4434=570495693022027803498/561636861369259237525
z4435=57713576934/56712488825
z4436=16106729496/15459373675
z4437=48320188488/45411451675
z4438=372628249/399360000
z4439=47116821037933/46502850522750
z4440=3306491474/3160070455
z4441=13724887/23040000
z4442=2437184519/2396160000
z4443=93226383/137248870
z4444=652584681/730342090
z4445=115433592898/109734790025
z4446=26712089/11520000
z4447=60168259/288000000
z4448=12082119582/11477016565
z4449=26465771/46080000
z4450=5046569563/4792320000
z4451=177596739/264657710
z4452=1243177173/1391803970
z4453=662920707689961929972277/679155113134991328952225
z4454=11048499/11064110
z4455=215652152482/207052540925
z4456=15808519454/14885106195
z4457=408932906434/383021008925
z4458=6994309357/7188480000
z4459=1990206733/1198080000
z4460=309640556445696/317399529132065
z4461=45487876122/46011168325
z4462=506852775477/509334685240
z4463=338894835214/324967436075
z4464=371108294206/349303514075
z4465=628815966142/588920138075
z4466=51947539/92160000
z4467=28856858623/19169280000
z4468=346337451/519475390
z4469=2424362157/2714727730
z4470=183085187/176915725
z4471=283976637854/267879391475
z4472=171325571/173371400
z4473=116158008941247/115613421675100
z4474=959308110202/914710434425
z4475=1023735028186/963382590425
z4476=250874361/133120000
z4477=141351251084314119083877/145102411759601574622225
z4478=1066686306842/995830694425
z4479=282059307218/263063905285
z4480=4116443/7372800
z4481=26665304987/15335424000
z4482=639817/307200
z4483=55624033/192000000
z4484=5470551/8232886
z4485=38293857/42884602
z4486=825708150521856/837516899823715
z4487=8428496532323/8391662742380
z4488=3629563761226/3406053100625
z4489=152054755034/141433820665
z4490=5175809792842/4813800844625
z4491=1417033/2764800
z4492=13494520987/7667712000
z4493=30023969/64000000
z4494=671040445458897/679643671000600
z4495=17938128646157847/17866607175871100
z4496=1774448581646/1666163337925
z4497=24798086846/23075108595
z4498=2543119967882/2366199598225
z4499=118218067/76677120
z4500=272158033/269267325
z4501=168415397/164292625
z4502=471924434462/448644891925
z4503=391235587/199680000
z4504=282458663682048/287197426061345
z4505=10814213022198762013/10792822792333522900
z4506=493152761036/464655743275
z4507=102876217522/96133318925
z4508=684207700202/638705405425
z4509=152216969/276480000
z4510=8452385437/4600627200
z4511=1006381521/1522169690
z4512=7044670647/7890387830
z4513=45934401318523931/45784795288593300
z4514=457662473762/429664139425
z4515=39204557002/36511143185
z4516=7326946481374/6814901479475
z4517=99619307/184320000
z4518=33829290751/19169280000
z4519=807965011/368640000
z4520=1909229933/9216000000
z4521=7196122593/7271723770
z4522=875527869762/822442136525
z4523=183596904582/170892767845
z4524=1257637748094/1170541460825
z4525=108170849/184320000
z4526=55409076677/38338560000
z4527=297001/144000
z4528=731156841/1081708490
z4529=5118097887/5728759430
z4530=664058637/671926600
z4531=1083966291180747/1079737776014000
z4532=371640573/360000250
z4533=2023901150206/1919484987075
z4534=4384502819/2396160000
z4535=154820278222848/158699764523845
z4536=5642738725383/5659071946600
z4537=2109803707518/1984381195075
z4538=439141252966/409855480615
z4539=2882926723326/2688255067075
z4540=126662391277/76677120000
z4541=2092315145358485164761/2132691863946155795540
z4542=7734470607/7740028000
z4543=3807657229038/3572656442075
z4544=3979462343662/3702448858075
z4545=5353903260654/4980404186075
z4546=5622331/9216000
z4547=13276109027/9584640000
z4548=137092031/69120000
z4549=366478003/1728000000
z4550=38481939/56223310
z4551=269373573/301403170
z4552=4216370301/4277081800
z4553=2861635567923244251/2859741108208368175
z4554=2377491561/2296712725
z4555=1565141228534/1482825750975
z4556=209921481/213854090
z4557=177703511967/178104843400
z4558=1629568146518/1531497906975
z4559=1693995064502/1580170062975
z4560=76186565806/71013907275
z4561=165372283/276480000
z4562=85118193127/57507840000
z4563=389017307/184320000
z4564=193916033/921600000
z4565=1124779347/1653722830
z4566=7873455429/8811259810
z4567=76420309581/77420585800
z4568=23322354899146859733/23228590187988143575
z4569=1910534773498/1832270414825
z4570=2165274692386/2024400631025
z4571=840638808698/784173272125
z4572=20393209001/14376960000
z4573=748104217/368640000
z4574=1969090727/9216000000
z4575=161729947071/164247867800
z4576=17100972463013050377/17087583664309408115
z4577=501845800157/480226085725
z4578=565530779879/528258639775
z4579=215002123531/200475014435
z4580=2641857143/2396160000
z4581=434521915785216/442833828145615
z4582=111524010442/105262777025
z4583=195448065722/183429379825
z4584=62001991/110592000
z4585=188780556047/115015680000
z4586=1763543/768000
z4587=28632019/96000000
z4588=412589439/620019910
z4589=2888126073/3234219370
z4590=68367131/66292375
z4591=3741895758458/3503327967625
z4592=7770250411898/7255324902025
z4593=3706583/6912000
z4594=8766277/15360000
z4595=5365091593/3194880000
z4596=164321411/69120000
z4597=356960677/1728000000
z4598=58698093/87662770
z4599=410886651/460039390
z4600=18916184511/18722039075
z4601=4562083773/4476804425
z4602=883499511206/828097596375
z4603=1878717162374/1755863198775
z4604=10783109/18432000
z4605=30252174877/19169280000
z4606=1239663601/552960000
z4607=2883360959/13824000000
z4608=72809901/107831090
z4609=509669307/570497630
z4610=6965400483/6718497725
z4611=393710910554/368501563725
z4612=796546375898/743701257165
z4613=7737458251/4792320000
z4614=2534759371/1105920000
z4615=5805754037/27648000000
z4616=797450041/791401925
z4617=11672514081/11313188975
z4618=467170710071/437312233575
z4619=192955907131/180239006955
z4620=406740353/399360000
z4621=16619311991/9584640000
z4622=488234093/2304000000
z4623=130373987819229438375969/133487011961620044028660
z4624=381325766094/385530799775
z4625=4249085060079/4270021757480
z4626=1066001950/1023993273
z4627=1672724313/1575687895
z4628=20101475719/18846475545
z4629=28600717/46080000
z4630=1095426181/737280000
z4631=206808691/92160000
z4632=196811253/286007170
z4633=1377678771/1541250190
z4634=78488516732187116/78076609068273725
z4635=23842516238/22894462475
z4636=27070364518/25324870275
z4637=52893150758/49376132675
z4638=378338391/266240000
z4639=1194808547/552960000
z4640=2975448157/13824000000
z4641=44074001405172946977/43962076707800792315
z4642=245160086509/234852726825
z4643=276631607239/258549202875
z4644=528403773079/493049011275
z4645=917873/1280000
z4646=24971023/30720000
z4647=343819/172800
z4648=6577657/9178730
z4649=46043599/51451110
z4650=417635935670299/414294044515000
z4651=800942787/787547500
z4652=1104832177327719/1083802393265000
z4653=5606599509/5584832500
z4654=14229254306/13605564825
z4655=60499081/92160000
z4656=8768819801/9584640000
z4657=65811791/34560000
z4658=423301329/604990810
z4659=2963109303/3313335670
z4660=11048499/11306510
z4661=130637595223696716/131015189927968835
z4662=1262569842/1216711975
z4663=1918984662946/1820872442925
z4664=2176692334882/2015561066925
z4665=84889864683/85224507400
z4666=396682316186/373908919785
z4667=2047838498914/1918216754925
z4668=2563253842786/2397450002925
z4669=92552627/138240000
z4670=13451546611/14376960000
z4671=35908691/18432000
z4672=499755281/2304000000
z4673=651188043/925526270
z4674=4558316301/5096283890
z4675=8530963749/8682728200
z4676=975736603359417513/978437699046795875
z4677=136699261556/130753529095
z4678=747181287502/701800199525
z4679=1256661125278/1175916631925
z4680=63295351/34560000
z4681=7657667/34560000
z4682=121533489/125341210
z4683=1454237451/1474383775
z4684=81160886871/81701491400
z4685=14273001898/13605564825
z4686=3102396218/2908313565
z4687=25423814626/23757591825
z4688=509403017/599040000
z4689=287191237/138240000
z4690=755372939/3456000000
z4691=22354397113773681/22010201822802700
z4692=958799889/943397275
z4693=1853666934030407688730551/1818644782787782088889850
z4694=10827569871/11026849480
z4695=12622764122410461957/12632511620918279575
z4696=176209231237/168705117825
z4697=13710356543/12896668275
z4698=158915537261/148901630025
z4699=19163/27648
z4700=29938057/149760000
z4701=86432251/59904000
z4702=29938057/144000000
z4703=3402747/4790750
z4704=23819229/26623250
z4705=152063252103168/155636402168645
z4706=355856051357486811/355783663178115250
z4707=9679413666/9556031375
z4708=325787818130726071152337149/320240105731869945031730375
z4709=15364791234/14523985625
z4710=28433777/46080000
z4711=5520859009/4792320000
z4712=362153/144000
z4713=195308793/284337770
z4714=1367161551/1529564390
z4715=2426907441/2391071000
z4716=346701063/338153000
z4717=54945486893300012482047/53465471867612038882000
z4718=3813711693/3695683000
z4719=163369003/276480000
z4720=34391044379/28753920000
z4721=1106749827/1633690030
z4722=7747248789/8671030210
z4723=12615914164020633/12484609001566000
z4724=1221976904642/1154999832925
z4725=2205323543618/2072531804125
z4726=74573773/30720000
z4727=162355171/768000000
z4728=196244023/194572465
z4729=193282103/189660425
z4730=209567285434/197774515175
z4731=74691678386/70139302075
z4732=9253499/13824000
z4733=7648343351/7188480000
z4734=107832359/46080000
z4735=247561057/1152000000
z4736=65102931/92534990
z4737=455720517/509504930
z4738=1801797635008144101/1774565880249354175
z4739=2556080277/2503808975
z4740=93226383/91168870
z4741=28116883047/27349898725
z4742=199343634/192599075
z4743=331435917254/312485401825
z4744=577272576998/541868394625
z4745=1470889/2304000
z4746=110730841/92160000
z4747=90524731/34560000
z4748=181924349/864000000
z4749=10208241/14708890
z4750=71457687/79922230
z4751=15202030599/14977827925
z4752=2171718657/2119118275
z4753=5392691780216577021556551/5250298081304377746961450
z4754=20499291538/19300053525
z4755=1993840087/1797120000
z4756=44904149/18432000
z4757=100402027/460800000
z4758=576060102445585161/568648338733341100
z4759=1067105847/1045803725
z4760=163431617068537953256623/159781562955884707836650
z4761=275750441213/259171261450
z4762=14200981/66560000
z4763=17941297/7680000
z4764=14200981/64000000
z4765=1150943/1140870
z4766=423870779/416532425
z4767=103412298101991333106357/101364690649657971003150
z4768=566776455495534875939651/553612139967657768720450
z4769=1110802724085532/1108315339572025
z4770=853599513/819063820
z4771=4552530736/4308808675
z4772=6828796104/6432725275
z4773=453781/480000
z4774=16409177/74880000
z4775=531091/288000
z4776=16409177/72000000
z4777=3452829/4537810
z4778=24169803/26964670
z4779=12180334564179/12139507472750
z4780=17382069/17253250
z4781=2684454916/2553777075
z4782=2042535752958086243/1929679187815775325
z4783=4026682374/3778088555
z4784=16202818029/15091580150
z4785=224019279/229362200
z4786=7030863/7036070
z4787=78401196417330948861/77214425860736430500
z4788=7382251019/7096559025
z4789=138143972991969/141943951200250
z4790=121674483/123772750
z4791=851721381/857409250
z4792=2013341187/1918513105
z4793=5368909832/5049783575
z4794=8053364748/7545790075
z4795=441203/432000
z4796=13586543/59904000
z4797=4576729/2304000
z4798=13586543/57600000
z4799=3402747/4412030
z4800=23819229/26564210
z4801=105408411/104818225
z4802=45788046/45491125
z4803=1159492521/1143400475
z4804=105408411/102898225
z4805=30729582468/28846556225
z4806=5371231/8640000
z4807=2942431/960000
z4808=7896007/24000000
z4809=36979479/53712310
z4810=258856353/289586170
z4811=1399296860885302/1365966121208175
z4812=71549606/69560775
z4813=11668041389810532787741/11322229139119545986025
z4814=1218571081/1157482925
z4815=19789/30000
z4816=34067/10000
z4817=342667/1000000
z4818=4695999/8000000
z4819=138651/197890
z4820=970557/1085230
z4821=5838994/5711725
z4822=462697157/441673105
z4823=5118751/6912000
z4824=46055089/224640000
z4825=2500919/864000
z4826=46055089/216000000
z4827=36979479/51187510
z4828=258856353/289192570
z4829=10011588022677483/9806216635981750
z4830=604183851/589229750
z4831=46975680829370363728401/45698133768081549384500
z4832=21934279458/20797875425
z4833=56737/72000
z4834=18881237/89856000
z4835=53626391/17280000
z4836=18881237/86400000
z4837=415953/567370
z4838=2911671/3251590
z4839=9099159867/8952618425
z4840=1299879981/1268659775
z4841=3866210237876096153181051/3766300550893283450769650
z4842=8328548826/7923908965
z4843=164951/180000
z4844=197453261/898560000
z4845=98611891/34560000
z4846=197453261/864000000
z4847=1247859/1649510
z4848=8735013/9746570
z4849=28089540604326627/27675064785495985
z4850=43026471/42205405
z4851=7061948285788229381280909/6893524832592669768119870
z4852=87737117832/82860679075
z4853=6599/5625
z4854=11704787/49920000
z4855=4743277/1920000
z4856=11704787/48000000
z4857=415953/527920
z4858=2911671/3245440
z4859=22324083/22116385
z4860=245564913/241680235
z4861=1074771701183901/1053551089790095
z4862=4874284324/4584992025
Written witnesses:
Leaf R00000 B=[z0,z1,z2,z3,z4,z5,z6,z7,z8,z9,z8,z8] h=z10 horizon=27 mass=z4.
Cells
  z11:B1:78376479;z12:0:Nlo:3832550;z13:1:S:317592631;z14:0:Nhi:12794100;z15:0:Nhi
  :17462955;z16:1:Nlo:18321476;z17:1:Nhi:63595711;z18:1:Hlip:58531904;z19:1:H:7598
  4028;z20:1:R:86616294;z21:D1:R:18695341;z22:D1:R:4549019;z23:D1:H:23608264;z24:D
  1:Hlip:14460902;z25:D1:Nhi:15551088;z26:D1:Nlo:20627876;z27:D1:S:8094090.
Sum=838694708; test 838694708/1000000000+(1-z4)^7 <= 9943795/10000000.
Leaf R0000100 B=[z0,z28,z29,z30,z4,z5,z6,z7,z8,z31,z8,z8] h=z10 horizon=29
  mass=z6.
Cells
  z32:B1:18643658;z33:0:Nlo:347519042;z14:0:Nhi:24937337;z34:0:Nhi:209692553;z35:1
  :Nhi:58763068;z36:B11/25:16251147;z37:1:Hlip:15010270;z38:1:H:47553511;z20:1:R:3
  7508649;z21:D1:R:18233638;z27:D1:R:57423800;z39:D1:R:63234624;z40:D1:R:660.
Sum=914771957; test 914771957/1000000000+(1-z6)^7 <= 9968796/10000000.
Leaf R000010100 B=[z0,z41,z29,z42,z4,z43,z6,z7,z31,z44,z8,z8] h=z10 horizon=27
  mass=z4.
Cells
  z45:B1:15079504;z46:0:Nlo:345004787;z14:0:Nhi:26891844;z47:0:Nhi:154996269;z48:J
  1:49325438;z49:1:Hlip:50222396;z50:1:H:56622390;z20:1:R:51323174;z21:D1:R:184813
  81;z51:D1:R:22999347;z52:D1:H:33769573;z27:D1:Hlip:7090021.
Sum=831806124; test 831806124/1000000000+(1-z4)^7 <= 9874909/10000000.
Leaf R000010101 B=[z0,z41,z29,z42,z4,z43,z6,z7,z44,z9,z8,z8] h=z10 horizon=27
  mass=z4.
Cells
  z45:B1:15079504;z46:0:Nlo:345004787;z14:0:Nhi:26891844;z53:0:Nhi:70318623;z35:J1
  :171754403;z49:1:Hlip:2833600;z50:1:H:56622390;z20:J1:49872281;z21:JD1:18216312;
  z54:JD1:10307048;z55:D1:H:21644575;z27:JD1:44301842.
Sum=832847209; test 832847209/1000000000+(1-z4)^7 <= 9885320/10000000.
Leaf R000010110 B=[z0,z28,z56,z30,z43,z5,z57,z7,z31,z44,z8,z8] h=z10 horizon=29
  mass=z57.
Cells
  z32:B1:18643658;z33:0:Nlo:347519042;z14:0:Nhi:24937337;z34:0:Nhi:209692553;z35:J
  1:54076061;z36:B11/25:16251147;z37:1:Hlip:15010270;z38:1:H:47553511;z58:1:R:3130
  8850;z21:D1:R:23811713;z59:D1:R:19524535;z60:D1:H:36406759;z27:D1:Hlip:4202852;z
  61:D1:Hlip:17889461;z40:D1:H:52429926.
Sum=919257675; test 919257675/1000000000+(1-z57)^7 <= 9861430/10000000.
Leaf R0000101110 B=[z0,z28,z56,z30,z43,z5,z57,z62,z44,z9,z8,z8] h=z10 horizon=27
  mass=z43.
Cells
  z32:B1:18643658;z33:0:Nlo:347519042;z14:0:Nhi:24937337;z34:0:Nhi:209692553;z35:J
  1:49717511;z36:B11/25:16251147;z37:1:Hlip:15010270;z63:1:H:845781;z64:D1:H:41883
  46;z65:D1:Hlip:60960435;z21:JD1:20886608;z27:JD1:67278238.
Sum=835930926; test 835930926/1000000000+(1-z43)^7 <= 9821582/10000000.
Leaf R0000101111 B=[z0,z28,z56,z30,z43,z5,z66,z7,z44,z9,z8,z8] h=z10 horizon=29
  mass=z66.
Cells
  z32:B1:18643658;z33:0:Nlo:347519042;z14:0:Nhi:24937337;z34:0:Nhi:209692553;z35:J
  1:49717511;z36:B11/25:16251147;z37:1:Hlip:15010270;z38:1:H:47553511;z58:J1:30499
  260;z21:JD1:23712108;z67:JD1:4907732;z68:D1:H:23226608;z27:JD1:44838686;z69:JD1:
  113744882;z40:JD1:2324855.
Sum=972579160; test 972579160/1000000000+(1-z66)^7 <= 9836827/10000000.
Leaf R000011000 B=[z70,z71,z72,z42,z4,z43,z6,z66,z8,z31,z8,z8] h=z10 horizon=29
  mass=z6.
Cells
  z73:B1:68753167;z74:0:Nlo:337608083;z14:0:Nhi:13825757;z47:0:Nhi:154159106;z48:1
  :Nhi:52996248;z49:1:Hlip:50222396;z75:1:H:27318250;z76:D1:H:37200403;z21:D1:R:36
  790148;z27:D1:R:45338742;z39:D1:R:69625153;z40:D1:R:763.
Sum=893838216; test 893838216/1000000000+(1-z6)^7 <= 9759458/10000000.
Leaf R000011001 B=[z70,z71,z72,z42,z4,z43,z77,z7,z8,z31,z8,z8] h=z10 horizon=29
  mass=z77.
Cells
  z73:B1:68753167;z74:0:Nlo:337608083;z14:0:Nhi:13825757;z47:0:Nhi:154159106;z48:1
  :Nhi:52996248;z49:1:Hlip:50222396;z50:1:H:56622391;z20:1:R:51323174;z21:D1:R:181
  32437;z27:D1:R:58520694;z78:D1:R:67796779;z40:D1:R:1101578.
Sum=931061810; test 931061810/1000000000+(1-z77)^7 <= 9437472/10000000.
Leaf R0000110100 B=[z70,z71,z72,z79,z4,z43,z6,z7,z31,z44,z8,z8] h=z10 horizon=27
  mass=z4.
Cells
  z73:B1:68753167;z80:0:Nlo:50123967;z81:J1:117866383;z74:0:Nlo:168991356;z14:0:Nh
  i:13825757;z82:0:Nhi:38502677;z83:J1:99206594;z84:1:Hlip:55169702;z85:1:H:686753
  11;z20:1:R:72078251;z21:D1:R:18385291;z86:D1:R:26795677;z87:D1:H:25040510;z88:D1
  :Hlip:10043219;z27:JD1:4073851.
Sum=837531713; test 837531713/1000000000+(1-z4)^7 <= 9932165/10000000.
Leaf R0000110101 B=[z70,z71,z72,z79,z4,z43,z6,z7,z44,z9,z8,z8] h=z10 horizon=27
  mass=z4.
Cells
  z73:B1:68753167;z80:0:Nlo:50123967;z74:J1:281681031;z14:0:Nhi:13825757;z82:0:Nhi
  :38502677;z84:J1:144669401;z85:1:H:68675311;z20:J1:69970020;z21:JD1:18106283;z89
  :JD1:9514936;z90:D1:H:20368458;z91:D1:Hlip:4695365;z27:JD1:43187247.
Sum=832073620; test 832073620/1000000000+(1-z4)^7 <= 9877584/10000000.
Leaf R00001101100 B=[z70,z71,z92,z42,z4,z43,z6,z66,z31,z44,z8,z8] h=z10 horizon=27
  mass=z4.
Cells
  z73:B1:68753167;z74:0:Nlo:337608083;z14:0:Nhi:13825757;z47:0:Nhi:154159106;z48:J
  1:49325438;z49:1:Hlip:50222396;z75:1:H:27318250;z21:D1:H:74888880;z93:D1:H:30817
  876;z94:D1:Hlip:18210648;z27:JD1:2874461.
Sum=828004062; test 828004062/1000000000+(1-z4)^7 <= 9836889/10000000.
Leaf R00001101101 B=[z70,z71,z92,z42,z4,z43,z77,z7,z31,z44,z8,z8] h=z10 horizon=29
  mass=z77.
Cells
  z73:B1:68753167;z74:0:Nlo:337608083;z14:0:Nhi:13825757;z47:0:Nhi:154159106;z48:J
  1:49325438;z49:1:Hlip:50222396;z50:1:H:56622391;z20:1:R:51323174;z21:D1:R:184813
  81;z95:D1:R:24143110;z96:D1:H:29970521;z97:D1:Hlip:9097005;z27:JD1:1664365;z98:J
  D1:50481792;z78:D1:Hlip:48604193;z40:JD1:1910832.
Sum=966192711; test 966192711/1000000000+(1-z77)^7 <= 9788781/10000000.
Leaf R00001101110 B=[z70,z71,z92,z42,z4,z43,z6,z66,z44,z9,z8,z8] h=z10 horizon=27
  mass=z4.
Cells
  z73:B1:68753167;z74:0:Nlo:337608083;z14:0:Nhi:13825757;z53:0:Nhi:70130534;z35:J1
  :171754403;z49:1:Hlip:2833600;z75:1:H:27318250;z99:D1:H:50994147;z21:D1:Hlip:267
  85825;z27:JD1:70542874.
Sum=840546640; test 840546640/1000000000+(1-z4)^7 <= 9962314/10000000.
Leaf R000011011110 B=[z70,z71,z92,z42,z4,z43,z77,z7,z44,z100,z8,z8] h=z10
  horizon=29 mass=z77.
Cells
  z73:B1:68753167;z74:0:Nlo:337608083;z14:0:Nhi:13825757;z53:0:Nhi:70130534;z35:J1
  :171754403;z49:1:Hlip:2833600;z50:1:H:56622391;z20:J1:49872281;z21:JD1:18011697;
  z101:JD1:16754277;z102:D1:H:23520576;z27:JD1:30216952;z78:JD1:112332185;z40:JD1:
  2268767.
Sum=974504670; test 974504670/1000000000+(1-z77)^7 <= 9871901/10000000.
Leaf R000011011111 B=[z70,z71,z92,z42,z4,z43,z77,z7,z100,z9,z8,z8] h=z10
  horizon=29 mass=z77.
Cells
  z73:B1:68753167;z74:0:Nlo:337608083;z14:0:Nhi:13825757;z53:0:Nhi:70130534;z35:J1
  :164343855;z49:1:Hlip:2833600;z103:1:H:39903851;z104:J1:38737178;z20:J1:25539611
  ;z21:JD1:17524641;z105:JD1:252431;z106:JD1:15629413;z107:D1:H:14433224;z108:D1:H
  lip:4070057;z27:JD1:40084514;z78:JD1:128799392;z40:JD1:2673329.
Sum=985142637; test 985142637/1000000000+(1-z77)^7 <= 9978280/10000000.
Leaf R000011100 B=[z41,z1,z109,z30,z43,z5,z57,z62,z8,z31,z8,z8] h=z10 horizon=29
  mass=z57.
Cells
  z11:B1:78376479;z13:0:Nlo:332328862;z14:0:Nhi:12794100;z34:0:Nhi:208102946;z110:
  1:Nhi:54404712;z35:1:Hlip:4045398;z36:B11/25:16251147;z37:1:Hlip:15010270;z63:1:
  H:845781;z111:D1:H:51038949;z21:D1:R:24151874;z27:D1:R:43537932;z40:D1:R:6257738
  0.
Sum=903465830; test 903465830/1000000000+(1-z57)^7 <= 9703511/10000000.
Leaf R000011101 B=[z41,z1,z109,z30,z43,z5,z66,z7,z8,z31,z8,z8] h=z10 horizon=29
  mass=z66.
Cells
  z11:B1:78376479;z13:0:Nlo:332328862;z14:0:Nhi:12794100;z34:0:Nhi:208102946;z110:
  1:Nhi:54404712;z35:1:Hlip:4045398;z36:B11/25:16251147;z37:1:Hlip:15010270;z38:1:
  H:47553511;z58:1:R:31308850;z21:D1:R:23239245;z27:D1:R:55368649;z69:D1:R:6095546
  5;z40:D1:R:995124.
Sum=940734758; test 940734758/1000000000+(1-z66)^7 <= 9518383/10000000.
Leaf R0000111100 B=[z41,z1,z109,z30,z43,z5,z57,z62,z31,z44,z8,z8] h=z10 horizon=27
  mass=z43.
Cells
  z11:B1:78376479;z13:0:Nlo:332328862;z14:0:Nhi:12794100;z34:0:Nhi:208102946;z35:J
  1:54076062;z36:B11/25:16251147;z37:1:Hlip:15010270;z63:1:H:845781;z21:D1:H:75765
  778;z112:D1:H:24589600;z113:D1:Hlip:17944952;z27:JD1:9527108.
Sum=845613085; test 845613085/1000000000+(1-z43)^7 <= 9918404/10000000.
Leaf R0000111101 B=[z41,z1,z109,z30,z43,z5,z66,z7,z31,z44,z8,z8] h=z10 horizon=29
  mass=z66.
Cells
  z11:B1:78376479;z13:0:Nlo:332328862;z14:0:Nhi:12794100;z34:0:Nhi:208102946;z35:J
  1:54076062;z36:B11/25:16251147;z37:1:Hlip:15010270;z38:1:H:47553511;z58:1:R:3130
  8850;z21:D1:R:23811713;z114:D1:R:15326358;z115:D1:H:32485812;z116:D1:Hlip:948838
  6;z27:JD1:5763747;z69:JD1:98116103;z40:JD1:1917651.
Sum=982711997; test 982711997/1000000000+(1-z66)^7 <= 9938155/10000000.
Leaf R000011111000 B=[z41,z1,z109,z117,z43,z5,z57,z62,z44,z100,z8,z8] h=z10
  horizon=27 mass=z43.
Cells
  z11:B1:78376479;z13:0:Nlo:332328862;z14:0:Nhi:12794100;z118:0:Nhi:64669383;z119:
  J1:169325399;z63:1:H:30285969;z21:D1:H:75765778;z120:D1:H:2538147;z121:D1:Hlip:9
  127838;z27:JD1:49011837.
Sum=824223792; test 824223792/1000000000+(1-z43)^7 <= 9704511/10000000.
Leaf R000011111001 B=[z41,z1,z109,z117,z43,z5,z66,z7,z44,z100,z8,z8] h=z10
  horizon=29 mass=z66.
Cells
  z11:B1:78376479;z13:0:Nlo:332328862;z14:0:Nhi:12794100;z118:0:Nhi:64669383;z119:
  J1:169325399;z122:1:H:58780761;z58:J1:47367217;z21:JD1:23132447;z123:JD1:1100703
  1;z124:D1:H:23410616;z125:D1:Hlip:6893824;z27:JD1:27096855;z69:JD1:109837094;z40
  :JD1:2279585.
Sum=967299653; test 967299653/1000000000+(1-z66)^7 <= 9784031/10000000.
Leaf R00001111101 B=[z41,z1,z109,z117,z43,z5,z57,z7,z100,z9,z8,z8] h=z10
  horizon=27 mass=z43.
Cells
  z11:B1:78376479;z13:0:Nlo:332328862;z14:0:Nhi:12794100;z118:0:Nhi:64669383;z119:
  J1:161958519;z126:1:H:41367572;z127:J1:40420199;z58:J1:22118022;z128:JD1:1480886
  0;z21:JD1:7750894;z129:JD1:10446246;z130:D1:H:14362546;z27:JD1:48568531.
Sum=849970213; test 849970213/1000000000+(1-z43)^7 <= 9961975/10000000.
Leaf R000011111100 B=[z41,z1,z131,z30,z43,z5,z57,z62,z44,z100,z8,z8] h=z10
  horizon=27 mass=z43.
Cells
  z11:B1:78376479;z13:0:Nlo:332328862;z14:0:Nhi:12794100;z34:0:Nhi:208102946;z35:J
  1:49717512;z36:B11/25:16251147;z37:1:Hlip:15010270;z63:1:H:845781;z21:D1:H:75765
  778;z132:D1:H:2813349;z133:D1:Hlip:9101164;z27:JD1:47797570.
Sum=848904958; test 848904958/1000000000+(1-z43)^7 <= 9951323/10000000.
Leaf R0000111111010 B=[z41,z134,z135,z136,z43,z137,z57,z138,z100,z9,z8,z8] h=z10
  horizon=27 mass=z43.
Cells
  z139:B1:73576530;z140:0:Nlo:335025229;z14:0:Nhi:13289941;z141:0:Nhi:82213426;z14
  2:J1:171677217;z143:1:Hlip:8460026;z144:1:H:7344119;z145:D1:H:22809216;z146:D1:H
  lip:15919194;z21:JD1:46843386;z27:JD1:64992964.
Sum=842151248; test 842151248/1000000000+(1-z43)^7 <= 9883785/10000000.
Leaf R00001111110110 B=[z147,z1,z148,z30,z137,z5,z149,z62,z100,z150,z8,z8] h=z10
  horizon=27 mass=z137.
Cells
  z11:B1:78376479;z13:0:Nlo:332328862;z14:0:Nhi:12794100;z151:0:Nhi:92177125;z152:
  J1:187588042;z37:1:Hlip:4886848;z153:1:H:16517721;z38:D1:Hlip:27082985;z21:JD1:4
  0412244;z27:JD1:60300264.
Sum=852464670; test 852464670/1000000000+(1-z137)^7 <= 9941509/10000000.
Leaf R00001111110111 B=[z147,z1,z148,z30,z137,z5,z149,z62,z150,z9,z8,z8] h=z10
  horizon=27 mass=z137.
Cells
  z11:B1:78376479;z13:0:Nlo:332328862;z14:0:Nhi:12794100;z151:0:Nhi:92177125;z152:
  J1:183531450;z37:1:Hlip:4886848;z153:1:H:16517721;z21:JD1:67978314;z27:JD1:62787
  340.
Sum=851378239; test 851378239/1000000000+(1-z137)^7 <= 9930645/10000000.
Leaf R000011111110 B=[z41,z1,z131,z30,z43,z5,z66,z7,z44,z100,z8,z8] h=z10
  horizon=29 mass=z66.
Cells
  z11:B1:78376479;z13:0:Nlo:332328862;z14:0:Nhi:12794100;z34:0:Nhi:208102946;z35:J
  1:49717512;z36:B11/25:16251147;z37:1:Hlip:15010270;z38:1:H:47553511;z58:J1:30499
  260;z21:JD1:23369779;z154:JD1:11662533;z155:D1:H:24375394;z156:D1:Hlip:5759265;z
  27:JD1:25589367;z69:JD1:103858013;z40:JD1:2125204.
Sum=987373642; test 987373642/1000000000+(1-z66)^7 <= 9984771/10000000.
Leaf R0000111111110 B=[z41,z134,z135,z136,z43,z137,z66,z7,z100,z9,z8,z8] h=z10
  horizon=29 mass=z66.
Cells
  z139:B1:73576530;z140:0:Nlo:335025229;z14:0:Nhi:13289941;z141:0:Nhi:82213426;z14
  2:J1:171677217;z143:1:Hlip:8460026;z157:1:H:36552608;z158:J1:34988791;z58:J1:149
  28504;z159:JD1:13691424;z21:JD1:8996231;z160:JD1:11313729;z161:D1:H:15295533;z27
  :JD1:45020982;z69:JD1:115487345;z40:JD1:2416613.
Sum=982934129; test 982934129/1000000000+(1-z66)^7 <= 9940376/10000000.
Leaf R00001111111110 B=[z147,z1,z148,z30,z137,z5,z138,z162,z100,z9,z8,z8] h=z10
  horizon=29 mass=z138.
Cells
  z11:B1:78376479;z13:0:Nlo:332328862;z14:0:Nhi:12794100;z151:0:Nhi:92177125;z36:J
  1:177526982;z37:1:Hlip:15010270;z163:1:H:33692279;z164:J1:9464544;z165:JD1:17840
  439;z21:D1:H:32336525;z166:D1:H:7068704;z167:D1:Hlip:3407507;z27:JD1:56302441;z1
  68:JD1:111573677;z40:JD1:2347384.
Sum=982247318; test 982247318/1000000000+(1-z138)^7 <= 9926150/10000000.
Leaf R00001111111111 B=[z147,z1,z148,z30,z137,z5,z169,z7,z100,z9,z8,z8] h=z10
  horizon=29 mass=z169.
Cells
  z11:B1:78376479;z13:0:Nlo:332328862;z14:0:Nhi:12794100;z151:0:Nhi:92177125;z36:J
  1:177526982;z37:1:Hlip:15010270;z163:1:H:33692279;z170:J1:31892032;z171:J1:79879
  49;z172:JD1:9486749;z21:JD1:15895631;z173:JD1:8671477;z174:D1:H:15582711;z175:D1
  :Hlip:5830923;z27:JD1:40269458;z176:JD1:104076417;z177:JD1:6160337;z40:P:370644.
Sum=988130425; test 988130425/1000000000+(1-z169)^7 <= 9916580/10000000.
Leaf R000100 B=[z0,z178,z2,z179,z5,z180,z181,z182,z8,z31,z8,z8] h=z10 horizon=29
  mass=z181.
Cells
  z183:B1:97179261;z184:0:Nlo:320797186;z14:0:Nhi:11132639;z35:0:Nhi:270715745;z18
  5:B11/25:54524358;z186:D1:Hlip:18393681;z187:D1:H:30066640;z21:D1:R:15344003;z18
  8:D1:R:39205625;z27:D1:H:4627669;z40:D1:H:62479341.
Sum=924466148; test 924466148/1000000000+(1-z181)^7 <= 9784424/10000000.
Leaf R000101 B=[z0,z178,z2,z179,z5,z180,z62,z7,z8,z31,z8,z8] h=z10 horizon=29
  mass=z62.
Cells
  z183:B1:97179261;z184:0:Nlo:320797186;z14:0:Nhi:11132639;z35:0:Nhi:270715745;z18
  9:B11/25:68915616;z190:1:H:39990512;z191:1:R:4134327;z21:D1:R:28706165;z192:D1:R
  :50742791;z27:D1:H:3084956;z193:D1:H:60813651;z194:D1:H:823860;z40:D1:Hlip:20416
  7.
Sum=957240876; test 957240876/1000000000+(1-z62)^7 <= 9669149/10000000.
Leaf R0001100 B=[z0,z178,z2,z195,z5,z180,z181,z7,z31,z44,z8,z8] h=z10 horizon=27
  mass=z5.
Cells
  z183:B1:97179261;z184:0:Nlo:320797186;z14:0:Nhi:11132639;z196:0:Nhi:127883164;z1
  97:J1:53513936;z198:1:Hlip:50969138;z199:1:H:61095840;z191:1:R:46256630;z21:D1:R
  :28658408;z200:D1:R:7375183;z201:D1:H:30846647;z202:D1:Hlip:7467024;z27:JD1:1767
  4826.
Sum=860849882; test 860849882/1000000000+(1-z5)^7 <= 9981165/10000000.
Leaf R0001101 B=[z0,z178,z2,z195,z5,z180,z181,z7,z44,z9,z8,z8] h=z10 horizon=27
  mass=z5.
Cells
  z183:B1:97179261;z184:0:Nlo:320797186;z14:0:Nhi:11132639;z203:0:Nhi:58880840;z19
  8:J1:163376413;z199:1:H:61095840;z191:J1:45025736;z204:JD1:27114939;z21:D1:H:162
  9644;z205:D1:H:18336759;z27:JD1:57948137.
Sum=862517394; test 862517394/1000000000+(1-z5)^7 <= 9997840/10000000.
Leaf R00011100 B=[z0,z206,z3,z179,z5,z180,z181,z7,z31,z44,z8,z8] h=z10 horizon=29
  mass=z181.
Cells
  z207:B1:26556454;z208:0:Nlo:350001371;z14:0:Nhi:21772072;z35:0:Nhi:270715745;z18
  9:B11/25:68915616;z190:1:H:39990512;z191:1:R:4134327;z21:D1:R:29561589;z209:D1:R
  :16667231;z210:D1:H:38878217;z27:D1:Hlip:1224734;z211:D1:Hlip:3388289;z212:D1:H:
  58151159;z40:D1:R:1013918.
Sum=930971234; test 930971234/1000000000+(1-z181)^7 <= 9849474/10000000.
Leaf R0001110100 B=[z0,z213,z3,z214,z5,z215,z181,z216,z44,z9,z8,z8] h=z10
  horizon=27 mass=z5.
Cells
  z217:B1:22482779;z218:0:Nlo:349139915;z14:0:Nhi:23247523;z219:0:Nhi:249659874;z3
  5:J1:17912145;z220:B11/25:30638210;z221:JD1:11123395;z222:1:Hlip:10183495;z223:1
  :H:14310399;z21:JD1:60463866;z27:JD1:64949176.
Sum=854110777; test 854110777/1000000000+(1-z5)^7 <= 9913774/10000000.
Leaf R0001110101 B=[z0,z206,z224,z179,z215,z180,z225,z182,z44,z9,z8,z8] h=z10
  horizon=27 mass=z215.
Cells
  z207:B1:26556454;z208:0:Nlo:350001371;z14:0:Nhi:21772072;z35:0:Nhi:270715745;z22
  6:B11/25:47693458;z189:JD1:19078961;z227:1:H:12608620;z21:JD1:50896318;z27:JD1:6
  2695095.
Sum=862018094; test 862018094/1000000000+(1-z215)^7 <= 9907988/10000000.
Leaf R000111011 B=[z0,z206,z3,z179,z5,z180,z62,z7,z44,z9,z8,z8] h=z10 horizon=29
  mass=z62.
Cells
  z207:B1:26556454;z208:0:Nlo:350001371;z14:0:Nhi:21772072;z35:0:Nhi:270715745;z22
  8:B11/25:36981173;z189:J1:31688676;z229:1:H:35877087;z191:J1:8118319;z230:JD1:25
  338085;z21:D1:H:4464536;z231:D1:H:23963513;z27:JD1:45810643;z193:JD1:101265084;z
  40:JD1:2071580.
Sum=984624338; test 984624338/1000000000+(1-z62)^7 <= 9942983/10000000.
Leaf R0001111000 B=[z28,z232,z233,z214,z5,z215,z181,z216,z31,z44,z8,z8] h=z10
  horizon=27 mass=z5.
Cells
  z234:B1:87870917;z235:0:Nlo:326678681;z14:0:Nhi:11905692;z236:0:Nhi:235672149;z3
  5:J1:30794004;z221:B11/25:42042155;z222:1:Hlip:10183495;z237:D1:Hlip:29451277;z2
  1:D1:H:33206724;z238:D1:H:21575037;z239:D1:Hlip:17245651;z27:JD1:11907239.
Sum=858533021; test 858533021/1000000000+(1-z5)^7 <= 9957996/10000000.
Leaf R0001111001 B=[z213,z178,z240,z179,z215,z180,z225,z182,z31,z44,z8,z8] h=z10
  horizon=29 mass=z225.
Cells
  z183:B1:97179261;z184:0:Nlo:320797186;z14:0:Nhi:11132639;z35:0:Nhi:267778384;z22
  6:B11/25:47693458;z189:JD1:20024375;z241:1:H:11164596;z242:D1:Hlip:24942771;z21:
  D1:H:18186602;z243:D1:H:18574595;z244:D1:Hlip:16792539;z27:JD1:14111311;z40:JD1:
  85287969.
Sum=953665686; test 953665686/1000000000+(1-z225)^7 <= 9969301/10000000.
Leaf R0001111010 B=[z28,z232,z233,z214,z5,z215,z62,z7,z31,z44,z8,z8] h=z10
  horizon=29 mass=z62.
Cells
  z234:B1:87870917;z235:0:Nlo:326678681;z14:0:Nhi:11905692;z236:0:Nhi:235672149;z3
  5:J1:30794004;z245:B11/25:26141315;z222:1:Hlip:26983241;z246:1:H:48540176;z191:1
  :R:7618763;z21:D1:R:29292037;z247:D1:R:8940283;z248:D1:H:34914096;z249:D1:Hlip:9
  034410;z27:JD1:7440554;z193:JD1:90258921;z40:JD1:1787024.
Sum=983872263; test 983872263/1000000000+(1-z62)^7 <= 9935463/10000000.
Leaf R0001111011 B=[z213,z178,z240,z179,z215,z180,z216,z7,z31,z44,z8,z8] h=z10
  horizon=29 mass=z216.
Cells
  z183:B1:97179261;z184:0:Nlo:320797186;z14:0:Nhi:11132639;z35:0:Nhi:267778384;z18
  9:B11/25:68915616;z250:1:H:37195415;z251:D1:H:17799863;z21:D1:R:17097310;z252:D1
  :R:6278062;z253:D1:H:33587059;z254:D1:Hlip:8691653;z27:JD1:9109224;z255:JD1:8297
  7925;z40:JD1:1657166.
Sum=980196763; test 980196763/1000000000+(1-z216)^7 <= 9886020/10000000.
Leaf R00011111000 B=[z28,z232,z233,z256,z5,z215,z181,z216,z44,z9,z8,z8] h=z10
  horizon=27 mass=z5.
Cells
  z234:B1:87870917;z235:0:Nlo:326678682;z14:0:Nhi:11905692;z257:0:Nhi:186191110;z3
  5:J1:66385157;z258:1:Hlip:19417601;z220:1:H:7453879;z259:D1:H:21113717;z260:D1:H
  lip:32514387;z21:JD1:32267037;z27:JD1:68262451.
Sum=860060630; test 860060630/1000000000+(1-z5)^7 <= 9973272/10000000.
Leaf R000111110010 B=[z28,z232,z233,z256,z5,z215,z62,z7,z44,z100,z8,z8] h=z10
  horizon=29 mass=z62.
Cells
  z234:B1:87870917;z235:0:Nlo:326678682;z14:0:Nhi:11905692;z257:0:Nhi:186191110;z3
  5:J1:66385157;z258:1:Hlip:19417601;z261:1:H:51221211;z191:J1:29622093;z21:JD1:28
  528177;z262:JD1:5862946;z263:D1:H:24110827;z27:JD1:36393743;z193:JD1:102169620;z
  40:JD1:2148116.
Sum=978505892; test 978505892/1000000000+(1-z62)^7 <= 9881799/10000000.
Leaf R0001111100110 B=[z28,z264,z265,z266,z5,z267,z62,z7,z100,z9,z8,z8] h=z10
  horizon=29 mass=z62.
Cells
  z268:B1:83143853;z269:0:Nlo:329540476;z14:0:Nhi:12333922;z270:0:Nhi:74736063;z35
  :J1:163587339;z271:1:Hlip:8216245;z272:1:H:38633907;z273:J1:37300309;z191:J1:120
  40215;z274:JD1:10021760;z21:JD1:17748065;z275:JD1:5562357;z276:D1:H:15015330;z27
  7:D1:Hlip:1891769;z27:JD1:48141949;z193:JD1:115769297;z40:JD1:2447418.
Sum=976130274; test 976130274/1000000000+(1-z62)^7 <= 9858043/10000000.
Leaf R0001111100111 B=[z278,z232,z279,z256,z267,z215,z280,z7,z100,z9,z8,z8] h=z10
  horizon=29 mass=z280.
Cells
  z234:B1:87870917;z235:0:Nlo:326678682;z14:0:Nhi:11905692;z281:0:Nhi:83368930;z28
  2:J1:172317055;z258:1:Hlip:9203583;z283:1:H:36215614;z284:J1:34619302;z285:J1:54
  36994;z286:JD1:5548901;z21:JD1:24945801;z287:JD1:2934470;z288:D1:H:15238043;z27:
  JD1:51559991;z289:JD1:112065737;z40:JD1:2373606.
Sum=982283318; test 982283318/1000000000+(1-z280)^7 <= 9913038/10000000.
Leaf R0001111101000 B=[z28,z232,z290,z214,z5,z215,z181,z291,z44,z100,z8,z8] h=z10
  horizon=27 mass=z5.
Cells
  z234:B1:87870917;z235:0:Nlo:326678681;z14:0:Nhi:11905692;z292:0:Nhi:198265216;z2
  1:JD1:166215492;z27:JD1:55714587.
Sum=846650585; test 846650585/1000000000+(1-z5)^7 <= 9839172/10000000.
Leaf R0001111101001 B=[z28,z232,z290,z214,z5,z215,z293,z216,z44,z100,z8,z8] h=z10
  horizon=29 mass=z293.
Cells
  z234:B1:87870917;z235:0:Nlo:326678681;z14:0:Nhi:11905692;z236:0:Nhi:235672149;z3
  5:J1:28420947;z220:B11/25:30638210;z221:JD1:11083513;z222:1:Hlip:10183495;z223:1
  :H:14310399;z294:JD1:13594545;z21:D1:Hlip:40978625;z295:D1:Hlip:10610507;z27:JD1
  :47966901;z296:JD1:97984478;z40:JD1:573036.
Sum=968472095; test 968472095/1000000000+(1-z293)^7 <= 9925581/10000000.
Leaf R000111110101000 B=[z28,z264,z297,z298,z5,z267,z181,z299,z100,z150,z8,z8]
  h=z10 horizon=27 mass=z5.
Cells
  z268:B1:83143853;z269:0:Nlo:329540476;z14:0:Nhi:12333922;z300:0:Nhi:181832420;z2
  1:JD1:169059382;z27:JD1:56202387.
Sum=832112440; test 832112440/1000000000+(1-z5)^7 <= 9693790/10000000.
Leaf R000111110101001 B=[z28,z264,z297,z298,z5,z267,z293,z280,z100,z150,z8,z8]
  h=z10 horizon=29 mass=z293.
Cells
  z268:B1:83143853;z269:0:Nlo:329540476;z14:0:Nhi:12333922;z301:0:Nhi:229074736;z3
  5:J1:31488369;z302:B11/25:12569545;z303:J1:12440627;z304:JD1:8540676;z305:1:Hlip
  :8092075;z306:1:H:15338608;z21:JD1:60946433;z27:JD1:59532562;z296:JD1:99637657;z
  40:JD1:587761.
Sum=963267300; test 963267300/1000000000+(1-z293)^7 <= 9873533/10000000.
Leaf R000111110101010 B=[z28,z264,z297,z298,z5,z267,z181,z299,z150,z9,z8,z8] h=z10
  horizon=27 mass=z5.
Cells
  z268:B1:83143853;z269:0:Nlo:329540476;z14:0:Nhi:12333922;z300:0:Nhi:181832420;z2
  1:JD1:169193926;z27:JD1:58984595.
Sum=835029192; test 835029192/1000000000+(1-z5)^7 <= 9722958/10000000.
Leaf R000111110101011 B=[z28,z264,z297,z298,z5,z267,z293,z280,z150,z9,z8,z8] h=z10
  horizon=29 mass=z293.
Cells
  z268:B1:83143853;z269:0:Nlo:329540476;z14:0:Nhi:12333922;z307:0:Nhi:100524285;z3
  03:J1:183167296;z21:JD1:92789707;z27:JD1:62055650;z296:JD1:107870109;z40:JD1:649
  105.
Sum=972074403; test 972074403/1000000000+(1-z293)^7 <= 9961604/10000000.
Leaf R00011111010110 B=[z278,z232,z308,z214,z267,z215,z309,z216,z100,z150,z8,z8]
  h=z10 horizon=27 mass=z267.
Cells
  z234:B1:87870917;z235:0:Nlo:326678681;z14:0:Nhi:11905692;z310:0:Nhi:223729596;z3
  5:J1:37761585;z311:B11/25:23793497;z21:JD1:96060293;z27:JD1:58773173.
Sum=866573434; test 866573434/1000000000+(1-z267)^7 <= 9995391/10000000.
Leaf R000111110101110 B=[z278,z232,z308,z214,z267,z215,z309,z291,z150,z9,z8,z8]
  h=z10 horizon=27 mass=z267.
Cells
  z234:B1:87870917;z235:0:Nlo:326678681;z14:0:Nhi:11905692;z312:0:Nhi:185811955;z2
  1:JD1:171721406;z27:JD1:58392356.
Sum=842381007; test 842381007/1000000000+(1-z267)^7 <= 9753466/10000000.
Leaf R000111110101111 B=[z278,z232,z308,z214,z267,z215,z299,z216,z150,z9,z8,z8]
  h=z10 horizon=29 mass=z299.
Cells
  z234:B1:87870917;z235:0:Nlo:326678681;z14:0:Nhi:11905692;z310:0:Nhi:223729596;z3
  5:J1:36897934;z313:B11/25:11752984;z311:J1:11836938;z21:JD1:95731777;z27:JD1:613
  30984;z314:JD1:104190408;z40:JD1:639517.
Sum=972565428; test 972565428/1000000000+(1-z299)^7 <= 9945292/10000000.
Leaf R0001111101100 B=[z28,z264,z297,z298,z5,z267,z62,z7,z44,z100,z8,z8] h=z10
  horizon=29 mass=z62.
Cells
  z268:B1:83143853;z269:0:Nlo:329540476;z14:0:Nhi:12333922;z301:0:Nhi:229074736;z3
  5:J1:32964580;z315:B11/25:21624479;z305:1:Hlip:21158498;z316:1:H:43993805;z191:J
  1:19210530;z21:JD1:28820617;z317:JD1:6616652;z318:D1:H:26356490;z319:D1:Hlip:133
  31810;z27:JD1:18216127;z193:JD1:91837719;z40:JD1:1873651.
Sum=980097945; test 980097945/1000000000+(1-z62)^7 <= 9897719/10000000.
Leaf R0001111101101 B=[z278,z232,z308,z214,z267,z215,z280,z7,z44,z100,z8,z8] h=z10
  horizon=29 mass=z280.
Cells
  z234:B1:87870917;z235:0:Nlo:326678681;z14:0:Nhi:11905692;z310:0:Nhi:223729596;z3
  5:J1:39489064;z245:B11/25:26141315;z222:J1:26953452;z320:1:H:40917440;z285:J1:11
  657757;z21:JD1:31714599;z321:JD1:3661993;z322:D1:H:27048774;z323:D1:Hlip:1340132
  8;z27:JD1:19121322;z289:JD1:88255207;z40:JD1:1807970.
Sum=980355107; test 980355107/1000000000+(1-z280)^7 <= 9893756/10000000.
Leaf R00011111011100 B=[z28,z264,z297,z298,z5,z267,z62,z324,z100,z9,z8,z8] h=z10
  horizon=29 mass=z62.
Cells
  z268:B1:83143853;z269:0:Nlo:329540476;z14:0:Nhi:12333922;z301:0:Nhi:229074736;z3
  05:J1:73776651;z325:1:H:31230044;z326:J1:307341;z327:JD1:847934;z21:D1:H:5121924
  0;z328:D1:H:4822017;z329:D1:Hlip:5099768;z27:JD1:56097720;z193:JD1:107767929;z40
  :JD1:2277172.
Sum=987538803; test 987538803/1000000000+(1-z62)^7 <= 9972128/10000000.
Leaf R00011111011101 B=[z28,z264,z297,z298,z5,z267,z162,z7,z100,z9,z8,z8] h=z10
  horizon=29 mass=z162.
Cells
  z268:B1:83143853;z269:0:Nlo:329540476;z14:0:Nhi:12333922;z301:0:Nhi:229074736;z3
  05:J1:73776651;z325:1:H:31230044;z330:J1:29293029;z191:J1:1631281;z331:JD1:25651
  68;z21:JD1:25584906;z332:JD1:5956785;z333:D1:H:15894815;z277:D1:Hlip:545294;z27:
  JD1:46965653;z334:JD1:100721213;z335:JD1:5869669;z40:P:357608.
Sum=994485103; test 994485103/1000000000+(1-z162)^7 <= 9978734/10000000.
Leaf R00011111011110 B=[z278,z232,z308,z214,z267,z215,z280,z336,z100,z9,z8,z8]
  h=z10 horizon=29 mass=z280.
Cells
  z234:B1:87870917;z235:0:Nlo:326678681;z14:0:Nhi:11905692;z310:0:Nhi:223729596;z3
  5:J1:37761585;z245:B11/25:26141315;z222:J1:25727779;z337:1:H:21123347;z21:D1:H:5
  3634039;z338:D1:H:2551690;z339:D1:Hlip:6430345;z27:JD1:56364994;z289:JD1:1040672
  44;z40:JD1:2205976.
Sum=986193200; test 986193200/1000000000+(1-z280)^7 <= 9952137/10000000.
Leaf R00011111011111 B=[z278,z232,z308,z214,z267,z215,z324,z7,z100,z9,z8,z8] h=z10
  horizon=29 mass=z324.
Cells
  z234:B1:87870917;z235:0:Nlo:326678681;z14:0:Nhi:11905692;z310:0:Nhi:223729596;z3
  5:J1:37761585;z245:B11/25:26141315;z222:J1:25727779;z294:1:H:29092401;z285:J1:22
  753591;z21:JD1:31003659;z340:JD1:3160756;z341:D1:H:16234360;z27:JD1:48942101;z34
  2:JD1:97457966;z343:JD1:5584209;z40:P:344563.
Sum=994389171; test 994389171/1000000000+(1-z324)^7 <= 9976428/10000000.
Leaf R000111111000 B=[z213,z344,z345,z179,z215,z180,z225,z346,z44,z9,z8,z8] h=z10
  horizon=27 mass=z215.
Cells
  z347:B1:61368253;z348:0:Nlo:341275381;z14:0:Nhi:14732682;z349:0:Nhi:212917355;z3
  5:JD1:51277194;z350:B11/25:6889186;z21:JD1:110861414;z27:JD1:60616321.
Sum=859937786; test 859937786/1000000000+(1-z215)^7 <= 9887185/10000000.
Leaf R000111111001 B=[z213,z344,z345,z179,z215,z180,z291,z182,z44,z9,z8,z8] h=z10
  horizon=29 mass=z291.
Cells
  z347:B1:61368253;z348:0:Nlo:341275381;z14:0:Nhi:14732682;z351:0:Nhi:239746477;z3
  5:J1:26799554;z226:B11/25:47693458;z189:JD1:19078961;z241:1:H:11164596;z21:JD1:5
  2286825;z27:JD1:63566507;z352:JD1:97213310;z40:JD1:580195.
Sum=975506199; test 975506199/1000000000+(1-z291)^7 <= 9955100/10000000.
Leaf R00011111101 B=[z213,z344,z345,z179,z215,z180,z216,z7,z44,z9,z8,z8] h=z10
  horizon=29 mass=z216.
Cells
  z347:B1:61368253;z348:0:Nlo:341275381;z14:0:Nhi:14732682;z351:0:Nhi:239746477;z3
  5:J1:26799554;z228:B11/25:36981173;z189:J1:31688676;z229:1:H:35877088;z250:J1:13
  14242;z353:JD1:4844259;z21:D1:H:30235700;z354:D1:H:18384427;z27:JD1:49460008;z25
  5:JD1:95295732;z40:JD1:1966410.
Sum=989970062; test 989970062/1000000000+(1-z216)^7 <= 9983753/10000000.
Leaf R0001111111000 B=[z355,z356,z357,z358,z215,z180,z225,z182,z44,z100,z8,z8]
  h=z359 horizon=27 mass=z215.
Cells
  z360:B1:79507487;z361:0:Nlo:331676822;z14:0:Nhi:12682169;z362:0:Nhi:238486141;z3
  5:J1:25925231;z363:B11/25:44011366;z364:JD1:48531089;z21:D1:Hlip:30306308;z365:D
  1:Hlip:23521336;z27:JD1:32570056.
Sum=867218005; test 867218005/1000000000+(1-z215)^7 <= 9959987/10000000.
Leaf R00011111110010 B=[z355,z366,z367,z368,z215,z369,z225,z370,z100,z9,z8,z8]
  h=z359 horizon=27 mass=z215.
Cells
  z371:B1:75315202;z372:0:Nlo:334062248;z14:0:Nhi:13106293;z373:0:Nhi:218257203;z3
  5:J1:42178517;z374:B11/25:22147784;z21:JD1:98503990;z27:JD1:60695175.
Sum=864266412; test 864266412/1000000000+(1-z215)^7 <= 9930471/10000000.
Leaf R00011111110011 B=[z375,z356,z376,z377,z369,z180,z378,z182,z100,z9,z8,z8]
  h=z379 horizon=27 mass=z369.
Cells
  z360:B1:79507487;z361:0:Nlo:331676822;z14:0:Nhi:12682169;z380:0:Nhi:208115687;z3
  5:J1:51791591;z381:B11/25:20530009;z21:JD1:98356239;z27:JD1:58656776.
Sum=861316780; test 861316780/1000000000+(1-z369)^7 <= 9860260/10000000.
Leaf R0001111111010 B=[z355,z356,z357,z382,z215,z180,z216,z7,z44,z9,z8,z8] h=z359
  horizon=29 mass=z216.
Cells
  z360:B1:79507487;z361:0:Nlo:331676822;z14:0:Nhi:12682169;z383:0:Nhi:165019177;z3
  5:J1:89137240;z384:B11/25:15083459;z385:1:Hlip:13832851;z386:1:H:45958565;z250:J
  1:21048015;z387:JD1:26025952;z21:D1:H:8120466;z388:D1:H:18918391;z27:JD1:4954717
  0;z255:JD1:103259358;z40:JD1:2166707.
Sum=981983829; test 981983829/1000000000+(1-z216)^7 <= 9903891/10000000.
Leaf R0001111111011 B=[z355,z356,z389,z358,z215,z180,z216,z7,z44,z9,z8,z8] h=z359
  horizon=29 mass=z216.
Cells
  z360:B1:79507487;z361:0:Nlo:331676822;z14:0:Nhi:12682169;z362:0:Nhi:238486141;z3
  5:J1:25925231;z390:B11/25:29728744;z391:J1:31259662;z364:1:H:36578846;z250:J1:66
  12745;z392:JD1:19756744;z21:D1:H:15050808;z393:D1:H:21157903;z27:JD1:45062088;z2
  55:JD1:91673332;z40:JD1:1887566.
Sum=987046288; test 987046288/1000000000+(1-z216)^7 <= 9954515/10000000.
Leaf R00011111111 B=[z394,z178,z240,z395,z215,z180,z225,z7,z44,z9,z8,z8] h=z396
  horizon=27 mass=z215.
Cells
  z183:B1:97179261;z184:0:Nlo:320797185;z14:0:Nhi:11132639;z397:0:Nhi:139935284;z3
  5:J1:107859490;z398:1:Hlip:5016632;z399:1:H:41068193;z250:J1:42826329;z21:JD1:31
  187195;z400:JD1:10270700;z401:D1:H:17558814;z27:JD1:35730189.
Sum=860561911; test 860561911/1000000000+(1-z215)^7 <= 9893426/10000000.
Leaf R00100 B=[z0,z1,z2,z3,z4,z5,z6,z7,z9,z402,z8,z8] h=z10 horizon=27 mass=z4.
Cells
  z11:B1:78376479;z12:0:Nlo:3832550;z18:J1:423550342;z403:1:H:25385590;z20:J1:1272
  56858;z21:J1:17817808;z23:J1:33282596;z26:J1:63484341;z27:P:10940932.
Sum=783927496; test 783927496/1000000000+(1-z4)^7 <= 9396123/10000000.
Leaf R001010 B=[z0,z232,z2,z224,z5,z215,z181,z7,z9,z402,z8,z8] h=z10 horizon=27
  mass=z5.
Cells
  z234:B1:87870917;z404:0:Nlo:35728342;z405:J1:455710246;z35:1:H:28765867;z191:J1:
  90285674;z21:J1:28938733;z205:J1:23027148;z406:J1:64322725;z27:P:18449343.
Sum=833098995; test 833098995/1000000000+(1-z5)^7 <= 9703656/10000000.
Leaf R0010110 B=[z0,z178,z2,z195,z215,z180,z225,z7,z9,z407,z8,z8] h=z10 horizon=27
  mass=z215.
Cells
  z183:B1:97179261;z184:0:Nlo:320797186;z14:0:Nhi:11132639;z203:0:Nhi:58880840;z19
  8:J1:149300895;z408:1:H:25831670;z250:J1:69915866;z409:JD1:21498084;z410:D1:H:59
  38716;z411:D1:Hlip:3267179;z21:JD1:3295890;z27:JD1:99695807.
Sum=866734033; test 866734033/1000000000+(1-z215)^7 <= 9955147/10000000.
Leaf R0010111 B=[z0,z178,z2,z195,z215,z180,z225,z7,z407,z402,z8,z8] h=z10
  horizon=27 mass=z215.
Cells
  z183:B1:97179261;z412:0:Nlo:70035702;z413:J1:173948508;z414:J1:113349282;z21:J1:
  258502495;z415:J1:29900215;z416:J1:33991109;z417:J1:16988884;z27:P:22097629.
Sum=815993085; test 815993085/1000000000+(1-z215)^7 <= 9447738/10000000.
Leaf R0011000000 B=[z0,z418,z419,z420,z4,z421,z6,z7,z9,z422,z8,z8] h=z10
  horizon=27 mass=z4.
Cells
  z423:B1:63917165;z424:0:Nlo:340052598;z14:0:Nhi:14406583;z425:J1:201117415;z426:
  1:H:28283031;z20:J1:87992329;z21:JD1:17130097;z427:JD1:16472647;z428:D1:H:633422
  0;z429:D1:Hlip:3934190;z27:JD1:52200868.
Sum=831841143; test 831841143/1000000000+(1-z4)^7 <= 9875259/10000000.
Leaf R0011000001 B=[z0,z71,z430,z42,z421,z43,z431,z7,z9,z422,z8,z8] h=z10
  horizon=27 mass=z421.
Cells
  z73:B1:68753167;z74:0:Nlo:337608083;z14:0:Nhi:13825757;z53:0:Nhi:70318623;z35:J1
  :157092993;z49:1:Hlip:2833600;z432:1:H:19464123;z433:J1:79658523;z21:JD1:1967602
  1;z434:JD1:14216781;z435:D1:H:6252923;z436:D1:Hlip:320211;z27:JD1:57214700.
Sum=847235505; test 847235505/1000000000+(1-z421)^7 <= 9981281/10000000.
Leaf R001100001 B=[z0,z71,z72,z42,z4,z43,z6,z7,z422,z437,z8,z8] h=z10 horizon=27
  mass=z4.
Cells
  z73:B1:68753167;z74:0:Nlo:337608083;z14:0:Nhi:13825757;z53:0:Nhi:70318623;z438:J
  1:81530872;z35:J1:68926180;z49:1:Hlip:2833600;z432:1:H:19464123;z20:J1:80349313;
  z21:JD1:16981470;z439:JD1:11677165;z440:D1:H:5560549;z441:JD1:19662391;z27:JD1:4
  6348886.
Sum=843840179; test 843840179/1000000000+(1-z4)^7 <= 9995250/10000000.
Leaf R001100010 B=[z0,z71,z72,z42,z4,z43,z6,z7,z437,z442,z8,z8] h=z10 horizon=27
  mass=z4.
Cells
  z73:B1:68753167;z74:0:Nlo:337608083;z14:0:Nhi:13825757;z443:0:Nhi:39650299;z444:
  J1:40647722;z445:J1:134337443;z49:1:Hlip:1404821;z104:J1:74238144;z20:J1:2395799
  9;z446:JD1:8583684;z21:JD1:8317607;z447:JD1:47692234;z27:JD1:39351160.
Sum=838368120; test 838368120/1000000000+(1-z4)^7 <= 9940529/10000000.
Leaf R001100011 B=[z0,z71,z72,z42,z4,z43,z6,z7,z442,z407,z8,z8] h=z10 horizon=27
  mass=z4.
Cells
  z73:B1:68753167;z74:0:Nlo:337608083;z14:0:Nhi:13825757;z448:0:Nhi:17025464;z449:
  J1:158143914;z20:J1:131622205;z21:JD1:16891118;z450:JD1:18324888;z451:JD1:383991
  90;z27:JD1:34178281.
Sum=834772067; test 834772067/1000000000+(1-z4)^7 <= 9904569/10000000.
Leaf R0011001 B=[z0,z71,z72,z42,z4,z43,z6,z7,z407,z402,z8,z8] h=z10 horizon=27
  mass=z4.
Cells
  z73:B1:68753167;z74:0:Nlo:337608084;z14:0:Nhi:13825757;z444:J1:75280518;z21:J1:2
  42738726;z452:J1:46323512;z453:J1:33982889;z88:J1:15503179;z27:P:8238078.
Sum=842253910; test 842253910/1000000000+(1-z4)^7 <= 9979387/10000000.
Leaf R001101000 B=[z0,z1,z109,z117,z43,z5,z57,z7,z9,z437,z8,z8] h=z10 horizon=27
  mass=z43.
Cells
  z11:B1:78376479;z13:0:Nlo:332328862;z14:0:Nhi:12794100;z118:0:Nhi:64844906;z119:
  J1:154801004;z454:1:H:21760606;z58:J1:79830831;z21:JD1:22454914;z455:JD1:7058588
  ;z456:D1:H:5660256;z27:JD1:72115343.
Sum=852025889; test 852025889/1000000000+(1-z43)^7 <= 9982532/10000000.
Leaf R0011010010 B=[z0,z28,z79,z30,z43,z5,z57,z7,z9,z437,z8,z8] h=z10 horizon=27
  mass=z43.
Cells
  z32:B1:18643658;z33:0:Nlo:347519042;z14:0:Nhi:24937337;z151:0:Nhi:92538306;z37:J
  1:184584707;z153:1:H:16517721;z58:J1:58399043;z21:JD1:22660974;z457:JD1:7397170;
  z458:D1:H:7648086;z27:JD1:64296239.
Sum=845142283; test 845142283/1000000000+(1-z43)^7 <= 9913696/10000000.
Leaf R00110100110000 B=[z41,z134,z135,z136,z43,z137,z57,z138,z9,z459,z8,z8] h=z10
  horizon=27 mass=z43.
Cells
  z139:B1:73576530;z140:0:Nlo:335025229;z14:0:Nhi:13289941;z141:0:Nhi:82213426;z14
  2:J1:164171707;z143:1:Hlip:8460026;z144:1:H:7344119;z460:D1:H:16570129;z461:D1:H
  lip:10149713;z21:JD1:58948704;z27:JD1:66019985.
Sum=835769509; test 835769509/1000000000+(1-z43)^7 <= 9819968/10000000.
Leaf R00110100110001 B=[z41,z134,z135,z136,z43,z137,z66,z7,z9,z459,z8,z8] h=z10
  horizon=29 mass=z66.
Cells
  z139:B1:73576530;z140:0:Nlo:335025229;z14:0:Nhi:13289941;z141:0:Nhi:82213426;z14
  2:J1:164171707;z143:1:Hlip:8460026;z462:1:H:17879838;z58:J1:66724495;z21:JD1:221
  26319;z463:JD1:13163223;z464:D1:H:9079325;z465:D1:Hlip:2203363;z27:JD1:47897622;
  z69:JD1:121425441;z40:JD1:2570359.
Sum=979806844; test 979806844/1000000000+(1-z66)^7 <= 9909103/10000000.
Leaf R0011010011001 B=[z41,z134,z135,z136,z43,z137,z57,z7,z459,z422,z8,z8] h=z10
  horizon=27 mass=z43.
Cells
  z139:B1:73576530;z140:0:Nlo:335025229;z14:0:Nhi:13289941;z141:0:Nhi:82213426;z46
  6:J1:134682633;z143:J1:34342135;z462:1:H:17879838;z58:J1:65789811;z21:JD1:219935
  00;z463:JD1:13204377;z467:D1:H:5520816;z468:JD1:11752286;z27:JD1:43951509.
Sum=853222031; test 853222031/1000000000+(1-z43)^7 <= 9994493/10000000.
Leaf R0011010011010 B=[z41,z134,z135,z136,z43,z137,z57,z7,z422,z469,z8,z8] h=z10
  horizon=27 mass=z43.
Cells
  z139:B1:73576530;z140:0:Nlo:335025229;z14:0:Nhi:13289941;z141:0:Nhi:82213426;z47
  0:J1:98298048;z143:J1:67168349;z462:1:H:17879838;z58:J1:65023143;z21:JD1:2190449
  3;z471:JD1:10654429;z472:D1:H:5041819;z473:JD1:21434461;z27:JD1:39300510.
Sum=850810216; test 850810216/1000000000+(1-z43)^7 <= 9970375/10000000.
Leaf R0011010011011 B=[z41,z134,z135,z136,z43,z137,z57,z7,z469,z437,z8,z8] h=z10
  horizon=27 mass=z43.
Cells
  z139:B1:73576530;z140:0:Nlo:335025229;z14:0:Nhi:13289941;z474:0:Nhi:69976665;z47
  5:J1:75792525;z58:J1:180771942;z21:JD1:21853941;z476:JD1:10581589;z477:D1:H:2480
  378;z463:D1:Hlip:249860;z478:JD1:29455734;z27:JD1:35663947.
Sum=848718281; test 848718281/1000000000+(1-z43)^7 <= 9949456/10000000.
Leaf R0011010011100 B=[z147,z1,z148,z479,z137,z5,z149,z7,z9,z422,z8,z8] h=z10
  horizon=27 mass=z137.
Cells
  z11:B1:78376479;z13:0:Nlo:332328864;z14:0:Nhi:12794100;z480:0:Nhi:80029161;z481:
  J1:163073617;z482:1:Hlip:7127822;z483:1:H:18169945;z171:J1:65690438;z21:JD1:2480
  5415;z484:JD1:7633178;z485:D1:H:8822744;z27:JD1:58426971.
Sum=857278734; test 857278734/1000000000+(1-z137)^7 <= 9989650/10000000.
Leaf R00110100111010 B=[z147,z1,z486,z30,z137,z5,z149,z62,z9,z422,z8,z8] h=z10
  horizon=27 mass=z137.
Cells
  z11:B1:78376479;z13:0:Nlo:332328862;z14:0:Nhi:12794100;z151:0:Nhi:92177125;z152:
  J1:179516317;z37:1:Hlip:4886848;z153:1:H:16517721;z21:JD1:69740299;z27:JD1:68822
  187.
Sum=855159938; test 855159938/1000000000+(1-z137)^7 <= 9968462/10000000.
Leaf R001101001110110 B=[z147,z1,z486,z30,z137,z5,z138,z7,z9,z459,z8,z8] h=z10
  horizon=29 mass=z138.
Cells
  z11:B1:78376479;z13:0:Nlo:332328862;z14:0:Nhi:12794100;z151:0:Nhi:92177125;z37:J
  1:184584708;z153:1:H:16517721;z171:J1:55519814;z21:JD1:24749814;z487:JD1:1063478
  5;z488:D1:H:9779930;z489:D1:Hlip:2327313;z27:JD1:47954937;z168:JD1:113540126;z40
  :JD1:2414228.
Sum=983699942; test 983699942/1000000000+(1-z138)^7 <= 9940676/10000000.
Leaf R001101001110111 B=[z147,z1,z486,z30,z137,z5,z138,z7,z459,z422,z8,z8] h=z10
  horizon=29 mass=z138.
Cells
  z11:B1:78376479;z13:0:Nlo:332328862;z14:0:Nhi:12794100;z151:0:Nhi:92177125;z490:
  J1:148560409;z37:J1:32017501;z153:1:H:16517721;z171:J1:54727389;z21:JD1:24606790
  ;z487:JD1:10673471;z491:D1:H:6050042;z492:JD1:12146619;z27:JD1:43978569;z168:JD1
  :121906361;z493:JD1:2546981;z40:P:30456.
Sum=989438875; test 989438875/1000000000+(1-z138)^7 <= 9998065/10000000.
Leaf R00110100111100 B=[z147,z494,z495,z496,z137,z497,z149,z7,z422,z469,z8,z8]
  h=z10 horizon=27 mass=z137.
Cells
  z498:B1:75980040;z499:0:Nlo:333689819;z14:0:Nhi:13037309;z500:0:Nhi:87418446;z50
  1:J1:106188337;z502:J1:65009280;z503:1:H:17173624;z171:J1:57958534;z21:JD1:24462
  500;z504:JD1:11384648;z505:D1:H:2058049;z506:JD1:21921343;z27:JD1:39839064.
Sum=856120993; test 856120993/1000000000+(1-z137)^7 <= 9978072/10000000.
Leaf R00110100111101 B=[z147,z494,z495,z496,z137,z497,z149,z7,z469,z437,z8,z8]
  h=z10 horizon=27 mass=z137.
Cells
  z498:B1:75980040;z499:0:Nlo:333689819;z14:0:Nhi:13037309;z507:0:Nhi:75617318;z50
  8:J1:84195194;z171:J1:170156204;z21:JD1:24412902;z509:JD1:10742824;z510:D1:Hlip:
  352563;z511:JD1:29964341;z27:JD1:36213849.
Sum=854362363; test 854362363/1000000000+(1-z137)^7 <= 9960486/10000000.
Leaf R001101001111100 B=[z512,z1,z513,z30,z497,z5,z514,z7,z422,z515,z8,z8] h=z10
  horizon=27 mass=z497.
Cells
  z11:B1:78376479;z13:0:Nlo:332328862;z14:0:Nhi:12794100;z151:0:Nhi:92169910;z516:
  J1:113796018;z37:J1:62957479;z153:1:H:16517721;z517:J1:52645334;z21:JD1:25690799
  ;z518:JD1:10939784;z519:D1:H:2694208;z520:JD1:22418497;z27:JD1:36977246.
Sum=860306437; test 860306437/1000000000+(1-z497)^7 <= 9997678/10000000.
Leaf R001101001111101 B=[z512,z1,z513,z30,z497,z5,z514,z7,z515,z469,z8,z8] h=z10
  horizon=27 mass=z497.
Cells
  z11:B1:78376479;z13:0:Nlo:332328862;z14:0:Nhi:12794100;z521:0:Nhi:88700765;z522:
  J1:100546306;z37:J1:78039100;z153:1:H:16517721;z517:J1:52374224;z21:JD1:25662087
  ;z518:JD1:10976711;z523:D1:H:1161027;z524:JD1:26831164;z27:JD1:35112095.
Sum=859420641; test 859420641/1000000000+(1-z497)^7 <= 9988820/10000000.
Leaf R001101001111110 B=[z512,z1,z513,z30,z497,z5,z514,z7,z469,z525,z8,z8] h=z10
  horizon=27 mass=z497.
Cells
  z11:B1:78376479;z13:0:Nlo:332328862;z14:0:Nhi:12794100;z526:0:Nhi:80776561;z527:
  J1:92318990;z517:J1:161446870;z21:JD1:25643734;z528:JD1:10742554;z518:D1:Hlip:27
  0353;z529:JD1:30652303;z27:JD1:33462955.
Sum=858813761; test 858813761/1000000000+(1-z497)^7 <= 9982752/10000000.
Leaf R001101001111111 B=[z512,z1,z513,z30,z497,z5,z514,z7,z525,z437,z8,z8] h=z10
  horizon=27 mass=z497.
Cells
  z11:B1:78376479;z13:0:Nlo:332328862;z14:0:Nhi:12794100;z530:0:Nhi:73083899;z531:
  J1:84177833;z517:J1:175721301;z21:JD1:25634619;z532:JD1:44177859;z27:JD1:3199049
  9.
Sum=858285451; test 858285451/1000000000+(1-z497)^7 <= 9977469/10000000.
Leaf R001101010 B=[z0,z1,z109,z117,z43,z5,z57,z7,z437,z407,z8,z8] h=z10 horizon=27
  mass=z43.
Cells
  z11:B1:78376479;z13:0:Nlo:332328862;z14:0:Nhi:12794100;z533:0:Nhi:33304171;z534:
  J1:33205265;z119:J1:138565891;z35:1:H:3061893;z127:J1:74124540;z58:J1:20730177;z
  535:JD1:6121234;z21:JD1:16005615;z536:JD1:38491132;z27:JD1:54448669.
Sum=841558028; test 841558028/1000000000+(1-z43)^7 <= 9877853/10000000.
Leaf R00110101100 B=[z0,z134,z135,z136,z43,z137,z57,z7,z437,z442,z8,z8] h=z10
  horizon=27 mass=z43.
Cells
  z139:B1:73576530;z140:0:Nlo:335025229;z14:0:Nhi:13289941;z537:0:Nhi:53901913;z53
  8:J1:58928228;z158:J1:196147582;z58:J1:13979484;z539:JD1:6095461;z21:JD1:1586978
  3;z540:JD1:44919393;z27:JD1:39037773.
Sum=850771317; test 850771317/1000000000+(1-z43)^7 <= 9969986/10000000.
Leaf R00110101101 B=[z0,z134,z135,z136,z43,z137,z57,z7,z442,z407,z8,z8] h=z10
  horizon=27 mass=z43.
Cells
  z139:B1:73576530;z140:0:Nlo:335025229;z14:0:Nhi:13289941;z541:0:Nhi:50496824;z46
  6:J1:152661475;z58:J1:112669745;z21:JD1:21983811;z542:JD1:14127615;z543:JD1:3982
  3742;z27:JD1:34104544.
Sum=847759456; test 847759456/1000000000+(1-z43)^7 <= 9939868/10000000.
Leaf R0011010111000 B=[z0,z494,z495,z496,z137,z497,z149,z7,z437,z544,z8,z8] h=z10
  horizon=27 mass=z137.
Cells
  z498:B1:75980040;z499:0:Nlo:333689819;z14:0:Nhi:13037309;z545:0:Nhi:60110163;z54
  6:J1:67655679;z547:J1:189766635;z171:J1:9247889;z548:JD1:4888264;z21:JD1:1951003
  2;z549:JD1:46044170;z27:JD1:33296677.
Sum=853226677; test 853226677/1000000000+(1-z137)^7 <= 9949129/10000000.
Leaf R0011010111001 B=[z0,z1,z513,z30,z497,z5,z514,z7,z437,z544,z8,z8] h=z10
  horizon=27 mass=z497.
Cells
  z11:B1:78376479;z13:0:Nlo:332328862;z14:0:Nhi:12794100;z550:0:Nhi:65806158;z551:
  J1:76127969;z170:J1:183726172;z517:J1:6058715;z552:JD1:3512215;z21:JD1:22211384;
  z553:JD1:44993915;z27:JD1:33978000.
Sum=859913969; test 859913969/1000000000+(1-z497)^7 <= 9993754/10000000.
Leaf R0011010111010 B=[z0,z494,z495,z496,z137,z497,z149,z7,z544,z442,z8,z8] h=z10
  horizon=27 mass=z137.
Cells
  z498:B1:75980040;z499:0:Nlo:333689819;z14:0:Nhi:13037309;z554:0:Nhi:96651791;z55
  5:J1:169337955;z171:J1:57533817;z21:JD1:24410047;z556:JD1:1168811;z557:JD1:49397
  673;z27:JD1:30870200.
Sum=852077462; test 852077462/1000000000+(1-z137)^7 <= 9937637/10000000.
Leaf R0011010111011 B=[z0,z1,z513,z30,z497,z5,z514,z7,z544,z442,z8,z8] h=z10
  horizon=27 mass=z497.
Cells
  z11:B1:78376479;z13:0:Nlo:332328862;z14:0:Nhi:12794100;z558:0:Nhi:110612685;z559
  :J1:164986466;z517:J1:52287193;z560:JD1:25524472;z21:JD1:215117;z561:JD1:4952659
  0;z27:JD1:31570002.
Sum=858221966; test 858221966/1000000000+(1-z497)^7 <= 9976834/10000000.
Leaf R001101011110 B=[z0,z1,z148,z30,z137,z5,z149,z7,z442,z562,z8,z8] h=z10
  horizon=27 mass=z137.
Cells
  z11:B1:78376479;z13:0:Nlo:332328862;z14:0:Nhi:12794100;z563:0:Nhi:79981902;z490:
  J1:146796469;z171:J1:98496168;z21:JD1:24486531;z564:JD1:13592959;z565:JD1:408197
  73;z27:JD1:29519520.
Sum=857192763; test 857192763/1000000000+(1-z137)^7 <= 9988790/10000000.
Leaf R001101011111 B=[z0,z1,z148,z30,z137,z5,z149,z7,z562,z407,z8,z8] h=z10
  horizon=27 mass=z137.
Cells
  z11:B1:78376479;z13:0:Nlo:332328862;z14:0:Nhi:12794100;z566:0:Nhi:52029395;z522:
  J1:129113306;z171:J1:141898646;z21:JD1:24532013;z567:JD1:24145950;z568:JD1:34235
  428;z27:JD1:27683022.
Sum=857137201; test 857137201/1000000000+(1-z137)^7 <= 9988234/10000000.
Leaf R0011011000 B=[z0,z134,z569,z136,z43,z137,z57,z7,z407,z570,z8,z8] h=z10
  horizon=27 mass=z43.
Cells
  z139:B1:73576530;z140:0:Nlo:335025229;z14:0:Nhi:13289943;z537:0:Nhi:53901913;z53
  8:J1:54406985;z58:J1:202275344;z21:JD1:22056576;z571:JD1:32835456;z572:JD1:28118
  681;z27:JD1:32476105.
Sum=847962762; test 847962762/1000000000+(1-z43)^7 <= 9941901/10000000.
Leaf R0011011001 B=[z0,z134,z569,z136,z43,z137,z57,z7,z570,z573,z8,z8] h=z10
  horizon=27 mass=z43.
Cells
  z139:B1:73576530;z140:0:Nlo:335025230;z14:0:Nhi:13289941;z574:0:Nhi:22271965;z58
  :J1:283069459;z21:JD1:22162555;z575:JD1:48819681;z576:JD1:19574935;z27:JD1:29009
  370.
Sum=846799666; test 846799666/1000000000+(1-z43)^7 <= 9930270/10000000.
Leaf R001101101 B=[z0,z134,z569,z136,z43,z137,z57,z7,z573,z402,z8,z8] h=z10
  horizon=27 mass=z43.
Cells
  z139:B1:73576530;z140:0:Nlo:335025232;z14:0:Nhi:13289941;z21:J1:324044159;z576:J
  1:71964770;z577:J1:13436252;z578:J1:6068254;z27:P:10945650.
Sum=848350788; test 848350788/1000000000+(1-z43)^7 <= 9945781/10000000.
Leaf R001101110 B=[z0,z1,z579,z117,z137,z5,z149,z7,z407,z402,z8,z8] h=z10
  horizon=27 mass=z137.
Cells
  z11:B1:78376479;z580:0:Nlo:189727041;z581:J1:95203589;z534:J1:113899878;z21:J1:2
  50404845;z582:J1:39666129;z583:J1:34851991;z584:J1:15255261;z27:P:12646364.
Sum=830031577; test 830031577/1000000000+(1-z137)^7 <= 9717178/10000000.
Leaf R0011011110 B=[z0,z1,z148,z479,z137,z5,z149,z7,z407,z402,z8,z8] h=z10
  horizon=27 mass=z137.
Cells
  z11:B1:78376479;z13:0:Nlo:332328864;z14:0:Nhi:12794102;z585:0:Nhi:51327306;z586:
  J1:51223624;z21:J1:228170062;z587:J1:40773809;z588:J1:35415332;z589:J1:14453932;
  z27:P:10761897.
Sum=855625407; test 855625407/1000000000+(1-z137)^7 <= 9973116/10000000.
Leaf R0011011111000 B=[z0,z1,z486,z30,z137,z5,z149,z7,z407,z590,z8,z8] h=z10
  horizon=27 mass=z137.
Cells
  z11:B1:78376479;z13:0:Nlo:332328862;z14:0:Nhi:12794100;z591:0:Nhi:81322532;z551:
  J1:55001362;z171:J1:183869972;z21:JD1:24589158;z592:JD1:33846036;z593:JD1:288947
  05;z27:JD1:24805571.
Sum=855828777; test 855828777/1000000000+(1-z137)^7 <= 9975150/10000000.
Leaf R0011011111001 B=[z0,z1,z486,z30,z137,z5,z149,z7,z590,z570,z8,z8] h=z10
  horizon=27 mass=z137.
Cells
  z11:B1:78376479;z13:0:Nlo:332328862;z14:0:Nhi:12794100;z594:0:Nhi:46331419;z595:
  J1:46991643;z171:J1:224345542;z21:JD1:24655564;z596:JD1:42272799;z597:JD1:240863
  18;z27:JD1:23315802.
Sum=855498528; test 855498528/1000000000+(1-z137)^7 <= 9971848/10000000.
Leaf R0011011111010 B=[z0,z1,z486,z30,z137,z5,z149,z7,z570,z598,z8,z8] h=z10
  horizon=27 mass=z137.
Cells
  z11:B1:78376479;z13:0:Nlo:332328863;z14:0:Nhi:12794100;z566:0:Nhi:52029395;z171:
  J1:263235573;z21:JD1:24729450;z599:JD1:50034076;z600:JD1:19821679;z27:JD1:219277
  65.
Sum=855277380; test 855277380/1000000000+(1-z137)^7 <= 9969636/10000000.
Leaf R0011011111011 B=[z0,z1,z486,z30,z137,z5,z149,z7,z598,z573,z8,z8] h=z10
  horizon=27 mass=z137.
Cells
  z11:B1:78376479;z13:0:Nlo:332328863;z14:0:Nhi:12794100;z601:0:Nhi:14560078;z171:
  J1:300436133;z21:JD1:24809474;z602:JD1:57296805;z603:JD1:15949691;z27:JD1:206110
  54.
Sum=857162677; test 857162677/1000000000+(1-z137)^7 <= 9988489/10000000.
Leaf R001101111110 B=[z0,z494,z604,z496,z137,z497,z149,z7,z573,z402,z8,z8] h=z10
  horizon=27 mass=z137.
Cells
  z498:B1:75980040;z499:0:Nlo:333689821;z14:0:Nhi:13037309;z21:J1:331684657;z605:J
  1:71947416;z606:J1:13632915;z607:J1:5395277;z27:P:9155106.
Sum=854522541; test 854522541/1000000000+(1-z137)^7 <= 9962088/10000000.
Leaf R00110111111100 B=[z0,z1,z608,z30,z497,z5,z514,z7,z573,z609,z8,z8] h=z10
  horizon=27 mass=z497.
Cells
  z11:B1:78376479;z13:0:Nlo:332328863;z14:0:Nhi:12794100;z517:J1:312943561;z21:JD1
  :26238943;z610:JD1:63431805;z611:JD1:12426938;z27:JD1:19405159.
Sum=857945848; test 857945848/1000000000+(1-z497)^7 <= 9974072/10000000.
Leaf R00110111111101 B=[z0,z1,z608,z30,z497,z5,z514,z7,z609,z612,z8,z8] h=z10
  horizon=27 mass=z497.
Cells
  z11:B1:78376479;z13:0:Nlo:332328863;z14:0:Nhi:12794100;z517:J1:310576259;z21:JD1
  :26338809;z613:JD1:69990514;z614:JD1:9057464;z615:JD1:17238510;z27:P:927017.
Sum=857628015; test 857628015/1000000000+(1-z497)^7 <= 9970894/10000000.
Leaf R0011011111111 B=[z0,z1,z608,z30,z497,z5,z514,z7,z612,z402,z8,z8] h=z10
  horizon=27 mass=z497.
Cells
  z11:B1:78376479;z13:0:Nlo:332328865;z14:0:Nhi:12794100;z21:J1:335010346;z614:J1:
  81263998;z616:J1:6105994;z617:J1:2434734;z27:P:9958028.
Sum=858272544; test 858272544/1000000000+(1-z497)^7 <= 9977339/10000000.
Leaf R00111000 B=[z0,z618,z3,z214,z5,z215,z181,z7,z9,z402,z8,z8] h=z10 horizon=27
  mass=z5.
Cells
  z619:B1:2696310;z620:0:Nlo:311585303;z14:0:Nhi:44357292;z621:0:Nhi:108139245;z22
  2:J1:206312126;z223:1:H:14310399;z191:J1:39633504;z21:J1:29706350;z231:J1:308273
  16;z622:J1:60582714;z27:P:9693966.
Sum=857844525; test 857844525/1000000000+(1-z5)^7 <= 9951111/10000000.
Leaf R00111001 B=[z0,z623,z224,z179,z215,z180,z225,z7,z9,z402,z8,z8] h=z10
  horizon=27 mass=z215.
Cells
  z624:B1:3453178;z625:0:Nlo:317084470;z14:0:Nhi:41667753;z35:0:Nhi:270715745;z228
  :B11/25:36981173;z189:J1:28942245;z227:1:H:12608620;z250:J1:23757216;z21:J1:3625
  8861;z626:J1:25838921;z627:J1:61760538;z27:P:11787450.
Sum=870856170; test 870856170/1000000000+(1-z215)^7 <= 9996369/10000000.
Leaf R001110100000 B=[z628,z213,z3,z214,z5,z215,z181,z216,z9,z422,z8,z8] h=z10
  horizon=27 mass=z5.
Cells
  z217:B1:22482779;z218:0:Nlo:349139915;z14:0:Nhi:23247523;z621:0:Nhi:107887399;z2
  20:J1:185855295;z21:JD1:92120136;z27:JD1:67253287.
Sum=847986334; test 847986334/1000000000+(1-z5)^7 <= 9852529/10000000.
Leaf R001110100001 B=[z628,z213,z3,z214,z5,z215,z62,z7,z9,z422,z8,z8] h=z10
  horizon=29 mass=z62.
Cells
  z217:B1:22482779;z218:0:Nlo:349139915;z14:0:Nhi:23247523;z621:0:Nhi:107887399;z2
  22:J1:206312126;z223:1:H:14310399;z191:J1:39633504;z21:JD1:27803361;z629:JD1:417
  8675;z630:D1:H:10861508;z27:JD1:57096719;z193:JD1:113398081;z40:JD1:2390110.
Sum=978742099; test 978742099/1000000000+(1-z62)^7 <= 9884161/10000000.
Leaf R00111010001 B=[z628,z213,z3,z214,z5,z215,z181,z7,z422,z437,z8,z8] h=z10
  horizon=27 mass=z5.
Cells
  z217:B1:22482779;z218:0:Nlo:349139915;z14:0:Nhi:23247523;z621:0:Nhi:107887399;z6
  31:J1:141937322;z222:J1:55746137;z223:1:H:14310399;z191:J1:38568404;z21:JD1:2752
  6267;z629:JD1:4205154;z632:D1:H:4454832;z633:JD1:22399142;z27:JD1:45391396.
Sum=857296669; test 857296669/1000000000+(1-z5)^7 <= 9945633/10000000.
Leaf R001110100100 B=[z618,z206,z224,z179,z215,z180,z225,z182,z9,z422,z8,z8] h=z10
  horizon=27 mass=z215.
Cells
  z207:B1:26556454;z208:0:Nlo:350001371;z14:0:Nhi:21772072;z35:0:Nhi:269252928;z63
  4:B11/25:27282341;z21:JD1:98127592;z27:JD1:65210096.
Sum=858202854; test 858202854/1000000000+(1-z215)^7 <= 9869836/10000000.
Leaf R001110100101 B=[z618,z206,z224,z179,z215,z180,z216,z7,z9,z422,z8,z8] h=z10
  horizon=29 mass=z216.
Cells
  z207:B1:26556454;z208:0:Nlo:350001371;z14:0:Nhi:21772072;z35:0:Nhi:269252928;z22
  8:B11/25:36981173;z189:J1:28942245;z227:1:H:12608620;z250:J1:23757216;z21:JD1:33
  609634;z635:D1:H:9893814;z27:JD1:59631099;z255:JD1:102077267;z40:JD1:2157055.
Sum=977240948; test 977240948/1000000000+(1-z216)^7 <= 9856462/10000000.
Leaf R001110100110 B=[z618,z636,z224,z637,z215,z369,z225,z7,z422,z437,z8,z8] h=z10
  horizon=27 mass=z215.
Cells
  z638:B1:24492745;z639:0:Nlo:349658064;z14:0:Nhi:22485634;z640:0:Nhi:114013404;z3
  5:J1:150883805;z641:B11/25:3981365;z642:J1:52668586;z643:1:H:13407289;z250:J1:27
  486115;z21:JD1:33100960;z644:D1:H:3138044;z645:D1:Hlip:1784421;z646:JD1:22049168
  ;z27:JD1:47139130.
Sum=866288730; test 866288730/1000000000+(1-z215)^7 <= 9950694/10000000.
Leaf R001110100111 B=[z647,z206,z648,z179,z369,z180,z378,z7,z422,z437,z8,z8] h=z10
  horizon=27 mass=z369.
Cells
  z207:B1:26556454;z208:0:Nlo:350001371;z14:0:Nhi:21772072;z35:0:Nhi:269200669;z64
  9:B11/25:14116923;z189:J1:49889360;z227:1:H:12608620;z650:J1:19899905;z651:JD1:2
  3350061;z21:D1:H:12675472;z652:D1:H:161338;z653:JD1:24709976;z27:JD1:48176497.
Sum=873118718; test 873118718/1000000000+(1-z369)^7 <= 9978279/10000000.
Leaf R0011101010 B=[z628,z213,z3,z214,z5,z215,z181,z7,z437,z407,z8,z8] h=z10
  horizon=27 mass=z5.
Cells
  z217:B1:22482779;z218:0:Nlo:349139915;z14:0:Nhi:23247523;z654:0:Nhi:189000339;z1
  91:J1:161528018;z21:JD1:27855854;z655:D1:H:103267;z656:JD1:36432311;z27:JD1:5160
  9581.
Sum=861399587; test 861399587/1000000000+(1-z5)^7 <= 9986662/10000000.
Leaf R00111010110 B=[z618,z206,z224,z179,z215,z180,z225,z7,z437,z442,z8,z8] h=z10
  horizon=27 mass=z215.
Cells
  z207:B1:26556454;z208:0:Nlo:350001371;z14:0:Nhi:21772072;z657:0:Nhi:224061005;z3
  5:J1:36800806;z350:B11/25:6889186;z250:J1:90498732;z21:JD1:33202362;z658:JD1:385
  49467;z27:JD1:40094245.
Sum=868425700; test 868425700/1000000000+(1-z215)^7 <= 9972064/10000000.
Leaf R00111010111 B=[z618,z206,z224,z179,z215,z180,z225,z7,z442,z407,z8,z8] h=z10
  horizon=27 mass=z215.
Cells
  z207:B1:26556454;z208:0:Nlo:350001371;z14:0:Nhi:21772072;z659:0:Nhi:167942887;z6
  60:J1:124409190;z250:J1:57988952;z21:JD1:33287071;z661:JD1:4132171;z662:JD1:4359
  1835;z27:JD1:35454101.
Sum=865136104; test 865136104/1000000000+(1-z215)^7 <= 9939168/10000000.
Leaf R001110110 B=[z628,z213,z3,z214,z5,z215,z181,z7,z407,z402,z8,z8] h=z10
  horizon=27 mass=z5.
Cells
  z217:B1:22482779;z218:0:Nlo:349139915;z14:0:Nhi:23247523;z663:0:Nhi:129972595;z6
  54:J1:51972110;z21:J1:183519801;z656:J1:39943025;z664:J1:36610399;z622:J1:132561
  29;z27:P:9693968.
Sum=859838244; test 859838244/1000000000+(1-z5)^7 <= 9971048/10000000.
Leaf R0011101110 B=[z618,z636,z224,z637,z215,z369,z225,z7,z407,z402,z8,z8] h=z10
  horizon=27 mass=z215.
Cells
  z638:B1:24492745;z639:0:Nlo:349658064;z14:0:Nhi:22485634;z665:0:Nhi:150432670;z6
  66:J1:50355850;z21:J1:172793488;z667:J1:35449095;z668:J1:37906415;z627:J1:128087
  58;z27:P:11787450.
Sum=868170169; test 868170169/1000000000+(1-z215)^7 <= 9969509/10000000.
Leaf R00111011110 B=[z647,z206,z648,z179,z369,z180,z378,z7,z407,z573,z8,z8] h=z10
  horizon=27 mass=z369.
Cells
  z207:B1:26556454;z208:0:Nlo:350001371;z14:0:Nhi:21772072;z669:0:Nhi:168794590;z6
  57:J1:48744319;z650:J1:125551952;z21:JD1:37024374;z670:JD1:18081400;z671:JD1:305
  00152;z27:JD1:45549386.
Sum=872576070; test 872576070/1000000000+(1-z369)^7 <= 9972853/10000000.
Leaf R00111011111 B=[z647,z206,z648,z179,z369,z180,z378,z7,z573,z402,z8,z8] h=z10
  horizon=27 mass=z369.
Cells
  z207:B1:26556454;z208:0:Nlo:350001371;z14:0:Nhi:21772072;z672:0:Nhi:163563548;z2
  1:J1:211007183;z673:J1:64857179;z674:J1:14253522;z675:J1:4859455;z27:P:12853372.
Sum=869724156; test 869724156/1000000000+(1-z369)^7 <= 9944334/10000000.
Leaf R001111000000 B=[z28,z264,z265,z266,z5,z267,z181,z7,z9,z422,z8,z8] h=z10
  horizon=27 mass=z5.
Cells
  z268:B1:83143853;z269:0:Nlo:329540476;z14:0:Nhi:12333922;z270:0:Nhi:74736063;z67
  6:J1:160584676;z271:1:Hlip:4011019;z677:1:H:18865334;z191:J1:67235531;z21:JD1:27
  316053;z678:JD1:6847210;z679:D1:H:6424485;z680:D1:Hlip:1702939;z27:JD1:60278927.
Sum=853020488; test 853020488/1000000000+(1-z5)^7 <= 9902871/10000000.
Leaf R001111000001 B=[z278,z232,z279,z256,z267,z215,z309,z7,z9,z422,z8,z8] h=z10
  horizon=27 mass=z267.
Cells
  z234:B1:87870917;z235:0:Nlo:326678682;z14:0:Nhi:11905692;z281:0:Nhi:83368930;z28
  2:J1:164793727;z258:1:Hlip:9203583;z681:1:H:17719810;z285:J1:56985667;z21:JD1:30
  016233;z682:D1:H:10806396;z683:D1:Hlip:2414040;z27:JD1:61156221.
Sum=862919898; test 862919898/1000000000+(1-z267)^7 <= 9958855/10000000.
Leaf R00111100001 B=[z28,z232,z233,z256,z5,z215,z181,z7,z422,z437,z8,z8] h=z10
  horizon=27 mass=z5.
Cells
  z234:B1:87870917;z235:0:Nlo:326678682;z14:0:Nhi:11905692;z281:0:Nhi:83380845;z68
  4:J1:100060801;z258:J1:66683779;z681:1:H:17719810;z191:J1:58395830;z21:JD1:27166
  297;z685:JD1:3869875;z686:D1:H:3773098;z687:JD1:20348012;z27:JD1:52173004.
Sum=860026642; test 860026642/1000000000+(1-z5)^7 <= 9972932/10000000.
Leaf R00111100010000 B=[z28,z355,z688,z214,z5,z215,z181,z291,z9,z422,z8,z8] h=z10
  horizon=27 mass=z5.
Cells
  z689:B1:54130465;z690:0:Nlo:344460107;z14:0:Nhi:15747443;z292:0:Nhi:198265216;z2
  1:JD1:166480677;z27:JD1:62480045.
Sum=841563953; test 841563953/1000000000+(1-z5)^7 <= 9788305/10000000.
Leaf R00111100010001 B=[z28,z355,z688,z214,z5,z215,z293,z216,z9,z422,z8,z8] h=z10
  horizon=29 mass=z293.
Cells
  z689:B1:54130465;z690:0:Nlo:344460107;z14:0:Nhi:15747443;z236:0:Nhi:235672149;z2
  20:J1:55655502;z21:JD1:92120139;z27:JD1:64849405;z296:JD1:99743556;z40:JD1:56291
  9.
Sum=962941685; test 962941685/1000000000+(1-z293)^7 <= 9870277/10000000.
Leaf R0011110001001 B=[z28,z355,z688,z214,z5,z215,z62,z7,z9,z422,z8,z8] h=z10
  horizon=29 mass=z62.
Cells
  z689:B1:54130465;z690:0:Nlo:344460107;z14:0:Nhi:15747443;z236:0:Nhi:235672149;z2
  22:J1:76112333;z223:1:H:14310399;z191:J1:39633504;z21:JD1:27803364;z691:JD1:5808
  826;z692:D1:H:11098276;z693:D1:Hlip:2935745;z27:JD1:49647947;z193:JD1:97852953;z
  40:JD1:2028419.
Sum=977241930; test 977241930/1000000000+(1-z62)^7 <= 9869159/10000000.
Leaf R001111000101000 B=[z694,z695,z696,z298,z5,z267,z181,z280,z9,z422,z8,z8]
  h=z10 horizon=27 mass=z5.
Cells
  z697:B1:66875508;z698:0:Nlo:338575555;z14:0:Nhi:14045724;z699:0:Nhi:138376195;z3
  03:J1:137052415;z21:JD1:94325759;z27:JD1:66438541.
Sum=855689697; test 855689697/1000000000+(1-z5)^7 <= 9929563/10000000.
Leaf R001111000101001 B=[z700,z394,z701,z214,z267,z215,z309,z216,z9,z422,z8,z8]
  h=z10 horizon=27 mass=z267.
Cells
  z702:B1:71102295;z703:0:Nlo:336367037;z14:0:Nhi:13559761;z704:0:Nhi:178628953;z3
  5:J1:77157362;z705:B11/25:5147643;z311:J1:18131828;z21:JD1:97330079;z27:JD1:6571
  5751.
Sum=863140709; test 863140709/1000000000+(1-z267)^7 <= 9961063/10000000.
Leaf R001111000101010 B=[z694,z706,z707,z214,z5,z215,z62,z7,z9,z422,z8,z8] h=z10
  horizon=29 mass=z62.
Cells
  z708:B1:62610072;z709:0:Nlo:340685657;z14:0:Nhi:14571968;z710:0:Nhi:187721990;z3
  5:J1:68318108;z711:B11/25:8268484;z222:J1:41844696;z223:1:H:14310399;z191:J1:396
  33504;z21:JD1:27803361;z712:JD1:6813980;z713:D1:H:9114864;z714:D1:Hlip:4623357;z
  27:JD1:50261251;z193:JD1:105417801;z40:JD1:2216025.
Sum=984215517; test 984215517/1000000000+(1-z62)^7 <= 9938895/10000000.
Leaf R001111000101011 B=[z715,z394,z716,z717,z5,z215,z62,z7,z9,z422,z8,z8] h=z718
  horizon=29 mass=z62.
Cells
  z702:B1:71102295;z703:0:Nlo:336367037;z14:0:Nhi:13559761;z719:0:Nhi:168990319;z7
  20:J1:121263935;z721:1:H:14668781;z191:J1:47354277;z21:JD1:27227484;z722:JD1:103
  51662;z723:D1:H:7042102;z27:JD1:53269176;z193:JD1:110974716;z40:JD1:2355839.
Sum=984527384; test 984527384/1000000000+(1-z62)^7 <= 9942014/10000000.
Leaf R0011110001011 B=[z724,z232,z290,z725,z5,z215,z181,z7,z9,z422,z8,z8] h=z726
  horizon=27 mass=z5.
Cells
  z234:B1:87870917;z235:0:Nlo:326678681;z14:0:Nhi:11905692;z727:0:Nhi:114531449;z7
  28:J1:129604227;z729:1:Hlip:5463985;z730:1:H:15498973;z191:J1:66572392;z21:JD1:2
  5985255;z731:JD1:14150855;z732:D1:H:5942833;z27:JD1:49861944.
Sum=854067203; test 854067203/1000000000+(1-z5)^7 <= 9913338/10000000.
Leaf R0011110001100 B=[z28,z355,z688,z214,z5,z215,z181,z216,z422,z437,z8,z8] h=z10
  horizon=27 mass=z5.
Cells
  z689:B1:54130465;z690:0:Nlo:344460107;z14:0:Nhi:15747443;z733:0:Nhi:103109662;z6
  31:J1:147312327;z220:J1:36028111;z734:JD1:72415366;z21:JD1:19302943;z27:JD1:7003
  4880.
Sum=862541304; test 862541304/1000000000+(1-z5)^7 <= 9998079/10000000.
Leaf R00111100011010 B=[z28,z355,z688,z735,z5,z215,z62,z7,z422,z437,z8,z8] h=z10
  horizon=29 mass=z62.
Cells
  z689:B1:54130465;z690:0:Nlo:344460106;z14:0:Nhi:15747443;z736:0:Nhi:96976779;z73
  7:J1:121945789;z738:J1:60801649;z739:1:H:15842891;z191:J1:47265811;z21:JD1:27345
  293;z691:JD1:5851387;z740:D1:H:3728040;z741:JD1:24129211;z27:JD1:40140837;z193:J
  D1:114007923;z742:JD1:2346893;z40:P:44151.
Sum=974764668; test 974764668/1000000000+(1-z62)^7 <= 9844387/10000000.
Leaf R00111100011011 B=[z28,z355,z743,z214,z5,z215,z62,z7,z422,z437,z8,z8] h=z10
  horizon=29 mass=z62.
Cells
  z689:B1:54130465;z690:0:Nlo:344460107;z14:0:Nhi:15747443;z733:0:Nhi:103109662;z6
  31:J1:147312327;z222:J1:55746137;z223:1:H:14310399;z191:J1:38568404;z21:JD1:2752
  6269;z744:JD1:5018441;z745:D1:H:5153431;z746:JD1:25196980;z27:JD1:37065043;z193:
  JD1:105224060;z40:JD1:2203726.
Sum=980772894; test 980772894/1000000000+(1-z62)^7 <= 9904469/10000000.
Leaf R0011110001110000 B=[z694,z747,z748,z298,z5,z267,z181,z280,z422,z437,z8,z8]
  h=z10 horizon=27 mass=z5.
Cells
  z749:B1:58681803;z750:0:Nlo:342509878;z14:0:Nhi:15093049;z699:0:Nhi:138376195;z7
  51:J1:87861568;z303:J1:43263303;z752:JD1:71960446;z21:JD1:22068807;z27:JD1:70554
  203.
Sum=850369252; test 850369252/1000000000+(1-z5)^7 <= 9876358/10000000.
Leaf R0011110001110001 B=[z694,z747,z748,z298,z5,z267,z62,z7,z422,z437,z8,z8]
  h=z10 horizon=29 mass=z62.
Cells
  z749:B1:58681803;z750:0:Nlo:342509878;z14:0:Nhi:15093049;z699:0:Nhi:138376195;z7
  51:J1:87861568;z305:J1:59162038;z306:1:H:15338608;z191:J1:44368950;z21:JD1:27400
  809;z753:JD1:3197618;z754:D1:H:6124829;z755:JD1:23646508;z27:JD1:41569617;z193:J
  D1:118295186;z756:JD1:2326708;z40:P:144131.
Sum=984097495; test 984097495/1000000000+(1-z62)^7 <= 9937715/10000000.
Leaf R001111000111001 B=[z715,z695,z696,z757,z5,z267,z181,z7,z422,z437,z8,z8]
  h=z718 horizon=27 mass=z5.
Cells
  z697:B1:66875508;z698:0:Nlo:338575555;z14:0:Nhi:14045724;z758:0:Nhi:125339957;z7
  59:J1:81908282;z760:J1:60327584;z761:1:H:15741452;z191:J1:52758405;z21:JD1:26867
  115;z762:JD1:5608796;z763:D1:H:5431683;z764:JD1:22128553;z27:JD1:41140477.
Sum=856749091; test 856749091/1000000000+(1-z5)^7 <= 9940157/10000000.
Leaf R0011110001110100 B=[z700,z706,z765,z214,z267,z215,z309,z216,z422,z437,z8,z8]
  h=z10 horizon=27 mass=z267.
Cells
  z708:B1:62610072;z709:0:Nlo:340685657;z14:0:Nhi:14571968;z704:0:Nhi:178628953;z6
  31:J1:66217049;z311:J1:29900246;z766:JD1:64428846;z21:JD1:32542195;z27:JD1:69879
  225.
Sum=859464211; test 859464211/1000000000+(1-z267)^7 <= 9924298/10000000.
Leaf R0011110001110101 B=[z700,z706,z765,z214,z267,z215,z280,z7,z422,z437,z8,z8]
  h=z10 horizon=29 mass=z280.
Cells
  z708:B1:62610072;z709:0:Nlo:340685657;z14:0:Nhi:14571968;z704:0:Nhi:178628953;z6
  31:J1:66217049;z222:J1:55746137;z223:1:H:14310399;z285:J1:35583628;z21:JD1:30201
  699;z767:JD1:3031057;z768:D1:H:3358809;z769:JD1:24262234;z27:JD1:43005181;z289:J
  D1:114468780;z770:JD1:2238984;z40:P:151298.
Sum=989071905; test 989071905/1000000000+(1-z280)^7 <= 9980924/10000000.
Leaf R001111000111011 B=[z747,z394,z701,z771,z267,z215,z309,z7,z422,z437,z8,z8]
  h=z772 horizon=27 mass=z267.
Cells
  z702:B1:71102295;z703:0:Nlo:336367038;z14:0:Nhi:13559761;z773:0:Nhi:119716474;z7
  74:J1:87132774;z775:J1:58037675;z776:1:H:15079463;z285:J1:52294335;z21:JD1:28944
  224;z777:JD1:5458665;z778:D1:H:5282002;z779:JD1:21817432;z27:JD1:39309270.
Sum=854101408; test 854101408/1000000000+(1-z267)^7 <= 9870670/10000000.
Leaf R0011110001111 B=[z724,z232,z290,z725,z5,z215,z181,z7,z422,z437,z8,z8] h=z726
  horizon=27 mass=z5.
Cells
  z234:B1:87870917;z235:0:Nlo:326678681;z14:0:Nhi:11905692;z727:0:Nhi:114531449;z7
  80:J1:70331871;z729:J1:59201816;z730:1:H:15498973;z191:J1:64935368;z21:JD1:25828
  212;z781:JD1:8470631;z782:D1:H:5469329;z783:JD1:19131943;z27:JD1:41176864.
Sum=851031746; test 851031746/1000000000+(1-z5)^7 <= 9882983/10000000.
Leaf R001111001000 B=[z213,z344,z345,z784,z215,z180,z225,z7,z9,z422,z8,z8] h=z10
  horizon=27 mass=z215.
Cells
  z347:B1:61368253;z348:0:Nlo:341275382;z14:0:Nhi:14732682;z785:0:Nhi:94160627;z78
  6:J1:195153691;z787:1:H:15778822;z250:J1:42080354;z788:JD1:31973780;z21:D1:H:960
  460;z789:D1:H:9444551;z27:JD1:61045946.
Sum=867974548; test 867974548/1000000000+(1-z215)^7 <= 9967553/10000000.
Leaf R001111001001 B=[z213,z344,z345,z784,z215,z180,z225,z7,z422,z437,z8,z8] h=z10
  horizon=27 mass=z215.
Cells
  z347:B1:61368253;z348:0:Nlo:341275382;z14:0:Nhi:14732682;z785:0:Nhi:94160627;z79
  0:J1:126306072;z786:J1:60594675;z787:1:H:15778822;z250:J1:40941588;z791:JD1:3072
  0013;z21:D1:H:1930912;z792:D1:H:3015641;z793:JD1:23096534;z27:JD1:48988105.
Sum=862909306; test 862909306/1000000000+(1-z215)^7 <= 9916900/10000000.
Leaf R001111001010 B=[z355,z794,z795,z796,z215,z369,z225,z7,z9,z437,z8,z8] h=z359
  horizon=27 mass=z215.
Cells
  z797:B1:92551186;z798:0:Nlo:323759599;z14:0:Nhi:11506198;z799:0:Nhi:126301311;z8
  00:J1:122628301;z801:1:Hlip:9091777;z802:1:H:16915023;z250:J1:54661227;z803:JD1:
  27324022;z21:D1:H:5488172;z804:D1:H:4359130;z27:JD1:75659281.
Sum=870245227; test 870245227/1000000000+(1-z215)^7 <= 9990259/10000000.
Leaf R001111001011 B=[z375,z178,z805,z806,z369,z180,z378,z7,z9,z437,z8,z8] h=z379
  horizon=27 mass=z369.
Cells
  z183:B1:97179261;z184:0:Nlo:320797186;z14:0:Nhi:11132639;z807:0:Nhi:121014728;z8
  08:J1:126300489;z809:1:Hlip:7726860;z810:1:H:16232324;z650:J1:54080831;z811:JD1:
  29812297;z21:D1:H:5110935;z812:D1:H:3922080;z27:JD1:73798242.
Sum=867107872; test 867107872/1000000000+(1-z369)^7 <= 9918171/10000000.
Leaf R0011110011000 B=[z213,z344,z813,z179,z215,z180,z225,z182,z9,z422,z8,z8]
  h=z10 horizon=27 mass=z215.
Cells
  z347:B1:61368253;z348:0:Nlo:341275381;z14:0:Nhi:14732682;z349:0:Nhi:212917354;z3
  5:J1:50121597;z634:B11/25:27282341;z21:JD1:98127596;z27:JD1:63291796.
Sum=869117000; test 869117000/1000000000+(1-z215)^7 <= 9978977/10000000.
Leaf R00111100110010 B=[z213,z375,z814,z637,z215,z369,z225,z370,z422,z437,z8,z8]
  h=z10 horizon=27 mass=z215.
Cells
  z815:B1:57744013;z816:0:Nlo:342926827;z14:0:Nhi:15223175;z349:0:Nhi:212917354;z3
  5:J1:45636489;z641:B11/25:3981365;z374:J1:17679774;z817:JD1:51422010;z21:JD1:486
  22367;z27:JD1:67977093.
Sum=864130467; test 864130467/1000000000+(1-z215)^7 <= 9929112/10000000.
Leaf R00111100110011 B=[z636,z344,z818,z179,z369,z180,z378,z182,z422,z437,z8,z8]
  h=z10 horizon=27 mass=z369.
Cells
  z347:B1:61368253;z348:0:Nlo:341275381;z14:0:Nhi:14732682;z819:0:Nhi:203084340;z3
  5:J1:57304613;z649:B11/25:14116923;z381:J1:6370972;z820:JD1:26782322;z21:JD1:764
  72929;z27:JD1:67286289.
Sum=868794704; test 868794704/1000000000+(1-z369)^7 <= 9935039/10000000.
Leaf R0011110011010 B=[z213,z344,z813,z179,z215,z180,z216,z7,z9,z422,z8,z8] h=z10
  horizon=29 mass=z216.
Cells
  z347:B1:61368253;z348:0:Nlo:341275381;z14:0:Nhi:14732682;z349:0:Nhi:212917354;z3
  5:J1:50121597;z228:B11/25:36981173;z189:J1:28942245;z241:1:H:11164596;z250:J1:25
  227719;z788:JD1:32648421;z21:D1:H:960460;z821:D1:H:11022605;z27:JD1:56452755;z25
  5:JD1:90356434;z40:JD1:1874992.
Sum=976046667; test 976046667/1000000000+(1-z216)^7 <= 9844519/10000000.
Leaf R00111100110110 B=[z213,z344,z813,z822,z215,z180,z216,z7,z422,z437,z8,z8]
  h=z10 horizon=29 mass=z216.
Cells
  z347:B1:61368253;z348:0:Nlo:341275381;z14:0:Nhi:14732682;z349:0:Nhi:212917354;z8
  23:J1:40277969;z824:J1:54773425;z825:1:H:14022705;z250:J1:30916866;z791:JD1:3102
  9532;z21:D1:H:1930912;z826:D1:H:3438585;z827:D1:Hlip:852131;z828:JD1:24747761;z2
  7:JD1:42977503;z255:JD1:106280926;z829:JD1:2185468;z40:P:42913.
Sum=983770366; test 983770366/1000000000+(1-z216)^7 <= 9921756/10000000.
Leaf R00111100110111 B=[z213,z344,z830,z179,z215,z180,z216,z7,z422,z437,z8,z8]
  h=z10 horizon=29 mass=z216.
Cells
  z347:B1:61368253;z348:0:Nlo:341275381;z14:0:Nhi:14732682;z349:0:Nhi:212917354;z3
  5:J1:47861119;z649:B11/25:14116923;z189:J1:49889360;z241:1:H:11164596;z250:J1:24
  510663;z791:JD1:31343991;z21:D1:H:1930912;z831:D1:H:3697891;z832:D1:Hlip:710326;
  z833:JD1:26361742;z27:JD1:39748012;z255:JD1:97474470;z40:JD1:2041514.
Sum=981145189; test 981145189/1000000000+(1-z216)^7 <= 9895504/10000000.
Leaf R0011110011100000 B=[z355,z834,z835,z368,z215,z369,z225,z370,z9,z422,z8,z8]
  h=z359 horizon=27 mass=z215.
Cells
  z836:B1:66540755;z837:0:Nlo:338745652;z14:0:Nhi:14085660;z838:0:Nhi:170364556;z3
  5:J1:86547106;z839:B11/25:10949087;z374:J1:10861176;z21:JD1:97928988;z27:JD1:627
  13918.
Sum=858736898; test 858736898/1000000000+(1-z215)^7 <= 9875176/10000000.
Leaf R0011110011100001 B=[z355,z834,z835,z368,z215,z369,z216,z7,z9,z422,z8,z8]
  h=z359 horizon=29 mass=z216.
Cells
  z836:B1:66540755;z837:0:Nlo:338745652;z14:0:Nhi:14085660;z838:0:Nhi:170364556;z8
  40:J1:136682432;z841:1:H:13668381;z250:J1:34108188;z21:JD1:32816279;z842:JD1:145
  073;z843:D1:H:12755612;z27:JD1:54193480;z255:JD1:92935817;z40:JD1:1956322.
Sum=968998207; test 968998207/1000000000+(1-z216)^7 <= 9774034/10000000.
Leaf R0011110011100010 B=[z355,z834,z835,z368,z215,z369,z225,z370,z422,z437,z8,z8]
  h=z359 horizon=27 mass=z215.
Cells
  z836:B1:66540755;z837:0:Nlo:338745652;z14:0:Nhi:14085660;z838:0:Nhi:170364556;z8
  44:J1:77386608;z374:J1:26317878;z845:JD1:64348116;z21:JD1:33271714;z27:JD1:68075
  881.
Sum=859136820; test 859136820/1000000000+(1-z215)^7 <= 9879175/10000000.
Leaf R0011110011100011 B=[z355,z834,z835,z368,z215,z369,z216,z7,z422,z437,z8,z8]
  h=z359 horizon=29 mass=z216.
Cells
  z836:B1:66540755;z837:0:Nlo:338745652;z14:0:Nhi:14085660;z838:0:Nhi:170364556;z8
  44:J1:77386608;z840:J1:53495655;z841:1:H:13668381;z250:J1:33177206;z21:JD1:32548
  426;z842:JD1:146445;z846:D1:H:5227625;z847:JD1:24263678;z27:JD1:41976785;z255:JD
  1:109017942;z848:JD1:2160422;z40:P:128763.
Sum=982934559; test 982934559/1000000000+(1-z216)^7 <= 9913398/10000000.
Leaf R001111001110010 B=[z375,z849,z850,z377,z369,z180,z378,z7,z9,z422,z8,z8]
  h=z379 horizon=27 mass=z369.
Cells
  z851:B1:70466710;z852:0:Nlo:336706070;z14:0:Nhi:13630756;z853:0:Nhi:162821600;z8
  54:J1:142493947;z855:1:H:13145749;z650:J1:33078530;z21:JD1:34969266;z856:D1:H:12
  851304;z27:JD1:51863567.
Sum=872027499; test 872027499/1000000000+(1-z369)^7 <= 9967367/10000000.
Leaf R001111001110011 B=[z375,z849,z850,z377,z369,z180,z378,z7,z422,z437,z8,z8]
  h=z379 horizon=27 mass=z369.
Cells
  z851:B1:70466710;z852:0:Nlo:336706070;z14:0:Nhi:13630756;z853:0:Nhi:162821600;z8
  57:J1:84811344;z854:J1:51623404;z855:1:H:13145749;z650:J1:32176931;z21:JD1:34735
  239;z858:D1:H:4898846;z859:JD1:24107052;z27:JD1:40317459.
Sum=869441160; test 869441160/1000000000+(1-z369)^7 <= 9941504/10000000.
Leaf R00111100111010 B=[z706,z366,z860,z861,z215,z369,z225,z7,z9,z437,z8,z8]
  h=z862 horizon=27 mass=z215.
Cells
  z371:B1:75315202;z372:0:Nlo:334062248;z14:0:Nhi:13106293;z863:0:Nhi:153676074;z8
  64:J1:114864601;z865:1:H:14469978;z250:J1:52965528;z21:JD1:31749597;z866:D1:H:10
  599809;z27:JD1:61620349.
Sum=862429679; test 862429679/1000000000+(1-z215)^7 <= 9912104/10000000.
Leaf R00111100111011 B=[z834,z356,z867,z868,z369,z180,z378,z7,z9,z437,z8,z8]
  h=z869 horizon=27 mass=z369.
Cells
  z360:B1:79507487;z361:0:Nlo:331676822;z14:0:Nhi:12682169;z870:0:Nhi:147003657;z8
  71:J1:118794105;z872:1:H:13907066;z650:J1:52062014;z21:JD1:33789877;z873:D1:H:10
  306327;z27:JD1:59509387.
Sum=859238911; test 859238911/1000000000+(1-z369)^7 <= 9839481/10000000.
Leaf R001111001111 B=[z394,z178,z874,z395,z215,z180,z225,z7,z9,z437,z8,z8] h=z396
  horizon=27 mass=z215.
Cells
  z183:B1:97179261;z184:0:Nlo:320797185;z14:0:Nhi:11132639;z875:0:Nhi:104823197;z3
  5:J1:132914577;z398:1:Hlip:5016632;z876:1:H:14309001;z250:J1:65834410;z21:JD1:30
  316895;z877:JD1:8491935;z878:D1:H:5255280;z27:JD1:58293073.
Sum=854364085; test 854364085/1000000000+(1-z215)^7 <= 9831448/10000000.
Leaf R00111101000 B=[z28,z232,z233,z256,z5,z215,z181,z7,z437,z442,z8,z8] h=z10
  horizon=27 mass=z5.
Cells
  z234:B1:87870917;z235:0:Nlo:326678682;z14:0:Nhi:11905692;z879:0:Nhi:55176055;z88
  0:J1:60872069;z284:J1:194712990;z191:J1:7948562;z881:JD1:3639278;z21:JD1:2346629
  8;z882:JD1:1730052;z883:D1:H:1724716;z884:JD1:35567434;z27:JD1:45461407.
Sum=856754152; test 856754152/1000000000+(1-z5)^7 <= 9940207/10000000.
Leaf R00111101001 B=[z28,z232,z233,z256,z5,z215,z181,z7,z442,z407,z8,z8] h=z10
  horizon=27 mass=z5.
Cells
  z234:B1:87870917;z235:0:Nlo:326678682;z14:0:Nhi:11905692;z885:0:Nhi:53792890;z88
  6:J1:152026530;z191:J1:105780079;z21:JD1:27168259;z887:JD1:8687646;z888:JD1:3945
  5069;z27:JD1:40636514.
Sum=854002278; test 854002278/1000000000+(1-z5)^7 <= 9912689/10000000.
Leaf R0011110101000 B=[z28,z700,z117,z298,z5,z267,z181,z7,z437,z442,z8,z8] h=z10
  horizon=27 mass=z5.
Cells
  z889:B1:50534922;z890:0:Nlo:345858683;z14:0:Nhi:16309098;z891:0:Nhi:167315595;z3
  30:J1:172598776;z191:J1:1523139;z892:JD1:944725;z21:JD1:26381834;z893:JD1:214686
  0;z894:D1:H:2130684;z895:JD1:41166883;z27:JD1:32223510.
Sum=859134709; test 859134709/1000000000+(1-z5)^7 <= 9964013/10000000.
Leaf R00111101010010 B=[z278,z355,z896,z214,z267,z215,z309,z7,z437,z544,z8,z8]
  h=z10 horizon=27 mass=z267.
Cells
  z689:B1:54130465;z690:0:Nlo:344460107;z14:0:Nhi:15747443;z654:0:Nhi:188225456;z2
  85:J1:158587321;z21:JD1:29885411;z897:JD1:1874617;z898:D1:H:1856206;z899:JD1:434
  08525;z27:JD1:26068798.
Sum=864244349; test 864244349/1000000000+(1-z267)^7 <= 9972100/10000000.
Leaf R00111101010011 B=[z278,z355,z896,z214,z267,z215,z309,z7,z544,z442,z8,z8]
  h=z10 horizon=27 mass=z267.
Cells
  z689:B1:54130465;z690:0:Nlo:344460107;z14:0:Nhi:15747443;z900:0:Nhi:157240117;z9
  01:J1:148974910;z285:J1:35451303;z902:JD1:23609334;z21:JD1:6303896;z903:JD1:5153
  7852;z27:JD1:23847975.
Sum=861303402; test 861303402/1000000000+(1-z267)^7 <= 9942690/10000000.
Leaf R0011110101010 B=[z28,z700,z117,z298,z5,z267,z181,z7,z442,z407,z8,z8] h=z10
  horizon=27 mass=z5.
Cells
  z889:B1:50534922;z890:0:Nlo:345858683;z14:0:Nhi:16309098;z904:0:Nhi:105578985;z9
  05:J1:140895151;z191:J1:85961123;z21:JD1:27380347;z906:JD1:10377971;z907:JD1:439
  74093;z27:JD1:27624837.
Sum=854495210; test 854495210/1000000000+(1-z5)^7 <= 9917618/10000000.
Leaf R0011110101011 B=[z278,z355,z896,z214,z267,z215,z309,z7,z442,z407,z8,z8]
  h=z10 horizon=27 mass=z267.
Cells
  z689:B1:54130465;z690:0:Nlo:344460107;z14:0:Nhi:15747443;z908:0:Nhi:128519308;z9
  09:J1:135142351;z285:J1:74691734;z21:JD1:30201476;z910:JD1:7512894;z911:JD1:4495
  7587;z27:JD1:28708742.
Sum=864072107; test 864072107/1000000000+(1-z267)^7 <= 9970377/10000000.
Leaf R001111010110000 B=[z694,z747,z748,z298,z5,z267,z181,z7,z437,z442,z8,z8]
  h=z10 horizon=27 mass=z5.
Cells
  z749:B1:58681803;z750:0:Nlo:342509878;z14:0:Nhi:15093049;z699:0:Nhi:138376195;z8
  91:J1:26031588;z330:J1:172598779;z191:J1:1523139;z892:JD1:944725;z21:JD1:2638183
  2;z912:JD1:2062911;z913:D1:H:2049218;z914:JD1:40110841;z27:JD1:34576211.
Sum=860940169; test 860940169/1000000000+(1-z5)^7 <= 9982068/10000000.
Leaf R001111010110001 B=[z715,z695,z696,z757,z5,z267,z181,z7,z437,z442,z8,z8]
  h=z718 horizon=27 mass=z5.
Cells
  z697:B1:66875508;z698:0:Nlo:338575555;z14:0:Nhi:14045724;z758:0:Nhi:125339957;z9
  15:J1:19753282;z916:J1:176022301;z191:J1:8494460;z917:JD1:4787158;z21:JD1:220347
  59;z918:JD1:43913480;z27:JD1:34672332.
Sum=854514516; test 854514516/1000000000+(1-z5)^7 <= 9917811/10000000.
Leaf R0011110101100100 B=[z700,z919,z920,z921,z267,z922,z309,z7,z437,z442,z8,z8]
  h=z10 horizon=27 mass=z267.
Cells
  z923:B1:60645154;z924:0:Nlo:341613330;z14:0:Nhi:14827934;z925:0:Nhi:132066030;z9
  26:J1:42829522;z285:J1:164708494;z21:JD1:30056451;z927:D1:H:1127017;z928:JD1:412
  78574;z27:JD1:35335172.
Sum=864487678; test 864487678/1000000000+(1-z267)^7 <= 9974533/10000000.
Leaf R0011110101100101 B=[z929,z706,z930,z931,z922,z215,z932,z7,z437,z442,z8,z8]
  h=z933 horizon=27 mass=z922.
Cells
  z708:B1:62610072;z709:0:Nlo:340685656;z14:0:Nhi:14571968;z934:0:Nhi:129119972;z9
  35:J1:50920492;z936:J1:159932894;z21:JD1:31304060;z937:D1:H:248872;z938:JD1:4140
  5557;z27:JD1:35280571.
Sum=866080114; test 866080114/1000000000+(1-z922)^7 <= 9969389/10000000.
Leaf R001111010110011 B=[z747,z394,z701,z771,z267,z215,z309,z7,z437,z442,z8,z8]
  h=z772 horizon=27 mass=z267.
Cells
  z702:B1:71102295;z703:0:Nlo:336367038;z14:0:Nhi:13559761;z773:0:Nhi:119716474;z9
  39:J1:26611096;z940:J1:169324756;z285:J1:9993821;z941:JD1:6023692;z21:JD1:229151
  52;z942:JD1:42897832;z27:JD1:33354223.
Sum=851866140; test 851866140/1000000000+(1-z267)^7 <= 9848318/10000000.
Leaf R001111010110100 B=[z694,z747,z748,z298,z5,z267,z181,z7,z442,z407,z8,z8]
  h=z10 horizon=27 mass=z5.
Cells
  z749:B1:58681803;z750:0:Nlo:342509878;z14:0:Nhi:15093049;z904:0:Nhi:105334472;z9
  05:J1:140895154;z191:J1:85961123;z21:JD1:27380345;z943:JD1:10047818;z944:JD1:431
  55079;z27:JD1:29914735.
Sum=858973456; test 858973456/1000000000+(1-z5)^7 <= 9962400/10000000.
Leaf R001111010110101 B=[z715,z695,z696,z757,z5,z267,z181,z7,z442,z407,z8,z8]
  h=z718 horizon=27 mass=z5.
Cells
  z697:B1:66875508;z698:0:Nlo:338575555;z14:0:Nhi:14045724;z945:0:Nhi:85542034;z94
  6:J1:142036592;z191:J1:95164588;z21:JD1:26894842;z947:JD1:11308919;z948:JD1:4133
  7346;z27:JD1:30267709.
Sum=852048817; test 852048817/1000000000+(1-z5)^7 <= 9893154/10000000.
Leaf R0011110101101100 B=[z700,z919,z920,z921,z267,z922,z309,z7,z442,z407,z8,z8]
  h=z10 horizon=27 mass=z267.
Cells
  z923:B1:60645154;z924:0:Nlo:341613330;z14:0:Nhi:14827934;z949:0:Nhi:124508546;z9
  50:J1:130547265;z285:J1:78730315;z21:JD1:30132567;z951:JD1:7292741;z952:JD1:4415
  6626;z27:JD1:30720132.
Sum=863174610; test 863174610/1000000000+(1-z267)^7 <= 9961402/10000000.
Leaf R0011110101101101 B=[z747,z953,z954,z955,z267,z922,z309,z7,z442,z407,z8,z8]
  h=z772 horizon=27 mass=z267.
Cells
  z956:B1:68990177;z957:0:Nlo:337484386;z14:0:Nhi:13798466;z958:0:Nhi:75808438;z95
  9:J1:140326793;z285:J1:97982016;z21:JD1:28990947;z960:JD1:10545074;z961:JD1:4111
  2359;z27:JD1:28714489.
Sum=843753145; test 843753145/1000000000+(1-z267)^7 <= 9767188/10000000.
Leaf R0011110101101110 B=[z929,z706,z930,z931,z922,z215,z932,z7,z442,z407,z8,z8]
  h=z933 horizon=27 mass=z922.
Cells
  z708:B1:62610072;z709:0:Nlo:340685656;z14:0:Nhi:14571968;z962:0:Nhi:125968679;z9
  63:J1:132401270;z936:J1:75678934;z21:JD1:31397622;z964:JD1:6379241;z965:JD1:4425
  5144;z27:JD1:30780031.
Sum=864728617; test 864728617/1000000000+(1-z922)^7 <= 9955875/10000000.
Leaf R0011110101101111 B=[z919,z394,z966,z967,z922,z215,z932,z7,z442,z407,z8,z8]
  h=z968 horizon=27 mass=z922.
Cells
  z702:B1:71102295;z703:0:Nlo:336367036;z14:0:Nhi:13559761;z969:0:Nhi:77593967;z97
  0:J1:138175876;z936:J1:96762705;z21:JD1:30053986;z971:JD1:10117675;z972:JD1:4090
  1806;z27:JD1:28262500.
Sum=842897607; test 842897607/1000000000+(1-z922)^7 <= 9737564/10000000.
Leaf R001111010111 B=[z724,z232,z290,z725,z5,z215,z181,z7,z437,z407,z8,z8] h=z726
  horizon=27 mass=z5.
Cells
  z234:B1:87870917;z235:0:Nlo:326678681;z14:0:Nhi:11905692;z973:0:Nhi:53337810;z97
  4:J1:71189801;z975:J1:172753888;z191:J1:21095995;z976:JD1:9481032;z21:JD1:167371
  52;z977:JD1:37680646;z27:JD1:48108425.
Sum=856840039; test 856840039/1000000000+(1-z5)^7 <= 9941066/10000000.
Leaf R00111101100 B=[z213,z344,z345,z784,z215,z180,z225,z7,z437,z407,z8,z8] h=z10
  horizon=27 mass=z215.
Cells
  z347:B1:61368253;z348:0:Nlo:341275382;z14:0:Nhi:14732682;z978:0:Nhi:71897613;z97
  9:J1:86143066;z250:J1:173594034;z21:JD1:33200922;z980:JD1:31553748;z27:JD1:55711
  586.
Sum=869477286; test 869477286/1000000000+(1-z215)^7 <= 9982580/10000000.
Leaf R001111011010 B=[z355,z794,z795,z796,z215,z369,z225,z7,z437,z407,z8,z8]
  h=z359 horizon=27 mass=z215.
Cells
  z797:B1:92551186;z798:0:Nlo:323759599;z14:0:Nhi:11506198;z981:0:Nhi:57667784;z98
  2:J1:64641146;z983:J1:186957628;z250:J1:5310808;z984:JD1:2256033;z21:JD1:3031390
  6;z985:JD1:30343295;z27:JD1:58750093.
Sum=864057676; test 864057676/1000000000+(1-z215)^7 <= 9928384/10000000.
Leaf R001111011011 B=[z375,z178,z805,z806,z369,z180,z378,z7,z437,z407,z8,z8]
  h=z379 horizon=27 mass=z369.
Cells
  z183:B1:97179261;z184:0:Nlo:320797186;z14:0:Nhi:11132639;z986:0:Nhi:56148457;z98
  7:J1:68304316;z988:J1:180175645;z650:J1:6808402;z989:JD1:3072035;z990:JD1:255984
  16;z991:D1:Hlip:407828;z21:JD1:5704738;z992:JD1:29088094;z27:JD1:57939190.
Sum=862356207; test 862356207/1000000000+(1-z369)^7 <= 9870654/10000000.
Leaf R001111011100000 B=[z213,z375,z814,z637,z215,z369,z225,z370,z437,z544,z8,z8]
  h=z10 horizon=27 mass=z215.
Cells
  z815:B1:57744013;z816:0:Nlo:342926827;z14:0:Nhi:15223175;z666:0:Nhi:206626260;z3
  74:J1:70185482;z21:JD1:98174042;z993:JD1:14549120;z27:JD1:54570917.
Sum=859999836; test 859999836/1000000000+(1-z215)^7 <= 9887805/10000000.
Leaf R001111011100001 B=[z213,z375,z814,z637,z215,z369,z216,z7,z437,z544,z8,z8]
  h=z10 horizon=29 mass=z216.
Cells
  z815:B1:57744013;z816:0:Nlo:342926827;z14:0:Nhi:15223175;z666:0:Nhi:206626260;z2
  50:J1:144326223;z788:JD1:31773882;z21:D1:H:960460;z994:D1:H:509380;z995:JD1:4463
  4049;z27:JD1:27220711;z255:JD1:108998693;z996:JD1:2050712;z40:P:239544.
Sum=983233929; test 983233929/1000000000+(1-z216)^7 <= 9916392/10000000.
Leaf R00111101110001 B=[z213,z375,z814,z637,z215,z369,z225,z7,z544,z442,z8,z8]
  h=z10 horizon=27 mass=z215.
Cells
  z815:B1:57744013;z816:0:Nlo:342926827;z14:0:Nhi:15223175;z997:0:Nhi:176783227;z9
  98:J1:141839682;z250:J1:27480000;z999:JD1:21527965;z21:JD1:11245805;z1000:JD1:49
  585368;z27:JD1:25008796.
Sum=869364858; test 869364858/1000000000+(1-z215)^7 <= 9981456/10000000.
Leaf R001111011100100 B=[z636,z344,z818,z179,z369,z180,z378,z182,z437,z544,z8,z8]
  h=z10 horizon=27 mass=z369.
Cells
  z347:B1:61368253;z348:0:Nlo:341275381;z14:0:Nhi:14732682;z819:0:Nhi:203084340;z6
  57:J1:18031353;z35:J1:36800806;z350:B11/25:6889186;z381:J1:13239723;z21:JD1:1012
  04812;z1001:JD1:11884026;z27:JD1:56592612.
Sum=865103174; test 865103174/1000000000+(1-z369)^7 <= 9898124/10000000.
Leaf R001111011100101 B=[z636,z344,z818,z179,z369,z180,z370,z7,z437,z544,z8,z8]
  h=z10 horizon=29 mass=z370.
Cells
  z347:B1:61368253;z348:0:Nlo:341275381;z14:0:Nhi:14732682;z819:0:Nhi:203084340;z6
  57:J1:18031353;z35:J1:36800806;z350:B11/25:6889186;z650:J1:87366768;z21:JD1:3569
  4253;z1002:JD1:43097755;z27:JD1:28438900;z1003:JD1:105464459;z1004:JD1:1964728;z
  40:P:243879.
Sum=984452743; test 984452743/1000000000+(1-z370)^7 <= 9922790/10000000.
Leaf R001111011100110
  B=[z636,z1005,z1006,z1007,z369,z1008,z378,z7,z544,z442,z8,z8] h=z10 horizon=27
  mass=z369.
Cells
  z1009:B1:59555223;z1010:0:Nlo:342114911;z14:0:Nhi:14973913;z1011:0:Nhi:185706102
  ;z1012:J1:138481507;z650:J1:22140035;z1013:JD1:19089395;z21:JD1:16548664;z1014:J
  D1:47921196;z27:JD1:25635518.
Sum=872166464; test 872166464/1000000000+(1-z369)^7 <= 9968757/10000000.
Leaf R001111011100111
  B=[z1015,z344,z1016,z179,z1008,z180,z1017,z7,z544,z442,z8,z8] h=z10 horizon=27
  mass=z1008.
Cells
  z347:B1:61368253;z348:0:Nlo:341275381;z14:0:Nhi:14732682;z1018:0:Nhi:194162646;z
  1019:J1:135256776;z1020:J1:18441478;z1021:JD1:17321792;z21:JD1:19833484;z1022:JD
  1:46904200;z27:JD1:26268979.
Sum=875565671; test 875565671/1000000000+(1-z1008)^7 <= 9982808/10000000.
Leaf R00111101110100 B=[z213,z375,z814,z637,z215,z369,z225,z7,z442,z562,z8,z8]
  h=z10 horizon=27 mass=z215.
Cells
  z815:B1:57744013;z816:0:Nlo:342926827;z14:0:Nhi:15223175;z1023:0:Nhi:148964075;z
  1024:J1:129632570;z250:J1:64407497;z21:JD1:32840631;z1025:JD1:7024214;z1026:JD1:
  46622460;z27:JD1:23205228.
Sum=868590690; test 868590690/1000000000+(1-z215)^7 <= 9973714/10000000.
Leaf R00111101110101 B=[z213,z375,z814,z637,z215,z369,z225,z7,z562,z407,z8,z8]
  h=z10 horizon=27 mass=z215.
Cells
  z815:B1:57744013;z816:0:Nlo:342926827;z14:0:Nhi:15223175;z1027:0:Nhi:166095484;z
  1028:J1:73811770;z250:J1:101399710;z21:JD1:32930545;z1029:JD1:19386613;z1030:JD1
  :38057216;z27:JD1:21686874.
Sum=869262227; test 869262227/1000000000+(1-z215)^7 <= 9980429/10000000.
Leaf R001111011101100
  B=[z636,z1005,z1006,z1007,z369,z1008,z378,z7,z442,z562,z8,z8] h=z10 horizon=27
  mass=z369.
Cells
  z1009:B1:59555223;z1010:0:Nlo:342114911;z14:0:Nhi:14973913;z1031:0:Nhi:158345952
  ;z1032:J1:126983685;z650:J1:58016300;z21:JD1:35719755;z1033:JD1:3970630;z1034:JD
  1:48027077;z27:JD1:23865091.
Sum=871572537; test 871572537/1000000000+(1-z369)^7 <= 9962817/10000000.
Leaf R001111011101101
  B=[z1015,z344,z1016,z179,z1008,z180,z1017,z7,z442,z562,z8,z8] h=z10 horizon=27
  mass=z1008.
Cells
  z347:B1:61368253;z348:0:Nlo:341275381;z14:0:Nhi:14732682;z659:0:Nhi:167252271;z6
  60:J1:124409190;z1020:J1:53317566;z21:JD1:37243466;z1035:JD1:2351837;z1036:JD1:4
  8646284;z27:JD1:24505975.
Sum=875102905; test 875102905/1000000000+(1-z1008)^7 <= 9978181/10000000.
Leaf R001111011101110
  B=[z636,z1005,z1006,z1007,z369,z1008,z378,z7,z562,z407,z8,z8] h=z10 horizon=27
  mass=z369.
Cells
  z1009:B1:59555223;z1010:0:Nlo:342114911;z14:0:Nhi:14973913;z1037:0:Nhi:166779889
  ;z1038:J1:80378043;z650:J1:94102121;z21:JD1:35827578;z1039:JD1:16778187;z1040:JD
  1:39018393;z27:JD1:22392473.
Sum=871920731; test 871920731/1000000000+(1-z369)^7 <= 9966299/10000000.
Leaf R001111011101111
  B=[z1015,z344,z1016,z179,z1008,z180,z1017,z7,z562,z407,z8,z8] h=z10 horizon=27
  mass=z1008.
Cells
  z347:B1:61368253;z348:0:Nlo:341275381;z14:0:Nhi:14732682;z1041:0:Nhi:169529875;z
  1042:J1:84716622;z1020:J1:88530936;z21:JD1:37359629;z1043:JD1:15354121;z1044:JD1
  :39452269;z27:JD1:23047841.
Sum=875367609; test 875367609/1000000000+(1-z1008)^7 <= 9980828/10000000.
Leaf R001111011110000 B=[z355,z834,z835,z368,z215,z369,z225,z7,z437,z442,z8,z8]
  h=z359 horizon=27 mass=z215.
Cells
  z836:B1:66540755;z837:0:Nlo:338745652;z14:0:Nhi:14085660;z1045:0:Nhi:158475474;z
  1046:J1:31938630;z250:J1:151530456;z1047:JD1:32314697;z21:D1:Hlip:189990;z1048:D
  1:Hlip:91609;z1049:JD1:40737270;z27:JD1:35285740.
Sum=869935933; test 869935933/1000000000+(1-z215)^7 <= 9987166/10000000.
Leaf R001111011110001 B=[z355,z834,z835,z368,z215,z369,z225,z7,z442,z407,z8,z8]
  h=z359 horizon=27 mass=z215.
Cells
  z836:B1:66540755;z837:0:Nlo:338745652;z14:0:Nhi:14085660;z1050:0:Nhi:135090300;z
  1051:J1:130788819;z250:J1:70625533;z21:JD1:32619604;z1052:JD1:5803349;z1053:JD1:
  43883429;z27:JD1:30960484.
Sum=869143585; test 869143585/1000000000+(1-z215)^7 <= 9979243/10000000.
Leaf R001111011110010 B=[z375,z849,z850,z377,z369,z180,z378,z7,z437,z442,z8,z8]
  h=z379 horizon=27 mass=z369.
Cells
  z851:B1:70466710;z852:0:Nlo:336706070;z14:0:Nhi:13630756;z1054:0:Nhi:156329158;z
  1055:J1:35584646;z650:J1:146595110;z1056:JD1:32197068;z1057:D1:H:1274483;z1058:D
  1:Hlip:629864;z21:JD1:627922;z1059:JD1:39820902;z27:JD1:34101336.
Sum=867964025; test 867964025/1000000000+(1-z369)^7 <= 9926732/10000000.
Leaf R001111011110011 B=[z375,z849,z850,z377,z369,z180,z378,z7,z442,z407,z8,z8]
  h=z379 horizon=27 mass=z369.
Cells
  z851:B1:70466710;z852:0:Nlo:336706070;z14:0:Nhi:13630756;z1060:0:Nhi:138069347;z
  1061:J1:126980958;z650:J1:68238128;z21:JD1:34900618;z1062:JD1:4765807;z1063:JD1:
  43645821;z27:JD1:30143660.
Sum=867547875; test 867547875/1000000000+(1-z369)^7 <= 9922571/10000000.
Leaf R0011110111101 B=[z706,z356,z389,z1064,z215,z180,z225,z7,z437,z407,z8,z8]
  h=z862 horizon=27 mass=z215.
Cells
  z360:B1:79507487;z361:0:Nlo:331676822;z14:0:Nhi:12682169;z1065:0:Nhi:142152635;z
  1066:J1:26972461;z1067:J1:154373219;z250:J1:7432722;z1068:JD1:4599136;z21:JD1:27
  134269;z1069:D1:H:346007;z1070:JD1:35003807;z27:JD1:46663791.
Sum=868544525; test 868544525/1000000000+(1-z215)^7 <= 9973252/10000000.
Leaf R001111011111 B=[z394,z178,z874,z395,z215,z180,z225,z7,z437,z407,z8,z8]
  h=z396 horizon=27 mass=z215.
Cells
  z183:B1:97179261;z184:0:Nlo:320797185;z14:0:Nhi:11132639;z875:0:Nhi:104823197;z1
  071:J1:19981316;z1072:J1:160676398;z250:J1:23939562;z1073:JD1:12027322;z21:JD1:1
  8262061;z1074:JD1:35519805;z27:JD1:45679658.
Sum=850018404; test 850018404/1000000000+(1-z215)^7 <= 9787991/10000000.
Leaf R0011111000 B=[z28,z264,z265,z266,z5,z267,z181,z7,z407,z402,z8,z8] h=z10
  horizon=27 mass=z5.
Cells
  z268:B1:83143853;z269:0:Nlo:329540476;z14:0:Nhi:12333922;z1075:J1:87882419;z21:J
  1:236021535;z1076:J1:37205401;z1077:J1:35104392;z1078:J1:15291057;z27:P:14339416
  .
Sum=850862471; test 850862471/1000000000+(1-z5)^7 <= 9881291/10000000.
Leaf R0011111001 B=[z278,z232,z279,z256,z267,z215,z309,z7,z407,z402,z8,z8] h=z10
  horizon=27 mass=z267.
Cells
  z234:B1:87870917;z235:0:Nlo:326678682;z14:0:Nhi:11905692;z1079:0:Nhi:55262978;z8
  80:J1:56097828;z21:J1:223057712;z1080:J1:34692644;z1081:J1:35367095;z1082:J1:153
  35808;z27:P:16025687.
Sum=862295043; test 862295043/1000000000+(1-z267)^7 <= 9952607/10000000.
Leaf R001111101000 B=[z28,z700,z117,z298,z5,z267,z181,z7,z407,z573,z8,z8] h=z10
  horizon=27 mass=z5.
Cells
  z889:B1:50534922;z890:0:Nlo:345858683;z14:0:Nhi:16309098;z1083:0:Nhi:106768732;z
  891:J1:53546093;z191:J1:167282717;z21:JD1:27891287;z1084:JD1:27147795;z1085:JD1:
  30014392;z27:JD1:36340332.
Sum=861694051; test 861694051/1000000000+(1-z5)^7 <= 9989606/10000000.
Leaf R001111101001 B=[z28,z700,z117,z298,z5,z267,z181,z7,z573,z402,z8,z8] h=z10
  horizon=27 mass=z5.
Cells
  z889:B1:50534922;z890:0:Nlo:345858684;z14:0:Nhi:16309098;z1086:0:Nhi:105933148;z
  21:J1:243367450;z1087:J1:73578087;z1088:J1:13920583;z1089:J1:4161987;z27:P:49694
  35.
Sum=858633394; test 858633394/1000000000+(1-z5)^7 <= 9959000/10000000.
Leaf R001111101010000 B=[z694,z747,z748,z298,z5,z267,z181,z7,z407,z570,z8,z8]
  h=z10 horizon=27 mass=z5.
Cells
  z749:B1:58681803;z750:0:Nlo:342509878;z14:0:Nhi:15093049;z1090:0:Nhi:93755674;z8
  91:J1:66102036;z191:J1:167282719;z21:JD1:27507613;z1091:JD1:31113892;z1092:JD1:2
  9949910;z27:JD1:26417415.
Sum=858413989; test 858413989/1000000000+(1-z5)^7 <= 9956806/10000000.
Leaf R001111101010001 B=[z694,z747,z748,z298,z5,z267,z181,z7,z570,z573,z8,z8]
  h=z10 horizon=27 mass=z5.
Cells
  z749:B1:58681803;z750:0:Nlo:342509878;z14:0:Nhi:15093049;z1093:0:Nhi:78166607;z1
  91:J1:244803904;z21:JD1:27679928;z1094:JD1:47855400;z1095:JD1:20405664;z27:JD1:2
  3534726.
Sum=858730959; test 858730959/1000000000+(1-z5)^7 <= 9959975/10000000.
Leaf R00111110101001 B=[z694,z747,z748,z298,z5,z267,z181,z7,z573,z402,z8,z8] h=z10
  horizon=27 mass=z5.
Cells
  z749:B1:58681803;z750:0:Nlo:342509879;z14:0:Nhi:15093049;z1096:0:Nhi:68543993;z2
  1:J1:278973714;z1095:J1:72399462;z1097:J1:13872667;z1098:J1:4554315;z27:P:674694
  3.
Sum=861375825; test 861375825/1000000000+(1-z5)^7 <= 9986424/10000000.
Leaf R0011111010101 B=[z715,z695,z696,z757,z5,z267,z181,z7,z407,z402,z8,z8] h=z718
  horizon=27 mass=z5.
Cells
  z697:B1:66875508;z698:0:Nlo:338575555;z14:0:Nhi:14045724;z1099:0:Nhi:77077628;z9
  15:J1:63059144;z21:J1:205305759;z1100:J1:41914306;z1101:J1:36370915;z1102:J1:119
  24420;z27:P:7471521.
Sum=862620480; test 862620480/1000000000+(1-z5)^7 <= 9998871/10000000.
Leaf R001111101011 B=[z724,z264,z297,z1103,z5,z267,z181,z7,z407,z402,z8,z8] h=z726
  horizon=27 mass=z5.
Cells
  z268:B1:83143853;z269:0:Nlo:329540476;z14:0:Nhi:12333922;z1104:0:Nhi:46099176;z1
  105:J1:45419257;z21:J1:228849522;z1106:J1:42326728;z1107:J1:34073587;z1108:J1:11
  897057;z27:P:8558290.
Sum=842241868; test 842241868/1000000000+(1-z5)^7 <= 9795085/10000000.
Leaf R0011111011000 B=[z278,z355,z896,z214,z267,z215,z309,z7,z407,z570,z8,z8]
  h=z10 horizon=27 mass=z267.
Cells
  z689:B1:54130465;z690:0:Nlo:344460107;z14:0:Nhi:15747443;z663:0:Nhi:129585993;z6
  54:J1:51972110;z285:J1:152200590;z21:JD1:30359481;z1109:JD1:29490261;z1110:JD1:3
  0783591;z27:JD1:25373950.
Sum=864103991; test 864103991/1000000000+(1-z267)^7 <= 9970696/10000000.
Leaf R0011111011001 B=[z278,z355,z896,z214,z267,z215,z309,z7,z570,z573,z8,z8]
  h=z10 horizon=27 mass=z267.
Cells
  z689:B1:54130465;z690:0:Nlo:344460107;z14:0:Nhi:15747443;z1111:0:Nhi:101877781;z
  285:J1:227655531;z21:JD1:30569534;z1112:JD1:46592915;z1113:JD1:20801721;z27:JD1:
  22679800.
Sum=864515297; test 864515297/1000000000+(1-z267)^7 <= 9974809/10000000.
Leaf R0011111011010 B=[z278,z929,z1114,z921,z267,z922,z309,z7,z573,z402,z8,z8]
  h=z10 horizon=27 mass=z267.
Cells
  z1115:B1:52329954;z1116:0:Nlo:345177341;z14:0:Nhi:16023351;z1117:0:Nhi:111614826
  ;z21:J1:242056681;z1118:J1:71966438;z1119:J1:14097243;z1120:J1:3985665;z27:P:577
  8253.
Sum=863029752; test 863029752/1000000000+(1-z267)^7 <= 9959954/10000000.
Leaf R0011111011011 B=[z1121,z355,z1122,z214,z922,z215,z932,z7,z573,z402,z8,z8]
  h=z10 horizon=27 mass=z922.
Cells
  z689:B1:54130465;z690:0:Nlo:344460107;z14:0:Nhi:15747443;z1123:0:Nhi:116652383;z
  21:J1:241181451;z1124:J1:70933402;z1125:J1:14182397;z1126:J1:3970719;z27:P:64973
  77.
Sum=867755744; test 867755744/1000000000+(1-z922)^7 <= 9986146/10000000.
Leaf R00111110111000 B=[z700,z706,z765,z735,z267,z215,z309,z7,z407,z402,z8,z8]
  h=z10 horizon=27 mass=z267.
Cells
  z708:B1:62610072;z709:0:Nlo:340685658;z14:0:Nhi:14571968;z1127:0:Nhi:84552918;z1
  128:J1:64918110;z21:J1:201474744;z1129:J1:39305690;z1130:J1:38114880;z1131:J1:11
  787119;z27:P:8232588.
Sum=866253747; test 866253747/1000000000+(1-z267)^7 <= 9992194/10000000.
Leaf R00111110111001000
  B=[z700,z1132,z1133,z214,z267,z215,z309,z7,z407,z570,z8,z8] h=z10 horizon=27
  mass=z267.
Cells
  z1134:B1:58363725;z1135:0:Nlo:342652136;z14:0:Nhi:15136925;z925:0:Nhi:132066031;
  z654:J1:49219635;z285:J1:152200590;z21:JD1:30359481;z1136:JD1:30058303;z1137:JD1
  :31054082;z27:JD1:23694517.
Sum=864805425; test 864805425/1000000000+(1-z267)^7 <= 9977711/10000000.
Leaf R00111110111001001
  B=[z700,z1132,z1133,z214,z267,z215,z309,z7,z570,z573,z8,z8] h=z10 horizon=27
  mass=z267.
Cells
  z1134:B1:58363725;z1135:0:Nlo:342652136;z14:0:Nhi:15136925;z1111:0:Nhi:101640421
  ;z285:J1:227655531;z21:JD1:30569534;z1138:JD1:47274125;z1139:JD1:20900300;z27:JD
  1:21077255.
Sum=865269952; test 865269952/1000000000+(1-z267)^7 <= 9982356/10000000.
Leaf R00111110111001010
  B=[z700,z1140,z1141,z921,z267,z922,z309,z7,z573,z402,z8,z8] h=z10 horizon=27
  mass=z267.
Cells
  z1142:B1:56478832;z1143:0:Nlo:343477238;z14:0:Nhi:15402489;z1144:0:Nhi:72961682;
  z21:J1:279628511;z1145:J1:72963830;z1146:J1:14138292;z1147:J1:3648076;z27:P:4319
  478.
Sum=863018428; test 863018428/1000000000+(1-z267)^7 <= 9959841/10000000.
Leaf R00111110111001011
  B=[z929,z1132,z1148,z931,z922,z215,z932,z7,z573,z402,z8,z8] h=z933 horizon=27
  mass=z922.
Cells
  z1134:B1:58363725;z1135:0:Nlo:342652136;z14:0:Nhi:15136926;z1149:0:Nhi:75427768;
  z21:J1:279235015;z1150:J1:72119892;z1151:J1:14158586;z1152:J1:3521828;z27:P:4648
  226.
Sum=865264102; test 865264102/1000000000+(1-z922)^7 <= 9961229/10000000.
Leaf R0011111011100110
  B=[z1153,z919,z1154,z1155,z267,z922,z309,z7,z407,z402,z8,z8] h=z1156 horizon=27
  mass=z267.
Cells
  z923:B1:60645154;z924:0:Nlo:341613331;z14:0:Nhi:14827934;z1157:0:Nhi:84898231;z1
  158:J1:68101359;z21:J1:198168151;z1159:J1:42512128;z1160:J1:38442303;z1161:J1:94
  79536;z27:P:4363303.
Sum=863051430; test 863051430/1000000000+(1-z267)^7 <= 9960171/10000000.
Leaf R0011111011100111
  B=[z1140,z706,z1162,z1163,z922,z215,z932,z7,z407,z402,z8,z8] h=z1164 horizon=27
  mass=z922.
Cells
  z708:B1:62610072;z709:0:Nlo:340685657;z14:0:Nhi:14571968;z1165:0:Nhi:84911982;z1
  166:J1:69214375;z21:J1:196811472;z1167:J1:42066216;z1168:J1:38421197;z1169:J1:89
  65074;z27:P:4421668.
Sum=862679681; test 862679681/1000000000+(1-z922)^7 <= 9935385/10000000.
Leaf R0011111011101 B=[z747,z394,z701,z771,z267,z215,z309,z7,z407,z402,z8,z8]
  h=z772 horizon=27 mass=z267.
Cells
  z702:B1:71102295;z703:0:Nlo:336367038;z14:0:Nhi:13559761;z1170:0:Nhi:76937717;z9
  39:J1:64999001;z21:J1:202698462;z1171:J1:40980451;z1172:J1:36189712;z1173:J1:109
  75075;z27:P:7662505.
Sum=861472017; test 861472017/1000000000+(1-z267)^7 <= 9944376/10000000.
Leaf R001111101111 B=[z695,z232,z308,z1174,z267,z215,z309,z7,z407,z402,z8,z8]
  h=z1175 horizon=27 mass=z267.
Cells
  z234:B1:87870917;z235:0:Nlo:326678682;z14:0:Nhi:11905694;z1176:0:Nhi:46728036;z1
  177:J1:46274006;z21:J1:226009801;z1178:J1:41439022;z1179:J1:33781692;z1180:J1:10
  975321;z27:P:8761773.
Sum=840424944; test 840424944/1000000000+(1-z267)^7 <= 9733906/10000000.
Leaf R0011111100 B=[z213,z344,z345,z784,z215,z180,z225,z7,z407,z402,z8,z8] h=z10
  horizon=27 mass=z215.
Cells
  z347:B1:61368253;z348:0:Nlo:341275382;z14:0:Nhi:14732682;z1181:0:Nhi:97070874;z9
  79:J1:54133203;z21:J1:200730208;z980:J1:34580779;z1182:J1:37337017;z1183:J1:1350
  1927;z27:P:13265256.
Sum=867995581; test 867995581/1000000000+(1-z215)^7 <= 9967763/10000000.
Leaf R00111111010 B=[z355,z794,z795,z796,z215,z369,z225,z7,z407,z402,z8,z8] h=z359
  horizon=27 mass=z215.
Cells
  z797:B1:92551186;z798:0:Nlo:323759599;z14:0:Nhi:11506198;z1184:0:Nhi:62583008;z9
  82:J1:54869472;z21:J1:218346470;z985:J1:33231329;z1185:J1:35227642;z1186:J1:1472
  6258;z27:P:16716194.
Sum=863517356; test 863517356/1000000000+(1-z215)^7 <= 9922981/10000000.
Leaf R00111111011 B=[z375,z178,z805,z806,z369,z180,z378,z7,z407,z402,z8,z8] h=z379
  horizon=27 mass=z369.
Cells
  z183:B1:97179261;z184:0:Nlo:320797186;z14:0:Nhi:11132639;z1187:0:Nhi:63469690;z9
  87:J1:55797982;z21:J1:215705225;z992:J1:32067758;z1188:J1:34987065;z1189:J1:1395
  0981;z27:P:17136805.
Sum=862224592; test 862224592/1000000000+(1-z369)^7 <= 9869338/10000000.
Leaf R0011111110000 B=[z213,z375,z814,z1190,z215,z369,z225,z7,z407,z573,z8,z8]
  h=z10 horizon=27 mass=z215.
Cells
  z815:B1:57744013;z816:0:Nlo:342926827;z14:0:Nhi:15223175;z1191:0:Nhi:116874940;z
  1192:J1:52878471;z250:J1:156044786;z21:JD1:33608008;z1193:JD1:21889324;z1194:JD1
  :31016103;z27:JD1:39515826.
Sum=867721473; test 867721473/1000000000+(1-z215)^7 <= 9965022/10000000.
Leaf R0011111110001 B=[z213,z375,z814,z1190,z215,z369,z225,z7,z573,z402,z8,z8]
  h=z10 horizon=27 mass=z215.
Cells
  z815:B1:57744013;z816:0:Nlo:342926828;z14:0:Nhi:15223175;z1195:0:Nhi:106164471;z
  21:J1:246547479;z1196:J1:69587720;z1197:J1:14254594;z1198:J1:4056691;z27:P:76521
  37.
Sum=864157108; test 864157108/1000000000+(1-z215)^7 <= 9929378/10000000.
Leaf R001111111001000 B=[z213,z375,z1199,z637,z215,z369,z225,z7,z407,z590,z8,z8]
  h=z10 horizon=27 mass=z215.
Cells
  z815:B1:57744013;z816:0:Nlo:342926827;z14:0:Nhi:15223175;z665:0:Nhi:149924174;z6
  66:J1:50355850;z250:J1:138362652;z21:JD1:33038382;z1200:JD1:30994590;z1201:JD1:3
  1836724;z27:JD1:16989126.
Sum=867395513; test 867395513/1000000000+(1-z215)^7 <= 9961762/10000000.
Leaf R001111111001001 B=[z213,z375,z1199,z637,z215,z369,z225,z7,z590,z570,z8,z8]
  h=z10 horizon=27 mass=z215.
Cells
  z815:B1:57744013;z816:0:Nlo:342926827;z14:0:Nhi:15223175;z1202:0:Nhi:117469753;z
  1203:J1:44206341;z250:J1:175166549;z21:JD1:33160445;z1204:JD1:40181858;z1205:JD1
  :26024832;z27:JD1:15902190.
Sum=868005983; test 868005983/1000000000+(1-z215)^7 <= 9967867/10000000.
Leaf R001111111001010 B=[z213,z375,z1199,z637,z215,z369,z225,z7,z570,z598,z8,z8]
  h=z10 horizon=27 mass=z215.
Cells
  z815:B1:57744013;z816:0:Nlo:342926827;z14:0:Nhi:15223175;z1206:0:Nhi:123015052;z
  250:J1:211651860;z21:JD1:33293984;z1207:JD1:48376930;z1208:JD1:21092236;z27:JD1:
  14922085.
Sum=868246162; test 868246162/1000000000+(1-z215)^7 <= 9970269/10000000.
Leaf R001111111001011 B=[z213,z375,z1199,z637,z215,z369,z225,z7,z598,z573,z8,z8]
  h=z10 horizon=27 mass=z215.
Cells
  z815:B1:57744013;z816:0:Nlo:342926827;z14:0:Nhi:15223175;z1209:0:Nhi:146295590;z
  250:J1:187532298;z21:JD1:33436915;z1210:JD1:55867787;z1211:JD1:16767819;z27:JD1:
  14021341.
Sum=869815765; test 869815765/1000000000+(1-z215)^7 <= 9985965/10000000.
Leaf R00111111100110 B=[z213,z1212,z1213,z1214,z215,z1215,z225,z7,z573,z402,z8,z8]
  h=z10 horizon=27 mass=z215.
Cells
  z1216:B1:55935463;z1217:0:Nlo:343709229;z14:0:Nhi:15480872;z1218:0:Nhi:121286738
  ;z21:J1:240535843;z1219:J1:71809308;z1220:J1:14362272;z1221:J1:3308661;z27:P:446
  5196.
Sum=870893582; test 870893582/1000000000+(1-z215)^7 <= 9996743/10000000.
Leaf R001111111001110
  B=[z1222,z375,z1223,z637,z1215,z369,z1224,z7,z573,z612,z8,z8] h=z10 horizon=27
  mass=z1215.
Cells
  z815:B1:57744013;z816:0:Nlo:342926827;z14:0:Nhi:15223175;z1225:0:Nhi:125558342;z
  1226:J1:204443470;z21:JD1:35326389;z1227:JD1:59622494;z1228:JD1:13179231;z27:JD1
  :19039115.
Sum=873063056; test 873063056/1000000000+(1-z1215)^7 <= 9997940/10000000.
Leaf R001111111001111
  B=[z1222,z375,z1223,z637,z1215,z369,z1224,z7,z612,z402,z8,z8] h=z10 horizon=27
  mass=z1215.
Cells
  z815:B1:57744013;z816:0:Nlo:342926829;z14:0:Nhi:15223175;z1229:0:Nhi:92159630;z2
  1:J1:270885021;z1230:J1:80684230;z1231:J1:6295785;z1232:J1:1457680;z27:P:5147473
  .
Sum=872523836; test 872523836/1000000000+(1-z1215)^7 <= 9992548/10000000.
Leaf R00111111101000 B=[z636,z344,z818,z822,z369,z180,z378,z7,z407,z570,z8,z8]
  h=z10 horizon=27 mass=z369.
Cells
  z347:B1:61368253;z348:0:Nlo:341275381;z14:0:Nhi:14732682;z1233:0:Nhi:135983445;z
  1234:J1:51480959;z650:J1:142773966;z21:JD1:36046513;z1235:JD1:24334829;z1236:JD1
  :31871247;z27:JD1:28292094.
Sum=868159369; test 868159369/1000000000+(1-z369)^7 <= 9928686/10000000.
Leaf R00111111101001 B=[z636,z344,z818,z822,z369,z180,z378,z7,z570,z573,z8,z8]
  h=z10 horizon=27 mass=z369.
Cells
  z347:B1:61368253;z348:0:Nlo:341275381;z14:0:Nhi:14732682;z1237:0:Nhi:108533803;z
  650:J1:217602554;z21:JD1:36347212;z1238:JD1:41935486;z1239:JD1:21403405;z27:JD1:
  25727879.
Sum=868926655; test 868926655/1000000000+(1-z369)^7 <= 9936359/10000000.
Leaf R0011111110101 B=[z636,z344,z818,z822,z369,z180,z378,z7,z573,z402,z8,z8]
  h=z10 horizon=27 mass=z369.
Cells
  z347:B1:61368253;z348:0:Nlo:341275381;z14:0:Nhi:14732682;z1240:0:Nhi:114539698;z
  21:J1:245509989;z1239:J1:67450605;z1241:J1:14437827;z1242:J1:4036723;z27:P:90992
  14.
Sum=872450372; test 872450372/1000000000+(1-z369)^7 <= 9971596/10000000.
Leaf R001111111011000 B=[z636,z344,z1243,z179,z369,z180,z378,z7,z407,z590,z8,z8]
  h=z10 horizon=27 mass=z369.
Cells
  z347:B1:61368253;z348:0:Nlo:341275381;z14:0:Nhi:14732682;z1244:0:Nhi:159050703;z
  657:J1:57666546;z650:J1:125551954;z21:JD1:36051388;z1245:JD1:28467644;z1246:JD1:
  32512667;z27:JD1:18163314.
Sum=874840532; test 874840532/1000000000+(1-z369)^7 <= 9995497/10000000.
Leaf R0011111110110010
  B=[z636,z1005,z1247,z1007,z369,z1008,z378,z7,z590,z570,z8,z8] h=z10 horizon=27
  mass=z369.
Cells
  z1009:B1:59555223;z1010:0:Nlo:342114911;z14:0:Nhi:14973913;z1248:0:Nhi:127261777
  ;z1249:J1:43644650;z650:J1:166492899;z21:JD1:36099939;z1250:JD1:38116847;z1251:J
  D1:26581894;z27:JD1:16473515.
Sum=871315568; test 871315568/1000000000+(1-z369)^7 <= 9960248/10000000.
Leaf R0011111110110011
  B=[z1015,z344,z1252,z179,z1008,z180,z1017,z7,z590,z570,z8,z8] h=z10 horizon=27
  mass=z1008.
Cells
  z347:B1:61368253;z348:0:Nlo:341275381;z14:0:Nhi:14732682;z1253:0:Nhi:136579372;z
  1254:J1:43073368;z1020:J1:159566832;z21:JD1:37652665;z1255:JD1:36912061;z1256:JD
  1:26848981;z27:JD1:17100107.
Sum=875109702; test 875109702/1000000000+(1-z1008)^7 <= 9978249/10000000.
Leaf R0011111110110100
  B=[z636,z1005,z1247,z1007,z369,z1008,z378,z7,z570,z598,z8,z8] h=z10 horizon=27
  mass=z369.
Cells
  z1009:B1:59555223;z1010:0:Nlo:342114911;z14:0:Nhi:14973913;z1257:0:Nhi:132760735
  ;z650:J1:202507702;z21:JD1:36257155;z1258:JD1:46453300;z1259:JD1:21485545;z27:JD
  1:15559105.
Sum=871667589; test 871667589/1000000000+(1-z369)^7 <= 9963768/10000000.
Leaf R0011111110110101
  B=[z636,z1005,z1247,z1007,z369,z1008,z378,z7,z598,z573,z8,z8] h=z10 horizon=27
  mass=z369.
Cells
  z1009:B1:59555223;z1010:0:Nlo:342114911;z14:0:Nhi:14973913;z1260:0:Nhi:147570758
  ;z650:J1:186397661;z21:JD1:36424981;z1261:JD1:54036846;z1262:JD1:17043976;z27:JD
  1:14723894.
Sum=872842163; test 872842163/1000000000+(1-z369)^7 <= 9975514/10000000.
Leaf R0011111110110110
  B=[z1015,z344,z1252,z179,z1008,z180,z1017,z7,z570,z598,z8,z8] h=z10 horizon=27
  mass=z1008.
Cells
  z347:B1:61368253;z348:0:Nlo:341275381;z14:0:Nhi:14732682;z1263:0:Nhi:142029315;z
  1020:J1:195100943;z21:JD1:37821684;z1264:JD1:45318836;z1265:JD1:21678909;z27:JD1
  :16209687.
Sum=875535690; test 875535690/1000000000+(1-z1008)^7 <= 9982509/10000000.
Leaf R0011111110110111
  B=[z1015,z344,z1252,z179,z1008,z180,z1017,z7,z598,z573,z8,z8] h=z10 horizon=27
  mass=z1008.
Cells
  z347:B1:61368253;z348:0:Nlo:341275381;z14:0:Nhi:14732682;z1266:0:Nhi:150801871;z
  1020:J1:184836107;z21:JD1:38002038;z1267:JD1:52951177;z1268:JD1:17183089;z27:JD1
  :15398460.
Sum=876549058; test 876549058/1000000000+(1-z1008)^7 <= 9992642/10000000.
Leaf R00111111101110 B=[z636,z1269,z1190,z179,z369,z180,z378,z7,z573,z402,z8,z8]
  h=z10 horizon=27 mass=z369.
Cells
  z1270:B1:43368252;z1271:0:Nlo:348193181;z14:0:Nhi:17573889;z1272:0:Nhi:135181060
  ;z21:J1:237773075;z1273:J1:71524693;z1274:J1:14653929;z1275:J1:2655006;z27:P:339
  8077.
Sum=874321162; test 874321162/1000000000+(1-z369)^7 <= 9990304/10000000.
Leaf R00111111101111000
  B=[z1276,z1005,z1247,z1007,z369,z1008,z378,z7,z573,z609,z8,z8] h=z10 horizon=27
  mass=z369.
Cells
  z1009:B1:59555223;z1010:0:Nlo:342114911;z14:0:Nhi:14973913;z1277:0:Nhi:106603678
  ;z650:J1:226016372;z21:JD1:36601582;z1278:JD1:61065187;z1279:JD1:13069956;z27:JD
  1:13944311.
Sum=873945133; test 873945133/1000000000+(1-z369)^7 <= 9986543/10000000.
Leaf R001111111011110010
  B=[z1276,z1005,z1247,z1007,z369,z1008,z378,z7,z609,z1280,z8,z8] h=z10 horizon=27
  mass=z369.
Cells
  z1009:B1:59555223;z1010:0:Nlo:342114911;z14:0:Nhi:14973913;z1281:0:Nhi:151781835
  ;z650:J1:179861161;z21:JD1:36633508;z1282:JD1:68851412;z1283:JD1:9348575;z27:JD1
  :10362918.
Sum=873483456; test 873483456/1000000000+(1-z369)^7 <= 9981927/10000000.
Leaf R001111111011110011
  B=[z1276,z1005,z1247,z1007,z369,z1008,z378,z7,z1280,z612,z8,z8] h=z10 horizon=27
  mass=z369.
Cells
  z1009:B1:59555223;z1010:0:Nlo:342114911;z14:0:Nhi:14973913;z1281:0:Nhi:151781835
  ;z650:J1:179366116;z21:JD1:36728281;z1284:JD1:71970121;z1285:JD1:7655925;z27:JD1
  :10045288.
Sum=874191613; test 874191613/1000000000+(1-z369)^7 <= 9989008/10000000.
Leaf R001111111011110100
  B=[z1276,z1286,z1287,z1288,z369,z1289,z378,z7,z612,z1290,z8,z8] h=z10 horizon=27
  mass=z369.
Cells
  z1291:B1:58649338;z1292:0:Nlo:342524437;z14:0:Nhi:15097517;z1281:0:Nhi:151781834
  ;z650:J1:177509615;z21:JD1:36930610;z1293:JD1:74055129;z1294:JD1:6087602;z1295:J
  D1:11606698;z27:P:545852.
Sum=874788632; test 874788632/1000000000+(1-z369)^7 <= 9994978/10000000.
Leaf R001111111011110101
  B=[z1276,z1286,z1287,z1288,z369,z1289,z378,z7,z1290,z402,z8,z8] h=z10 horizon=27
  mass=z369.
Cells
  z1291:B1:58649338;z1292:0:Nlo:342524439;z14:0:Nhi:15097515;z1281:0:Nhi:151781833
  ;z21:J1:213739143;z1296:J1:83940677;z1297:J1:2972900;z1298:J1:670894;z27:P:55705
  54.
Sum=874947293; test 874947293/1000000000+(1-z369)^7 <= 9996565/10000000.
Leaf R0011111110111101100
  B=[z1299,z1005,z1300,z1007,z1289,z1008,z1301,z7,z612,z1302,z8,z8] h=z10
  horizon=27 mass=z1289.
Cells
  z1009:B1:59555223;z1010:0:Nlo:342114911;z14:0:Nhi:14973914;z1303:0:Nhi:150146458
  ;z1304:J1:179617763;z21:JD1:37576569;z1305:JD1:74663412;z1306:JD1:6042321;z27:JD
  1:9789966.
Sum=874480537; test 874480537/1000000000+(1-z1289)^7 <= 9981893/10000000.
Leaf R0011111110111101101
  B=[z1299,z1005,z1300,z1007,z1289,z1008,z1301,z7,z1302,z1290,z8,z8] h=z10
  horizon=27 mass=z1289.
Cells
  z1009:B1:59555223;z1010:0:Nlo:342114911;z14:0:Nhi:14973915;z1303:0:Nhi:150146456
  ;z1304:J1:179166031;z21:JD1:37677734;z1307:JD1:77631018;z1308:JD1:4459477;z1309:
  JD1:8594982;z27:P:871990.
Sum=875191737; test 875191737/1000000000+(1-z1289)^7 <= 9989005/10000000.
Leaf R0011111110111101110
  B=[z1299,z1005,z1300,z1310,z1289,z1008,z1301,z7,z1290,z402,z8,z8] h=z10
  horizon=27 mass=z1289.
Cells
  z1009:B1:59555223;z1010:0:Nlo:342114913;z14:0:Nhi:14973913;z1311:0:Nhi:68552674;
  z21:J1:291369477;z1308:J1:83461030;z1312:J1:2981795;z1313:J1:668489;z27:P:591502
  2.
Sum=869592536; test 869592536/1000000000+(1-z1289)^7 <= 9933013/10000000.
Leaf R0011111110111101111
  B=[z1299,z1005,z1314,z1007,z1289,z1008,z1301,z7,z1290,z402,z8,z8] h=z10
  horizon=27 mass=z1289.
Cells
  z1009:B1:59555223;z1010:0:Nlo:342114912;z14:0:Nhi:14973914;z1303:0:Nhi:150146456
  ;z21:J1:216611944;z1315:J1:84311771;z1316:J1:2977843;z1317:J1:588272;z27:P:44248
  89.
Sum=875705224; test 875705224/1000000000+(1-z1289)^7 <= 9994140/10000000.
Leaf R00111111101111100
  B=[z1318,z344,z1252,z1319,z1008,z180,z1017,z7,z573,z612,z8,z8] h=z10 horizon=27
  mass=z1008.
Cells
  z347:B1:61368253;z348:0:Nlo:341275381;z14:0:Nhi:14732682;z1320:0:Nhi:101196003;z
  1020:J1:227228476;z21:JD1:38356035;z1321:JD1:57427916;z1322:JD1:13375927;z27:JD1
  :20549516.
Sum=875510189; test 875510189/1000000000+(1-z1008)^7 <= 9982254/10000000.
Leaf R00111111101111101
  B=[z1318,z344,z1252,z1319,z1008,z180,z1017,z7,z612,z402,z8,z8] h=z10 horizon=27
  mass=z1008.
Cells
  z347:B1:61368253;z348:0:Nlo:341275381;z14:0:Nhi:14732682;z1323:0:Nhi:148545539;z
  21:J1:216958099;z1324:J1:78730196;z1325:J1:6376154;z1326:J1:1437910;z27:P:652226
  3.
Sum=875946477; test 875946477/1000000000+(1-z1008)^7 <= 9986616/10000000.
Leaf R001111111011111100
  B=[z1318,z1327,z1328,z179,z1008,z180,z1017,z7,z573,z612,z8,z8] h=z10 horizon=27
  mass=z1008.
Cells
  z1329:B1:52297730;z1330:0:Nlo:345189873;z14:0:Nhi:16028385;z1323:0:Nhi:148545540
  ;z1020:J1:185440312;z21:JD1:38525035;z1331:JD1:59828417;z1332:JD1:13498863;z27:J
  D1:15658170.
Sum=875012325; test 875012325/1000000000+(1-z1008)^7 <= 9977275/10000000.
Leaf R001111111011111101
  B=[z1318,z1327,z1328,z179,z1008,z180,z1017,z7,z612,z402,z8,z8] h=z10 horizon=27
  mass=z1008.
Cells
  z1329:B1:52297730;z1330:0:Nlo:345189873;z14:0:Nhi:16028385;z1323:0:Nhi:148545539
  ;z21:J1:221974447;z1333:J1:81501074;z1334:J1:6374686;z1335:J1:930774;z27:P:21271
  56.
Sum=874969664; test 874969664/1000000000+(1-z1008)^7 <= 9976848/10000000.
Leaf R00111111101111111000
  B=[z1336,z1337,z1338,z179,z1008,z180,z1017,z7,z573,z609,z8,z8] h=z10 horizon=27
  mass=z1008.
Cells
  z1339:B1:56823142;z1340:0:Nlo:343328852;z14:0:Nhi:15353252;z1341:0:Nhi:131869270
  ;z1020:J1:201881481;z21:JD1:38191760;z1342:JD1:61693327;z1343:JD1:13216705;z27:J
  D1:11288544.
Sum=873646333; test 873646333/1000000000+(1-z1008)^7 <= 9963615/10000000.
Leaf R00111111101111111001
  B=[z1336,z1337,z1338,z179,z1008,z180,z1017,z7,z609,z612,z8,z8] h=z10 horizon=27
  mass=z1008.
Cells
  z1339:B1:56823142;z1340:0:Nlo:343328852;z14:0:Nhi:15353252;z1341:0:Nhi:131869269
  ;z1020:J1:200476535;z21:JD1:38389291;z1344:JD1:68284633;z1345:JD1:9524229;z27:JD
  1:10662358.
Sum=874711561; test 874711561/1000000000+(1-z1008)^7 <= 9974267/10000000.
Leaf R0011111110111111101
  B=[z1336,z1337,z1338,z179,z1008,z180,z1017,z7,z612,z402,z8,z8] h=z10 horizon=27
  mass=z1008.
Cells
  z1339:B1:56823142;z1340:0:Nlo:343328852;z14:0:Nhi:15353252;z1341:0:Nhi:131869270
  ;z21:J1:238005816;z1345:J1:80571996;z1346:J1:6377849;z1347:J1:1104593;z27:P:3598
  651.
Sum=877033421; test 877033421/1000000000+(1-z1008)^7 <= 9997486/10000000.
Leaf R001111111011111111
  B=[z1348,z344,z1349,z1350,z1008,z180,z1017,z7,z573,z402,z8,z8] h=z1351
  horizon=27 mass=z1008.
Cells
  z347:B1:61368253;z348:0:Nlo:341275380;z14:0:Nhi:14732682;z1352:0:Nhi:124849015;z
  21:J1:239484546;z1353:J1:70489331;z1354:J1:14458229;z1355:J1:2478679;z27:P:36860
  59.
Sum=872822174; test 872822174/1000000000+(1-z1008)^7 <= 9955373/10000000.
Leaf R0011111111000000
  B=[z355,z1356,z1357,z1358,z215,z1215,z225,z7,z407,z570,z8,z8] h=z359 horizon=27
  mass=z215.
Cells
  z1359:B1:64575579;z1360:0:Nlo:339729071;z14:0:Nhi:14324689;z799:0:Nhi:126301311;
  z1361:J1:50720303;z250:J1:150987690;z21:JD1:32745150;z1362:JD1:27298521;z1363:JD
  1:30404022;z27:JD1:27216661.
Sum=864302997; test 864302997/1000000000+(1-z215)^7 <= 9930837/10000000.
Leaf R0011111111000001
  B=[z355,z1356,z1357,z1358,z215,z1215,z225,z7,z570,z573,z8,z8] h=z359 horizon=27
  mass=z215.
Cells
  z1359:B1:64575579;z1360:0:Nlo:339729071;z14:0:Nhi:14324689;z1364:0:Nhi:98399236;
  z250:J1:225551521;z21:JD1:33007722;z1365:JD1:44130686;z1366:JD1:20627408;z27:JD1
  :24654966.
Sum=865000878; test 865000878/1000000000+(1-z215)^7 <= 9937816/10000000.
Leaf R001111111100001
  B=[z355,z1356,z1357,z1358,z215,z1215,z225,z7,z573,z402,z8,z8] h=z359 horizon=27
  mass=z215.
Cells
  z1359:B1:64575579;z1360:0:Nlo:339729071;z14:0:Nhi:14324690;z1367:0:Nhi:75697696;
  z21:J1:278977060;z1366:J1:68947364;z1368:J1:14009702;z1369:J1:4136642;z27:P:8266
  606.
Sum=868664410; test 868664410/1000000000+(1-z215)^7 <= 9974451/10000000.
Leaf R001111111100010
  B=[z1212,z834,z1370,z1371,z1215,z369,z1224,z7,z407,z573,z8,z8] h=z1372
  horizon=27 mass=z1215.
Cells
  z836:B1:66540755;z837:0:Nlo:338745651;z14:0:Nhi:14085660;z1373:0:Nhi:123602021;z
  1374:J1:54322739;z1226:J1:148494715;z21:JD1:34493894;z1375:JD1:21669621;z1376:JD
  1:30079333;z27:JD1:39504198.
Sum=871538587; test 871538587/1000000000+(1-z1215)^7 <= 9982695/10000000.
Leaf R001111111100011
  B=[z1212,z834,z1370,z1371,z1215,z369,z1224,z7,z573,z402,z8,z8] h=z1372
  horizon=27 mass=z1215.
Cells
  z836:B1:66540755;z837:0:Nlo:338745651;z14:0:Nhi:14085661;z1377:0:Nhi:75966223;z2
  1:J1:278721112;z1378:J1:68176496;z1379:J1:13975917;z1380:J1:3953714;z27:P:838222
  8.
Sum=868547757; test 868547757/1000000000+(1-z1215)^7 <= 9952787/10000000.
Leaf R001111111100100
  B=[z375,z1381,z1382,z1383,z369,z1008,z378,z7,z407,z573,z8,z8] h=z379 horizon=27
  mass=z369.
Cells
  z1384:B1:68504737;z1385:0:Nlo:337737369;z14:0:Nhi:13854476;z807:0:Nhi:121014730;
  z1386:J1:57845808;z650:J1:146026204;z21:JD1:35697392;z1387:JD1:20945902;z1388:JD
  1:30018442;z27:JD1:39331723.
Sum=870976783; test 870976783/1000000000+(1-z369)^7 <= 9956860/10000000.
Leaf R001111111100101
  B=[z375,z1381,z1382,z1383,z369,z1008,z378,z7,z573,z402,z8,z8] h=z379 horizon=27
  mass=z369.
Cells
  z1384:B1:68504737;z1385:0:Nlo:337737369;z14:0:Nhi:13854477;z1389:0:Nhi:76233033;
  z21:J1:278467511;z1390:J1:67410115;z1391:J1:13943424;z1392:J1:3771799;z27:P:8497
  680.
Sum=868420145; test 868420145/1000000000+(1-z369)^7 <= 9931293/10000000.
Leaf R00111111110011
  B=[z1005,z849,z1393,z1394,z1008,z180,z1017,z7,z407,z402,z8,z8] h=z1395
  horizon=27 mass=z1008.
Cells
  z851:B1:70466710;z852:0:Nlo:336706069;z14:0:Nhi:13630756;z1396:0:Nhi:118532655;z
  1397:J1:61294696;z21:J1:181201106;z1398:J1:36683391;z1399:J1:38304498;z1400:J1:9
  429979;z27:P:8612999.
Sum=874862859; test 874862859/1000000000+(1-z1008)^7 <= 9975780/10000000.
Leaf R0011111111010 B=[z706,z366,z860,z861,z215,z369,z225,z7,z407,z402,z8,z8]
  h=z862 horizon=27 mass=z215.
Cells
  z371:B1:75315202;z372:0:Nlo:334062248;z14:0:Nhi:13106293;z1401:0:Nhi:76840260;z1
  402:J1:66827787;z21:J1:200181717;z1403:J1:40058548;z1404:J1:36021715;z1405:J1:10
  035249;z27:P:7851723.
Sum=860300742; test 860300742/1000000000+(1-z215)^7 <= 9890815/10000000.
Leaf R0011111111011 B=[z834,z356,z867,z868,z369,z180,z378,z7,z407,z402,z8,z8]
  h=z869 horizon=27 mass=z369.
Cells
  z360:B1:79507487;z361:0:Nlo:331676822;z14:0:Nhi:12682169;z1406:0:Nhi:76777780;z1
  407:J1:68558349;z21:J1:197748648;z1408:J1:39148060;z1409:J1:35867181;z1410:J1:91
  04202;z27:P:8039377.
Sum=859110075; test 859110075/1000000000+(1-z369)^7 <= 9838193/10000000.
Leaf R00111111111 B=[z394,z178,z874,z395,z215,z180,z225,z7,z407,z402,z8,z8] h=z396
  horizon=27 mass=z215.
Cells
  z183:B1:97179261;z184:0:Nlo:320797185;z14:0:Nhi:11132639;z1411:0:Nhi:61163446;z1
  071:J1:59163252;z21:J1:209318856;z1074:J1:39899888;z1412:J1:33186382;z1413:J1:10
  552097;z27:P:10008331.
Sum=852401337; test 852401337/1000000000+(1-z215)^7 <= 9811820/10000000.
Leaf R0100 B=[z0,z1414,z2,z1415,z180,z1416,z1417,z7,z8,z31,z8,z8] h=z10 horizon=29
  mass=z1417.
Cells
  z1418:B1:131940658;z1419:0:Nlo:296693616;z14:0:Nhi:8837284;z35:0:Nhi:270715747;z
  1420:B11/25:103517249;z1421:1:H:2480809;z1422:D1:H:23026322;z21:D1:R:16145065;z1
  423:D1:R:44209927;z27:D1:H:4203711;z40:D1:H:51208906.
Sum=952979294; test 952979294/1000000000+(1-z1417)^7 <= 9874082/10000000.
Leaf R0101000 B=[z0,z1424,z2,z1425,z180,z1426,z1417,z7,z31,z9,z8,z8] h=z10
  horizon=27 mass=z180.
Cells
  z1427:B1:35257656;z1428:0:Nlo:349881283;z14:0:Nhi:19319530;z1429:0:Nhi:190505729
  ;z35:J1:69917554;z1430:1:Hlip:21059232;z1431:1:H:58727194;z1421:1:R:8042382;z143
  2:D1:R:8656068;z21:D1:H:30982132;z1433:D1:H:9161328;z1434:D1:Hlip:14776288;z27:J
  D1:52980390.
Sum=869266766; test 869266766/1000000000+(1-z180)^7 <= 9900153/10000000.
Leaf R01010010 B=[z0,z1424,z195,z1435,z180,z1426,z1417,z7,z31,z44,z8,z8] h=z10
  horizon=29 mass=z1417.
Cells
  z1427:B1:35257656;z1428:0:Nlo:349881281;z14:0:Nhi:19319530;z35:0:Nhi:270715745;z
  1436:B11/25:89829511;z1421:1:H:13405054;z21:D1:H:39730092;z1437:D1:R:2668078;z27
  :D1:H:48184589;z1438:D1:H:21375183;z40:D1:R:28051735.
Sum=918418454; test 918418454/1000000000+(1-z1417)^7 <= 9528474/10000000.
Leaf R01010011 B=[z0,z1424,z195,z1435,z180,z1426,z1417,z7,z44,z9,z8,z8] h=z10
  horizon=29 mass=z1417.
Cells
  z1427:B1:35257656;z1428:0:Nlo:349881281;z14:0:Nhi:19319530;z35:0:Nhi:270715745;z
  1439:B11/25:63653380;z1436:J1:25982690;z1421:1:H:13405054;z21:D1:H:39730089;z144
  0:D1:H:14424221;z27:JD1:49752337;z40:JD1:81967159.
Sum=964089142; test 964089142/1000000000+(1-z1417)^7 <= 9985181/10000000.
Leaf R0101010 B=[z0,z1441,z2,z1442,z1426,z1416,z1443,z7,z31,z9,z8,z8] h=z10
  horizon=27 mass=z1426.
Cells
  z1444:B1:44478380;z1445:0:Nlo:347876388;z14:0:Nhi:17363421;z1446:0:Nhi:235435930
  ;z35:J1:32054317;z1447:B11/25:22684651;z1448:1:Hlip:22466085;z1449:1:H:33355256;
  z21:D1:H:48446731;z1450:D1:H:674432;z1451:D1:Hlip:14919711;z27:JD1:58853613.
Sum=878608915; test 878608915/1000000000+(1-z1426)^7 <= 9845733/10000000.
Leaf R0101011 B=[z0,z1441,z1425,z1415,z1426,z1416,z1443,z7,z31,z9,z8,z8] h=z10
  horizon=29 mass=z1443.
Cells
  z1444:B1:44478380;z1445:0:Nlo:347876387;z14:0:Nhi:17363421;z35:0:Nhi:270715747;z
  1452:B11/25:95823894;z1420:1:Hlip:6774539;z1453:1:H:8515273;z1454:D1:Hlip:310867
  77;z21:D1:H:2481027;z1455:D1:H:1398978;z1456:D1:Hlip:27810622;z27:JD1:34724924;z
  40:JD1:69366265.
Sum=958416234; test 958416234/1000000000+(1-z1443)^7 <= 9797091/10000000.
Leaf R01011000 B=[z206,z1457,z2,z1425,z180,z1426,z1417,z7,z31,z44,z8,z8] h=z10
  horizon=27 mass=z180.
Cells
  z1458:B1:115092536;z1459:0:Nlo:308732673;z14:0:Nhi:9853060;z1429:0:Nhi:188836660
  ;z35:J1:69917557;z1430:1:Hlip:21059232;z1431:1:H:58727196;z1421:1:R:8042382;z21:
  D1:R:39237005;z1460:D1:H:29452173;z1461:D1:Hlip:7571553;z27:JD1:21819786.
Sum=878341813; test 878341813/1000000000+(1-z180)^7 <= 9990903/10000000.
Leaf R010110010 B=[z206,z1462,z2,z1463,z180,z1464,z1417,z7,z44,z9,z8,z8] h=z10
  horizon=27 mass=z180.
Cells
  z1465:B1:106261886;z1466:0:Nlo:314789065;z14:0:Nhi:10453843;z1467:0:Nhi:72937153
  ;z35:J1:171206422;z1468:1:Hlip:6124390;z1469:1:H:55468028;z1421:J1:23055068;z147
  0:JD1:19069726;z21:D1:H:20054139;z1433:D1:H:9161328;z27:JD1:63678531.
Sum=872259579; test 872259579/1000000000+(1-z180)^7 <= 9930081/10000000.
Leaf R010110011 B=[z1471,z1457,z2,z1425,z1464,z1426,z1472,z7,z44,z9,z8,z8] h=z10
  horizon=27 mass=z1464.
Cells
  z1458:B1:115092536;z1459:0:Nlo:308732673;z14:0:Nhi:9853060;z1473:0:Nhi:178302823
  ;z1474:J1:84669244;z1430:1:Hlip:9941208;z1475:1:H:50738597;z1476:J1:8741668;z147
  7:JD1:9759270;z21:D1:H:34290687;z1478:D1:H:4834730;z27:JD1:66550648.
Sum=881507144; test 881507144/1000000000+(1-z1464)^7 <= 9946568/10000000.
Leaf R010110100 B=[z206,z1479,z1480,z1435,z180,z1426,z1417,z7,z31,z44,z8,z8] h=z10
  horizon=29 mass=z1417.
Cells
  z1481:B1:75850969;z1482:0:Nlo:333762299;z14:0:Nhi:13050649;z35:0:Nhi:267567584;z
  1483:B11/25:78165850;z1436:1:Hlip:10537700;z1421:1:H:13405054;z21:D1:H:39730093;
  z1484:D1:R:3699344;z1485:D1:H:41884006;z27:D1:Hlip:5800393;z1486:D1:Hlip:1961872
  6;z40:D1:H:33465491.
Sum=936538158; test 936538158/1000000000+(1-z1417)^7 <= 9709671/10000000.
Leaf R01011010100 B=[z206,z1479,z1480,z1435,z180,z1426,z1417,z66,z44,z9,z8,z8]
  h=z10 horizon=27 mass=z180.
Cells
  z1481:B1:75850969;z1482:0:Nlo:333762299;z14:0:Nhi:13050649;z35:0:Nhi:267567585;z
  1487:B11/25:38660903;z21:JD1:89099390;z27:JD1:60602280.
Sum=878594075; test 878594075/1000000000+(1-z180)^7 <= 9993426/10000000.
Leaf R010110101010 B=[z206,z1488,z1489,z1490,z180,z1464,z346,z1491,z44,z9,z8,z8]
  h=z10 horizon=29 mass=z346.
Cells
  z1492:B1:68623262;z1493:0:Nlo:337675734;z14:0:Nhi:13840760;z35:0:Nhi:267567585;z
  1494:B11/25:46268919;z21:JD1:85866571;z27:JD1:61961248;z1495:JD1:89928233;z40:JD
  1:554079.
Sum=972286391; test 972286391/1000000000+(1-z346)^7 <= 9888159/10000000.
Leaf R010110101011
  B=[z1471,z1479,z1496,z1435,z1464,z1426,z1497,z1498,z44,z9,z8,z8] h=z10
  horizon=29 mass=z1497.
Cells
  z1481:B1:75850969;z1482:0:Nlo:333762299;z14:0:Nhi:13050649;z35:0:Nhi:267356544;z
  1499:B11/25:65265006;z21:JD1:68765362;z27:JD1:60387488;z1500:JD1:83115274;z40:JD
  1:525929.
Sum=968079520; test 968079520/1000000000+(1-z1497)^7 <= 9816654/10000000.
Leaf R0101101011 B=[z206,z1479,z1480,z1435,z180,z1426,z182,z7,z44,z9,z8,z8] h=z10
  horizon=29 mass=z182.
Cells
  z1481:B1:75850969;z1482:0:Nlo:333762299;z14:0:Nhi:13050649;z35:0:Nhi:267567584;z
  1483:B11/25:78165850;z1436:1:Hlip:10537700;z1421:1:H:13405054;z21:D1:H:39730090;
  z1501:D1:H:12421734;z27:JD1:54205672;z1502:JD1:91682171;z40:JD1:1904726.
Sum=992284498; test 992284498/1000000000+(1-z182)^7 <= 9995663/10000000.
Leaf R010110110000 B=[z344,z1503,z1504,z1505,z180,z1464,z1417,z1491,z31,z44,z8,z8]
  h=z1506 horizon=29 mass=z1417.
Cells
  z1507:B1:87807670;z1508:0:Nlo:326717565;z14:0:Nhi:11911252;z1509:0:Nhi:248872048
  ;z35:J1:16962924;z1510:B11/25:39959285;z1511:1:Hlip:15196177;z1512:1:H:11951636;
  z1513:D1:Hlip:16169355;z21:D1:H:30493392;z1514:D1:H:38652324;z27:D1:Hlip:2555207
  ;z1515:D1:Hlip:13650498;z40:D1:H:37962043.
Sum=898861376; test 898861376/1000000000+(1-z1417)^7 <= 9332903/10000000.
Leaf R010110110001 B=[z344,z1503,z1504,z1505,z180,z1464,z1417,z1491,z44,z9,z8,z8]
  h=z1506 horizon=27 mass=z180.
Cells
  z1507:B1:87807670;z1508:0:Nlo:326717565;z14:0:Nhi:11911252;z1516:0:Nhi:235432352
  ;z35:J1:28616710;z1510:B11/25:39959285;z1511:JD1:14883159;z1512:1:H:11951636;z21
  :JD1:57546660;z27:JD1:59848918.
Sum=874675207; test 874675207/1000000000+(1-z180)^7 <= 9954237/10000000.
Leaf R010110110010 B=[z344,z1503,z1504,z1517,z180,z1464,z182,z7,z31,z9,z8,z8]
  h=z1506 horizon=29 mass=z182.
Cells
  z1507:B1:87807670;z1508:0:Nlo:326717566;z14:0:Nhi:11911252;z1518:0:Nhi:198859230
  ;z35:J1:61196914;z1519:B11/25:12142895;z1520:1:Hlip:10911357;z1521:1:H:53837748;
  z1421:1:R:11282483;z1522:D1:R:23107727;z21:D1:H:16009614;z1523:D1:H:19311345;z15
  24:D1:Hlip:15467374;z27:JD1:31553282;z1502:JD1:97920703;z40:JD1:2017394.
Sum=980054554; test 980054554/1000000000+(1-z182)^7 <= 9873364/10000000.
Leaf R010110110011 B=[z344,z1503,z1525,z1505,z180,z1464,z182,z7,z31,z9,z8,z8]
  h=z1506 horizon=29 mass=z182.
Cells
  z1507:B1:87807670;z1508:0:Nlo:326717565;z14:0:Nhi:11911252;z1509:0:Nhi:248872048
  ;z35:J1:16962924;z1511:B11/25:56378864;z1421:1:H:40102169;z1526:D1:R:8452611;z21
  :D1:H:31268313;z1527:D1:H:21928724;z1528:D1:Hlip:16590728;z27:JD1:25076968;z1502
  :JD1:86899731;z40:JD1:1756250.
Sum=980725817; test 980725817/1000000000+(1-z182)^7 <= 9880077/10000000.
Leaf R01011011010 B=[z1488,z1529,z1530,z1531,z1464,z1426,z1472,z7,z31,z9,z8,z8]
  h=z1532 horizon=27 mass=z1464.
Cells
  z1533:B1:95965357;z1534:0:Nlo:321581107;z14:0:Nhi:11228677;z1535:0:Nhi:193037610
  ;z35:J1:66351903;z1536:1:Hlip:17905665;z1537:1:H:50355819;z1476:1:R:11698445;z15
  38:D1:R:33273929;z21:D1:H:10050132;z1539:D1:H:19694324;z1540:D1:Hlip:14649880;z2
  7:JD1:26942027.
Sum=872734875; test 872734875/1000000000+(1-z1464)^7 <= 9858845/10000000.
Leaf R01011011011 B=[z1488,z1529,z1541,z1542,z1464,z1426,z1472,z7,z31,z9,z8,z8]
  h=z1532 horizon=29 mass=z1472.
Cells
  z1533:B1:95965357;z1534:0:Nlo:321581106;z14:0:Nhi:11228677;z1543:0:Nhi:261241868
  ;z35:J1:4291728;z1544:B11/25:52049012;z1476:1:H:36298983;z21:D1:H:44179169;z1545
  :D1:H:22740039;z1546:D1:Hlip:14573179;z27:JD1:21020626;z40:JD1:78602684.
Sum=963772428; test 963772428/1000000000+(1-z1472)^7 <= 9909600/10000000.
Leaf R0101101110 B=[z356,z1462,z1547,z1548,z180,z1464,z1417,z7,z31,z9,z8,z8]
  h=z1549 horizon=27 mass=z180.
Cells
  z1465:B1:106261886;z1466:0:Nlo:314789065;z14:0:Nhi:10453843;z1550:0:Nhi:17173107
  9;z1551:J1:51232916;z1552:1:Hlip:29319619;z1553:1:H:41960887;z1421:1:R:40671402;
  z21:D1:R:36140720;z1554:D1:R:12055489;z1555:D1:H:16343140;z1556:D1:Hlip:11809768
  ;z27:JD1:20645579.
Sum=863415393; test 863415393/1000000000+(1-z180)^7 <= 9841639/10000000.
Leaf R0101101111 B=[z1503,z1457,z1557,z1558,z1464,z1426,z1472,z7,z31,z9,z8,z8]
  h=z1559 horizon=27 mass=z1464.
Cells
  z1458:B1:115092536;z1459:0:Nlo:308732673;z14:0:Nhi:9853060;z1560:0:Nhi:175403172
  ;z1561:J1:38743980;z1562:1:Hlip:32125178;z1563:1:H:35429131;z1476:1:R:44090228;z
  21:D1:R:39704252;z1564:D1:R:13423070;z1565:D1:H:15188575;z1566:D1:Hlip:9974340;z
  27:JD1:17225166.
Sum=854985361; test 854985361/1000000000+(1-z1464)^7 <= 9681350/10000000.
Leaf R01011100 B=[z1424,z1567,z2,z1442,z1426,z1416,z1443,z7,z31,z9,z8,z8] h=z10
  horizon=27 mass=z1426.
Cells
  z1568:B1:90091407;z1569:0:Nlo:325303860;z14:0:Nhi:11713285;z1446:0:Nhi:232656117
  ;z35:J1:32054317;z1570:B11/25:33519905;z1448:1:Hlip:11337061;z1449:1:H:33355257;
  z21:D1:H:48446731;z1450:D1:H:674432;z1451:D1:Hlip:14919711;z27:JD1:58853614.
Sum=892925697; test 892925697/1000000000+(1-z1426)^7 <= 9988901/10000000.
Leaf R0101110100 B=[z1424,z1567,z1571,z1572,z1426,z1416,z1443,z7,z31,z44,z8,z8]
  h=z10 horizon=29 mass=z1443.
Cells
  z1568:B1:90091407;z1569:0:Nlo:325303860;z14:0:Nhi:11713285;z35:0:Nhi:267145263;z
  1573:B11/25:75170656;z1574:1:Hlip:7353289;z1449:1:H:3671334;z21:D1:H:48446734;z1
  575:D1:H:39296541;z27:D1:Hlip:6469982;z1576:D1:Hlip:15977593;z40:D1:H:27349127.
Sum=917989071; test 917989071/1000000000+(1-z1443)^7 <= 9392820/10000000.
Leaf R0101110101 B=[z1424,z1567,z1571,z1572,z1426,z1416,z1443,z7,z44,z9,z8,z8]
  h=z10 horizon=29 mass=z1443.
Cells
  z1568:B1:90091407;z1569:0:Nlo:325303860;z14:0:Nhi:11713285;z35:0:Nhi:267145263;z
  1577:B11/25:66836372;z1573:J1:8218240;z1574:1:Hlip:7353289;z1449:1:H:3671334;z21
  :D1:H:48446731;z1578:D1:H:1020954;z1579:D1:Hlip:4713761;z27:JD1:57420602;z40:JD1
  :80315971.
Sum=972251069; test 972251069/1000000000+(1-z1443)^7 <= 9935440/10000000.
Leaf R010111011 B=[z1424,z1567,z1580,z1415,z1426,z1416,z1443,z7,z31,z9,z8,z8]
  h=z10 horizon=29 mass=z1443.
Cells
  z1568:B1:90091407;z1569:0:Nlo:325303860;z14:0:Nhi:11713285;z35:0:Nhi:267145264;z
  1452:B11/25:95823897;z1420:1:Hlip:6774539;z1453:1:H:8515273;z1454:D1:Hlip:310867
  77;z21:D1:H:2481027;z1581:D1:H:1354209;z1582:D1:Hlip:27303943;z27:JD1:35648765;z
  40:JD1:70746614.
Sum=973988860; test 973988860/1000000000+(1-z1443)^7 <= 9952818/10000000.
Leaf R01011110 B=[z1479,z1583,z1584,z1585,z1426,z1416,z1443,z7,z31,z9,z8,z8]
  h=z1586 horizon=27 mass=z1426.
Cells
  z1587:B1:111752642;z1588:0:Nlo:311046127;z14:0:Nhi:10074062;z35:0:Nhi:265333944;
  z1589:B11/25:60463741;z1449:1:H:22160001;z21:D1:H:48446729;z1590:D1:H:15281673;z
  1591:D1:Hlip:11764947;z27:JD1:35263001.
Sum=891586867; test 891586867/1000000000+(1-z1426)^7 <= 9975512/10000000.
Leaf R01011111 B=[z1529,z1414,z1592,z1593,z1426,z1416,z1443,z7,z31,z9,z8,z8]
  h=z1594 horizon=27 mass=z1426.
Cells
  z1418:B1:131940658;z1419:0:Nlo:296693618;z14:0:Nhi:8837284;z1595:0:Nhi:210827789
  ;z35:J1:48307521;z1596:1:Hlip:9759803;z1597:1:H:29900219;z1449:1:R:30365022;z21:
  D1:R:43871338;z1598:D1:R:12427555;z1599:D1:H:12608362;z1600:D1:Hlip:9491171;z27:
  JD1:19888935.
Sum=864919275; test 864919275/1000000000+(1-z1426)^7 <= 9708837/10000000.
Leaf R01100 B=[z0,z1414,z2,z1601,z180,z1416,z1417,z7,z9,z402,z8,z8] h=z10
  horizon=27 mass=z180.
Cells
  z1602:B1:107054616;z1603:J1:445147593;z35:1:H:37755373;z1421:J1:77615969;z21:J1:
  40636119;z1433:J1:12262897;z1604:J1:65139784;z27:P:25678870.
Sum=811291221; test 811291221/1000000000+(1-z180)^7 <= 9320397/10000000.
Leaf R01101000 B=[z0,z1457,z1605,z1425,z180,z1426,z1417,z7,z9,z437,z8,z8] h=z10
  horizon=27 mass=z180.
Cells
  z1458:B1:115092536;z1459:0:Nlo:308732673;z14:0:Nhi:9853060;z1606:0:Nhi:84865275;
  z1474:J1:165417317;z1430:1:Hlip:9941208;z1607:1:H:17562410;z1421:J1:46726227;z16
  08:JD1:26065272;z1609:D1:H:8816465;z21:D1:Hlip:3557472;z27:JD1:82141333.
Sum=878771248; test 878771248/1000000000+(1-z180)^7 <= 9995198/10000000.
Leaf R01101001 B=[z0,z1457,z1605,z1425,z180,z1426,z1417,z7,z437,z407,z8,z8] h=z10
  horizon=27 mass=z180.
Cells
  z1458:B1:115092536;z1459:0:Nlo:308732673;z14:0:Nhi:9853060;z1610:0:Nhi:56702491;
  z1611:J1:62802948;z1421:J1:188990136;z21:JD1:38571909;z1612:JD1:23323985;z27:JD1
  :67887112.
Sum=871956850; test 871956850/1000000000+(1-z180)^7 <= 9927054/10000000.
Leaf R0110101 B=[z0,z1457,z1605,z1425,z180,z1426,z1417,z7,z407,z402,z8,z8] h=z10
  horizon=27 mass=z180.
Cells
  z1458:B1:115092536;z1459:0:Nlo:308732673;z14:0:Nhi:9853060;z1613:0:Nhi:58771999;
  z1611:J1:55976645;z21:J1:221264373;z1612:J1:25445678;z1614:J1:34930470;z1615:J1:
  16572924;z27:P:23991582.
Sum=870631940; test 870631940/1000000000+(1-z180)^7 <= 9913805/10000000.
Leaf R011011000 B=[z0,z1414,z1616,z1442,z1426,z1416,z1443,z7,z9,z422,z8,z8] h=z10
  horizon=27 mass=z1426.
Cells
  z1418:B1:131940658;z1419:0:Nlo:296693618;z14:0:Nhi:8837284;z1617:0:Nhi:102643704
  ;z1448:J1:198080656;z1618:1:H:15100312;z1449:J1:17968506;z1619:JD1:9158612;z1620
  :D1:H:26092125;z1621:D1:Hlip:7169726;z21:JD1:6937831;z27:JD1:70994462.
Sum=891617494; test 891617494/1000000000+(1-z1426)^7 <= 9975819/10000000.
Leaf R011011001 B=[z0,z1414,z1616,z1442,z1426,z1416,z1443,z7,z422,z437,z8,z8]
  h=z10 horizon=27 mass=z1426.
Cells
  z1418:B1:131940658;z1419:0:Nlo:296693618;z14:0:Nhi:8837284;z1617:0:Nhi:102643704
  ;z1622:J1:131349631;z1448:J1:58378952;z1618:1:H:15100312;z1449:J1:17441278;z1623
  :JD1:18074195;z1624:D1:H:8634541;z21:JD1:22966111;z1625:JD1:8193123;z27:JD1:6792
  5695.
Sum=888179102; test 888179102/1000000000+(1-z1426)^7 <= 9941435/10000000.
Leaf R011011010 B=[z0,z1626,z1627,z1628,z1426,z1629,z1443,z7,z437,z407,z8,z8]
  h=z10 horizon=27 mass=z1426.
Cells
  z1630:B1:123655016;z1631:0:Nlo:302686430;z14:0:Nhi:9317573;z1632:0:Nhi:68167288;
  z1633:J1:79781161;z1449:J1:160215928;z21:JD1:50824954;z1634:JD1:13340275;z27:JD1
  :74960017.
Sum=882948642; test 882948642/1000000000+(1-z1426)^7 <= 9889130/10000000.
Leaf R011011011 B=[z0,z1414,z1635,z1442,z1629,z1416,z346,z7,z437,z407,z8,z8] h=z10
  horizon=27 mass=z1629.
Cells
  z1418:B1:131940658;z1419:0:Nlo:296693618;z14:0:Nhi:8837284;z1636:0:Nhi:173385154
  ;z1637:J1:139070998;z1638:JD1:14641373;z1639:D1:Hlip:518377;z21:JD1:42600646;z16
  40:JD1:7965272;z27:JD1:78884178.
Sum=894537558; test 894537558/1000000000+(1-z1629)^7 <= 9937114/10000000.
Leaf R0110111 B=[z0,z1414,z1616,z1442,z1426,z1416,z1443,z7,z407,z402,z8,z8] h=z10
  horizon=27 mass=z1426.
Cells
  z1418:B1:131940658;z1419:0:Nlo:296693618;z14:0:Nhi:8837284;z1641:0:Nhi:112573862
  ;z1636:J1:53206559;z21:J1:192812824;z1642:J1:14463100;z1643:J1:35754826;z1644:J1
  :16850743;z27:P:30683613.
Sum=893817087; test 893817087/1000000000+(1-z1426)^7 <= 9997815/10000000.
Leaf R01110000 B=[z0,z1645,z195,z1435,z180,z1426,z1417,z7,z9,z407,z8,z8] h=z10
  horizon=27 mass=z180.
Cells
  z1646:B1:5297194;z1647:0:Nlo:326292237;z14:0:Nhi:37159785;z35:0:Nhi:270715745;z1
  439:B11/25:63653380;z1436:J1:23730584;z1421:1:H:13405054;z1648:D1:H:16973481;z21
  :JD1:25849850;z27:JD1:90958017.
Sum=874035327; test 874035327/1000000000+(1-z180)^7 <= 9947839/10000000.
Leaf R01110001 B=[z0,z1645,z195,z1435,z180,z1426,z1417,z7,z407,z402,z8,z8] h=z10
  horizon=27 mass=z180.
Cells
  z1646:B1:5297194;z1647:0:Nlo:326292237;z14:0:Nhi:37159785;z1649:0:Nhi:224965647;
  z35:J1:40663250;z1650:B11/25:21134677;z21:J1:115600434;z1651:J1:30522749;z1652:J
  1:39452472;z1653:J1:12448047;z27:P:13935042.
Sum=867471534; test 867471534/1000000000+(1-z180)^7 <= 9882201/10000000.
Leaf R0111001 B=[z0,z1654,z1425,z1415,z1426,z1416,z1443,z7,z9,z402,z8,z8] h=z10
  horizon=27 mass=z1426.
Cells
  z1655:B1:7574283;z1656:0:Nlo:333501455;z14:0:Nhi:33530788;z35:0:Nhi:270715747;z1
  657:B11/25:73968606;z1449:J1:13736160;z1420:J1:13576352;z1658:1:H:11491410;z1454
  :J1:32352792;z21:J1:3492436;z1455:J1:2002299;z1659:J1:73532373;z27:P:18472849.
Sum=887947550; test 887947550/1000000000+(1-z1426)^7 <= 9939119/10000000.
Leaf R01110100000 B=[z623,z1471,z195,z1490,z180,z1464,z1417,z7,z9,z422,z8,z8]
  h=z10 horizon=27 mass=z180.
Cells
  z1660:B1:30826503;z1661:0:Nlo:350216471;z14:0:Nhi:20472646;z35:0:Nhi:269148395;z
  1662:B11/25:51810159;z1663:J1:26088483;z1664:1:H:10274108;z1421:J1:10457256;z166
  5:JD1:10360512;z21:D1:H:29150595;z1666:D1:H:4104821;z1667:D1:Hlip:1184190;z27:JD
  1:61800839.
Sum=875894978; test 875894978/1000000000+(1-z180)^7 <= 9966435/10000000.
Leaf R01110100001 B=[z623,z1471,z195,z1490,z180,z1464,z1417,z7,z422,z437,z8,z8]
  h=z10 horizon=27 mass=z180.
Cells
  z1660:B1:30826503;z1661:0:Nlo:350216471;z14:0:Nhi:20472646;z35:0:Nhi:269148395;z
  1668:B11/25:31083972;z1663:J1:45084539;z1664:1:H:10274108;z1421:J1:10143421;z166
  9:JD1:22069647;z1670:D1:H:10924177;z1671:D1:Hlip:3173254;z21:JD1:3136240;z1672:J
  D1:22591696;z27:JD1:49343500.
Sum=878488569; test 878488569/1000000000+(1-z180)^7 <= 9992371/10000000.
Leaf R01110100010 B=[z1673,z1424,z1463,z1674,z1464,z1426,z1472,z7,z9,z437,z8,z8]
  h=z10 horizon=27 mass=z1464.
Cells
  z1427:B1:35257656;z1428:0:Nlo:349881282;z14:0:Nhi:19319530;z35:0:Nhi:269043803;z
  1675:B11/25:33644211;z1676:J1:29568937;z1677:1:H:12304147;z1476:J1:12546259;z167
  8:JD1:11002703;z1679:D1:H:17760955;z1680:D1:Hlip:8652684;z21:JD1:8256369;z27:JD1
  :72817817.
Sum=880056353; test 880056353/1000000000+(1-z1464)^7 <= 9932060/10000000.
Leaf R01110100011 B=[z1673,z1424,z1681,z1435,z1464,z1426,z1472,z7,z9,z437,z8,z8]
  h=z10 horizon=29 mass=z1472.
Cells
  z1427:B1:35257656;z1428:0:Nlo:349881281;z14:0:Nhi:19319530;z35:0:Nhi:269043804;z
  1439:B11/25:63653380;z1436:J1:23730584;z1476:1:H:6146193;z1682:D1:H:16628423;z16
  83:D1:Hlip:3808034;z21:JD1:26526083;z27:JD1:68237095;z40:JD1:79973276.
Sum=962205339; test 962205339/1000000000+(1-z1472)^7 <= 9893929/10000000.
Leaf R0111010010 B=[z623,z1424,z195,z1674,z180,z1426,z1417,z7,z437,z407,z8,z8]
  h=z10 horizon=27 mass=z180.
Cells
  z1427:B1:35257656;z1428:0:Nlo:349881282;z14:0:Nhi:19319530;z1684:0:Nhi:217776191
  ;z35:J1:41530987;z1685:B11/25:1473472;z1421:J1:88728812;z21:JD1:39644113;z1651:J
  D1:27716664;z27:JD1:56720059.
Sum=878048766; test 878048766/1000000000+(1-z180)^7 <= 9987973/10000000.
Leaf R011101001100 B=[z623,z1471,z784,z1490,z180,z1464,z1417,z7,z437,z442,z8,z8]
  h=z10 horizon=27 mass=z180.
Cells
  z1660:B1:30826503;z1661:0:Nlo:350216471;z14:0:Nhi:20472646;z1686:0:Nhi:251972526
  ;z35:J1:14571259;z1687:B11/25:24488569;z1421:J1:70233914;z21:JD1:39421750;z1688:
  JD1:39266761;z27:JD1:33226969.
Sum=874697368; test 874697368/1000000000+(1-z180)^7 <= 9954459/10000000.
Leaf R011101001101 B=[z623,z1471,z784,z1490,z180,z1464,z1417,z7,z442,z407,z8,z8]
  h=z10 horizon=27 mass=z180.
Cells
  z1660:B1:30826503;z1661:0:Nlo:350216471;z14:0:Nhi:20472646;z1689:0:Nhi:199622139
  ;z35:J1:62087865;z1690:B11/25:12092122;z1691:J1:40197296;z1421:J1:40840995;z1692
  :JD1:36627335;z21:JD1:2910429;z1693:JD1:48475854;z27:JD1:28718737.
Sum=873088392; test 873088392/1000000000+(1-z180)^7 <= 9938369/10000000.
Leaf R011101001110
  B=[z1673,z1424,z1681,z1435,z1464,z1426,z1472,z7,z437,z442,z8,z8] h=z10
  horizon=27 mass=z1464.
Cells
  z1427:B1:35257656;z1428:0:Nlo:349881281;z14:0:Nhi:19319530;z35:0:Nhi:269043804;z
  1487:B11/25:38660904;z1436:J1:45761931;z1694:1:H:3063030;z1476:J1:3043686;z1695:
  JD1:5614005;z1696:D1:H:5445754;z1697:D1:Hlip:1187909;z21:JD1:33981861;z1698:JD1:
  35720052;z27:JD1:34338633.
Sum=880320036; test 880320036/1000000000+(1-z1464)^7 <= 9934697/10000000.
Leaf R011101001111
  B=[z1673,z1424,z1681,z1435,z1464,z1426,z1472,z7,z442,z407,z8,z8] h=z10
  horizon=27 mass=z1464.
Cells
  z1427:B1:35257656;z1428:0:Nlo:349881281;z14:0:Nhi:19319530;z1699:0:Nhi:225771990
  ;z35:J1:40188034;z1487:B11/25:38660903;z1700:J1:25559883;z1476:J1:25149593;z1701
  :JD1:30880121;z21:JD1:15491382;z1702:JD1:45262559;z27:JD1:29676974.
Sum=881099906; test 881099906/1000000000+(1-z1464)^7 <= 9942495/10000000.
Leaf R011101010 B=[z623,z1424,z195,z1674,z180,z1426,z1417,z7,z407,z402,z8,z8]
  h=z10 horizon=27 mass=z180.
Cells
  z1427:B1:35257656;z1428:0:Nlo:349881282;z14:0:Nhi:19319530;z1703:0:Nhi:161836975
  ;z1684:J1:49370015;z21:J1:166825424;z1651:J1:30522750;z1652:J1:39452472;z1653:J1
  :12448047;z27:P:13935042.
Sum=878849193; test 878849193/1000000000+(1-z180)^7 <= 9995977/10000000.
Leaf R011101011000 B=[z623,z1704,z784,z1705,z180,z1706,z1417,z7,z407,z573,z8,z8]
  h=z10 horizon=27 mass=z180.
Cells
  z1707:B1:28669209;z1708:0:Nlo:350183350;z14:0:Nhi:21102385;z1709:0:Nhi:185339994
  ;z1710:J1:47166026;z1421:J1:113587301;z21:JD1:40320909;z1711:JD1:16987560;z1712:
  JD1:33180887;z27:JD1:39364065.
Sum=875901686; test 875901686/1000000000+(1-z180)^7 <= 9966502/10000000.
Leaf R011101011001 B=[z623,z1704,z784,z1705,z180,z1706,z1417,z7,z573,z402,z8,z8]
  h=z10 horizon=27 mass=z180.
Cells
  z1707:B1:28669209;z1708:0:Nlo:350183350;z14:0:Nhi:21102385;z1713:0:Nhi:174660558
  ;z21:J1:206126772;z1714:J1:67619911;z1715:J1:14796217;z1716:J1:3242873;z27:P:726
  6543.
Sum=873667818; test 873667818/1000000000+(1-z180)^7 <= 9944163/10000000.
Leaf R011101011010
  B=[z1717,z1471,z1718,z1490,z1706,z1464,z1719,z7,z407,z573,z8,z8] h=z10
  horizon=27 mass=z1706.
Cells
  z1660:B1:30826503;z1661:0:Nlo:350216471;z14:0:Nhi:20472646;z1720:0:Nhi:200314719
  ;z1686:J1:45637744;z35:J1:13621965;z1690:B11/25:12092122;z1721:J1:76439666;z21:J
  D1:43768718;z1722:JD1:14015446;z1723:JD1:34243290;z27:JD1:40321170.
Sum=881970460; test 881970460/1000000000+(1-z1706)^7 <= 9988666/10000000.
Leaf R011101011011
  B=[z1717,z1471,z1718,z1490,z1706,z1464,z1719,z7,z573,z402,z8,z8] h=z10
  horizon=27 mass=z1706.
Cells
  z1660:B1:30826503;z1661:0:Nlo:350216471;z14:0:Nhi:20472646;z1724:0:Nhi:184648952
  ;z21:J1:201785298;z1725:J1:66026773;z1726:J1:15082502;z1727:J1:3021576;z27:P:788
  0703.
Sum=879961424; test 879961424/1000000000+(1-z1706)^7 <= 9968576/10000000.
Leaf R011101011100
  B=[z1673,z1728,z1681,z1729,z1464,z1730,z1472,z7,z407,z402,z8,z8] h=z10
  horizon=27 mass=z1464.
Cells
  z1731:B1:33024022;z1732:0:Nlo:350112236;z14:0:Nhi:19879389;z1733:0:Nhi:184181643
  ;z1734:J1:47274975;z21:J1:155191312;z1735:J1:29390330;z1736:J1:45726872;z1737:J1
  :7728224;z27:P:8515751.
Sum=881024754; test 881024754/1000000000+(1-z1464)^7 <= 9941744/10000000.
Leaf R011101011101 B=[z1738,z1424,z1739,z1740,z1730,z1426,z293,z7,z407,z402,z8,z8]
  h=z10 horizon=27 mass=z1730.
Cells
  z1427:B1:35257656;z1428:0:Nlo:349881281;z14:0:Nhi:19319530;z1741:0:Nhi:197442606
  ;z1742:J1:45931268;z35:J1:15531078;z1743:B11/25:11336978;z21:J1:121352897;z1744:
  J1:26417221;z1745:J1:47627012;z1746:J1:7223957;z27:P:9174761.
Sum=886496245; test 886496245/1000000000+(1-z1730)^7 <= 9960027/10000000.
Leaf R0111010111100
  B=[z1673,z1424,z1747,z1435,z1464,z1426,z1472,z7,z407,z570,z8,z8] h=z10
  horizon=27 mass=z1464.
Cells
  z1427:B1:35257656;z1428:0:Nlo:349881281;z14:0:Nhi:19319530;z1649:0:Nhi:223765773
  ;z35:J1:40663250;z1650:B11/25:21134677;z1476:J1:67062051;z21:JD1:46679857;z1748:
  JD1:18739832;z1749:JD1:37333622;z27:JD1:21505597.
Sum=881343126; test 881343126/1000000000+(1-z1464)^7 <= 9944928/10000000.
Leaf R0111010111101
  B=[z1673,z1424,z1747,z1435,z1464,z1426,z1472,z7,z570,z573,z8,z8] h=z10
  horizon=27 mass=z1464.
Cells
  z1427:B1:35257656;z1428:0:Nlo:349881281;z14:0:Nhi:19319530;z1750:0:Nhi:203151738
  ;z35:J1:59596708;z1751:B11/25:18957345;z1476:J1:68330845;z21:JD1:47095691;z1752:
  JD1:38978366;z1753:JD1:23832910;z27:JD1:19663151.
Sum=884065221; test 884065221/1000000000+(1-z1464)^7 <= 9972149/10000000.
Leaf R0111010111110
  B=[z1673,z1728,z1747,z1754,z1464,z1730,z1472,z7,z573,z402,z8,z8] h=z10
  horizon=27 mass=z1464.
Cells
  z1731:B1:33024022;z1732:0:Nlo:350112236;z14:0:Nhi:19879388;z1755:0:Nhi:193683707
  ;z35:J1:65007051;z1756:B11/25:15712354;z21:J1:117158829;z1753:J1:67582189;z1757:
  J1:15620513;z1758:J1:1674487;z27:P:4373041.
Sum=883827817; test 883827817/1000000000+(1-z1464)^7 <= 9969775/10000000.
Leaf R0111010111111
  B=[z1738,z1424,z1729,z1435,z1730,z1426,z293,z7,z573,z402,z8,z8] h=z10 horizon=27
  mass=z1730.
Cells
  z1427:B1:35257656;z1428:0:Nlo:349881281;z14:0:Nhi:19319530;z1759:0:Nhi:201892594
  ;z35:J1:59342228;z1751:B11/25:18957345;z21:J1:115653638;z1760:J1:66186983;z1761:
  J1:16029223;z1762:J1:1335038;z27:P:4726505.
Sum=888582021; test 888582021/1000000000+(1-z1730)^7 <= 9980885/10000000.
Leaf R0111011000 B=[z1645,z1441,z1425,z1572,z1426,z1416,z1443,z7,z9,z437,z8,z8]
  h=z10 horizon=27 mass=z1426.
Cells
  z1444:B1:44478380;z1445:0:Nlo:347876387;z14:0:Nhi:17363421;z35:0:Nhi:268939151;z
  1763:B11/25:55694694;z1574:J1:25322688;z1449:1:H:3671334;z1764:D1:H:8231380;z176
  5:D1:Hlip:9123596;z21:JD1:36210545;z27:JD1:70639485.
Sum=887551061; test 887551061/1000000000+(1-z1426)^7 <= 9935154/10000000.
Leaf R0111011001 B=[z1645,z1441,z1674,z1415,z1426,z1416,z1443,z7,z9,z437,z8,z8]
  h=z10 horizon=29 mass=z1443.
Cells
  z1444:B1:44478380;z1445:0:Nlo:347876387;z14:0:Nhi:17363421;z35:0:Nhi:268939151;z
  1657:B11/25:73968606;z1449:J1:13736160;z1420:JD1:13427688;z1453:1:H:8515273;z21:
  JD1:35329786;z27:JD1:65657617;z40:JD1:69752419.
Sum=959044888; test 959044888/1000000000+(1-z1443)^7 <= 9803378/10000000.
Leaf R0111011010 B=[z1645,z1441,z1425,z1415,z1426,z1416,z1443,z7,z437,z442,z8,z8]
  h=z10 horizon=27 mass=z1426.
Cells
  z1444:B1:44478380;z1445:0:Nlo:347876387;z14:0:Nhi:17363421;z35:0:Nhi:268939151;z
  1766:B11/25:60058931;z1449:J1:26127136;z21:JD1:54794089;z1767:JD1:25556465;z27:J
  D1:47168093.
Sum=892362053; test 892362053/1000000000+(1-z1426)^7 <= 9983264/10000000.
Leaf R01110110110 B=[z1645,z1768,z1425,z1769,z1426,z1629,z1443,z7,z442,z407,z8,z8]
  h=z10 horizon=27 mass=z1426.
Cells
  z1770:B1:39817866;z1771:0:Nlo:349077826;z14:0:Nhi:18289340;z1772:0:Nhi:247683774
  ;z35:J1:20523784;z1773:B11/25:50312864;z1774:J1:23548321;z1449:J1:10197701;z1775
  :JD1:18084187;z21:JD1:35862980;z1776:JD1:35537944;z27:JD1:42281752.
Sum=891218339; test 891218339/1000000000+(1-z1426)^7 <= 9971827/10000000.
Leaf R01110110111 B=[z1777,z1441,z1628,z1415,z1629,z1416,z346,z7,z442,z407,z8,z8]
  h=z10 horizon=27 mass=z1629.
Cells
  z1444:B1:44478380;z1445:0:Nlo:347876387;z14:0:Nhi:17363421;z35:0:Nhi:268834442;z
  1766:B11/25:60058931;z1637:J1:17239728;z21:JD1:62468268;z1778:JD1:30760614;z27:J
  D1:45365200.
Sum=894445371; test 894445371/1000000000+(1-z1629)^7 <= 9936192/10000000.
Leaf R0111011100 B=[z1645,z1768,z1425,z1779,z1426,z1629,z1443,z7,z407,z402,z8,z8]
  h=z10 horizon=27 mass=z1426.
Cells
  z1770:B1:39817866;z1771:0:Nlo:349077826;z14:0:Nhi:18289341;z1780:0:Nhi:186955871
  ;z1781:J1:46995150;z21:J1:153726048;z1782:J1:18918887;z1783:J1:43555745;z1659:J1
  :12073092;z27:P:18472849.
Sum=887882675; test 887882675/1000000000+(1-z1426)^7 <= 9938471/10000000.
Leaf R0111011101 B=[z1777,z1441,z1628,z1572,z1629,z1416,z346,z7,z407,z402,z8,z8]
  h=z10 horizon=27 mass=z1629.
Cells
  z1444:B1:44478380;z1445:0:Nlo:347876387;z14:0:Nhi:17363421;z1784:0:Nhi:208622831
  ;z1785:J1:44734143;z35:J1:7808219;z1786:B11/25:14348780;z21:J1:119911604;z1787:J
  1:11913123;z1788:J1:46306521;z1789:J1:12125185;z27:P:20914403.
Sum=896402997; test 896402997/1000000000+(1-z1629)^7 <= 9955768/10000000.
Leaf R01110111100 B=[z1645,z1790,z1674,z1769,z1426,z1629,z1443,z7,z407,z402,z8,z8]
  h=z10 horizon=27 mass=z1426.
Cells
  z1791:B1:20479806;z1792:0:Nlo:348410443;z14:0:Nhi:24085529;z1793:0:Nhi:236648363
  ;z35:J1:30631985;z1794:B11/25:34065727;z21:J1:105638258;z1795:J1:23133344;z1796:
  J1:49804924;z1797:J1:6728733;z27:P:9861256.
Sum=889488368; test 889488368/1000000000+(1-z1426)^7 <= 9954527/10000000.
Leaf R0111011110100
  B=[z1798,z1768,z1674,z1799,z1426,z1629,z1443,z7,z407,z573,z8,z8] h=z10
  horizon=27 mass=z1426.
Cells
  z1770:B1:39817866;z1771:0:Nlo:349077826;z14:0:Nhi:18289340;z1800:0:Nhi:207889510
  ;z35:J1:54890567;z1801:B11/25:17915988;z1449:J1:62524923;z21:JD1:54590346;z1802:
  JD1:3536715;z1803:JD1:38400907;z27:JD1:43871218.
Sum=890805206; test 890805206/1000000000+(1-z1426)^7 <= 9967696/10000000.
Leaf R0111011110101
  B=[z1798,z1768,z1674,z1799,z1426,z1629,z1443,z7,z573,z402,z8,z8] h=z10
  horizon=27 mass=z1426.
Cells
  z1770:B1:39817866;z1771:0:Nlo:349077826;z14:0:Nhi:18289340;z1804:0:Nhi:186262479
  ;z35:J1:73359302;z1805:B11/25:17555946;z21:J1:116295115;z1806:J1:60881719;z1807:
  J1:16164240;z1797:J1:2384020;z27:P:9861256.
Sum=889949109; test 889949109/1000000000+(1-z1426)^7 <= 9959135/10000000.
Leaf R01110111101100
  B=[z1798,z1768,z1740,z1769,z1426,z1629,z1443,z7,z407,z570,z8,z8] h=z10
  horizon=27 mass=z1426.
Cells
  z1770:B1:39817866;z1771:0:Nlo:349077826;z14:0:Nhi:18289340;z1808:0:Nhi:242479755
  ;z35:J1:24075875;z1794:B11/25:34065727;z1449:J1:49072011;z21:JD1:54298628;z1809:
  JD1:12058350;z1810:JD1:41276811;z27:JD1:22016041.
Sum=886528230; test 886528230/1000000000+(1-z1426)^7 <= 9924926/10000000.
Leaf R01110111101101
  B=[z1798,z1768,z1740,z1769,z1426,z1629,z1443,z7,z570,z573,z8,z8] h=z10
  horizon=27 mass=z1426.
Cells
  z1770:B1:39817866;z1771:0:Nlo:349077826;z14:0:Nhi:18289340;z1811:0:Nhi:234026204
  ;z35:J1:31537142;z1812:B11/25:24532779;z1449:J1:58043342;z21:JD1:54792602;z1813:
  JD1:34399986;z1814:JD1:25612267;z27:JD1:20384377.
Sum=890513731; test 890513731/1000000000+(1-z1426)^7 <= 9964781/10000000.
Leaf R01110111101110
  B=[z1798,z1815,z1740,z1816,z1426,z1817,z1443,z7,z573,z402,z8,z8] h=z10
  horizon=27 mass=z1426.
Cells
  z1818:B1:37523503;z1819:0:Nlo:349533443;z14:0:Nhi:18790332;z1820:0:Nhi:197078257
  ;z35:J1:66063443;z1821:B11/25:21882482;z21:J1:114361771;z1814:J1:64737335;z1822:
  J1:16492801;z1823:J1:987322;z27:P:5097959.
Sum=892548648; test 892548648/1000000000+(1-z1426)^7 <= 9985130/10000000.
Leaf R01110111101111
  B=[z1824,z1768,z1825,z1769,z1817,z1629,z1826,z7,z573,z402,z8,z8] h=z10
  horizon=27 mass=z1817.
Cells
  z1770:B1:39817866;z1771:0:Nlo:349077826;z14:0:Nhi:18289340;z1827:0:Nhi:232900802
  ;z35:J1:31761069;z1812:B11/25:24532779;z21:J1:113254315;z1828:J1:63222047;z1829:
  J1:17020654;z1830:J1:629932;z27:P:5490244.
Sum=895996874; test 895996874/1000000000+(1-z1817)^7 <= 9985178/10000000.
Leaf R01110111110 B=[z1777,z1831,z1779,z1415,z1629,z1416,z346,z7,z407,z402,z8,z8]
  h=z10 horizon=27 mass=z1629.
Cells
  z1832:B1:23426720;z1833:0:Nlo:349407753;z14:0:Nhi:22880733;z35:0:Nhi:268834441;z
  1834:B11/25:44927233;z21:J1:97244677;z1835:J1:15346712;z1836:J1:55249679;z1837:J
  1:5776495;z27:P:11333605.
Sum=894428048; test 894428048/1000000000+(1-z1629)^7 <= 9936019/10000000.
Leaf R0111011111100
  B=[z1790,z1441,z1779,z1415,z1629,z1416,z346,z7,z407,z570,z8,z8] h=z10 horizon=27
  mass=z1629.
Cells
  z1444:B1:44478380;z1445:0:Nlo:347876387;z14:0:Nhi:17363421;z35:0:Nhi:267886528;z
  1834:B11/25:44927233;z1637:J1:31732415;z21:JD1:62829170;z1838:JD1:3023221;z1839:
  JD1:43010476;z27:JD1:29888955.
Sum=893016186; test 893016186/1000000000+(1-z1629)^7 <= 9921900/10000000.
Leaf R0111011111101
  B=[z1790,z1441,z1779,z1415,z1629,z1416,z346,z7,z570,z573,z8,z8] h=z10 horizon=27
  mass=z1629.
Cells
  z1444:B1:44478380;z1445:0:Nlo:347876387;z14:0:Nhi:17363421;z1840:0:Nhi:245314064
  ;z35:J1:22018817;z1841:B11/25:29150336;z1637:J1:47526888;z21:JD1:63380364;z1842:
  JD1:26415855;z1843:JD1:26658628;z27:JD1:27968574.
Sum=898151714; test 898151714/1000000000+(1-z1629)^7 <= 9973255/10000000.
Leaf R01110111111100
  B=[z1790,z1844,z1779,z1845,z1629,z1846,z346,z7,z573,z402,z8,z8] h=z10 horizon=27
  mass=z1629.
Cells
  z1847:B1:42137255;z1848:0:Nlo:348522868;z14:0:Nhi:17814362;z1849:0:Nhi:224035152
  ;z35:J1:38175719;z1850:B11/25:20251606;z21:J1:115073774;z1843:J1:57036952;z1851:
  J1:17130168;z1837:J1:1988883;z27:P:11333605.
Sum=893500344; test 893500344/1000000000+(1-z1629)^7 <= 9926742/10000000.
Leaf R01110111111101
  B=[z1790,z1844,z1799,z1852,z1629,z1846,z346,z7,z573,z402,z8,z8] h=z10 horizon=27
  mass=z1629.
Cells
  z1847:B1:42137255;z1848:0:Nlo:348522868;z14:0:Nhi:17814362;z1849:0:Nhi:224035153
  ;z35:J1:41834096;z1853:B11/25:26945190;z21:J1:112307498;z1854:J1:61627230;z1855:
  J1:17624522;z1856:J1:261276;z27:P:5906718.
Sum=899016168; test 899016168/1000000000+(1-z1629)^7 <= 9981900/10000000.
Leaf R0111011111111
  B=[z1857,z1441,z1858,z1415,z1846,z1416,z1859,z7,z573,z402,z8,z8] h=z10
  horizon=27 mass=z1846.
Cells
  z1444:B1:44478380;z1445:0:Nlo:347876387;z14:0:Nhi:17363421;z1860:0:Nhi:241268437
  ;z35:J1:25372061;z1841:B11/25:29150336;z21:J1:111501630;z1861:J1:54944793;z1862:
  J1:17711350;z1863:J1:1804267;z27:P:12129677.
Sum=903600739; test 903600739/1000000000+(1-z1846)^7 <= 9995216/10000000.
Leaf R011110000000 B=[z206,z1488,z1489,z1681,z180,z1464,z1417,z7,z9,z422,z8,z8]
  h=z10 horizon=27 mass=z180.
Cells
  z1492:B1:68623262;z1493:0:Nlo:337675736;z14:0:Nhi:13840760;z1864:0:Nhi:194104973
  ;z1865:J1:114251039;z1866:1:H:19156851;z1421:J1:21396979;z1867:JD1:27501547;z21:
  D1:H:11053466;z1868:D1:H:3756163;z1869:D1:Hlip:2911194;z27:JD1:62006461.
Sum=876278431; test 876278431/1000000000+(1-z180)^7 <= 9970270/10000000.
Leaf R011110000001 B=[z206,z1488,z1489,z1681,z180,z1464,z1417,z7,z422,z437,z8,z8]
  h=z10 horizon=27 mass=z180.
Cells
  z1492:B1:68623262;z1493:0:Nlo:337675736;z14:0:Nhi:13840760;z1864:0:Nhi:194104973
  ;z1870:J1:54073759;z1865:J1:55391592;z1871:1:H:9642510;z1421:J1:30155802;z1872:J
  D1:23881238;z1873:D1:H:10173842;z1874:D1:Hlip:2159982;z21:JD1:2156562;z1875:JD1:
  21239638;z27:JD1:52327024.
Sum=875446680; test 875446680/1000000000+(1-z180)^7 <= 9961952/10000000.
Leaf R0111100000100
  B=[z206,z1488,z1876,z1490,z180,z1464,z1417,z1491,z9,z422,z8,z8] h=z10 horizon=29
  mass=z1417.
Cells
  z1492:B1:68623262;z1493:0:Nlo:337675734;z14:0:Nhi:13840760;z1877:0:Nhi:229739538
  ;z35:J1:36843467;z1878:B11/25:36872997;z21:JD1:91280991;z27:JD1:61767484;z40:JD1
  :85481763.
Sum=962125996; test 962125996/1000000000+(1-z1417)^7 <= 9965549/10000000.
Leaf R01111000001010
  B=[z206,z1879,z1880,z1705,z180,z1706,z1417,z1881,z422,z437,z8,z8] h=z10
  horizon=27 mass=z180.
Cells
  z1882:B1:64996626;z1883:0:Nlo:339520586;z14:0:Nhi:14272804;z1877:0:Nhi:229739537
  ;z35:J1:33640127;z1884:B11/25:18939480;z21:JD1:106609063;z27:JD1:66601002.
Sum=874319225; test 874319225/1000000000+(1-z180)^7 <= 9950678/10000000.
Leaf R01111000001011
  B=[z1704,z1488,z1885,z1490,z1706,z1464,z1719,z1491,z422,z437,z8,z8] h=z10
  horizon=27 mass=z1706.
Cells
  z1492:B1:68623262;z1493:0:Nlo:337675734;z14:0:Nhi:13840760;z1886:0:Nhi:225305181
  ;z35:J1:39552942;z1687:B11/25:24488570;z21:JD1:102670186;z27:JD1:65921033.
Sum=878077668; test 878077668/1000000000+(1-z1706)^7 <= 9949738/10000000.
Leaf R0111100000110 B=[z206,z1488,z1876,z1490,z180,z1464,z182,z7,z9,z422,z8,z8]
  h=z10 horizon=29 mass=z182.
Cells
  z1492:B1:68623262;z1493:0:Nlo:337675734;z14:0:Nhi:13840760;z1877:0:Nhi:229739538
  ;z35:J1:36843467;z1887:B11/25:45192523;z1888:J1:26496024;z1663:1:Hlip:5958525;z1
  664:1:H:10274108;z1421:J1:10457256;z1889:JD1:13879215;z21:D1:H:25596379;z1890:D1
  :H:4517167;z27:JD1:61085640;z1502:JD1:83388999;z40:JD1:1723176.
Sum=975291773; test 975291773/1000000000+(1-z182)^7 <= 9825736/10000000.
Leaf R0111100000111 B=[z206,z1488,z1876,z1490,z180,z1464,z182,z7,z422,z437,z8,z8]
  h=z10 horizon=29 mass=z182.
Cells
  z1492:B1:68623262;z1493:0:Nlo:337675734;z14:0:Nhi:13840760;z1877:0:Nhi:229739538
  ;z35:J1:35188743;z1668:B11/25:31083972;z1663:J1:45084541;z1664:1:H:10274108;z142
  1:J1:10143421;z1891:JD1:23683052;z1670:D1:H:9314656;z1671:D1:Hlip:3173254;z21:JD
  1:3136240;z1892:JD1:24098493;z27:JD1:46252472;z1502:JD1:98984946;z1893:JD1:20220
  86;z40:P:41648.
Sum=992360926; test 992360926/1000000000+(1-z182)^7 <= 9996428/10000000.
Leaf R011110000100
  B=[z1471,z1479,z1496,z1435,z1464,z1426,z1472,z1498,z9,z422,z8,z8] h=z10
  horizon=27 mass=z1464.
Cells
  z1481:B1:75850969;z1482:0:Nlo:333762299;z14:0:Nhi:13050649;z35:0:Nhi:267356544;z
  1894:B11/25:41742401;z21:JD1:88759789;z27:JD1:63365747.
Sum=883888398; test 883888398/1000000000+(1-z1464)^7 <= 9970380/10000000.
Leaf R011110000101 B=[z1471,z1479,z1496,z1435,z1464,z1426,z1491,z7,z9,z422,z8,z8]
  h=z10 horizon=29 mass=z1491.
Cells
  z1481:B1:75850969;z1482:0:Nlo:333762299;z14:0:Nhi:13050649;z35:0:Nhi:267356544;z
  1499:B11/25:65265006;z1436:J1:22187157;z1476:1:H:6146194;z1895:D1:H:32742557;z21
  :D1:Hlip:11875949;z27:JD1:67160070;z1896:JD1:93697054;z40:JD1:1942699.
Sum=991037147; test 991037147/1000000000+(1-z1491)^7 <= 9973269/10000000.
Leaf R011110000110
  B=[z1471,z1479,z1496,z1674,z1464,z1426,z1472,z7,z422,z437,z8,z8] h=z10
  horizon=27 mass=z1464.
Cells
  z1481:B1:75850969;z1482:0:Nlo:333762300;z14:0:Nhi:13050649;z1473:0:Nhi:178302823
  ;z35:J1:80906655;z1897:B11/25:10315008;z1676:J1:50940020;z1898:1:H:10711200;z147
  6:J1:13747477;z1899:JD1:19792597;z1679:D1:H:8525751;z21:JD1:16301415;z1900:JD1:1
  5983875;z27:JD1:56013489.
Sum=884204228; test 884204228/1000000000+(1-z1464)^7 <= 9973539/10000000.
Leaf R0111100001110
  B=[z1471,z1479,z1901,z1435,z1464,z1426,z1472,z1498,z422,z437,z8,z8] h=z10
  horizon=27 mass=z1464.
Cells
  z1481:B1:75850969;z1482:0:Nlo:333762299;z14:0:Nhi:13050649;z35:0:Nhi:267356544;z
  1902:B11/25:40199392;z21:JD1:90489568;z27:JD1:65861148.
Sum=886570569; test 886570569/1000000000+(1-z1464)^7 <= 9997202/10000000.
Leaf R0111100001111
  B=[z1471,z1479,z1901,z1435,z1464,z1426,z1491,z7,z422,z437,z8,z8] h=z10
  horizon=29 mass=z1491.
Cells
  z1481:B1:75850969;z1482:0:Nlo:333762299;z14:0:Nhi:13050649;z35:0:Nhi:267356544;z
  1903:B11/25:44717677;z1436:J1:41091095;z1476:1:H:6146194;z1682:D1:H:16628423;z16
  83:D1:Hlip:3808034;z21:JD1:25565622;z1904:JD1:18551801;z27:JD1:50087673;z1896:JD
  1:92094712;z1905:JD1:1856809;z40:P:40354.
Sum=990608855; test 990608855/1000000000+(1-z1491)^7 <= 9968986/10000000.
Leaf R011110001000 B=[z206,z1488,z1489,z1681,z180,z1464,z1417,z7,z437,z442,z8,z8]
  h=z10 horizon=27 mass=z180.
Cells
  z1492:B1:68623262;z1493:0:Nlo:337675736;z14:0:Nhi:13840760;z1906:0:Nhi:190202038
  ;z1865:J1:108945465;z1907:1:H:4794742;z1421:J1:34330078;z21:JD1:38462886;z1908:J
  D1:33009355;z27:JD1:45253221.
Sum=875137543; test 875137543/1000000000+(1-z180)^7 <= 9958861/10000000.
Leaf R011110001001 B=[z206,z1488,z1489,z1681,z180,z1464,z1417,z7,z442,z407,z8,z8]
  h=z10 horizon=27 mass=z180.
Cells
  z1492:B1:68623262;z1493:0:Nlo:337675736;z14:0:Nhi:13840760;z1909:0:Nhi:130803363
  ;z1910:J1:134522906;z1421:J1:64723592;z1911:JD1:36293849;z21:JD1:2330413;z1912:J
  D1:42338469;z27:JD1:40646256.
Sum=871798606; test 871798606/1000000000+(1-z180)^7 <= 9925471/10000000.
Leaf R011110001010
  B=[z1471,z1479,z1496,z1674,z1464,z1426,z1472,z7,z437,z442,z8,z8] h=z10
  horizon=27 mass=z1464.
Cells
  z1481:B1:75850969;z1482:0:Nlo:333762300;z14:0:Nhi:13050649;z1473:0:Nhi:178302823
  ;z1684:J1:35861360;z35:J1:41530987;z1685:B11/25:1473472;z1476:J1:82118399;z21:JD
  1:44744022;z1913:JD1:28178801;z27:JD1:48729956.
Sum=883603738; test 883603738/1000000000+(1-z1464)^7 <= 9967534/10000000.
Leaf R011110001011
  B=[z1471,z1479,z1496,z1674,z1464,z1426,z1472,z7,z442,z407,z8,z8] h=z10
  horizon=27 mass=z1464.
Cells
  z1481:B1:75850969;z1482:0:Nlo:333762300;z14:0:Nhi:13050649;z1914:0:Nhi:160228495
  ;z1915:J1:126410536;z1476:J1:47629183;z1916:JD1:33532481;z21:JD1:11421621;z1917:
  JD1:37683574;z27:JD1:44117754.
Sum=883687562; test 883687562/1000000000+(1-z1464)^7 <= 9968372/10000000.
Leaf R01111000110000
  B=[z206,z1879,z1880,z1918,z180,z1706,z1417,z7,z437,z442,z8,z8] h=z10 horizon=27
  mass=z180.
Cells
  z1882:B1:64996626;z1883:0:Nlo:339520588;z14:0:Nhi:14272803;z1864:0:Nhi:194104973
  ;z1919:J1:13950232;z1920:J1:103230045;z1871:1:H:2831160;z1421:J1:30077569;z21:JD
  1:38722926;z1921:JD1:36859336;z27:JD1:37605591.
Sum=876171849; test 876171849/1000000000+(1-z180)^7 <= 9969204/10000000.
Leaf R011110001100010
  B=[z206,z1879,z1922,z1705,z180,z1706,z1417,z1881,z437,z442,z8,z8] h=z10
  horizon=27 mass=z180.
Cells
  z1882:B1:64996626;z1883:0:Nlo:339520586;z14:0:Nhi:14272804;z1864:0:Nhi:194104973
  ;z1710:J1:41157214;z35:J1:25293357;z1923:B11/25:16189760;z1884:J1:2722424;z1924:
  JD1:106115047;z21:JD1:292526;z27:JD1:70534864.
Sum=875200181; test 875200181/1000000000+(1-z180)^7 <= 9959487/10000000.
Leaf R011110001100011
  B=[z206,z1879,z1922,z1705,z180,z1706,z182,z7,z437,z442,z8,z8] h=z10 horizon=29
  mass=z182.
Cells
  z1882:B1:64996626;z1883:0:Nlo:339520586;z14:0:Nhi:14272804;z1864:0:Nhi:194104973
  ;z1710:J1:41157214;z35:J1:25293357;z1923:B11/25:16189760;z1421:J1:76823920;z21:J
  D1:39171671;z1925:JD1:38912093;z27:JD1:33855151;z1502:JD1:102652451;z1926:JD1:18
  48424;z40:P:262198.
Sum=989061228; test 989061228/1000000000+(1-z182)^7 <= 9963431/10000000.
Leaf R01111000110010
  B=[z1704,z1488,z1885,z1747,z1706,z1464,z1719,z7,z437,z442,z8,z8] h=z10
  horizon=27 mass=z1706.
Cells
  z1492:B1:68623262;z1493:0:Nlo:337675736;z14:0:Nhi:13840760;z1927:0:Nhi:185874053
  ;z1928:J1:35392808;z35:J1:36144813;z1929:B11/25:7430066;z1721:J1:80451351;z21:JD
  1:41884543;z1930:JD1:34493835;z27:JD1:39226528.
Sum=881037755; test 881037755/1000000000+(1-z1706)^7 <= 9979339/10000000.
Leaf R011110001100110
  B=[z1704,z1488,z1931,z1490,z1706,z1464,z1719,z1491,z437,z442,z8,z8] h=z10
  horizon=27 mass=z1706.
Cells
  z1492:B1:68623262;z1493:0:Nlo:337675734;z14:0:Nhi:13840760;z1932:0:Nhi:217306346
  ;z1686:J1:31045165;z35:J1:14571259;z1933:B11/25:20919469;z1934:JD1:97879902;z21:
  JD1:8335247;z27:JD1:69884927.
Sum=880082071; test 880082071/1000000000+(1-z1706)^7 <= 9969782/10000000.
Leaf R011110001100111
  B=[z1704,z1488,z1931,z1490,z1706,z1464,z1881,z7,z437,z442,z8,z8] h=z10
  horizon=29 mass=z1881.
Cells
  z1492:B1:68623262;z1493:0:Nlo:337675734;z14:0:Nhi:13840760;z1932:0:Nhi:217306346
  ;z1686:J1:31045165;z35:J1:14571259;z1687:B11/25:24488569;z1721:J1:66869365;z1935
  :JD1:17156010;z1936:D1:H:3858272;z21:JD1:21429264;z1937:JD1:36591216;z27:JD1:353
  93248;z1938:JD1:99164254;z1939:JD1:1765477;z40:P:260233.
Sum=990038434; test 990038434/1000000000+(1-z1881)^7 <= 9968086/10000000.
Leaf R01111000110100
  B=[z206,z1879,z1880,z1918,z180,z1706,z1417,z7,z442,z407,z8,z8] h=z10 horizon=27
  mass=z180.
Cells
  z1882:B1:64996626;z1883:0:Nlo:339520588;z14:0:Nhi:14272803;z1940:0:Nhi:152340504
  ;z1941:J1:128670351;z1421:J1:56980473;z1942:JD1:36406830;z21:JD1:2465568;z1943:J
  D1:46173015;z27:JD1:33017771.
Sum=874844529; test 874844529/1000000000+(1-z180)^7 <= 9955931/10000000.
Leaf R0111100011010100
  B=[z206,z1879,z1922,z1705,z180,z1706,z1417,z1881,z442,z562,z8,z8] h=z10
  horizon=27 mass=z180.
Cells
  z1882:B1:64996626;z1883:0:Nlo:339520586;z14:0:Nhi:14272804;z1944:0:Nhi:188904092
  ;z35:J1:68918846;z1945:B11/25:8027722;z1884:J1:10649802;z21:JD1:104738809;z1946:
  JD1:28422791;z27:JD1:43273703.
Sum=871725781; test 871725781/1000000000+(1-z180)^7 <= 9924743/10000000.
Leaf R0111100011010101
  B=[z206,z1879,z1922,z1705,z180,z1706,z182,z7,z442,z562,z8,z8] h=z10 horizon=29
  mass=z182.
Cells
  z1882:B1:64996626;z1883:0:Nlo:339520586;z14:0:Nhi:14272804;z1944:0:Nhi:188904092
  ;z35:J1:68918846;z1945:B11/25:8027722;z1947:J1:37273714;z1421:J1:45976225;z21:JD
  1:38915391;z1948:JD1:731720;z1949:JD1:51096350;z27:JD1:21907424;z1502:JD1:108398
  459;z1950:JD1:1637825;z40:P:565591.
Sum=991143375; test 991143375/1000000000+(1-z182)^7 <= 9984252/10000000.
Leaf R0111100011010110
  B=[z206,z1951,z1952,z1953,z180,z1954,z1417,z7,z562,z407,z8,z8] h=z10 horizon=27
  mass=z180.
Cells
  z1955:B1:63182305;z1956:0:Nlo:340410037;z14:0:Nhi:14499098;z1957:0:Nhi:172045833
  ;z1958:J1:88998940;z1421:J1:83146113;z21:JD1:38922626;z1959:JD1:14742968;z1960:J
  D1:41206112;z27:JD1:19850853.
Sum=877004885; test 877004885/1000000000+(1-z180)^7 <= 9977534/10000000.
Leaf R0111100011010111
  B=[z1961,z1879,z1962,z1705,z1954,z1706,z1963,z7,z562,z407,z8,z8] h=z10
  horizon=27 mass=z1954.
Cells
  z1882:B1:64996626;z1883:0:Nlo:339520586;z14:0:Nhi:14272804;z1964:0:Nhi:174351357
  ;z35:J1:82213030;z1965:B11/25:5517293;z1966:J1:5484029;z1967:J1:77927801;z21:JD1
  :40518467;z1968:JD1:13195654;z1969:JD1:41789135;z27:JD1:20464730.
Sum=880251512; test 880251512/1000000000+(1-z1954)^7 <= 9990605/10000000.
Leaf R01111000110110
  B=[z1704,z1488,z1885,z1747,z1706,z1464,z1719,z7,z442,z407,z8,z8] h=z10
  horizon=27 mass=z1706.
Cells
  z1492:B1:68623262;z1493:0:Nlo:337675736;z14:0:Nhi:13840760;z1970:0:Nhi:168138880
  ;z1971:J1:124130436;z1721:J1:48146615;z1972:JD1:34990255;z21:JD1:7064438;z1973:J
  D1:43954318;z27:JD1:34589971.
Sum=881154671; test 881154671/1000000000+(1-z1706)^7 <= 9980508/10000000.
Leaf R0111100011011100
  B=[z1704,z1488,z1931,z1490,z1706,z1464,z1719,z1491,z442,z562,z8,z8] h=z10
  horizon=27 mass=z1706.
Cells
  z1492:B1:68623262;z1493:0:Nlo:337675734;z14:0:Nhi:13840760;z1689:0:Nhi:198641246
  ;z35:J1:62087865;z1974:B11/25:17375521;z21:JD1:107940029;z1975:JD1:25801485;z27:
  JD1:45286222.
Sum=877272124; test 877272124/1000000000+(1-z1706)^7 <= 9941683/10000000.
Leaf R0111100011011101
  B=[z1704,z1488,z1931,z1490,z1706,z1464,z1881,z7,z442,z562,z8,z8] h=z10
  horizon=29 mass=z1881.
Cells
  z1492:B1:68623262;z1493:0:Nlo:337675734;z14:0:Nhi:13840760;z1689:0:Nhi:198641246
  ;z35:J1:62087865;z1690:B11/25:12092122;z1691:J1:40197299;z1721:J1:37521582;z1976
  :JD1:38052216;z21:JD1:4094175;z1977:JD1:49856402;z27:JD1:23132034;z1938:JD1:1049
  12542;z1978:JD1:1544006;z40:P:570095.
Sum=992841340; test 992841340/1000000000+(1-z1881)^7 <= 9996116/10000000.
Leaf R01111000110111100
  B=[z1704,z1979,z1980,z1981,z1706,z1982,z1719,z7,z562,z1983,z8,z8] h=z10
  horizon=27 mass=z1706.
Cells
  z1984:B1:66810502;z1985:0:Nlo:338608643;z14:0:Nhi:14053462;z1927:0:Nhi:185874055
  ;z35:J1:72245928;z1986:B11/25:7675630;z1987:J1:7697400;z1721:J1:72857932;z21:JD1
  :41932820;z1988:JD1:13389445;z1989:JD1:42446904;z27:JD1:17411398.
Sum=881004119; test 881004119/1000000000+(1-z1706)^7 <= 9979003/10000000.
Leaf R01111000110111101
  B=[z1704,z1979,z1980,z1981,z1706,z1982,z1719,z7,z1983,z407,z8,z8] h=z10
  horizon=27 mass=z1706.
Cells
  z1984:B1:66810502;z1985:0:Nlo:338608643;z14:0:Nhi:14053462;z1927:0:Nhi:185874055
  ;z1990:J1:70150353;z35:J1:1485850;z1991:B11/25:10120389;z1721:J1:77815161;z21:JD
  1:42015054;z1992:JD1:19526339;z1993:JD1:38014588;z27:JD1:16911498.
Sum=881385894; test 881385894/1000000000+(1-z1706)^7 <= 9982821/10000000.
Leaf R01111000110111110
  B=[z1994,z1488,z1995,z1490,z1982,z1464,z1996,z7,z562,z1983,z8,z8] h=z10
  horizon=27 mass=z1982.
Cells
  z1492:B1:68623262;z1493:0:Nlo:337675734;z14:0:Nhi:13840760;z1997:0:Nhi:182010973
  ;z35:J1:77926695;z1998:B11/25:9709769;z1999:J1:9821385;z2000:J1:67919955;z21:JD1
  :43584622;z2001:JD1:11786188;z2002:JD1:43103185;z27:JD1:17997565.
Sum=884000093; test 884000093/1000000000+(1-z1982)^7 <= 9990099/10000000.
Leaf R01111000110111111
  B=[z1994,z1488,z1995,z1490,z1982,z1464,z1996,z7,z1983,z407,z8,z8] h=z10
  horizon=27 mass=z1982.
Cells
  z1492:B1:68623262;z1493:0:Nlo:337675734;z14:0:Nhi:13840760;z1997:0:Nhi:182010974
  ;z35:J1:77232734;z2003:B11/25:13651414;z2000:J1:73495966;z21:JD1:43671661;z2004:
  JD1:18038049;z2005:JD1:38557825;z27:JD1:17506687.
Sum=884305066; test 884305066/1000000000+(1-z1982)^7 <= 9993149/10000000.
Leaf R01111000111000
  B=[z1471,z2006,z2007,z1435,z1464,z1426,z1472,z1498,z437,z442,z8,z8] h=z10
  horizon=27 mass=z1464.
Cells
  z2008:B1:55268630;z2009:0:Nlo:343990218;z14:0:Nhi:15578228;z2010:0:Nhi:221194751
  ;z35:J1:45594690;z1487:B11/25:38660905;z2011:JD1:79449268;z21:JD1:12800924;z27:J
  D1:68744310.
Sum=881281924; test 881281924/1000000000+(1-z1464)^7 <= 9944316/10000000.
Leaf R01111000111001
  B=[z1471,z2006,z2007,z1435,z1464,z1426,z1491,z7,z437,z442,z8,z8] h=z10
  horizon=29 mass=z1491.
Cells
  z2008:B1:55268630;z2009:0:Nlo:343990218;z14:0:Nhi:15578228;z2010:0:Nhi:221194751
  ;z35:J1:45594690;z1487:B11/25:38660904;z1436:J1:45761932;z2012:1:H:1436873;z1476
  :J1:4666907;z1695:JD1:5614005;z1696:D1:H:5445754;z1697:D1:Hlip:1187909;z21:JD1:3
  3981861;z2013:JD1:34953545;z27:JD1:35658236;z1896:JD1:92605538;z2014:JD1:1728920
  ;z40:P:158855.
Sum=983487756; test 983487756/1000000000+(1-z1491)^7 <= 9897775/10000000.
Leaf R011110001110100
  B=[z2015,z2016,z2017,z1435,z1464,z1426,z1472,z1498,z437,z442,z8,z8] h=z10
  horizon=27 mass=z1464.
Cells
  z2018:B1:65568820;z2019:0:Nlo:339235305;z14:0:Nhi:14202886;z2020:0:Nhi:233603331
  ;z35:J1:31839321;z1487:B11/25:38660905;z2011:JD1:79449265;z21:JD1:12800924;z27:J
  D1:70136709.
Sum=885497466; test 885497466/1000000000+(1-z1464)^7 <= 9986471/10000000.
Leaf R0111100011101010
  B=[z2015,z2016,z2017,z1740,z1464,z1426,z1491,z7,z437,z442,z8,z8] h=z10
  horizon=29 mass=z1491.
Cells
  z2018:B1:65568820;z2019:0:Nlo:339235305;z14:0:Nhi:14202886;z2021:0:Nhi:233603330
  ;z1742:J1:12353739;z35:J1:16606045;z2022:B11/25:22941530;z1476:J1:64665638;z2023
  :JD1:16100841;z2024:D1:H:1649512;z21:JD1:27721627;z2025:JD1:33122079;z27:JD1:389
  24916;z1896:JD1:100062865;z2026:JD1:1595095;z40:P:406414.
Sum=988760642; test 988760642/1000000000+(1-z1491)^7 <= 9950503/10000000.
Leaf R0111100011101011
  B=[z2015,z2016,z2027,z1435,z1464,z1426,z1491,z7,z437,z442,z8,z8] h=z10
  horizon=29 mass=z1491.
Cells
  z2018:B1:65568820;z2019:0:Nlo:339235305;z14:0:Nhi:14202886;z2020:0:Nhi:233603331
  ;z35:J1:31839321;z1487:B11/25:38660904;z1436:J1:45761931;z1694:1:H:3063030;z1476
  :J1:3043686;z1695:JD1:5614005;z1696:D1:H:5445754;z1697:D1:Hlip:1187909;z21:JD1:3
  3981861;z2028:JD1:35623638;z27:JD1:34503181;z1896:JD1:90045594;z2029:JD1:1757554
  ;z40:P:83161.
Sum=983221871; test 983221871/1000000000+(1-z1491)^7 <= 9895116/10000000.
Leaf R01111000111011
  B=[z2030,z1479,z1901,z2031,z1464,z1426,z1472,z7,z437,z442,z8,z8] h=z2032
  horizon=27 mass=z1464.
Cells
  z1481:B1:75850969;z1482:0:Nlo:333762299;z14:0:Nhi:13050649;z2033:0:Nhi:223729818
  ;z2034:J1:22225374;z35:J1:15916678;z2035:B11/25:21388796;z1476:J1:65279190;z21:J
  D1:44136629;z2036:JD1:34584623;z27:JD1:35893765.
Sum=885818790; test 885818790/1000000000+(1-z1464)^7 <= 9989684/10000000.
Leaf R01111000111100
  B=[z1471,z2037,z2038,z1754,z1464,z1730,z1472,z7,z442,z407,z8,z8] h=z10
  horizon=27 mass=z1464.
Cells
  z2039:B1:52265507;z2040:0:Nlo:345202396;z14:0:Nhi:16033421;z2041:0:Nhi:212154864
  ;z35:J1:50818602;z1756:B11/25:15712354;z2042:J1:42903876;z1476:J1:29414923;z2043
  :JD1:31714009;z21:JD1:14328852;z2044:JD1:45080245;z27:JD1:29997800.
Sum=885626849; test 885626849/1000000000+(1-z1464)^7 <= 9987765/10000000.
Leaf R01111000111101
  B=[z1728,z2006,z2045,z1435,z1730,z1426,z293,z7,z442,z407,z8,z8] h=z10 horizon=27
  mass=z1730.
Cells
  z2008:B1:55268630;z2009:0:Nlo:343990218;z14:0:Nhi:15578228;z1699:0:Nhi:224465868
  ;z35:J1:40188034;z2046:B11/25:30875450;z1700:J1:33207142;z2047:J1:21559967;z2048
  :JD1:27459185;z21:JD1:22212514;z2049:JD1:42794158;z27:JD1:31605754.
Sum=889205148; test 889205148/1000000000+(1-z1730)^7 <= 9987117/10000000.
Leaf R0111100011111000
  B=[z2015,z2050,z2051,z1754,z1464,z1730,z1472,z7,z442,z562,z8,z8] h=z10
  horizon=27 mass=z1464.
Cells
  z2052:B1:62242684;z2053:0:Nlo:340861333;z14:0:Nhi:14619144;z2054:0:Nhi:222501469
  ;z35:J1:39911941;z2055:B11/25:20368423;z2042:J1:38139306;z1476:J1:29414922;z2056
  :JD1:35233251;z21:JD1:10295818;z2057:JD1:47311385;z27:JD1:25305683.
Sum=886205359; test 886205359/1000000000+(1-z1464)^7 <= 9993550/10000000.
Leaf R01111000111110010
  B=[z2015,z2058,z2059,z1754,z1464,z1730,z1472,z7,z562,z407,z8,z8] h=z10
  horizon=27 mass=z1464.
Cells
  z2060:B1:57242948;z2061:0:Nlo:343146500;z14:0:Nhi:15293665;z2062:0:Nhi:210692600
  ;z35:J1:50760438;z2063:B11/25:18080759;z2064:J1:9102709;z1476:J1:60128054;z21:JD
  1:45681986;z2065:JD1:8286133;z2066:JD1:43764208;z27:JD1:22333239.
Sum=884513239; test 884513239/1000000000+(1-z1464)^7 <= 9976629/10000000.
Leaf R01111000111110011
  B=[z2067,z2050,z2051,z2068,z1464,z1730,z1472,z7,z562,z407,z8,z8] h=z2069
  horizon=27 mass=z1464.
Cells
  z2052:B1:62242684;z2053:0:Nlo:340861333;z14:0:Nhi:14619144;z2070:0:Nhi:198252289
  ;z35:J1:61309611;z2071:B11/25:10203721;z2072:J1:10348392;z1476:J1:65198901;z21:J
  D1:44963165;z2073:JD1:9690135;z2074:JD1:42103615;z27:JD1:22204612.
Sum=881997602; test 881997602/1000000000+(1-z1464)^7 <= 9951472/10000000.
Leaf R0111100011111010
  B=[z2037,z2016,z2075,z2076,z1730,z1426,z293,z7,z442,z562,z8,z8] h=z2077
  horizon=27 mass=z1730.
Cells
  z2018:B1:65568820;z2019:0:Nlo:339235305;z14:0:Nhi:14202886;z2078:0:Nhi:223899842
  ;z35:J1:39654110;z2079:B11/25:36539295;z2080:J1:25670505;z2047:J1:23125520;z2081
  :JD1:32246626;z21:JD1:16551993;z2082:JD1:45486005;z27:JD1:26043849.
Sum=888224756; test 888224756/1000000000+(1-z1730)^7 <= 9977313/10000000.
Leaf R0111100011111011
  B=[z2037,z2016,z2075,z2076,z1730,z1426,z293,z7,z562,z407,z8,z8] h=z2077
  horizon=27 mass=z1730.
Cells
  z2018:B1:65568820;z2019:0:Nlo:339235305;z14:0:Nhi:14202886;z2083:0:Nhi:223899842
  ;z35:J1:38893312;z2084:B11/25:32039369;z2047:J1:52701729;z21:JD1:48970176;z2085:
  JD1:5214893;z2086:JD1:44072860;z27:JD1:24742333.
Sum=889541525; test 889541525/1000000000+(1-z1730)^7 <= 9990480/10000000.
Leaf R011110001111110
  B=[z2030,z2087,z2088,z2089,z1464,z1730,z1472,z7,z442,z407,z8,z8] h=z2032
  horizon=27 mass=z1464.
Cells
  z2090:B1:72242927;z2091:0:Nlo:335752740;z14:0:Nhi:13434099;z2092:0:Nhi:194616108
  ;z35:J1:62326560;z2093:B11/25:6625772;z2094:J1:34198191;z1476:J1:42536601;z2095:
  JD1:38251573;z21:JD1:5805055;z2096:JD1:43890439;z27:JD1:30992933.
Sum=880672998; test 880672998/1000000000+(1-z1464)^7 <= 9938226/10000000.
Leaf R011110001111111
  B=[z2050,z1479,z2097,z2098,z1730,z1426,z293,z7,z442,z407,z8,z8] h=z2099
  horizon=27 mass=z1730.
Cells
  z1481:B1:75850969;z1482:0:Nlo:333762299;z14:0:Nhi:13050649;z2100:0:Nhi:191750499
  ;z35:J1:65416974;z2101:B11/25:6604613;z2102:J1:33365021;z2047:J1:39753257;z2103:
  JD1:38573447;z21:JD1:7995790;z2104:JD1:42646155;z27:JD1:30352121.
Sum=879121794; test 879121794/1000000000+(1-z1730)^7 <= 9886283/10000000.
Leaf R01111001000 B=[z206,z1879,z2105,z1718,z180,z1706,z1417,z7,z407,z402,z8,z8]
  h=z10 horizon=27 mass=z180.
Cells
  z1882:B1:64996626;z1883:0:Nlo:339520588;z14:0:Nhi:14272803;z2106:0:Nhi:115214999
  ;z2107:J1:52988253;z21:J1:191079816;z2108:J1:29434217;z2109:J1:38542338;z2110:J1
  :13386276;z27:P:15910622.
Sum=875346538; test 875346538/1000000000+(1-z180)^7 <= 9960951/10000000.
Leaf R01111001001 B=[z1704,z1488,z2111,z1681,z1706,z1464,z1719,z7,z407,z402,z8,z8]
  h=z10 horizon=27 mass=z1706.
Cells
  z1492:B1:68623262;z1493:0:Nlo:337675736;z14:0:Nhi:13840760;z2112:0:Nhi:129909490
  ;z1906:J1:53651539;z21:J1:182277000;z2113:J1:26570487;z2114:J1:39090062;z2115:J1
  :13480415;z27:P:17505722.
Sum=882624473; test 882624473/1000000000+(1-z1706)^7 <= 9995206/10000000.
Leaf R011110010100
  B=[z1471,z2087,z2116,z1739,z1464,z1730,z1472,z7,z407,z573,z8,z8] h=z10
  horizon=27 mass=z1464.
Cells
  z2090:B1:72242927;z2091:0:Nlo:335752741;z14:0:Nhi:13434099;z2117:0:Nhi:135386822
  ;z2118:J1:62083574;z1476:J1:127257535;z21:JD1:46089929;z2119:JD1:9061500;z2120:J
  D1:31315969;z27:JD1:52990965.
Sum=885616061; test 885616061/1000000000+(1-z1464)^7 <= 9987657/10000000.
Leaf R011110010101
  B=[z1471,z2087,z2116,z1739,z1464,z1730,z1472,z7,z573,z402,z8,z8] h=z10
  horizon=27 mass=z1464.
Cells
  z2090:B1:72242927;z2091:0:Nlo:335752741;z14:0:Nhi:13434099;z2121:0:Nhi:111000976
  ;z21:J1:253384201;z2122:J1:56689876;z2123:J1:14637155;z2124:J1:5236274;z27:P:191
  09223.
Sum=881487472; test 881487472/1000000000+(1-z1464)^7 <= 9946371/10000000.
Leaf R0111100101100
  B=[z1728,z1479,z2125,z1674,z1730,z1426,z293,z7,z407,z570,z8,z8] h=z10 horizon=27
  mass=z1730.
Cells
  z1481:B1:75850969;z1482:0:Nlo:333762300;z14:0:Nhi:13050649;z2126:0:Nhi:140208098
  ;z1684:J1:70287739;z2047:J1:116288621;z21:JD1:48452241;z2127:JD1:11439851;z2128:
  JD1:32295064;z27:JD1:41943677.
Sum=883579209; test 883579209/1000000000+(1-z1730)^7 <= 9930857/10000000.
Leaf R0111100101101
  B=[z1728,z1479,z2125,z1674,z1730,z1426,z293,z7,z570,z573,z8,z8] h=z10 horizon=27
  mass=z1730.
Cells
  z1481:B1:75850969;z1482:0:Nlo:333762300;z14:0:Nhi:13050649;z2129:0:Nhi:134725962
  ;z2047:J1:188333968;z21:JD1:48967785;z2130:JD1:29161570;z2131:JD1:21876183;z2132
  :JD1:38431535;z27:P:579811.
Sum=884740732; test 884740732/1000000000+(1-z1730)^7 <= 9942472/10000000.
Leaf R011110010111 B=[z1728,z1479,z2125,z1674,z1730,z1426,z293,z7,z573,z402,z8,z8]
  h=z10 horizon=27 mass=z1730.
Cells
  z1481:B1:75850969;z1482:0:Nlo:333762300;z14:0:Nhi:13050649;z2133:0:Nhi:116690154
  ;z21:J1:253634017;z2131:J1:54174197;z2134:J1:14810567;z2135:J1:5277327;z27:P:207
  22999.
Sum=887973179; test 887973179/1000000000+(1-z1730)^7 <= 9974797/10000000.
Leaf R01111001100000
  B=[z206,z1879,z1880,z1918,z180,z1706,z1417,z7,z407,z570,z8,z8] h=z10 horizon=27
  mass=z180.
Cells
  z1882:B1:64996626;z1883:0:Nlo:339520588;z14:0:Nhi:14272803;z2136:0:Nhi:146241156
  ;z1919:J1:56944072;z1421:J1:130368482;z21:JD1:39144554;z2137:JD1:21613578;z2138:
  JD1:32486393;z27:JD1:29829400.
Sum=875417652; test 875417652/1000000000+(1-z180)^7 <= 9961662/10000000.
Leaf R01111001100001
  B=[z206,z1879,z1880,z1918,z180,z1706,z1417,z7,z570,z573,z8,z8] h=z10 horizon=27
  mass=z180.
Cells
  z1882:B1:64996626;z1883:0:Nlo:339520588;z14:0:Nhi:14272803;z2139:0:Nhi:126539867
  ;z1421:J1:203296928;z21:JD1:39491788;z2140:JD1:39501005;z2141:JD1:21741412;z27:J
  D1:27313900.
Sum=876674917; test 876674917/1000000000+(1-z180)^7 <= 9974234/10000000.
Leaf R01111001100010
  B=[z206,z1951,z2142,z2143,z180,z1954,z1417,z7,z573,z402,z8,z8] h=z10 horizon=27
  mass=z180.
Cells
  z1955:B1:63182305;z1956:0:Nlo:340410039;z14:0:Nhi:14499098;z2144:0:Nhi:116406955
  ;z21:J1:247087317;z2145:J1:65556909;z2146:J1:14657132;z2147:J1:3927465;z27:P:101
  31792.
Sum=875859012; test 875859012/1000000000+(1-z180)^7 <= 9966075/10000000.
Leaf R01111001100011
  B=[z1961,z1879,z2148,z1918,z1954,z1706,z1963,z7,z573,z402,z8,z8] h=z10
  horizon=27 mass=z1954.
Cells
  z1882:B1:64996626;z1883:0:Nlo:339520588;z14:0:Nhi:14272803;z2149:0:Nhi:119961157
  ;z21:J1:246947133;z2150:J1:64435100;z2151:J1:14762805;z2152:J1:3925792;z27:P:108
  68375.
Sum=879690379; test 879690379/1000000000+(1-z1954)^7 <= 9984993/10000000.
Leaf R01111001100100
  B=[z1704,z1488,z1885,z1747,z1706,z1464,z1719,z7,z407,z570,z8,z8] h=z10
  horizon=27 mass=z1706.
Cells
  z1492:B1:68623262;z1493:0:Nlo:337675736;z14:0:Nhi:13840760;z2153:0:Nhi:151564273
  ;z1928:J1:66027157;z1721:J1:118685597;z21:JD1:42364539;z2154:JD1:18782504;z2155:
  JD1:33155456;z27:JD1:31425187.
Sum=882144471; test 882144471/1000000000+(1-z1706)^7 <= 9990406/10000000.
Leaf R011110011001010
  B=[z1704,z1488,z1885,z1747,z1706,z1464,z1719,z7,z570,z598,z8,z8] h=z10
  horizon=27 mass=z1706.
Cells
  z1492:B1:68623262;z1493:0:Nlo:337675736;z14:0:Nhi:13840760;z2156:0:Nhi:142972931
  ;z1721:J1:189706317;z21:JD1:42339563;z2157:JD1:39930084;z2158:JD1:21927495;z27:J
  D1:22480685.
Sum=879496833; test 879496833/1000000000+(1-z1706)^7 <= 9963930/10000000.
Leaf R011110011001011
  B=[z1704,z1488,z1885,z1747,z1706,z1464,z1719,z7,z598,z573,z8,z8] h=z10
  horizon=27 mass=z1706.
Cells
  z1492:B1:68623262;z1493:0:Nlo:337675736;z14:0:Nhi:13840760;z2159:0:Nhi:145530727
  ;z1721:J1:185554593;z21:JD1:42563026;z2160:JD1:47647367;z2161:JD1:17413316;z27:J
  D1:21613227.
Sum=880462014; test 880462014/1000000000+(1-z1706)^7 <= 9973582/10000000.
Leaf R011110011001100
  B=[z1704,z1979,z2162,z2163,z1706,z1982,z1719,z7,z573,z612,z8,z8] h=z10
  horizon=27 mass=z1706.
Cells
  z1984:B1:66810502;z1985:0:Nlo:338608643;z14:0:Nhi:14053462;z2164:0:Nhi:123281587
  ;z1721:J1:203406532;z21:JD1:43100763;z2165:JD1:52383804;z2166:JD1:13559667;z2167
  :JD1:24747670;z27:P:1431226.
Sum=881383856; test 881383856/1000000000+(1-z1706)^7 <= 9982800/10000000.
Leaf R011110011001101
  B=[z1704,z1979,z2162,z2163,z1706,z1982,z1719,z7,z612,z402,z8,z8] h=z10
  horizon=27 mass=z1706.
Cells
  z1984:B1:66810502;z1985:0:Nlo:338608643;z14:0:Nhi:14053464;z2168:0:Nhi:90887453;
  z21:J1:277876311;z2169:J1:73761180;z2170:J1:6484456;z2171:J1:1744294;z27:P:11608
  890.
Sum=881835193; test 881835193/1000000000+(1-z1706)^7 <= 9987314/10000000.
Leaf R0111100110011100
  B=[z1994,z1488,z2172,z1747,z1982,z1464,z1996,z7,z573,z609,z8,z8] h=z10
  horizon=27 mass=z1982.
Cells
  z1492:B1:68623262;z1493:0:Nlo:337675736;z14:0:Nhi:13840760;z2173:0:Nhi:126387903
  ;z2000:J1:201815796;z21:JD1:44362123;z2174:JD1:53894757;z2175:JD1:13481486;z27:J
  D1:21061672.
Sum=881143495; test 881143495/1000000000+(1-z1982)^7 <= 9961533/10000000.
Leaf R0111100110011101
  B=[z1994,z1488,z2172,z1747,z1982,z1464,z1996,z7,z609,z612,z8,z8] h=z10
  horizon=27 mass=z1982.
Cells
  z1492:B1:68623262;z1493:0:Nlo:337675736;z14:0:Nhi:13840760;z2176:0:Nhi:110024564
  ;z2000:J1:217493478;z21:JD1:44621750;z2177:JD1:60629700;z2178:JD1:9737334;z2179:
  JD1:18099652;z27:P:2105226.
Sum=882851462; test 882851462/1000000000+(1-z1982)^7 <= 9978613/10000000.
Leaf R0111100110011110
  B=[z1994,z2180,z2181,z2182,z1982,z2183,z1996,z7,z612,z402,z8,z8] h=z10
  horizon=27 mass=z1982.
Cells
  z2184:B1:67717062;z2185:0:Nlo:338144717;z14:0:Nhi:13946300;z2186:0:Nhi:91959516;
  z21:J1:278727977;z2187:J1:72818717;z2188:J1:6529839;z2189:J1:1722071;z27:P:12142
  385.
Sum=883708584; test 883708584/1000000000+(1-z1982)^7 <= 9987184/10000000.
Leaf R0111100110011111
  B=[z2190,z1488,z2191,z1747,z2183,z1464,z2192,z7,z612,z402,z8,z8] h=z10
  horizon=27 mass=z2183.
Cells
  z1492:B1:68623262;z1493:0:Nlo:337675736;z14:0:Nhi:13840760;z2193:0:Nhi:93784376;
  z21:J1:278729367;z2194:J1:72273300;z2195:J1:6552074;z2196:J1:1722739;z27:P:12516
  971.
Sum=885718585; test 885718585/1000000000+(1-z2183)^7 <= 9997951/10000000.
Leaf R0111100110100000
  B=[z206,z1951,z1952,z1953,z180,z1954,z1417,z7,z407,z590,z8,z8] h=z10 horizon=27
  mass=z180.
Cells
  z1955:B1:63182305;z1956:0:Nlo:340410037;z14:0:Nhi:14499098;z2197:0:Nhi:159751382
  ;z2198:J1:64651297;z1421:J1:117885927;z21:JD1:39070382;z2199:JD1:26064960;z2200:
  JD1:33392728;z27:JD1:18717647.
Sum=877625763; test 877625763/1000000000+(1-z180)^7 <= 9983743/10000000.
Leaf R01111001101000010
  B=[z1961,z1879,z1962,z1705,z1954,z1706,z1963,z7,z407,z2201,z8,z8] h=z10
  horizon=27 mass=z1954.
Cells
  z1882:B1:64996626;z1883:0:Nlo:339520586;z14:0:Nhi:14272804;z2202:0:Nhi:162358605
  ;z1710:J1:69458749;z1967:J1:111971721;z21:JD1:40477395;z2203:JD1:26439366;z2204:
  JD1:33699156;z27:JD1:15863002.
Sum=879058010; test 879058010/1000000000+(1-z1954)^7 <= 9978670/10000000.
Leaf R01111001101000011
  B=[z1961,z1879,z1962,z1705,z1954,z1706,z1963,z7,z2201,z590,z8,z8] h=z10
  horizon=27 mass=z1954.
Cells
  z1882:B1:64996626;z1883:0:Nlo:339520586;z14:0:Nhi:14272804;z2205:0:Nhi:156528139
  ;z2206:J1:57375456;z1967:J1:129130030;z21:JD1:40564986;z2207:JD1:31453518;z2208:
  JD1:30315846;z27:JD1:15429989.
Sum=879587980; test 879587980/1000000000+(1-z1954)^7 <= 9983969/10000000.
Leaf R0111100110100010
  B=[z206,z1951,z1952,z1953,z180,z1954,z1417,z7,z590,z570,z8,z8] h=z10 horizon=27
  mass=z180.
Cells
  z1955:B1:63182305;z1956:0:Nlo:340410037;z14:0:Nhi:14499098;z2209:0:Nhi:145443681
  ;z2210:J1:42496624;z1421:J1:152860391;z21:JD1:39236576;z2211:JD1:35684291;z2212:
  JD1:27128674;z27:JD1:17739162.
Sum=878680839; test 878680839/1000000000+(1-z180)^7 <= 9994294/10000000.
Leaf R01111001101000110
  B=[z1961,z1879,z1962,z1705,z1954,z1706,z1963,z7,z590,z2213,z8,z8] h=z10
  horizon=27 mass=z1954.
Cells
  z1882:B1:64996626;z1883:0:Nlo:339520586;z14:0:Nhi:14272804;z2214:0:Nhi:150804846
  ;z2215:J1:45184496;z1967:J1:146355153;z21:JD1:40656893;z2216:JD1:36104668;z2217:
  JD1:27265845;z27:JD1:15026681.
Sum=880188598; test 880188598/1000000000+(1-z1954)^7 <= 9989976/10000000.
Leaf R01111001101000111
  B=[z1961,z1879,z1962,z1705,z1954,z1706,z1963,z7,z2213,z570,z8,z8] h=z10
  horizon=27 mass=z1954.
Cells
  z1882:B1:64996626;z1883:0:Nlo:339520586;z14:0:Nhi:14272804;z2218:0:Nhi:177460756
  ;z1967:J1:163626570;z21:JD1:40752677;z2219:JD1:40459225;z2220:JD1:24485785;z27:J
  D1:14648611.
Sum=880223640; test 880223640/1000000000+(1-z1954)^7 <= 9990326/10000000.
Leaf R011110011010010
  B=[z206,z2221,z822,z1705,z180,z1706,z1417,z7,z570,z573,z8,z8] h=z10 horizon=27
  mass=z180.
Cells
  z2222:B1:46310188;z2223:0:Nlo:347315627;z14:0:Nhi:17028540;z2224:0:Nhi:159248746
  ;z1421:J1:182526798;z21:JD1:39893915;z2225:JD1:42996170;z2226:JD1:22489779;z27:J
  D1:19144960.
Sum=876954723; test 876954723/1000000000+(1-z180)^7 <= 9977033/10000000.
Leaf R01111001101001100
  B=[z1269,z2227,z2228,z1705,z180,z1706,z1417,z7,z570,z598,z8,z8] h=z10 horizon=27
  mass=z180.
Cells
  z2229:B1:55601983;z2230:0:Nlo:343850267;z14:0:Nhi:15529398;z2224:0:Nhi:158942204
  ;z1421:J1:182526798;z21:JD1:39527932;z2231:JD1:45420329;z2232:JD1:22066499;z27:J
  D1:14178041.
Sum=877643451; test 877643451/1000000000+(1-z180)^7 <= 9983920/10000000.
Leaf R01111001101001101
  B=[z1269,z2227,z2228,z1705,z180,z1706,z1417,z7,z598,z573,z8,z8] h=z10 horizon=27
  mass=z180.
Cells
  z2229:B1:55601983;z2230:0:Nlo:343850267;z14:0:Nhi:15529398;z2233:0:Nhi:145442849
  ;z1421:J1:194829407;z21:JD1:39719894;z2234:JD1:53130184;z2235:JD1:17426976;z27:J
  D1:13459919.
Sum=878990877; test 878990877/1000000000+(1-z180)^7 <= 9997394/10000000.
Leaf R011110011010011100
  B=[z1327,z1951,z1952,z2236,z180,z1954,z1417,z7,z570,z598,z8,z8] h=z2237
  horizon=27 mass=z180.
Cells
  z1955:B1:63182305;z1956:0:Nlo:340410038;z14:0:Nhi:14499098;z2238:0:Nhi:146239964
  ;z1421:J1:190277999;z21:JD1:39211393;z2239:JD1:44424669;z2240:JD1:21740958;z27:J
  D1:16360107.
Sum=876346531; test 876346531/1000000000+(1-z180)^7 <= 9970951/10000000.
Leaf R011110011010011101
  B=[z1327,z1951,z1952,z2236,z180,z1954,z1417,z7,z598,z573,z8,z8] h=z2237
  horizon=27 mass=z180.
Cells
  z1955:B1:63182305;z1956:0:Nlo:340410038;z14:0:Nhi:14499098;z2241:0:Nhi:129171632
  ;z1421:J1:206305722;z21:JD1:39406505;z2242:JD1:52052668;z2243:JD1:17224336;z27:J
  D1:15594304.
Sum=877846608; test 877846608/1000000000+(1-z180)^7 <= 9985951/10000000.
Leaf R01111001101001111
  B=[z2244,z1879,z1962,z2245,z1954,z1706,z1963,z7,z570,z573,z8,z8] h=z2246
  horizon=27 mass=z1954.
Cells
  z1882:B1:64996626;z1883:0:Nlo:339520588;z14:0:Nhi:14272803;z2247:0:Nhi:148048989
  ;z1967:J1:187017958;z21:JD1:40867604;z2248:JD1:40666412;z2249:JD1:21984714;z27:J
  D1:22657029.
Sum=880032723; test 880032723/1000000000+(1-z1954)^7 <= 9988417/10000000.
Leaf R011110011010100
  B=[z206,z2250,z822,z1953,z180,z1954,z1417,z7,z573,z402,z8,z8] h=z10 horizon=27
  mass=z180.
Cells
  z2251:B1:44835668;z2252:0:Nlo:347770651;z14:0:Nhi:17296919;z2253:0:Nhi:136532350
  ;z21:J1:239914547;z2226:J1:70244152;z2254:J1:14938571;z2255:J1:2333425;z27:P:371
  0759.
Sum=877577042; test 877577042/1000000000+(1-z180)^7 <= 9983256/10000000.
Leaf R0111100110101010
  B=[z1961,z2221,z2143,z1705,z1954,z1706,z1963,z7,z573,z612,z8,z8] h=z10
  horizon=27 mass=z1954.
Cells
  z2222:B1:46310188;z2223:0:Nlo:347315627;z14:0:Nhi:17028540;z2256:0:Nhi:139669897
  ;z1967:J1:197908724;z21:JD1:41856506;z2257:JD1:57395759;z2258:JD1:13735658;z27:J
  D1:17598579.
Sum=878819478; test 878819478/1000000000+(1-z1954)^7 <= 9976284/10000000.
Leaf R0111100110101011
  B=[z1961,z2221,z2143,z1705,z1954,z1706,z1963,z7,z612,z402,z8,z8] h=z10
  horizon=27 mass=z1954.
Cells
  z2222:B1:46310188;z2223:0:Nlo:347315627;z14:0:Nhi:17028540;z2259:0:Nhi:108592243
  ;z21:J1:270561860;z2260:J1:79339174;z2261:J1:6473290;z2262:J1:952835;z27:P:38713
  85.
Sum=880445142; test 880445142/1000000000+(1-z1954)^7 <= 9992541/10000000.
Leaf R01111001101011000
  B=[z1269,z2244,z2263,z2264,z180,z1954,z1417,z7,z573,z402,z8,z8] h=z10 horizon=27
  mass=z180.
Cells
  z2265:B1:53947930;z2266:0:Nlo:344534299;z14:0:Nhi:15774947;z2233:0:Nhi:145442850
  ;z21:J1:224898024;z2267:J1:69646943;z2268:J1:14909640;z2269:J1:2544020;z27:P:451
  1383.
Sum=876210036; test 876210036/1000000000+(1-z180)^7 <= 9969586/10000000.
Leaf R01111001101011001
  B=[z2250,z2227,z2270,z2271,z1954,z1706,z1963,z7,z573,z402,z8,z8] h=z10
  horizon=27 mass=z1954.
Cells
  z2229:B1:55601983;z2230:0:Nlo:343850268;z14:0:Nhi:15529397;z2272:0:Nhi:142465735
  ;z21:J1:230833514;z2273:J1:68613020;z2274:J1:15042836;z2275:J1:2516724;z27:P:517
  0475.
Sum=879623952; test 879623952/1000000000+(1-z1954)^7 <= 9984329/10000000.
Leaf R011110011010110100
  B=[z1269,z2244,z2276,z1953,z180,z1954,z1417,z7,z573,z612,z8,z8] h=z10 horizon=27
  mass=z180.
Cells
  z2265:B1:53947930;z2266:0:Nlo:344534298;z14:0:Nhi:15774947;z2233:0:Nhi:145442851
  ;z1421:J1:190033345;z21:JD1:40173317;z2277:JD1:58757287;z2278:JD1:13621911;z27:J
  D1:16351073.
Sum=878636959; test 878636959/1000000000+(1-z180)^7 <= 9993855/10000000.
Leaf R011110011010110101
  B=[z1269,z2244,z2276,z1953,z180,z1954,z1417,z7,z612,z402,z8,z8] h=z10 horizon=27
  mass=z180.
Cells
  z2265:B1:53947930;z2266:0:Nlo:344534298;z14:0:Nhi:15774947;z2233:0:Nhi:145442851
  ;z21:J1:227998918;z2279:J1:80583748;z2280:J1:6422793;z2281:J1:911928;z27:P:27534
  91.
Sum=878370904; test 878370904/1000000000+(1-z180)^7 <= 9991194/10000000.
Leaf R0111100110101101100
  B=[z2250,z2227,z2282,z1705,z1954,z1706,z1963,z7,z573,z609,z8,z8] h=z10
  horizon=27 mass=z1954.
Cells
  z2229:B1:55601983;z2230:0:Nlo:343850267;z14:0:Nhi:15529398;z2272:0:Nhi:142465736
  ;z1967:J1:194723190;z21:JD1:41469665;z2283:JD1:60519733;z2284:JD1:13475136;z27:J
  D1:10848851.
Sum=878483959; test 878483959/1000000000+(1-z1954)^7 <= 9972929/10000000.
Leaf R0111100110101101101
  B=[z2250,z2227,z2282,z1705,z1954,z1706,z1963,z7,z609,z612,z8,z8] h=z10
  horizon=27 mass=z1954.
Cells
  z2229:B1:55601983;z2230:0:Nlo:343850267;z14:0:Nhi:15529398;z2272:0:Nhi:142465735
  ;z1967:J1:193280822;z21:JD1:41695336;z2285:JD1:67151518;z2286:JD1:9685718;z27:JD
  1:10320629.
Sum=879581406; test 879581406/1000000000+(1-z1954)^7 <= 9983904/10000000.
Leaf R0111100110101101110
  B=[z2250,z2287,z2288,z2289,z1954,z2290,z1963,z7,z612,z402,z8,z8] h=z10
  horizon=27 mass=z1954.
Cells
  z2291:B1:54774521;z2292:0:Nlo:344195734;z14:0:Nhi:15651210;z2272:0:Nhi:142465736
  ;z21:J1:232513027;z2293:J1:79830475;z2294:J1:6472832;z2295:J1:861166;z27:P:31133
  54.
Sum=879878055; test 879878055/1000000000+(1-z1954)^7 <= 9986870/10000000.
Leaf R0111100110101101111
  B=[z2296,z2227,z2297,z1705,z2290,z1706,z2298,z7,z612,z402,z8,z8] h=z10
  horizon=27 mass=z2290.
Cells
  z2229:B1:55601983;z2230:0:Nlo:343850267;z14:0:Nhi:15529398;z2299:0:Nhi:141021929
  ;z21:J1:235591260;z2300:J1:79362371;z2301:J1:6499000;z2302:J1:852540;z27:P:34308
  69.
Sum=881739617; test 881739617/1000000000+(1-z2290)^7 <= 9995889/10000000.
Leaf R0111100110101110000
  B=[z1327,z2303,z2304,z2305,z180,z2306,z1417,z7,z573,z612,z8,z8] h=z2237
  horizon=27 mass=z180.
Cells
  z2307:B1:57690083;z2308:0:Nlo:342950576;z14:0:Nhi:15230728;z2241:0:Nhi:129171633
  ;z1421:J1:202825538;z21:JD1:39915209;z2309:JD1:57346751;z2310:JD1:13462094;z27:J
  D1:19062117.
Sum=877654729; test 877654729/1000000000+(1-z180)^7 <= 9984033/10000000.
Leaf R0111100110101110001
  B=[z1327,z2303,z2304,z2305,z180,z2306,z1417,z7,z612,z402,z8,z8] h=z2237
  horizon=27 mass=z180.
Cells
  z2307:B1:57690083;z2308:0:Nlo:342950576;z14:0:Nhi:15230728;z2241:0:Nhi:129171632
  ;z21:J1:240301006;z2311:J1:78847279;z2312:J1:6390835;z2313:J1:1200901;z27:P:5253
  864.
Sum=877036904; test 877036904/1000000000+(1-z180)^7 <= 9977854/10000000.
Leaf R011110011010111001
  B=[z2314,z2315,z2316,z2317,z2306,z1954,z2318,z7,z573,z402,z8,z8] h=z2319
  horizon=27 mass=z2306.
Cells
  z2320:B1:58557641;z2321:0:Nlo:342565511;z14:0:Nhi:15110145;z2322:0:Nhi:127863401
  ;z21:J1:244512582;z2323:J1:68666045;z2324:J1:14789490;z2325:J1:2621366;z27:P:529
  3249.
Sum=879979430; test 879979430/1000000000+(1-z2306)^7 <= 9997548/10000000.
Leaf R011110011010111010
  B=[z2244,z2326,z2327,z2245,z1954,z1706,z1963,z7,z573,z612,z8,z8] h=z2246
  horizon=27 mass=z1954.
Cells
  z2328:B1:60294230;z2329:0:Nlo:341775860;z14:0:Nhi:14874615;z2330:0:Nhi:126581161
  ;z1967:J1:206060502;z21:JD1:41294916;z2331:JD1:56377813;z2332:JD1:13446692;z27:J
  D1:19312371.
Sum=880018160; test 880018160/1000000000+(1-z1954)^7 <= 9988271/10000000.
Leaf R011110011010111011
  B=[z2244,z2326,z2327,z2245,z1954,z1706,z1963,z7,z612,z402,z8,z8] h=z2246
  horizon=27 mass=z1954.
Cells
  z2328:B1:60294230;z2329:0:Nlo:341775860;z14:0:Nhi:14874615;z2330:0:Nhi:126581161
  ;z21:J1:244742828;z2333:J1:77870433;z2334:J1:6383529;z2335:J1:1141164;z27:P:5586
  692.
Sum=879250512; test 879250512/1000000000+(1-z1954)^7 <= 9980595/10000000.
Leaf R0111100110101111
  B=[z1337,z1879,z1922,z2336,z180,z1706,z1417,z7,z573,z402,z8,z8] h=z2337
  horizon=27 mass=z180.
Cells
  z1882:B1:64996626;z1883:0:Nlo:339520588;z14:0:Nhi:14272803;z2338:0:Nhi:122318003
  ;z21:J1:245713740;z2339:J1:68329921;z2340:J1:14375972;z2341:J1:2780031;z27:P:575
  4352.
Sum=878062036; test 878062036/1000000000+(1-z180)^7 <= 9988106/10000000.
Leaf R011110011011000
  B=[z1704,z2015,z1918,z1490,z1706,z1464,z1719,z7,z407,z570,z8,z8] h=z10
  horizon=27 mass=z1706.
Cells
  z2342:B1:49277721;z2343:0:Nlo:346314601;z14:0:Nhi:16516010;z1927:0:Nhi:185874055
  ;z1686:J1:59033825;z35:J1:13621965;z1690:B11/25:12092122;z1721:J1:76439668;z21:J
  D1:42882740;z2344:JD1:21592249;z2345:JD1:35790847;z27:JD1:21344061.
Sum=880779864; test 880779864/1000000000+(1-z1706)^7 <= 9976760/10000000.
Leaf R011110011011001
  B=[z1704,z2015,z1918,z1490,z1706,z1464,z1719,z7,z570,z573,z8,z8] h=z10
  horizon=27 mass=z1706.
Cells
  z2342:B1:49277721;z2343:0:Nlo:346314601;z14:0:Nhi:16516010;z2346:0:Nhi:180339782
  ;z1721:J1:163622255;z21:JD1:43263823;z2347:JD1:41045019;z2348:JD1:23115629;z27:J
  D1:19382066.
Sum=882876906; test 882876906/1000000000+(1-z1706)^7 <= 9997731/10000000.
Leaf R0111100110110100
  B=[z1704,z2349,z1918,z1981,z1706,z1982,z1719,z7,z573,z612,z8,z8] h=z10
  horizon=27 mass=z1706.
Cells
  z2350:B1:47791098;z2351:0:Nlo:346829752;z14:0:Nhi:16768360;z2352:0:Nhi:142586117
  ;z1721:J1:196581396;z21:JD1:43576421;z2353:JD1:56550464;z2354:JD1:13885254;z27:J
  D1:17789605.
Sum=882358467; test 882358467/1000000000+(1-z1706)^7 <= 9992546/10000000.
Leaf R0111100110110101
  B=[z1704,z2349,z1918,z1981,z1706,z1982,z1719,z7,z612,z402,z8,z8] h=z10
  horizon=27 mass=z1706.
Cells
  z2350:B1:47791098;z2351:0:Nlo:346829752;z14:0:Nhi:16768360;z1927:0:Nhi:185874055
  ;z21:J1:195446620;z2355:J1:78703669;z2356:J1:6525661;z2357:J1:879085;z27:P:40351
  50.
Sum=882853450; test 882853450/1000000000+(1-z1706)^7 <= 9997496/10000000.
Leaf R01111001101101100
  B=[z1994,z2015,z2163,z1490,z1982,z1464,z1996,z7,z573,z609,z8,z8] h=z10
  horizon=27 mass=z1982.
Cells
  z2342:B1:49277721;z2343:0:Nlo:346314601;z14:0:Nhi:16516010;z1997:0:Nhi:182010974
  ;z2000:J1:157713403;z21:JD1:44889283;z2358:JD1:58703222;z2359:JD1:13752384;z27:J
  D1:11594499.
Sum=880772097; test 880772097/1000000000+(1-z1982)^7 <= 9957819/10000000.
Leaf R01111001101101101
  B=[z1994,z2015,z2163,z1490,z1982,z1464,z1996,z7,z609,z612,z8,z8] h=z10
  horizon=27 mass=z1982.
Cells
  z2342:B1:49277721;z2343:0:Nlo:346314601;z14:0:Nhi:16516010;z1997:0:Nhi:182010974
  ;z2000:J1:156648291;z21:JD1:45144101;z2360:JD1:65399304;z2361:JD1:9864928;z27:JD
  1:11130687.
Sum=882306617; test 882306617/1000000000+(1-z1982)^7 <= 9973164/10000000.
Leaf R01111001101101110
  B=[z1994,z2015,z2163,z1490,z1982,z1464,z1996,z7,z612,z1290,z8,z8] h=z10
  horizon=27 mass=z1982.
Cells
  z2342:B1:49277721;z2343:0:Nlo:346314601;z14:0:Nhi:16516010;z1997:0:Nhi:182010974
  ;z2000:J1:155695119;z21:JD1:45407273;z2362:JD1:71677389;z2363:JD1:6322057;z27:JD
  1:10667152.
Sum=883888296; test 883888296/1000000000+(1-z1982)^7 <= 9988981/10000000.
Leaf R01111001101101111
  B=[z1994,z2015,z2163,z1490,z1982,z1464,z1996,z7,z1290,z402,z8,z8] h=z10
  horizon=27 mass=z1982.
Cells
  z2342:B1:49277721;z2343:0:Nlo:346314601;z14:0:Nhi:16516010;z1997:0:Nhi:182010974
  ;z21:J1:200418612;z2364:J1:81969536;z2365:J1:3065061;z2366:J1:378648;z27:P:42022
  86.
Sum=884153449; test 884153449/1000000000+(1-z1982)^7 <= 9991633/10000000.
Leaf R01111001101110000
  B=[z2221,z2030,z2367,z1490,z1706,z1464,z1719,z7,z407,z590,z8,z8] h=z10
  horizon=27 mass=z1706.
Cells
  z2368:B1:58918773;z2369:0:Nlo:342403342;z14:0:Nhi:15060533;z2370:0:Nhi:196304126
  ;z1686:J1:48156644;z35:J1:13621965;z2371:B11/25:9381960;z1721:J1:79136657;z21:JD
  1:42449726;z2372:JD1:24288695;z2373:JD1:34918233;z27:JD1:17023974.
Sum=881664628; test 881664628/1000000000+(1-z1706)^7 <= 9985608/10000000.
Leaf R01111001101110001
  B=[z2221,z2030,z2367,z1490,z1706,z1464,z1719,z7,z590,z570,z8,z8] h=z10
  horizon=27 mass=z1706.
Cells
  z2368:B1:58918773;z2369:0:Nlo:342403342;z14:0:Nhi:15060533;z2374:0:Nhi:173926520
  ;z2375:J1:35867620;z35:J1:47486394;z2371:B11/25:9381960;z1721:J1:78605296;z21:JD
  1:42636362;z2376:JD1:34351639;z2377:JD1:28131355;z27:JD1:16164597.
Sum=882934391; test 882934391/1000000000+(1-z1706)^7 <= 9998306/10000000.
Leaf R011110011011100100
  B=[z2221,z2378,z2379,z1981,z1706,z1982,z1719,z7,z570,z598,z8,z8] h=z10
  horizon=27 mass=z1706.
Cells
  z2380:B1:57259162;z2381:0:Nlo:343139426;z14:0:Nhi:15291372;z2382:0:Nhi:166870558
  ;z1721:J1:174119164;z21:JD1:42710779;z2383:JD1:43376569;z2384:JD1:22592953;z27:J
  D1:14816400.
Sum=880176383; test 880176383/1000000000+(1-z1706)^7 <= 9970725/10000000.
Leaf R011110011011100101
  B=[z2349,z2030,z2385,z1490,z1982,z1464,z1996,z7,z570,z598,z8,z8] h=z10
  horizon=27 mass=z1982.
Cells
  z2368:B1:58918773;z2369:0:Nlo:342403342;z14:0:Nhi:15060533;z2386:0:Nhi:174452233
  ;z35:J1:81636913;z2387:B11/25:6896541;z2000:J1:78932182;z21:JD1:44411815;z2388:J
  D1:42176733;z2389:JD1:22855569;z27:JD1:15453808.
Sum=883198442; test 883198442/1000000000+(1-z1982)^7 <= 9982083/10000000.
Leaf R011110011011100110
  B=[z2221,z2378,z2379,z1981,z1706,z1982,z1719,z7,z598,z573,z8,z8] h=z10
  horizon=27 mass=z1706.
Cells
  z2380:B1:57259162;z2381:0:Nlo:343139426;z14:0:Nhi:15291372;z2390:0:Nhi:189500952
  ;z1721:J1:150670293;z21:JD1:42930130;z2391:JD1:51219571;z2392:JD1:17792659;z27:J
  D1:14164133.
Sum=881967698; test 881967698/1000000000+(1-z1706)^7 <= 9988639/10000000.
Leaf R011110011011100111
  B=[z2349,z2030,z2385,z1490,z1982,z1464,z1996,z7,z598,z573,z8,z8] h=z10
  horizon=27 mass=z1982.
Cells
  z2368:B1:58918773;z2369:0:Nlo:342403342;z14:0:Nhi:15060533;z2393:0:Nhi:187976609
  ;z2000:J1:152706548;z21:JD1:44644494;z2394:JD1:50090228;z2395:JD1:17978396;z27:J
  D1:14825471.
Sum=884604394; test 884604394/1000000000+(1-z1982)^7 <= 9996142/10000000.
Leaf R011110011011101000
  B=[z2221,z2378,z2379,z2396,z1706,z1982,z1719,z7,z573,z612,z8,z8] h=z10
  horizon=27 mass=z1706.
Cells
  z2380:B1:57259162;z2381:0:Nlo:343139426;z14:0:Nhi:15291374;z2397:0:Nhi:139606788
  ;z1721:J1:193106415;z21:JD1:43337784;z2398:JD1:55543784;z2399:JD1:13819266;z27:J
  D1:19796202.
Sum=880900201; test 880900201/1000000000+(1-z1706)^7 <= 9977964/10000000.
Leaf R011110011011101001
  B=[z2221,z2378,z2379,z2396,z1706,z1982,z1719,z7,z612,z402,z8,z8] h=z10
  horizon=27 mass=z1706.
Cells
  z2380:B1:57259162;z2381:0:Nlo:343139426;z14:0:Nhi:15291374;z2397:0:Nhi:139606787
  ;z21:J1:234106409;z2400:J1:77524034;z2401:J1:6522505;z2402:J1:1095290;z27:P:5834
  582.
Sum=880379569; test 880379569/1000000000+(1-z1706)^7 <= 9972757/10000000.
Leaf R011110011011101010
  B=[z2349,z2067,z2403,z2404,z1982,z1464,z1996,z7,z573,z402,z8,z8] h=z10
  horizon=27 mass=z1982.
Cells
  z2405:B1:54081994;z2406:0:Nlo:344479839;z14:0:Nhi:15754737;z2407:0:Nhi:136859169
  ;z21:J1:243053885;z2408:J1:67601297;z2409:J1:15396496;z2410:J1:2078102;z27:P:505
  5557.
Sum=884361076; test 884361076/1000000000+(1-z1982)^7 <= 9993709/10000000.
Leaf R011110011011101011
  B=[z2411,z2030,z2385,z2412,z1982,z1464,z1996,z7,z573,z402,z8,z8] h=z2413
  horizon=27 mass=z1982.
Cells
  z2368:B1:58918773;z2369:0:Nlo:342403342;z14:0:Nhi:15060534;z2414:0:Nhi:173996052
  ;z21:J1:203709297;z2415:J1:66762513;z2416:J1:15227521;z2417:J1:2332459;z27:P:605
  2557.
Sum=884463048; test 884463048/1000000000+(1-z1982)^7 <= 9994729/10000000.
Leaf R0111100110111011000
  B=[z2221,z2378,z2418,z1981,z1706,z1982,z1719,z7,z573,z609,z8,z8] h=z10
  horizon=27 mass=z1706.
Cells
  z2380:B1:57259162;z2381:0:Nlo:343139426;z14:0:Nhi:15291372;z2397:0:Nhi:139606789
  ;z1721:J1:199515514;z21:JD1:43160844;z2419:JD1:59481424;z2420:JD1:13605400;z27:J
  D1:11479978.
Sum=882539909; test 882539909/1000000000+(1-z1706)^7 <= 9994361/10000000.
Leaf R01111001101110110010
  B=[z2221,z2378,z2418,z1981,z1706,z1982,z1719,z7,z609,z1280,z8,z8] h=z10
  horizon=27 mass=z1706.
Cells
  z2380:B1:57259162;z2381:0:Nlo:343139426;z14:0:Nhi:15291372;z2397:0:Nhi:139606790
  ;z1721:J1:197929358;z21:JD1:43196535;z2421:JD1:67502571;z2422:JD1:9645986;z27:JD
  1:7947265.
Sum=881518465; test 881518465/1000000000+(1-z1706)^7 <= 9984146/10000000.
Leaf R01111001101110110011
  B=[z2221,z2378,z2418,z1981,z1706,z1982,z1719,z7,z1280,z612,z8,z8] h=z10
  horizon=27 mass=z1706.
Cells
  z2380:B1:57259162;z2381:0:Nlo:343139426;z14:0:Nhi:15291372;z2397:0:Nhi:139606789
  ;z1721:J1:197200749;z21:JD1:43320305;z2423:JD1:70620582;z2424:JD1:7879868;z27:JD
  1:7753385.
Sum=882071638; test 882071638/1000000000+(1-z1706)^7 <= 9989678/10000000.
Leaf R01111001101110110100
  B=[z2221,z2425,z2426,z2427,z1706,z2428,z1719,z7,z612,z1290,z8,z8] h=z10
  horizon=27 mass=z1706.
Cells
  z2429:B1:56430226;z2430:0:Nlo:343498097;z14:0:Nhi:15409467;z2397:0:Nhi:139606787
  ;z1721:J1:194885579;z21:JD1:43586914;z2431:JD1:72562165;z2432:JD1:6268314;z27:JD
  1:10187390.
Sum=882434939; test 882434939/1000000000+(1-z1706)^7 <= 9993311/10000000.
Leaf R01111001101110110101
  B=[z2221,z2425,z2426,z2427,z1706,z2428,z1719,z7,z1290,z402,z8,z8] h=z10
  horizon=27 mass=z1706.
Cells
  z2429:B1:56430226;z2430:0:Nlo:343498097;z14:0:Nhi:15409467;z2397:0:Nhi:139606786
  ;z21:J1:237406418;z2433:J1:82783551;z2434:J1:3041820;z2435:J1:397375;z27:P:37497
  21.
Sum=882323461; test 882323461/1000000000+(1-z1706)^7 <= 9992196/10000000.
Leaf R011110011011101101100
  B=[z2436,z2378,z2437,z1981,z2428,z1982,z2438,z7,z612,z1302,z8,z8] h=z10
  horizon=27 mass=z2428.
Cells
  z2380:B1:57259162;z2381:0:Nlo:343139426;z14:0:Nhi:15291372;z2439:0:Nhi:138219470
  ;z2440:J1:197146205;z21:JD1:44248657;z2441:JD1:73327476;z2442:JD1:6211077;z27:JD
  1:7590867.
Sum=882433712; test 882433712/1000000000+(1-z2428)^7 <= 9983834/10000000.
Leaf R011110011011101101101
  B=[z2436,z2378,z2437,z1981,z2428,z1982,z2438,z7,z1302,z1290,z8,z8] h=z10
  horizon=27 mass=z2428.
Cells
  z2380:B1:57259162;z2381:0:Nlo:343139426;z14:0:Nhi:15291372;z2439:0:Nhi:138219469
  ;z2440:J1:196482728;z21:JD1:44379948;z2443:JD1:76276867;z2444:JD1:4574619;z27:JD
  1:7406301.
Sum=883029892; test 883029892/1000000000+(1-z2428)^7 <= 9989796/10000000.
Leaf R011110011011101101110
  B=[z2436,z2411,z2445,z1981,z2428,z1982,z2438,z7,z1290,z402,z8,z8] h=z10
  horizon=27 mass=z2428.
Cells
  z2446:B1:52506385;z2447:0:Nlo:345108517;z14:0:Nhi:15995854;z2439:0:Nhi:138219469
  ;z21:J1:240483017;z2448:J1:83265249;z2449:J1:3048441;z2450:J1:300737;z27:P:24948
  37.
Sum=881422506; test 881422506/1000000000+(1-z2428)^7 <= 9973722/10000000.
Leaf R011110011011101101111
  B=[z2451,z2378,z2437,z2452,z2428,z1982,z2438,z7,z1290,z402,z8,z8] h=z2453
  horizon=27 mass=z2428.
Cells
  z2380:B1:57259162;z2381:0:Nlo:343139426;z14:0:Nhi:15291372;z2454:0:Nhi:130105120
  ;z21:J1:248066723;z2455:J1:82348364;z2456:J1:3046629;z2457:J1:383361;z27:P:39099
  10.
Sum=883550067; test 883550067/1000000000+(1-z2428)^7 <= 9994998/10000000.
Leaf R01111001101110111000
  B=[z2349,z2067,z2458,z1490,z1982,z1464,z1996,z7,z573,z609,z8,z8] h=z10
  horizon=27 mass=z1982.
Cells
  z2405:B1:54081994;z2406:0:Nlo:344479839;z14:0:Nhi:15754736;z2459:0:Nhi:185531494
  ;z2000:J1:153924202;z21:JD1:44889283;z2460:JD1:59390881;z2461:JD1:13774973;z27:J
  D1:10296850.
Sum=882124252; test 882124252/1000000000+(1-z1982)^7 <= 9971341/10000000.
Leaf R01111001101110111001
  B=[z2349,z2067,z2458,z1490,z1982,z1464,z1996,z7,z609,z612,z8,z8] h=z10
  horizon=27 mass=z1982.
Cells
  z2405:B1:54081994;z2406:0:Nlo:344479839;z14:0:Nhi:15754736;z2459:0:Nhi:185531493
  ;z2000:J1:152905524;z21:JD1:45144100;z2462:JD1:66072529;z2463:JD1:9872308;z27:JD
  1:9872046.
Sum=883714569; test 883714569/1000000000+(1-z1982)^7 <= 9987244/10000000.
Leaf R01111001101110111010
  B=[z2349,z2464,z2465,z2466,z1982,z2183,z1996,z7,z612,z402,z8,z8] h=z10
  horizon=27 mass=z1982.
Cells
  z2467:B1:53293717;z2468:0:Nlo:344797496;z14:0:Nhi:15874379;z2407:0:Nhi:136859168
  ;z21:J1:245006050;z2469:J1:78995478;z2470:J1:6581680;z2471:J1:629747;z27:P:28041
  60.
Sum=884841875; test 884841875/1000000000+(1-z1982)^7 <= 9998517/10000000.
Leaf R011110011011101110110
  B=[z2472,z2067,z2473,z1490,z2183,z1464,z2192,z7,z612,z1290,z8,z8] h=z10
  horizon=27 mass=z2183.
Cells
  z2405:B1:54081994;z2406:0:Nlo:344479839;z14:0:Nhi:15754736;z2474:0:Nhi:183607515
  ;z2475:J1:152952918;z21:JD1:46231603;z2476:JD1:71993514;z2477:JD1:6351096;z27:JD
  1:9507955.
Sum=884961170; test 884961170/1000000000+(1-z2183)^7 <= 9990377/10000000.
Leaf R011110011011101110111
  B=[z2472,z2067,z2473,z1490,z2183,z1464,z2192,z7,z1290,z402,z8,z8] h=z10
  horizon=27 mass=z2183.
Cells
  z2405:B1:54081994;z2406:0:Nlo:344479839;z14:0:Nhi:15754736;z2474:0:Nhi:183607515
  ;z21:J1:198525891;z2478:J1:82359526;z2479:J1:3073481;z2480:J1:291214;z27:P:31149
  88.
Sum=885289184; test 885289184/1000000000+(1-z2183)^7 <= 9993657/10000000.
Leaf R01111001101110111100
  B=[z2411,z2481,z2482,z2483,z1982,z1464,z1996,z7,z573,z612,z8,z8] h=z2413
  horizon=27 mass=z1982.
Cells
  z2484:B1:56497455;z2485:0:Nlo:343469237;z14:0:Nhi:15399817;z2414:0:Nhi:173996052
  ;z2000:J1:163240499;z21:JD1:45050696;z2486:JD1:56116611;z2487:JD1:13956811;z27:J
  D1:17019637.
Sum=884746815; test 884746815/1000000000+(1-z1982)^7 <= 9997566/10000000.
Leaf R011110011011101111010
  B=[z2411,z2488,z2489,z2490,z1982,z2183,z1996,z7,z612,z402,z8,z8] h=z2413
  horizon=27 mass=z1982.
Cells
  z2491:B1:55687970;z2492:0:Nlo:343813999;z14:0:Nhi:15516855;z2414:0:Nhi:173996052
  ;z21:J1:205242648;z2493:J1:78597728;z2494:J1:6538569;z2495:J1:669224;z27:P:31497
  88.
Sum=883212833; test 883212833/1000000000+(1-z1982)^7 <= 9982227/10000000.
Leaf R011110011011101111011
  B=[z2464,z2481,z2496,z2497,z2183,z1464,z2192,z7,z612,z402,z8,z8] h=z2498
  horizon=27 mass=z2183.
Cells
  z2484:B1:56497455;z2485:0:Nlo:343469237;z14:0:Nhi:15399817;z2499:0:Nhi:172215571
  ;z21:J1:206888556;z2500:J1:78215779;z2501:J1:6539349;z2502:J1:620889;z27:P:31735
  77.
Sum=883020230; test 883020230/1000000000+(1-z2183)^7 <= 9970967/10000000.
Leaf R0111100110111011111
  B=[z2503,z2030,z2504,z2505,z1982,z1464,z1996,z7,z573,z402,z8,z8] h=z2506
  horizon=27 mass=z1982.
Cells
  z2368:B1:58918773;z2369:0:Nlo:342403342;z14:0:Nhi:15060534;z2507:0:Nhi:168742909
  ;z21:J1:209700561;z2508:J1:68692230;z2509:J1:15111875;z2510:J1:1564873;z27:P:334
  0031.
Sum=883535128; test 883535128/1000000000+(1-z1982)^7 <= 9985450/10000000.
Leaf R01111001101111000
  B=[z2227,z2511,z2512,z2513,z1706,z1464,z1719,z7,z407,z570,z8,z8] h=z2514
  horizon=27 mass=z1706.
Cells
  z2515:B1:63770825;z2516:0:Nlo:340124086;z14:0:Nhi:14424913;z2517:0:Nhi:173382730
  ;z2518:J1:55249668;z1721:J1:111117693;z21:JD1:41885975;z2519:JD1:22132913;z2520:
  JD1:33542881;z27:JD1:23434586.
Sum=879066270; test 879066270/1000000000+(1-z1706)^7 <= 9959624/10000000.
Leaf R01111001101111001
  B=[z2227,z2511,z2512,z2513,z1706,z1464,z1719,z7,z570,z573,z8,z8] h=z2514
  horizon=27 mass=z1706.
Cells
  z2515:B1:63770825;z2516:0:Nlo:340124086;z14:0:Nhi:14424913;z2521:0:Nhi:158016950
  ;z1721:J1:178540132;z21:JD1:42291695;z2522:JD1:40339809;z2523:JD1:22080535;z27:J
  D1:21494829.
Sum=881083774; test 881083774/1000000000+(1-z1706)^7 <= 9979799/10000000.
Leaf R01111001101111010
  B=[z2227,z2524,z2525,z2526,z1706,z1982,z1719,z7,z573,z402,z8,z8] h=z2514
  horizon=27 mass=z1706.
Cells
  z2527:B1:62032187;z2528:0:Nlo:340961534;z14:0:Nhi:14646313;z2529:0:Nhi:167207582
  ;z21:J1:207173161;z2530:J1:67407233;z2531:J1:14781433;z2532:J1:2388112;z27:P:566
  5606.
Sum=882263161; test 882263161/1000000000+(1-z1706)^7 <= 9991593/10000000.
Leaf R01111001101111011
  B=[z2378,z2511,z2533,z2534,z1982,z1464,z1996,z7,z573,z402,z8,z8] h=z2535
  horizon=27 mass=z1982.
Cells
  z2515:B1:63770825;z2516:0:Nlo:340124086;z14:0:Nhi:14424913;z2536:0:Nhi:163793612
  ;z21:J1:210234822;z2537:J1:66697697;z2538:J1:14785752;z2539:J1:2189423;z27:P:574
  5054.
Sum=881766184; test 881766184/1000000000+(1-z1982)^7 <= 9967760/10000000.
Leaf R0111100110111110
  B=[z2326,z1488,z1931,z2540,z1706,z1464,z1719,z7,z407,z573,z8,z8] h=z2541
  horizon=27 mass=z1706.
Cells
  z1492:B1:68623262;z1493:0:Nlo:337675734;z14:0:Nhi:13840760;z2542:0:Nhi:157896044
  ;z2543:J1:52660186;z1721:J1:121038250;z21:JD1:41677950;z2544:JD1:17556056;z2545:
  JD1:32025817;z27:JD1:36099041.
Sum=879093100; test 879093100/1000000000+(1-z1706)^7 <= 9959893/10000000.
Leaf R0111100110111111
  B=[z2326,z1488,z1931,z2540,z1706,z1464,z1719,z7,z573,z402,z8,z8] h=z2541
  horizon=27 mass=z1706.
Cells
  z1492:B1:68623262;z1493:0:Nlo:337675734;z14:0:Nhi:13840760;z2546:0:Nhi:117549441
  ;z21:J1:250584575;z2547:J1:66915555;z2548:J1:14354281;z2549:J1:2385074;z27:P:589
  4922.
Sum=877823604; test 877823604/1000000000+(1-z1706)^7 <= 9947198/10000000.
Leaf R01111001110000
  B=[z1471,z2037,z2038,z1729,z1464,z1730,z1472,z7,z407,z573,z8,z8] h=z10
  horizon=27 mass=z1464.
Cells
  z2039:B1:52265507;z2040:0:Nlo:345202396;z14:0:Nhi:16033423;z1473:0:Nhi:178302824
  ;z1734:J1:52195336;z1476:J1:107602204;z21:JD1:46731460;z2550:JD1:10767207;z2551:
  JD1:35351563;z27:JD1:41656039.
Sum=886107959; test 886107959/1000000000+(1-z1464)^7 <= 9992576/10000000.
Leaf R01111001110001
  B=[z1471,z2037,z2038,z1729,z1464,z1730,z1472,z7,z573,z402,z8,z8] h=z10
  horizon=27 mass=z1464.
Cells
  z2039:B1:52265507;z2040:0:Nlo:345202396;z14:0:Nhi:16033423;z2552:0:Nhi:133669812
  ;z21:J1:245976474;z2553:J1:64194357;z2554:J1:15388297;z2555:J1:2867431;z27:P:875
  8938.
Sum=884356635; test 884356635/1000000000+(1-z1464)^7 <= 9975063/10000000.
Leaf R011110011100100
  B=[z1728,z2006,z2045,z1740,z1730,z1426,z293,z7,z407,z570,z8,z8] h=z10 horizon=27
  mass=z1730.
Cells
  z2008:B1:55268630;z2009:0:Nlo:343990218;z14:0:Nhi:15578228;z2556:0:Nhi:171315901
  ;z1742:J1:71445972;z35:J1:15531078;z1743:B11/25:11336978;z2047:J1:70049310;z21:J
  D1:49227817;z2557:JD1:13994737;z2558:JD1:36769203;z27:JD1:28641166.
Sum=883149238; test 883149238/1000000000+(1-z1730)^7 <= 9926557/10000000.
Leaf R011110011100101
  B=[z1728,z2006,z2045,z1740,z1730,z1426,z293,z7,z570,z573,z8,z8] h=z10 horizon=27
  mass=z1730.
Cells
  z2008:B1:55268630;z2009:0:Nlo:343990218;z14:0:Nhi:15578228;z2559:0:Nhi:171828208
  ;z2047:J1:164306490;z21:JD1:49720903;z2560:JD1:33996060;z2561:JD1:23784204;z27:J
  D1:26531020.
Sum=885003961; test 885003961/1000000000+(1-z1730)^7 <= 9945105/10000000.
Leaf R01111001110011
  B=[z1728,z2006,z2045,z1740,z1730,z1426,z293,z7,z573,z402,z8,z8] h=z10 horizon=27
  mass=z1730.
Cells
  z2008:B1:55268630;z2009:0:Nlo:343990218;z14:0:Nhi:15578228;z2556:0:Nhi:171315900
  ;z21:J1:212858346;z2561:J1:61905142;z2562:J1:15693451;z2563:J1:2853554;z27:P:101
  62879.
Sum=889626348; test 889626348/1000000000+(1-z1730)^7 <= 9991329/10000000.
Leaf R011110011101000
  B=[z1471,z2037,z2564,z1754,z1464,z1730,z1472,z7,z407,z570,z8,z8] h=z10
  horizon=27 mass=z1464.
Cells
  z2039:B1:52265507;z2040:0:Nlo:345202396;z14:0:Nhi:16033421;z2565:0:Nhi:218794178
  ;z2566:J1:38413591;z35:J1:4211449;z1756:B11/25:15712354;z1476:J1:71051240;z21:JD
  1:46364293;z2567:JD1:18633459;z2568:JD1:37220332;z27:JD1:21886799.
Sum=885789019; test 885789019/1000000000+(1-z1464)^7 <= 9989387/10000000.
Leaf R0111100111010010
  B=[z1471,z2037,z2564,z1754,z1464,z1730,z1472,z7,z570,z598,z8,z8] h=z10
  horizon=27 mass=z1464.
Cells
  z2039:B1:52265507;z2040:0:Nlo:345202396;z14:0:Nhi:16033421;z2569:0:Nhi:189078753
  ;z35:J1:70287380;z1756:B11/25:15712354;z1476:J1:70117235;z21:JD1:46302783;z2570:
  JD1:42418639;z2571:JD1:23402218;z27:JD1:13030063.
Sum=883850749; test 883850749/1000000000+(1-z1464)^7 <= 9970004/10000000.
Leaf R0111100111010011
  B=[z1471,z2037,z2564,z1754,z1464,z1730,z1472,z7,z598,z573,z8,z8] h=z10
  horizon=27 mass=z1464.
Cells
  z2039:B1:52265507;z2040:0:Nlo:345202396;z14:0:Nhi:16033421;z1473:0:Nhi:178302826
  ;z35:J1:80416344;z1756:B11/25:15712354;z1476:J1:69736773;z21:JD1:46547029;z2572:
  JD1:50451547;z2573:JD1:18319308;z27:JD1:12511676.
Sum=885499181; test 885499181/1000000000+(1-z1464)^7 <= 9986488/10000000.
Leaf R0111100111010100
  B=[z1471,z2037,z2564,z2574,z1464,z1730,z1472,z7,z573,z612,z8,z8] h=z10
  horizon=27 mass=z1464.
Cells
  z2039:B1:52265507;z2040:0:Nlo:345202396;z14:0:Nhi:16033421;z1473:0:Nhi:178302825
  ;z1476:J1:159444108;z21:JD1:46975935;z2575:JD1:54638452;z2576:JD1:14202481;z27:J
  D1:18539296.
Sum=885604421; test 885604421/1000000000+(1-z1464)^7 <= 9987541/10000000.
Leaf R0111100111010101
  B=[z1471,z2037,z2564,z2574,z1464,z1730,z1472,z7,z612,z402,z8,z8] h=z10
  horizon=27 mass=z1464.
Cells
  z2039:B1:52265507;z2040:0:Nlo:345202396;z14:0:Nhi:16033421;z1473:0:Nhi:178302825
  ;z21:J1:204657015;z2577:J1:77217825;z2578:J1:6639973;z2579:J1:768178;z27:P:46747
  50.
Sum=885761890; test 885761890/1000000000+(1-z1464)^7 <= 9989115/10000000.
Leaf R01111001110101100
  B=[z1471,z2580,z2404,z2581,z1464,z2582,z1472,z7,z573,z612,z8,z8] h=z10
  horizon=27 mass=z1464.
Cells
  z2583:B1:50769399;z2584:0:Nlo:345771671;z14:0:Nhi:16271139;z1473:0:Nhi:178302826
  ;z1476:J1:162096327;z21:JD1:47134094;z2585:JD1:56051661;z2586:JD1:14297698;z27:J
  D1:15795168.
Sum=886489983; test 886489983/1000000000+(1-z1464)^7 <= 9996396/10000000.
Leaf R01111001110101101
  B=[z1471,z2580,z2404,z2581,z1464,z2582,z1472,z7,z612,z402,z8,z8] h=z10
  horizon=27 mass=z1464.
Cells
  z2583:B1:50769399;z2584:0:Nlo:345771671;z14:0:Nhi:16271139;z1473:0:Nhi:178302826
  ;z21:J1:207322197;z2587:J1:78877912;z2588:J1:6641379;z2589:J1:453958;z27:P:22157
  54.
Sum=886626235; test 886626235/1000000000+(1-z1464)^7 <= 9997759/10000000.
Leaf R011110011101011100
  B=[z2590,z2037,z2591,z1754,z2582,z1730,z2592,z7,z573,z609,z8,z8] h=z10
  horizon=27 mass=z2582.
Cells
  z2039:B1:52265507;z2040:0:Nlo:345202396;z14:0:Nhi:16033421;z2593:0:Nhi:174740584
  ;z35:J1:83118956;z1756:B11/25:15712354;z2594:J1:67686118;z21:JD1:48465853;z2595:
  JD1:58309806;z2596:JD1:14123810;z27:JD1:9623846.
Sum=885282651; test 885282651/1000000000+(1-z2582)^7 <= 9965979/10000000.
Leaf R011110011101011101
  B=[z2590,z2037,z2591,z1754,z2582,z1730,z2592,z7,z609,z612,z8,z8] h=z10
  horizon=27 mass=z2582.
Cells
  z2039:B1:52265507;z2040:0:Nlo:345202396;z14:0:Nhi:16033421;z2593:0:Nhi:174740585
  ;z2594:J1:165256997;z21:JD1:48750479;z2597:JD1:65052562;z2598:JD1:10088277;z27:J
  D1:9309076.
Sum=886699300; test 886699300/1000000000+(1-z2582)^7 <= 9980146/10000000.
Leaf R011110011101011110
  B=[z2590,z2599,z2600,z2601,z2582,z2602,z2592,z7,z612,z402,z8,z8] h=z10
  horizon=27 mass=z2582.
Cells
  z2603:B1:51516938;z2604:0:Nlo:345490239;z14:0:Nhi:16151406;z2593:0:Nhi:174740584
  ;z21:J1:212092028;z2605:J1:78253439;z2606:J1:6705965;z2607:J1:373540;z27:P:23848
  70.
Sum=887709009; test 887709009/1000000000+(1-z2582)^7 <= 9990243/10000000.
Leaf R011110011101011111
  B=[z2608,z2037,z2609,z1754,z2602,z1730,z2610,z7,z612,z402,z8,z8] h=z10
  horizon=27 mass=z2602.
Cells
  z2039:B1:52265507;z2040:0:Nlo:345202396;z14:0:Nhi:16033421;z2611:0:Nhi:173011545
  ;z21:J1:215139654;z2612:J1:77788953;z2613:J1:6739816;z2614:J1:362139;z27:P:26889
  78.
Sum=889232409; test 889232409/1000000000+(1-z2602)^7 <= 9996401/10000000.
Leaf R011110011101100
  B=[z1728,z2006,z2615,z1435,z1730,z1426,z293,z7,z407,z570,z8,z8] h=z10 horizon=27
  mass=z1730.
Cells
  z2008:B1:55268630;z2009:0:Nlo:343990218;z14:0:Nhi:15578228;z1649:0:Nhi:222480675
  ;z35:J1:40663250;z2046:B11/25:30875450;z2047:J1:53819634;z21:JD1:50020773;z2616:
  JD1:15205535;z2617:JD1:38601339;z27:JD1:23294759.
Sum=889798491; test 889798491/1000000000+(1-z1730)^7 <= 9993050/10000000.
Leaf R0111100111011010
  B=[z1728,z2006,z2615,z1435,z1730,z1426,z293,z7,z570,z598,z8,z8] h=z10 horizon=27
  mass=z1730.
Cells
  z2008:B1:55268630;z2009:0:Nlo:343990218;z14:0:Nhi:15578228;z1750:0:Nhi:202074416
  ;z35:J1:59596708;z2618:B11/25:15197626;z2047:J1:68618032;z21:JD1:49932772;z2619:
  JD1:39920812;z2620:JD1:24065800;z27:JD1:14240883.
Sum=888484125; test 888484125/1000000000+(1-z1730)^7 <= 9979906/10000000.
Leaf R0111100111011011
  B=[z1728,z2006,z2615,z1435,z1730,z1426,z293,z7,z598,z573,z8,z8] h=z10 horizon=27
  mass=z1730.
Cells
  z2008:B1:55268630;z2009:0:Nlo:343990218;z14:0:Nhi:15578228;z2621:0:Nhi:217373951
  ;z35:J1:43848621;z2618:B11/25:15197626;z2047:J1:68210382;z21:JD1:50203389;z2622:
  JD1:48139740;z2623:JD1:18781049;z27:JD1:13773001.
Sum=890364835; test 890364835/1000000000+(1-z1730)^7 <= 9998713/10000000.
Leaf R01111001110111000
  B=[z1728,z2624,z2625,z2626,z1730,z2627,z293,z7,z573,z612,z8,z8] h=z10 horizon=27
  mass=z1730.
Cells
  z2628:B1:53765442;z2629:0:Nlo:344608143;z14:0:Nhi:15802548;z2556:0:Nhi:171315901
  ;z2047:J1:165342160;z21:JD1:50498526;z2630:JD1:52549692;z2631:JD1:14552497;z27:J
  D1:19522091.
Sum=887957000; test 887957000/1000000000+(1-z1730)^7 <= 9974635/10000000.
Leaf R01111001110111001
  B=[z1728,z2624,z2625,z2626,z1730,z2627,z293,z7,z612,z402,z8,z8] h=z10 horizon=27
  mass=z1730.
Cells
  z2628:B1:53765442;z2629:0:Nlo:344608143;z14:0:Nhi:15802548;z2556:0:Nhi:171315901
  ;z21:J1:213812882;z2632:J1:75587116;z2633:J1:6767575;z2634:J1:679077;z27:P:54970
  07.
Sum=887835691; test 887835691/1000000000+(1-z1730)^7 <= 9973422/10000000.
Leaf R01111001110111010
  B=[z2635,z2006,z2636,z2637,z2627,z1426,z2638,z7,z573,z612,z8,z8] h=z10
  horizon=27 mass=z2627.
Cells
  z2008:B1:55268630;z2009:0:Nlo:343990218;z14:0:Nhi:15578228;z2639:0:Nhi:168021050
  ;z35:J1:89764701;z2640:B11/25:12726543;z2641:J1:66973815;z21:JD1:52394163;z2642:
  JD1:51334049;z2643:JD1:14730579;z27:JD1:20296138.
Sum=891078114; test 891078114/1000000000+(1-z2627)^7 <= 9988011/10000000.
Leaf R01111001110111011
  B=[z2635,z2006,z2636,z2637,z2627,z1426,z2638,z7,z612,z402,z8,z8] h=z10
  horizon=27 mass=z2627.
Cells
  z2008:B1:55268630;z2009:0:Nlo:343990218;z14:0:Nhi:15578228;z2639:0:Nhi:168021048
  ;z21:J1:219671516;z2644:J1:74592152;z2645:J1:6835480;z2646:J1:665645;z27:P:61503
  64.
Sum=890773281; test 890773281/1000000000+(1-z2627)^7 <= 9984962/10000000.
Leaf R01111001110111100
  B=[z1728,z2647,z2574,z2648,z1730,z2627,z293,z7,z573,z402,z8,z8] h=z10 horizon=27
  mass=z1730.
Cells
  z2649:B1:43776159;z2650:0:Nlo:348078872;z14:0:Nhi:17495867;z2556:0:Nhi:171315902
  ;z35:J1:88462930;z2618:B11/25:15197626;z21:J1:118525233;z2651:J1:68089292;z2652:
  J1:16141585;z2653:J1:626842;z27:P:2398752.
Sum=890109060; test 890109060/1000000000+(1-z1730)^7 <= 9996156/10000000.
Leaf R01111001110111101
  B=[z2635,z2654,z2626,z1435,z2627,z1426,z2638,z7,z573,z402,z8,z8] h=z10
  horizon=27 mass=z2627.
Cells
  z2655:B1:45098357;z2656:0:Nlo:347691767;z14:0:Nhi:17248396;z2657:0:Nhi:215562743
  ;z35:J1:45044251;z2640:B11/25:12726543;z21:J1:121889174;z2658:J1:67471252;z2659:
  J1:16378419;z2660:J1:410784;z27:P:2493963.
Sum=892015649; test 892015649/1000000000+(1-z2627)^7 <= 9997386/10000000.
Leaf R0111100111011111000
  B=[z2661,z2624,z2662,z2648,z1730,z2627,z293,z7,z573,z609,z8,z8] h=z10 horizon=27
  mass=z1730.
Cells
  z2628:B1:53765442;z2629:0:Nlo:344608143;z14:0:Nhi:15802548;z2663:0:Nhi:200745517
  ;z35:J1:58085188;z2664:B11/25:16405559;z2047:J1:65955085;z21:JD1:50318191;z2665:
  JD1:57240600;z2666:JD1:14298880;z27:JD1:10230905.
Sum=887456058; test 887456058/1000000000+(1-z1730)^7 <= 9969626/10000000.
Leaf R0111100111011111001
  B=[z2661,z2624,z2662,z2648,z1730,z2627,z293,z7,z609,z612,z8,z8] h=z10 horizon=27
  mass=z1730.
Cells
  z2628:B1:53765442;z2629:0:Nlo:344608143;z14:0:Nhi:15802548;z2663:0:Nhi:200745516
  ;z35:J1:57500444;z2664:B11/25:16405559;z2047:J1:65656340;z21:JD1:50617837;z2667:
  JD1:64031146;z2668:JD1:10201692;z27:JD1:9943538.
Sum=889278205; test 889278205/1000000000+(1-z1730)^7 <= 9987847/10000000.
Leaf R01111001110111110100
  B=[z2661,z2669,z2670,z2671,z1730,z2672,z293,z7,z612,z1290,z8,z8] h=z10
  horizon=27 mass=z1730.
Cells
  z2673:B1:53015032;z2674:0:Nlo:344908309;z14:0:Nhi:15917148;z2663:0:Nhi:200745516
  ;z2047:J1:137850850;z21:JD1:50844056;z2675:JD1:70502053;z2676:JD1:6510200;z27:JD
  1:9387044.
Sum=889680208; test 889680208/1000000000+(1-z1730)^7 <= 9991867/10000000.
Leaf R01111001110111110101
  B=[z2661,z2669,z2670,z2671,z1730,z2672,z293,z7,z1290,z402,z8,z8] h=z10
  horizon=27 mass=z1730.
Cells
  z2673:B1:53015032;z2674:0:Nlo:344908309;z14:0:Nhi:15917148;z2663:0:Nhi:200745517
  ;z21:J1:188102273;z2677:J1:81110907;z2678:J1:3137416;z2679:J1:164425;z27:P:29948
  87.
Sum=890095914; test 890095914/1000000000+(1-z1730)^7 <= 9996024/10000000.
Leaf R01111001110111110110
  B=[z2680,z2624,z2681,z2648,z2672,z2627,z2682,z7,z612,z1290,z8,z8] h=z10
  horizon=27 mass=z2672.
Cells
  z2628:B1:53765442;z2629:0:Nlo:344608143;z14:0:Nhi:15802548;z2683:0:Nhi:198723051
  ;z35:J1:58891461;z2684:B11/25:15144108;z2685:J1:65740680;z21:JD1:51799530;z2686:
  JD1:70002063;z2687:JD1:6544852;z27:JD1:9719235.
Sum=890741113; test 890741113/1000000000+(1-z2672)^7 <= 9993527/10000000.
Leaf R01111001110111110111
  B=[z2680,z2624,z2681,z2648,z2672,z2627,z2682,z7,z1290,z402,z8,z8] h=z10
  horizon=27 mass=z2672.
Cells
  z2628:B1:53765442;z2629:0:Nlo:344608143;z14:0:Nhi:15802548;z2683:0:Nhi:198723053
  ;z21:J1:191015945;z2688:J1:80653840;z2689:J1:3152482;z2690:J1:159312;z27:P:33026
  69.
Sum=891183434; test 891183434/1000000000+(1-z2672)^7 <= 9997950/10000000.
Leaf R0111100111011111100
  B=[z2647,z2006,z2691,z1435,z2627,z1426,z2638,z7,z573,z609,z8,z8] h=z10
  horizon=27 mass=z2627.
Cells
  z2008:B1:55268630;z2009:0:Nlo:343990218;z14:0:Nhi:15578228;z2692:0:Nhi:196740239
  ;z35:J1:63179239;z2693:B11/25:13906619;z2641:J1:67366687;z21:JD1:52216218;z2694:
  JD1:56148307;z2695:JD1:14483548;z27:JD1:10852940.
Sum=889730873; test 889730873/1000000000+(1-z2627)^7 <= 9974538/10000000.
Leaf R0111100111011111101
  B=[z2647,z2006,z2691,z1435,z2627,z1426,z2638,z7,z609,z612,z8,z8] h=z10
  horizon=27 mass=z2627.
Cells
  z2008:B1:55268630;z2009:0:Nlo:343990218;z14:0:Nhi:15578228;z2692:0:Nhi:196740238
  ;z35:J1:62503930;z2693:B11/25:13906619;z2641:J1:67042401;z21:JD1:52530886;z2696:
  JD1:62990249;z2697:JD1:10321097;z27:JD1:10591953.
Sum=891464449; test 891464449/1000000000+(1-z2627)^7 <= 9991874/10000000.
Leaf R01111001110111111100
  B=[z2647,z2698,z2699,z2700,z2627,z2701,z2638,z7,z612,z402,z8,z8] h=z10
  horizon=27 mass=z2627.
Cells
  z2702:B1:54516665;z2703:0:Nlo:344302061;z14:0:Nhi:15689586;z2692:0:Nhi:196740237
  ;z21:J1:192550287;z2704:J1:76372475;z2705:J1:6846496;z2706:J1:329738;z27:P:36123
  92.
Sum=890959937; test 890959937/1000000000+(1-z2627)^7 <= 9986829/10000000.
Leaf R01111001110111111101
  B=[z2707,z2006,z2708,z2709,z2701,z1426,z299,z7,z612,z402,z8,z8] h=z10 horizon=27
  mass=z2701.
Cells
  z2008:B1:55268630;z2009:0:Nlo:343990218;z14:0:Nhi:15578228;z2710:0:Nhi:194795937
  ;z35:J1:62531677;z2711:B11/25:12692420;z21:J1:120134805;z2712:J1:75892235;z2713:
  J1:6883849;z2714:J1:319577;z27:P:3924131.
Sum=892011707; test 892011707/1000000000+(1-z2701)^7 <= 9988523/10000000.
Leaf R011110011101111111100
  B=[z2647,z2698,z2715,z2716,z2627,z2701,z2638,z7,z612,z1290,z8,z8] h=z10
  horizon=27 mass=z2627.
Cells
  z2702:B1:54516665;z2703:0:Nlo:344302061;z14:0:Nhi:15689586;z2692:0:Nhi:196740238
  ;z35:J1:61337738;z2693:B11/25:13906619;z2641:J1:66409719;z21:JD1:52766630;z2717:
  JD1:70212442;z2718:JD1:6582832;z27:JD1:8794074.
Sum=891258604; test 891258604/1000000000+(1-z2627)^7 <= 9989816/10000000.
Leaf R011110011101111111101
  B=[z2647,z2698,z2715,z2716,z2627,z2701,z2638,z7,z1290,z402,z8,z8] h=z10
  horizon=27 mass=z2627.
Cells
  z2702:B1:54516665;z2703:0:Nlo:344302061;z14:0:Nhi:15689586;z2692:0:Nhi:196740239
  ;z35:J1:60811167;z2693:B11/25:13906619;z21:J1:119116946;z2719:J1:80944683;z2720:
  J1:3164606;z2721:J1:78774;z27:P:2432290.
Sum=891703636; test 891703636/1000000000+(1-z2627)^7 <= 9994266/10000000.
Leaf R011110011101111111110
  B=[z2707,z2006,z2722,z1435,z2701,z1426,z299,z7,z612,z1290,z8,z8] h=z10
  horizon=27 mass=z2701.
Cells
  z2008:B1:55268630;z2009:0:Nlo:343990218;z14:0:Nhi:15578228;z2710:0:Nhi:194795938
  ;z35:J1:63803705;z2711:B11/25:12692420;z2723:J1:67068035;z21:JD1:53745639;z2724:
  JD1:69713618;z2725:JD1:6620252;z27:JD1:9121400.
Sum=892398083; test 892398083/1000000000+(1-z2701)^7 <= 9992387/10000000.
Leaf R011110011101111111111
  B=[z2707,z2006,z2722,z1435,z2701,z1426,z299,z7,z1290,z402,z8,z8] h=z10
  horizon=27 mass=z2701.
Cells
  z2008:B1:55268630;z2009:0:Nlo:343990218;z14:0:Nhi:15578228;z2710:0:Nhi:194795937
  ;z35:J1:63239204;z2711:B11/25:12692420;z21:J1:120745490;z2726:J1:80492480;z2727:
  J1:3180761;z2728:J1:72959;z27:P:2734249.
Sum=892790576; test 892790576/1000000000+(1-z2701)^7 <= 9996311/10000000.
Leaf R0111100111100000
  B=[z2015,z2050,z2051,z1729,z1464,z1730,z1472,z7,z407,z570,z8,z8] h=z10
  horizon=27 mass=z1464.
Cells
  z2052:B1:62242684;z2053:0:Nlo:340861333;z14:0:Nhi:14619145;z2729:0:Nhi:181977803
  ;z1734:J1:48183337;z1476:J1:107602204;z21:JD1:45720452;z2730:JD1:16517272;z2731:
  JD1:34766215;z27:JD1:30120893.
Sum=882611338; test 882611338/1000000000+(1-z1464)^7 <= 9957610/10000000.
Leaf R0111100111100001
  B=[z2015,z2050,z2051,z1729,z1464,z1730,z1472,z7,z570,z573,z8,z8] h=z10
  horizon=27 mass=z1464.
Cells
  z2052:B1:62242684;z2053:0:Nlo:340861333;z14:0:Nhi:14619145;z2732:0:Nhi:157693525
  ;z1476:J1:176738432;z21:JD1:46164656;z2733:JD1:35507918;z2734:JD1:22866026;z27:J
  D1:27824522.
Sum=884518241; test 884518241/1000000000+(1-z1464)^7 <= 9976679/10000000.
Leaf R01111001111000100
  B=[z2015,z2735,z2736,z2737,z1464,z2582,z1472,z7,z573,z402,z8,z8] h=z10
  horizon=27 mass=z1464.
Cells
  z2738:B1:55661059;z2739:0:Nlo:343825357;z14:0:Nhi:15520778;z2740:0:Nhi:134216553
  ;z21:J1:241946664;z2741:J1:63563543;z2742:J1:15337528;z2743:J1:3081744;z27:P:959
  4594.
Sum=882747820; test 882747820/1000000000+(1-z1464)^7 <= 9958975/10000000.
Leaf R01111001111000101
  B=[z2580,z2058,z2744,z1729,z2582,z1730,z2592,z7,z573,z402,z8,z8] h=z10
  horizon=27 mass=z2582.
Cells
  z2060:B1:57242948;z2061:0:Nlo:343146500;z14:0:Nhi:15293666;z2745:0:Nhi:178064326
  ;z21:J1:201414336;z2746:J1:62413446;z2747:J1:15481425;z2748:J1:3078475;z27:P:103
  09417.
Sum=886444539; test 886444539/1000000000+(1-z2582)^7 <= 9977598/10000000.
Leaf R0111100111100011
  B=[z2067,z2050,z2051,z2749,z1464,z1730,z1472,z7,z573,z402,z8,z8] h=z2069
  horizon=27 mass=z1464.
Cells
  z2052:B1:62242684;z2053:0:Nlo:340861335;z14:0:Nhi:14619144;z2750:0:Nhi:126375499
  ;z21:J1:247606269;z2751:J1:63019256;z2752:J1:15023451;z2753:J1:3167985;z27:P:101
  45704.
Sum=883061327; test 883061327/1000000000+(1-z1464)^7 <= 9962110/10000000.
Leaf R01111001111001000
  B=[z2015,z2050,z2754,z1754,z1464,z1730,z1472,z7,z407,z590,z8,z8] h=z10
  horizon=27 mass=z1464.
Cells
  z2052:B1:62242684;z2053:0:Nlo:340861333;z14:0:Nhi:14619144;z2755:0:Nhi:199268842
  ;z2566:J1:57146721;z35:J1:4211449;z2055:B11/25:20368423;z1476:J1:66404617;z21:JD
  1:45865984;z2756:JD1:21336882;z2757:JD1:35981514;z27:JD1:18232597.
Sum=886540190; test 886540190/1000000000+(1-z1464)^7 <= 9996898/10000000.
Leaf R011110011110010010
  B=[z2015,z2058,z2758,z1754,z1464,z1730,z1472,z7,z590,z570,z8,z8] h=z10
  horizon=27 mass=z1464.
Cells
  z2060:B1:57242948;z2061:0:Nlo:343146500;z14:0:Nhi:15293665;z2759:0:Nhi:183536211
  ;z2760:J1:39628137;z35:J1:37033857;z2055:B11/25:20368423;z1476:J1:65951191;z21:J
  D1:46074535;z2761:JD1:32500765;z2762:JD1:29170128;z27:JD1:15532581.
Sum=885478941; test 885478941/1000000000+(1-z1464)^7 <= 9986286/10000000.
Leaf R011110011110010011
  B=[z2067,z2050,z2754,z2068,z1464,z1730,z1472,z7,z590,z570,z8,z8] h=z2069
  horizon=27 mass=z1464.
Cells
  z2052:B1:62242684;z2053:0:Nlo:340861333;z14:0:Nhi:14619144;z2763:0:Nhi:173674630
  ;z2764:J1:39836786;z35:J1:44587266;z2765:B11/25:12511227;z1476:J1:72162458;z21:J
  D1:45376797;z2766:JD1:32780789;z2767:JD1:28286349;z27:JD1:15879203.
Sum=882818666; test 882818666/1000000000+(1-z1464)^7 <= 9959683/10000000.
Leaf R011110011110010100
  B=[z2015,z2058,z2758,z1754,z1464,z1730,z1472,z7,z570,z598,z8,z8] h=z10
  horizon=27 mass=z1464.
Cells
  z2060:B1:57242948;z2061:0:Nlo:343146500;z14:0:Nhi:15293665;z2569:0:Nhi:188628121
  ;z35:J1:70287381;z2768:B11/25:9059473;z1476:J1:76775176;z21:JD1:46302783;z2769:J
  D1:41526657;z2770:JD1:23242554;z27:JD1:14882290.
Sum=886387548; test 886387548/1000000000+(1-z1464)^7 <= 9995372/10000000.
Leaf R0111100111100101010
  B=[z2015,z2735,z2771,z2581,z1464,z2582,z1472,z7,z598,z573,z8,z8] h=z10
  horizon=27 mass=z1464.
Cells
  z2738:B1:55661059;z2739:0:Nlo:343825357;z14:0:Nhi:15520778;z2772:0:Nhi:189743997
  ;z35:J1:66926420;z2773:B11/25:4508528;z1476:J1:80068229;z21:JD1:46397939;z2774:J
  D1:49821946;z2775:JD1:18261991;z27:JD1:13742943.
Sum=884479187; test 884479187/1000000000+(1-z1464)^7 <= 9976288/10000000.
Leaf R0111100111100101011
  B=[z2580,z2058,z2776,z1754,z2582,z1730,z2592,z7,z598,z573,z8,z8] h=z10
  horizon=27 mass=z2582.
Cells
  z2060:B1:57242948;z2061:0:Nlo:343146500;z14:0:Nhi:15293665;z2777:0:Nhi:191362266
  ;z35:J1:66622723;z2778:B11/25:4434903;z2594:J1:79309954;z21:JD1:48192573;z2779:J
  D1:48663013;z2780:JD1:18478229;z27:JD1:14399043.
Sum=887145817; test 887145817/1000000000+(1-z2582)^7 <= 9984611/10000000.
Leaf R011110011110010110
  B=[z2067,z2781,z2782,z2783,z1464,z2582,z1472,z7,z570,z573,z8,z8] h=z2069
  horizon=27 mass=z1464.
Cells
  z2784:B1:60580156;z2785:0:Nlo:341643506;z14:0:Nhi:14836558;z2786:0:Nhi:171494546
  ;z1476:J1:166955250;z21:JD1:45943864;z2787:JD1:38389589;z2788:JD1:23032878;z27:J
  D1:21480889.
Sum=884357236; test 884357236/1000000000+(1-z1464)^7 <= 9975069/10000000.
Leaf R011110011110010111
  B=[z2735,z2050,z2789,z2790,z2582,z1730,z2592,z7,z570,z573,z8,z8] h=z2791
  horizon=27 mass=z2582.
Cells
  z2052:B1:62242684;z2053:0:Nlo:340861333;z14:0:Nhi:14619144;z2792:0:Nhi:173108750
  ;z2594:J1:163805688;z21:JD1:47320916;z2793:JD1:37587058;z2794:JD1:23079182;z27:J
  D1:21367110.
Sum=883991865; test 883991865/1000000000+(1-z2582)^7 <= 9953072/10000000.
Leaf R0111100111100110000
  B=[z2015,z2735,z2771,z2795,z1464,z2582,z1472,z7,z573,z612,z8,z8] h=z10
  horizon=27 mass=z1464.
Cells
  z2738:B1:55661059;z2739:0:Nlo:343825357;z14:0:Nhi:15520778;z2796:0:Nhi:181722421
  ;z1476:J1:153519390;z21:JD1:46837895;z2797:JD1:54050107;z2798:JD1:14157862;z27:J
  D1:19695079.
Sum=884989948; test 884989948/1000000000+(1-z1464)^7 <= 9981396/10000000.
Leaf R0111100111100110001
  B=[z2015,z2735,z2771,z2795,z1464,z2582,z1472,z7,z612,z402,z8,z8] h=z10
  horizon=27 mass=z1464.
Cells
  z2738:B1:55661059;z2739:0:Nlo:343825357;z14:0:Nhi:15520778;z2740:0:Nhi:134216555
  ;z21:J1:246035006;z2799:J1:76520927;z2800:J1:6636748;z2801:J1:896630;z27:P:57101
  89.
Sum=885023249; test 885023249/1000000000+(1-z1464)^7 <= 9981729/10000000.
Leaf R0111100111100110010
  B=[z2580,z2058,z2776,z2574,z2582,z1730,z2592,z7,z573,z612,z8,z8] h=z10
  horizon=27 mass=z2582.
Cells
  z2060:B1:57242948;z2061:0:Nlo:343146500;z14:0:Nhi:15293665;z2745:0:Nhi:178064326
  ;z2594:J1:157558281;z21:JD1:48647146;z2802:JD1:52870266;z2803:JD1:14310997;z27:J
  D1:20461553.
Sum=887595682; test 887595682/1000000000+(1-z2582)^7 <= 9989110/10000000.
Leaf R0111100111100110011
  B=[z2580,z2058,z2776,z2574,z2582,z1730,z2592,z7,z612,z402,z8,z8] h=z10
  horizon=27 mass=z2582.
Cells
  z2060:B1:57242948;z2061:0:Nlo:343146500;z14:0:Nhi:15293665;z2745:0:Nhi:178064325
  ;z21:J1:204468502;z2804:J1:75529825;z2805:J1:6696281;z2806:J1:884720;z27:P:63712
  45.
Sum=887698011; test 887698011/1000000000+(1-z2582)^7 <= 9990133/10000000.
Leaf R01111001111001101000
  B=[z2015,z2735,z2807,z2581,z1464,z2582,z1472,z7,z573,z609,z8,z8] h=z10
  horizon=27 mass=z1464.
Cells
  z2738:B1:55661059;z2739:0:Nlo:343825357;z14:0:Nhi:15520778;z2796:0:Nhi:181722422
  ;z35:J1:74067909;z2773:B11/25:4508528;z1476:J1:79667348;z21:JD1:46656935;z2808:J
  D1:58338703;z2809:JD1:13925594;z27:JD1:10916174.
Sum=884810807; test 884810807/1000000000+(1-z1464)^7 <= 9979604/10000000.
Leaf R01111001111001101001
  B=[z2015,z2735,z2807,z2581,z1464,z2582,z1472,z7,z609,z612,z8,z8] h=z10
  horizon=27 mass=z1464.
Cells
  z2738:B1:55661059;z2739:0:Nlo:343825357;z14:0:Nhi:15520778;z2796:0:Nhi:181722422
  ;z35:J1:73331198;z2773:B11/25:4508528;z1476:J1:79310595;z21:JD1:46926601;z2810:J
  D1:65060335;z2811:JD1:9970664;z27:JD1:10517195.
Sum=886354732; test 886354732/1000000000+(1-z1464)^7 <= 9995044/10000000.
Leaf R011110011110011010100
  B=[z2015,z2812,z2813,z2814,z1464,z2815,z1472,z7,z612,z1290,z8,z8] h=z10
  horizon=27 mass=z1464.
Cells
  z2816:B1:54871134;z2817:0:Nlo:344155733;z14:0:Nhi:15636882;z2796:0:Nhi:181722422
  ;z1476:J1:155009271;z21:JD1:47132973;z2818:JD1:71500005;z2819:JD1:6380602;z27:JD
  1:9841216.
Sum=886250238; test 886250238/1000000000+(1-z1464)^7 <= 9993999/10000000.
Leaf R011110011110011010101
  B=[z2015,z2812,z2813,z2814,z1464,z2815,z1472,z7,z1290,z402,z8,z8] h=z10
  horizon=27 mass=z1464.
Cells
  z2816:B1:54871134;z2817:0:Nlo:344155733;z14:0:Nhi:15636882;z2796:0:Nhi:181722422
  ;z21:J1:201444345;z2820:J1:81902340;z2821:J1:3086446;z2822:J1:286654;z27:P:34273
  79.
Sum=886533335; test 886533335/1000000000+(1-z1464)^7 <= 9996830/10000000.
Leaf R011110011110011010110
  B=[z2823,z2824,z2825,z2581,z2815,z2582,z2826,z7,z612,z402,z8,z8] h=z10
  horizon=27 mass=z2815.
Cells
  z2827:B1:53210622;z2828:0:Nlo:344830618;z14:0:Nhi:15887106;z2829:0:Nhi:179875063
  ;z21:J1:205376460;z2830:J1:78146562;z2831:J1:6673459;z2832:J1:494489;z27:P:29162
  82.
Sum=887410661; test 887410661/1000000000+(1-z2815)^7 <= 9996399/10000000.
Leaf R011110011110011010111
  B=[z2833,z2735,z2834,z2835,z2815,z2582,z2826,z7,z612,z402,z8,z8] h=z2836
  horizon=27 mass=z2815.
Cells
  z2738:B1:55661059;z2739:0:Nlo:343825357;z14:0:Nhi:15520778;z2837:0:Nhi:174143069
  ;z21:J1:209023185;z2838:J1:77724658;z2839:J1:6630292;z2840:J1:541920;z27:P:33076
  09.
Sum=886377927; test 886377927/1000000000+(1-z2815)^7 <= 9986072/10000000.
Leaf R011110011110011011000
  B=[z2580,z2841,z2842,z1754,z2582,z1730,z2592,z7,z573,z609,z8,z8] h=z10
  horizon=27 mass=z2582.
Cells
  z2843:B1:54750265;z2844:0:Nlo:344205763;z14:0:Nhi:15654812;z2745:0:Nhi:178064326
  ;z35:J1:79266614;z2778:B11/25:4434903;z2594:J1:78894325;z21:JD1:48465853;z2845:J
  D1:57783884;z2846:JD1:14104995;z27:JD1:10589399.
Sum=886215139; test 886215139/1000000000+(1-z2582)^7 <= 9975304/10000000.
Leaf R011110011110011011001
  B=[z2580,z2841,z2842,z1754,z2582,z1730,z2592,z7,z609,z612,z8,z8] h=z10
  horizon=27 mass=z2582.
Cells
  z2843:B1:54750265;z2844:0:Nlo:344205763;z14:0:Nhi:15654812;z2745:0:Nhi:178064325
  ;z35:J1:78428458;z2778:B11/25:4434903;z2594:J1:78524474;z21:JD1:48750479;z2847:J
  D1:64538232;z2848:JD1:10081873;z27:JD1:10245268.
Sum=887678852; test 887678852/1000000000+(1-z2582)^7 <= 9989941/10000000.
Leaf R0111100111100110110100
  B=[z2580,z2849,z2850,z2601,z2582,z2602,z2592,z7,z612,z1290,z8,z8] h=z10
  horizon=27 mass=z2582.
Cells
  z2851:B1:53980027;z2852:0:Nlo:344521276;z14:0:Nhi:15770103;z2745:0:Nhi:178064325
  ;z35:J1:76937511;z2853:B11/25:2212341;z2594:J1:79997470;z21:JD1:48966881;z2854:J
  D1:70992588;z2855:JD1:6443065;z27:JD1:9628159.
Sum=887513746; test 887513746/1000000000+(1-z2582)^7 <= 9988290/10000000.
Leaf R0111100111100110110101
  B=[z2580,z2849,z2850,z2601,z2582,z2602,z2592,z7,z1290,z402,z8,z8] h=z10
  horizon=27 mass=z2582.
Cells
  z2851:B1:53980027;z2852:0:Nlo:344521276;z14:0:Nhi:15770103;z2745:0:Nhi:178064326
  ;z21:J1:207344718;z2856:J1:81494722;z2857:J1:3111085;z2858:J1:227117;z27:P:32254
  47.
Sum=887738821; test 887738821/1000000000+(1-z2582)^7 <= 9990541/10000000.
Leaf R0111100111100110110110
  B=[z2599,z2841,z2859,z2860,z2602,z1730,z2610,z7,z612,z1290,z8,z8] h=z2861
  horizon=27 mass=z2602.
Cells
  z2843:B1:54750265;z2844:0:Nlo:344205763;z14:0:Nhi:15654812;z2862:0:Nhi:176289150
  ;z35:J1:79261005;z2863:B11/25:2196621;z2864:J1:79446162;z21:JD1:49841478;z2865:J
  D1:70521121;z2866:JD1:6466770;z27:JD1:9861251.
Sum=888494398; test 888494398/1000000000+(1-z2602)^7 <= 9989021/10000000.
Leaf R0111100111100110110111
  B=[z2599,z2841,z2859,z2860,z2602,z1730,z2610,z7,z1290,z402,z8,z8] h=z2861
  horizon=27 mass=z2602.
Cells
  z2843:B1:54750265;z2844:0:Nlo:344205763;z14:0:Nhi:15654812;z2862:0:Nhi:176289149
  ;z35:J1:78571803;z2863:B11/25:2196621;z21:J1:129170910;z2867:J1:81054589;z2868:J
  1:3121228;z2869:J1:216735;z27:P:3449235.
Sum=888681110; test 888681110/1000000000+(1-z2602)^7 <= 9990888/10000000.
Leaf R01111001111001101110
  B=[z2824,z2058,z2870,z2871,z2582,z1730,z2592,z7,z573,z612,z8,z8] h=z2872
  horizon=27 mass=z2582.
Cells
  z2060:B1:57242948;z2061:0:Nlo:343146500;z14:0:Nhi:15293665;z2873:0:Nhi:172401681
  ;z2594:J1:165556117;z21:JD1:48484975;z2874:JD1:54456984;z2875:JD1:14239740;z27:J
  D1:17205968.
Sum=888028578; test 888028578/1000000000+(1-z2582)^7 <= 9993439/10000000.
Leaf R01111001111001101111
  B=[z2824,z2058,z2870,z2871,z2582,z1730,z2592,z7,z612,z402,z8,z8] h=z2872
  horizon=27 mass=z2582.
Cells
  z2060:B1:57242948;z2061:0:Nlo:343146500;z14:0:Nhi:15293665;z2873:0:Nhi:172401681
  ;z21:J1:212035635;z2876:J1:77166441;z2877:J1:6633028;z2878:J1:527194;z27:P:35970
  13.
Sum=888044105; test 888044105/1000000000+(1-z2582)^7 <= 9993594/10000000.
Leaf R0111100111100111000
  B=[z2067,z2781,z2782,z2783,z1464,z2582,z1472,z7,z573,z609,z8,z8] h=z2069
  horizon=27 mass=z1464.
Cells
  z2784:B1:60580156;z2785:0:Nlo:341643506;z14:0:Nhi:14836558;z2879:0:Nhi:170470652
  ;z1476:J1:165224084;z21:JD1:45983702;z2880:JD1:56744088;z2881:JD1:13597865;z27:J
  D1:13613070.
Sum=882693681; test 882693681/1000000000+(1-z1464)^7 <= 9958433/10000000.
Leaf R0111100111100111001
  B=[z2067,z2781,z2782,z2783,z1464,z2582,z1472,z7,z609,z612,z8,z8] h=z2069
  horizon=27 mass=z1464.
Cells
  z2784:B1:60580156;z2785:0:Nlo:341643506;z14:0:Nhi:14836558;z2879:0:Nhi:170470651
  ;z1476:J1:164064928;z21:JD1:46259144;z2882:JD1:63380885;z2883:JD1:9774375;z27:JD
  1:13140039.
Sum=884150242; test 884150242/1000000000+(1-z1464)^7 <= 9972999/10000000.
Leaf R0111100111100111010
  B=[z2067,z2884,z2885,z2886,z1464,z2815,z1472,z7,z612,z402,z8,z8] h=z2069
  horizon=27 mass=z1464.
Cells
  z2887:B1:59749283;z2888:0:Nlo:342026303;z14:0:Nhi:14947706;z2879:0:Nhi:170470652
  ;z21:J1:208519139;z2889:J1:76033887;z2890:J1:6534848;z2891:J1:905993;z27:P:58948
  10.
Sum=885082621; test 885082621/1000000000+(1-z1464)^7 <= 9982323/10000000.
Leaf R0111100111100111011
  B=[z2812,z2781,z2892,z2893,z2815,z2582,z2826,z7,z612,z402,z8,z8] h=z2894
  horizon=27 mass=z2815.
Cells
  z2784:B1:60580156;z2785:0:Nlo:341643506;z14:0:Nhi:14836558;z2895:0:Nhi:168760252
  ;z21:J1:210134968;z2896:J1:75633123;z2897:J1:6535448;z2898:J1:861696;z27:P:59393
  87.
Sum=884925094; test 884925094/1000000000+(1-z2815)^7 <= 9971543/10000000.
Leaf R011110011110011110
  B=[z2735,z2050,z2789,z2790,z2582,z1730,z2592,z7,z573,z612,z8,z8] h=z2791
  horizon=27 mass=z2582.
Cells
  z2052:B1:62242684;z2053:0:Nlo:340861333;z14:0:Nhi:14619144;z2899:0:Nhi:167083369
  ;z2594:J1:167141166;z21:JD1:47868085;z2900:JD1:52946366;z2901:JD1:13883555;z27:J
  D1:19946370.
Sum=886592072; test 886592072/1000000000+(1-z2582)^7 <= 9979074/10000000.
Leaf R011110011110011111
  B=[z2735,z2050,z2789,z2790,z2582,z1730,z2592,z7,z612,z402,z8,z8] h=z2791
  horizon=27 mass=z2582.
Cells
  z2052:B1:62242684;z2053:0:Nlo:340861333;z14:0:Nhi:14619144;z2899:0:Nhi:167083369
  ;z21:J1:213081808;z2902:J1:75068308;z2903:J1:6535157;z2904:J1:847305;z27:P:62299
  51.
Sum=886569059; test 886569059/1000000000+(1-z2582)^7 <= 9978844/10000000.
Leaf R01111001111010000
  B=[z2037,z2905,z2906,z2907,z1730,z1426,z293,z7,z407,z570,z8,z8] h=z2077
  horizon=27 mass=z1730.
Cells
  z2908:B1:60412817;z2909:0:Nlo:341721045;z14:0:Nhi:14858806;z2910:0:Nhi:183388201
  ;z2911:J1:55176326;z35:J1:18028419;z2912:B11/25:10201816;z2047:J1:70640992;z21:J
  D1:48962821;z2913:JD1:14157458;z2914:JD1:35975444;z27:JD1:29599673.
Sum=883123818; test 883123818/1000000000+(1-z1730)^7 <= 9926303/10000000.
Leaf R01111001111010001
  B=[z2037,z2905,z2906,z2907,z1730,z1426,z293,z7,z570,z573,z8,z8] h=z2077
  horizon=27 mass=z1730.
Cells
  z2908:B1:60412817;z2909:0:Nlo:341721045;z14:0:Nhi:14858806;z2915:0:Nhi:168081922
  ;z35:J1:86491593;z2916:B11/25:5632;z2047:J1:79776410;z21:JD1:49463106;z2917:JD1:
  33716248;z2918:JD1:23427879;z27:JD1:27474558.
Sum=885430016; test 885430016/1000000000+(1-z1730)^7 <= 9949365/10000000.
Leaf R0111100111101001
  B=[z2037,z2905,z2906,z2907,z1730,z1426,z293,z7,z573,z402,z8,z8] h=z2077
  horizon=27 mass=z1730.
Cells
  z2908:B1:60412817;z2909:0:Nlo:341721045;z14:0:Nhi:14858806;z2919:0:Nhi:174548510
  ;z21:J1:207706294;z2918:J1:61197642;z2920:J1:15524128;z2921:J1:3062999;z27:P:110
  43120.
Sum=890075361; test 890075361/1000000000+(1-z1730)^7 <= 9995819/10000000.
Leaf R011110011110101000
  B=[z2037,z2905,z2922,z2076,z1730,z1426,z293,z7,z407,z590,z8,z8] h=z2077
  horizon=27 mass=z1730.
Cells
  z2908:B1:60412817;z2909:0:Nlo:341721045;z14:0:Nhi:14858806;z2083:0:Nhi:223899842
  ;z35:J1:38231846;z2923:B11/25:18946892;z2047:J1:65234075;z21:JD1:49176578;z2924:
  JD1:19315590;z2925:JD1:37467478;z27:JD1:16911957.
Sum=886176926; test 886176926/1000000000+(1-z1730)^7 <= 9956834/10000000.
Leaf R011110011110101001
  B=[z2037,z2905,z2922,z2076,z1730,z1426,z293,z7,z590,z570,z8,z8] h=z2077
  horizon=27 mass=z1730.
Cells
  z2908:B1:60412817;z2909:0:Nlo:341721045;z14:0:Nhi:14858806;z2083:0:Nhi:223899841
  ;z2926:J1:7904856;z35:J1:29757127;z2927:B11/25:17938481;z2047:J1:65770734;z21:JD
  1:49410469;z2928:JD1:30138003;z2929:JD1:29831823;z27:JD1:16219250.
Sum=887863252; test 887863252/1000000000+(1-z1730)^7 <= 9973698/10000000.
Leaf R0111100111101010100
  B=[z2037,z2930,z2931,z2932,z1730,z2627,z293,z7,z570,z598,z8,z8] h=z2077
  horizon=27 mass=z1730.
Cells
  z2933:B1:58827059;z2934:0:Nlo:342444631;z14:0:Nhi:15073101;z2935:0:Nhi:191931480
  ;z35:J1:67499350;z2936:B11/25:16319153;z2047:J1:66255583;z21:JD1:49492295;z2937:
  JD1:39613509;z2938:JD1:23758772;z27:JD1:15051401.
Sum=886266334; test 886266334/1000000000+(1-z1730)^7 <= 9957728/10000000.
Leaf R0111100111101010101
  B=[z2037,z2930,z2931,z2932,z1730,z2627,z293,z7,z598,z573,z8,z8] h=z2077
  horizon=27 mass=z1730.
Cells
  z2933:B1:58827059;z2934:0:Nlo:342444631;z14:0:Nhi:15073101;z2939:0:Nhi:191093493
  ;z35:J1:67488955;z2936:B11/25:16319153;z2047:J1:65886482;z21:JD1:49768273;z2940:
  JD1:47738378;z2941:JD1:18582447;z27:JD1:14567725.
Sum=887789697; test 887789697/1000000000+(1-z1730)^7 <= 9972962/10000000.
Leaf R011110011110101011
  B=[z2624,z2905,z2942,z2943,z2627,z1426,z2638,z7,z570,z573,z8,z8] h=z2944
  horizon=27 mass=z2627.
Cells
  z2908:B1:60412817;z2909:0:Nlo:341721045;z14:0:Nhi:14858806;z2945:0:Nhi:206253569
  ;z35:J1:53328014;z2946:B11/25:16339947;z2641:J1:64413785;z21:JD1:51512486;z2947:
  JD1:35051604;z2948:JD1:24232182;z27:JD1:22130279.
Sum=890254534; test 890254534/1000000000+(1-z2627)^7 <= 9979775/10000000.
Leaf R0111100111101011000
  B=[z2037,z2949,z2950,z2951,z1730,z2627,z293,z7,z573,z402,z8,z8] h=z2077
  horizon=27 mass=z1730.
Cells
  z2952:B1:56292941;z2953:0:Nlo:343556905;z14:0:Nhi:15429210;z2919:0:Nhi:174548511
  ;z35:J1:80177923;z2916:B11/25:5632;z21:J1:130828274;z2954:J1:65197064;z2955:J1:1
  5854838;z2956:J1:1668426;z27:P:5899935.
Sum=889459659; test 889459659/1000000000+(1-z1730)^7 <= 9989662/10000000.
Leaf R011110011110101100100
  B=[z2037,z2949,z2957,z2932,z1730,z2627,z293,z7,z573,z609,z8,z8] h=z2077
  horizon=27 mass=z1730.
Cells
  z2952:B1:56292941;z2953:0:Nlo:343556905;z14:0:Nhi:15429210;z2958:0:Nhi:175267201
  ;z35:J1:82931835;z2936:B11/25:16319153;z2047:J1:65560352;z21:JD1:50058582;z2959:
  JD1:56905986;z2960:JD1:14183465;z27:JD1:10743535.
Sum=887249165; test 887249165/1000000000+(1-z1730)^7 <= 9967557/10000000.
Leaf R011110011110101100101
  B=[z2037,z2949,z2957,z2932,z1730,z2627,z293,z7,z609,z612,z8,z8] h=z2077
  horizon=27 mass=z1730.
Cells
  z2952:B1:56292941;z2953:0:Nlo:343556905;z14:0:Nhi:15429210;z2919:0:Nhi:174548510
  ;z35:J1:82771104;z2936:B11/25:16319153;z2047:J1:65270109;z21:JD1:50360694;z2961:
  JD1:63660764;z2962:JD1:10131171;z27:JD1:10444263.
Sum=888784824; test 888784824/1000000000+(1-z1730)^7 <= 9982913/10000000.
Leaf R011110011110101100110
  B=[z2037,z2963,z2964,z2965,z1730,z2672,z293,z7,z612,z402,z8,z8] h=z2077
  horizon=27 mass=z1730.
Cells
  z2966:B1:55521260;z2967:0:Nlo:343884251;z14:0:Nhi:15541192;z2919:0:Nhi:174548511
  ;z35:J1:81161870;z2916:B11/25:5632;z21:J1:131643949;z2968:J1:76857068;z2969:J1:6
  735540;z2970:J1:413020;z27:P:3476367.
Sum=889788660; test 889788660/1000000000+(1-z1730)^7 <= 9992952/10000000.
Leaf R011110011110101100111
  B=[z2669,z2949,z2971,z2972,z2672,z2627,z2682,z7,z612,z402,z8,z8] h=z2973
  horizon=27 mass=z2672.
Cells
  z2952:B1:56292941;z2953:0:Nlo:343556905;z14:0:Nhi:15429210;z2974:0:Nhi:172841415
  ;z21:J1:214575156;z2975:J1:76481103;z2976:J1:6741038;z2977:J1:363728;z27:P:35036
  99.
Sum=889785195; test 889785195/1000000000+(1-z2672)^7 <= 9983968/10000000.
Leaf R0111100111101011010
  B=[z2841,z2930,z2931,z2978,z1730,z2627,z293,z7,z573,z612,z8,z8] h=z2979
  horizon=27 mass=z1730.
Cells
  z2933:B1:58827059;z2934:0:Nlo:342444631;z14:0:Nhi:15073101;z2980:0:Nhi:169019916
  ;z2047:J1:167587966;z21:JD1:49942031;z2981:JD1:52436169;z2982:JD1:14178497;z27:J
  D1:19492230.
Sum=889001600; test 889001600/1000000000+(1-z1730)^7 <= 9985081/10000000.
Leaf R0111100111101011011
  B=[z2841,z2930,z2931,z2978,z1730,z2627,z293,z7,z612,z402,z8,z8] h=z2979
  horizon=27 mass=z1730.
Cells
  z2933:B1:58827059;z2934:0:Nlo:342444631;z14:0:Nhi:15073101;z2980:0:Nhi:169019915
  ;z21:J1:215440884;z2983:J1:74984957;z2984:J1:6633047;z2985:J1:695867;z27:P:57317
  68.
Sum=888851229; test 888851229/1000000000+(1-z1730)^7 <= 9983577/10000000.
Leaf R01111001111010111000
  B=[z2624,z2986,z2987,z2943,z2627,z1426,z2638,z7,z573,z609,z8,z8] h=z2944
  horizon=27 mass=z2627.
Cells
  z2988:B1:57838077;z2989:0:Nlo:342885344;z14:0:Nhi:15210017;z2990:0:Nhi:174324629
  ;z35:J1:84246152;z2946:B11/25:16339947;z2641:J1:63732210;z21:JD1:51531535;z2991:
  JD1:54761660;z2992:JD1:14147290;z27:JD1:13190516.
Sum=888207377; test 888207377/1000000000+(1-z2627)^7 <= 9959303/10000000.
Leaf R01111001111010111001
  B=[z2624,z2986,z2987,z2943,z2627,z1426,z2638,z7,z609,z612,z8,z8] h=z2944
  horizon=27 mass=z2627.
Cells
  z2988:B1:57838077;z2989:0:Nlo:342885344;z14:0:Nhi:15210017;z2993:0:Nhi:171166921
  ;z35:J1:86636513;z2946:B11/25:16339947;z2641:J1:63447673;z21:JD1:51852837;z2994:
  JD1:61514720;z2995:JD1:10120329;z27:JD1:12861341.
Sum=889873719; test 889873719/1000000000+(1-z2627)^7 <= 9975967/10000000.
Leaf R01111001111010111010
  B=[z2624,z2996,z2997,z2998,z2627,z2701,z2638,z7,z612,z402,z8,z8] h=z2944
  horizon=27 mass=z2627.
Cells
  z2999:B1:57065237;z3000:0:Nlo:343223882;z14:0:Nhi:15318829;z2993:0:Nhi:171166922
  ;z21:J1:216326367;z3001:J1:74558959;z3002:J1:6738420;z3003:J1:605672;z27:P:57537
  35.
Sum=890758023; test 890758023/1000000000+(1-z2627)^7 <= 9984810/10000000.
Leaf R01111001111010111011
  B=[z2698,z2986,z3004,z3005,z2701,z1426,z299,z7,z612,z402,z8,z8] h=z3006
  horizon=27 mass=z2701.
Cells
  z2988:B1:57838077;z2989:0:Nlo:342885344;z14:0:Nhi:15210017;z3007:0:Nhi:169524111
  ;z21:J1:218065681;z3008:J1:74166177;z3009:J1:6743918;z3010:J1:560088;z27:P:57988
  88.
Sum=890792301; test 890792301/1000000000+(1-z2701)^7 <= 9976329/10000000.
Leaf R011110011110101111
  B=[z2949,z2905,z2942,z3011,z2627,z1426,z2638,z7,z573,z402,z8,z8] h=z3012
  horizon=27 mass=z2627.
Cells
  z2908:B1:60412817;z2909:0:Nlo:341721045;z14:0:Nhi:14858806;z3013:0:Nhi:166268258
  ;z21:J1:220995687;z3014:J1:64498350;z3015:J1:15630855;z3016:J1:1389018;z27:P:581
  6522.
Sum=891591358; test 891591358/1000000000+(1-z2627)^7 <= 9993143/10000000.
Leaf R011110011110110
  B=[z2058,z2016,z2075,z3017,z1730,z1426,z293,z7,z407,z402,z8,z8] h=z3018
  horizon=27 mass=z1730.
Cells
  z2018:B1:65568820;z2019:0:Nlo:339235305;z14:0:Nhi:14202886;z3019:0:Nhi:167145988
  ;z3020:J1:54286045;z21:J1:158313853;z3021:J1:28024151;z3022:J1:43860791;z3023:J1
  :7678865;z27:P:10423730.
Sum=888740434; test 888740434/1000000000+(1-z1730)^7 <= 9982469/10000000.
Leaf R01111001111011100
  B=[z2058,z2016,z3024,z3025,z1730,z1426,z293,z7,z407,z570,z8,z8] h=z3018
  horizon=27 mass=z1730.
Cells
  z2018:B1:65568820;z2019:0:Nlo:339235305;z14:0:Nhi:14202886;z3026:0:Nhi:209464207
  ;z3027:J1:39008307;z35:J1:10576591;z3028:B11/25:12501914;z2047:J1:69034802;z21:J
  D1:48363448;z3029:JD1:17370269;z3030:JD1:35622055;z27:JD1:23478757.
Sum=884427361; test 884427361/1000000000+(1-z1730)^7 <= 9939339/10000000.
Leaf R01111001111011101
  B=[z2058,z2016,z3024,z3025,z1730,z1426,z293,z7,z570,z573,z8,z8] h=z3018
  horizon=27 mass=z1730.
Cells
  z2018:B1:65568820;z2019:0:Nlo:339235305;z14:0:Nhi:14202886;z3031:0:Nhi:195418803
  ;z35:J1:61683816;z3028:B11/25:12501914;z2047:J1:68157361;z21:JD1:48877532;z3032:
  JD1:36530186;z3033:JD1:23062430;z27:JD1:21841636.
Sum=887080689; test 887080689/1000000000+(1-z1730)^7 <= 9965872/10000000.
Leaf R01111001111011110
  B=[z2058,z3034,z3035,z3036,z1730,z2627,z293,z7,z573,z402,z8,z8] h=z3018
  horizon=27 mass=z1730.
Cells
  z3037:B1:63905761;z3038:0:Nlo:340058172;z14:0:Nhi:14408009;z3039:0:Nhi:163826324
  ;z21:J1:218828879;z3040:J1:64612253;z3041:J1:15296329;z3042:J1:1734339;z27:P:631
  9959.
Sum=888990025; test 888990025/1000000000+(1-z1730)^7 <= 9984965/10000000.
Leaf R01111001111011111
  B=[z2930,z2016,z3043,z3044,z2627,z1426,z2638,z7,z573,z402,z8,z8] h=z3045
  horizon=27 mass=z2627.
Cells
  z2018:B1:65568820;z2019:0:Nlo:339235305;z14:0:Nhi:14202886;z3046:0:Nhi:160692231
  ;z21:J1:222085863;z3047:J1:63900328;z3048:J1:15325409;z3049:J1:1534516;z27:P:641
  0923.
Sum=888956281; test 888956281/1000000000+(1-z2627)^7 <= 9966792/10000000.
Leaf R011110011111000
  B=[z2030,z2087,z2088,z2089,z1464,z1730,z1472,z7,z407,z570,z8,z8] h=z2032
  horizon=27 mass=z1464.
Cells
  z2090:B1:72242927;z2091:0:Nlo:335752740;z14:0:Nhi:13434099;z3050:0:Nhi:171075390
  ;z3051:J1:59044463;z1476:J1:106527669;z21:JD1:44444574;z3052:JD1:19124279;z3053:
  JD1:32232963;z27:JD1:28450710.
Sum=882329814; test 882329814/1000000000+(1-z1464)^7 <= 9954795/10000000.
Leaf R011110011111001
  B=[z2030,z2087,z2088,z2089,z1464,z1730,z1472,z7,z570,z573,z8,z8] h=z2032
  horizon=27 mass=z1464.
Cells
  z2090:B1:72242927;z2091:0:Nlo:335752740;z14:0:Nhi:13434099;z3054:0:Nhi:161102590
  ;z1476:J1:172375175;z21:JD1:44918670;z3055:JD1:36591805;z3056:JD1:21537446;z27:J
  D1:26490622.
Sum=884446074; test 884446074/1000000000+(1-z1464)^7 <= 9975957/10000000.
Leaf R011110011111010
  B=[z2030,z3057,z3058,z3059,z1464,z2582,z1472,z7,z573,z402,z8,z8] h=z2032
  horizon=27 mass=z1464.
Cells
  z3060:B1:70434269;z3061:0:Nlo:336723310;z14:0:Nhi:13634400;z3062:0:Nhi:160514505
  ;z21:J1:213236420;z3063:J1:62645013;z3064:J1:14554654;z3065:J1:3123277;z27:P:103
  22461.
Sum=885188309; test 885188309/1000000000+(1-z1464)^7 <= 9983379/10000000.
Leaf R011110011111011
  B=[z2781,z2087,z3066,z3067,z2582,z1730,z2592,z7,z573,z402,z8,z8] h=z3068
  horizon=27 mass=z2582.
Cells
  z2090:B1:72242927;z2091:0:Nlo:335752740;z14:0:Nhi:13434100;z3069:0:Nhi:157362504
  ;z21:J1:216182321;z3070:J1:61874079;z3071:J1:14551347;z3072:J1:2950474;z27:P:104
  62632.
Sum=884813124; test 884813124/1000000000+(1-z2582)^7 <= 9961284/10000000.
Leaf R01111001111110
  B=[z2050,z1479,z2097,z2098,z1730,z1426,z293,z7,z407,z573,z8,z8] h=z2099
  horizon=27 mass=z1730.
Cells
  z1481:B1:75850969;z1482:0:Nlo:333762299;z14:0:Nhi:13050649;z3073:0:Nhi:168946065
  ;z3074:J1:62672319;z2047:J1:101966521;z21:JD1:48123426;z3075:JD1:11591113;z3076:
  JD1:32093024;z27:JD1:41973966.
Sum=890030351; test 890030351/1000000000+(1-z1730)^7 <= 9995369/10000000.
Leaf R01111001111111
  B=[z2050,z1479,z2097,z2098,z1730,z1426,z293,z7,z573,z402,z8,z8] h=z2099
  horizon=27 mass=z1730.
Cells
  z1481:B1:75850969;z1482:0:Nlo:333762299;z14:0:Nhi:13050649;z3077:0:Nhi:154330434
  ;z21:J1:222150339;z3078:J1:60797241;z3079:J1:14523269;z3080:J1:2879328;z27:P:110
  20967.
Sum=888365495; test 888365495/1000000000+(1-z1730)^7 <= 9978720/10000000.
Leaf R0111101000000 B=[z344,z3081,z3082,z3083,z180,z1706,z1417,z7,z9,z422,z8,z8]
  h=z1506 horizon=27 mass=z180.
Cells
  z3084:B1:83673317;z3085:0:Nlo:329224544;z14:0:Nhi:12284630;z1518:0:Nhi:198859230
  ;z3086:J1:103791613;z3087:1:H:12661143;z1421:J1:31870244;z21:JD1:37094478;z3088:
  D1:H:10541674;z27:JD1:55493635.
Sum=875494508; test 875494508/1000000000+(1-z180)^7 <= 9962430/10000000.
Leaf R0111101000001 B=[z344,z3081,z3082,z3083,z180,z1706,z1417,z7,z422,z437,z8,z8]
  h=z1506 horizon=27 mass=z180.
Cells
  z3084:B1:83673317;z3085:0:Nlo:329224544;z14:0:Nhi:12284630;z3089:0:Nhi:155910470
  ;z3090:J1:91911782;z3086:J1:49877388;z3087:1:H:12661143;z1421:J1:31001800;z21:JD
  1:36899525;z3091:D1:H:3745148;z3092:JD1:21025911;z27:JD1:46045156.
Sum=874260814; test 874260814/1000000000+(1-z180)^7 <= 9950093/10000000.
Leaf R011110100001 B=[z1879,z1503,z3093,z3094,z1706,z1464,z1719,z7,z9,z437,z8,z8]
  h=z3095 horizon=27 mass=z1706.
Cells
  z1507:B1:87807670;z1508:0:Nlo:326717566;z14:0:Nhi:11911252;z3096:0:Nhi:190378257
  ;z3097:J1:110042480;z3098:1:H:12210598;z1721:J1:30497147;z3099:JD1:29479890;z21:
  D1:H:10523857;z3100:D1:H:3313424;z27:JD1:68169780.
Sum=881051921; test 881051921/1000000000+(1-z1706)^7 <= 9979481/10000000.
Leaf R0111101000100 B=[z344,z3081,z3082,z3083,z180,z1706,z1417,z7,z437,z442,z8,z8]
  h=z1506 horizon=27 mass=z180.
Cells
  z3084:B1:83673317;z3085:0:Nlo:329224544;z14:0:Nhi:12284630;z3101:0:Nhi:154345092
  ;z3102:J1:39048160;z1421:J1:141742615;z3103:JD1:32107665;z3104:D1:H:2462345;z21:
  JD1:2373658;z3105:JD1:35019359;z27:JD1:40555257.
Sum=872836642; test 872836642/1000000000+(1-z180)^7 <= 9935852/10000000.
Leaf R0111101000101 B=[z344,z3081,z3082,z3083,z180,z1706,z1417,z7,z442,z407,z8,z8]
  h=z1506 horizon=27 mass=z180.
Cells
  z3084:B1:83673317;z3085:0:Nlo:329224544;z14:0:Nhi:12284630;z3106:0:Nhi:140881357
  ;z3107:J1:123389385;z1421:J1:65779922;z21:JD1:37168729;z3108:JD1:3303558;z3109:J
  D1:40133031;z27:JD1:36878769.
Sum=872717242; test 872717242/1000000000+(1-z180)^7 <= 9934658/10000000.
Leaf R011110100011
  B=[z1879,z1503,z3093,z3094,z1706,z1464,z1719,z7,z437,z407,z8,z8] h=z3095
  horizon=27 mass=z1706.
Cells
  z1507:B1:87807670;z1508:0:Nlo:326717566;z14:0:Nhi:11911252;z3110:0:Nhi:149555690
  ;z3111:J1:45408880;z1721:J1:136962271;z3099:JD1:29070788;z3112:D1:H:660623;z21:J
  D1:10281590;z3113:JD1:27847199;z27:JD1:53407244.
Sum=879630773; test 879630773/1000000000+(1-z1706)^7 <= 9965269/10000000.
Leaf R0111101001000 B=[z344,z3114,z3115,z3116,z180,z1954,z1417,z7,z407,z573,z8,z8]
  h=z1506 horizon=27 mass=z180.
Cells
  z3117:B1:81594041;z3118:0:Nlo:330458244;z14:0:Nhi:12480234;z3119:0:Nhi:116149551
  ;z3120:J1:64674209;z1421:J1:141156628;z21:JD1:38102584;z3121:JD1:17877125;z3122:
  JD1:28307683;z27:JD1:45752701.
Sum=876553000; test 876553000/1000000000+(1-z180)^7 <= 9973015/10000000.
Leaf R0111101001001 B=[z344,z3114,z3115,z3116,z180,z1954,z1417,z7,z573,z402,z8,z8]
  h=z1506 horizon=27 mass=z180.
Cells
  z3117:B1:81594041;z3118:0:Nlo:330458244;z14:0:Nhi:12480234;z3119:0:Nhi:116149552
  ;z21:J1:237877272;z3123:J1:61798089;z3124:J1:13579717;z3125:J1:4681771;z27:P:147
  15615.
Sum=873334535; test 873334535/1000000000+(1-z180)^7 <= 9940831/10000000.
Leaf R011110100101
  B=[z1951,z3081,z3126,z3127,z1954,z1706,z1963,z7,z407,z402,z8,z8] h=z3128
  horizon=27 mass=z1954.
Cells
  z3084:B1:83673317;z3085:0:Nlo:329224544;z14:0:Nhi:12284630;z3129:0:Nhi:113859652
  ;z3130:J1:67988805;z21:J1:178879673;z3131:J1:31929739;z3132:J1:35800389;z3133:J1
  :11574642;z27:P:14899751.
Sum=880115142; test 880115142/1000000000+(1-z1954)^7 <= 9989241/10000000.
Leaf R011110100110
  B=[z1879,z3134,z3135,z3136,z1706,z1982,z1719,z7,z407,z402,z8,z8] h=z3095
  horizon=27 mass=z1706.
Cells
  z3137:B1:85744713;z3138:0:Nlo:327977190;z14:0:Nhi:12095061;z3139:0:Nhi:111657631
  ;z3140:J1:71242624;z21:J1:177750961;z3141:J1:31368327;z3142:J1:35720735;z3143:J1
  :11182729;z27:P:15082909.
Sum=879822880; test 879822880/1000000000+(1-z1706)^7 <= 9967190/10000000.
Leaf R011110100111
  B=[z1979,z1503,z3144,z3145,z1982,z1464,z1996,z7,z407,z402,z8,z8] h=z3146
  horizon=27 mass=z1982.
Cells
  z1507:B1:87807670;z1508:0:Nlo:326717566;z14:0:Nhi:11911252;z3147:0:Nhi:146566544
  ;z3148:J1:37365670;z21:J1:176642493;z3149:J1:30808587;z3150:J1:35643872;z3151:J1
  :10793087;z27:P:15265129.
Sum=879521870; test 879521870/1000000000+(1-z1982)^7 <= 9945317/10000000.
Leaf R01111010100 B=[z1488,z1529,z1530,z1542,z1464,z1426,z1472,z7,z9,z437,z8,z8]
  h=z1532 horizon=27 mass=z1464.
Cells
  z1533:B1:95965357;z1534:0:Nlo:321581106;z14:0:Nhi:11228677;z3152:0:Nhi:198787328
  ;z35:J1:61158796;z3153:B11/25:25358360;z1544:J1:24101736;z3154:1:H:11174868;z147
  6:J1:24097530;z3155:JD1:30054251;z21:D1:H:12438774;z3156:D1:H:2842939;z27:JD1:66
  879446.
Sum=885669168; test 885669168/1000000000+(1-z1464)^7 <= 9988188/10000000.
Leaf R01111010101 B=[z1488,z1529,z1530,z1542,z1464,z1426,z1472,z7,z437,z407,z8,z8]
  h=z1532 horizon=27 mass=z1464.
Cells
  z1533:B1:95965357;z1534:0:Nlo:321581106;z14:0:Nhi:11228677;z3157:0:Nhi:182580389
  ;z3158:J1:28734498;z1476:J1:123048915;z3155:JD1:29610630;z3159:D1:H:226972;z21:J
  D1:12787122;z3160:JD1:26403042;z27:JD1:53267118.
Sum=885433826; test 885433826/1000000000+(1-z1464)^7 <= 9985835/10000000.
Leaf R01111010110 B=[z1488,z3161,z3162,z3163,z1464,z1730,z1472,z7,z407,z402,z8,z8]
  h=z1532 horizon=27 mass=z1464.
Cells
  z3164:B1:91906237;z3165:0:Nlo:324166604;z14:0:Nhi:11559899;z3166:0:Nhi:143693259
  ;z3167:J1:48926692;z21:J1:170901790;z3168:J1:30088319;z3169:J1:35446731;z3170:J1
  :10536814;z27:P:15730519.
Sum=882956864; test 882956864/1000000000+(1-z1464)^7 <= 9961065/10000000.
Leaf R01111010111 B=[z2087,z1529,z3171,z3172,z1730,z1426,z293,z7,z407,z402,z8,z8]
  h=z3173 horizon=27 mass=z1730.
Cells
  z1533:B1:95965357;z1534:0:Nlo:321581107;z14:0:Nhi:11228677;z3174:0:Nhi:138268561
  ;z3175:J1:55641991;z21:J1:168960342;z3176:J1:28978888;z3177:J1:35303787;z3178:J1
  :9768647;z27:P:16086803.
Sum=881784160; test 881784160/1000000000+(1-z1730)^7 <= 9912907/10000000.
Leaf R011110110 B=[z356,z1462,z1547,z1548,z180,z1464,z1417,z7,z9,z402,z8,z8]
  h=z1549 horizon=27 mass=z180.
Cells
  z1465:B1:106261886;z1466:0:Nlo:314789065;z14:0:Nhi:10453843;z3179:0:Nhi:12847030
  0;z1552:J1:108290489;z3180:1:H:13330882;z1421:J1:64259124;z21:J1:36774549;z1555:
  J1:39644961;z3181:J1:39952770;z27:P:12191173.
Sum=874419042; test 874419042/1000000000+(1-z180)^7 <= 9951676/10000000.
Leaf R011110111 B=[z1503,z1457,z1557,z1558,z1464,z1426,z1472,z7,z9,z402,z8,z8]
  h=z1559 horizon=27 mass=z1464.
Cells
  z1458:B1:115092536;z1459:0:Nlo:308732673;z14:0:Nhi:9853060;z3182:0:Nhi:118727851
  ;z1562:J1:112366174;z3183:1:H:14655732;z1476:J1:59850290;z21:J1:41106332;z1565:J
  1:41914892;z3184:J1:33506745;z27:P:12660712.
Sum=868466997; test 868466997/1000000000+(1-z1464)^7 <= 9816166/10000000.
Leaf R01111100000
  B=[z1424,z1567,z1571,z1415,z1426,z1416,z1443,z3185,z9,z422,z8,z8] h=z10
  horizon=27 mass=z1426.
Cells
  z1568:B1:90091407;z1569:0:Nlo:325303860;z14:0:Nhi:11713285;z35:0:Nhi:267145264;z
  3186:B11/25:63437261;z21:JD1:72396583;z27:JD1:62990138.
Sum=893077798; test 893077798/1000000000+(1-z1426)^7 <= 9990422/10000000.
Leaf R011111000010 B=[z1424,z1567,z1571,z1572,z1426,z1416,z1498,z7,z9,z422,z8,z8]
  h=z10 horizon=29 mass=z1498.
Cells
  z1568:B1:90091407;z1569:0:Nlo:325303860;z14:0:Nhi:11713285;z35:0:Nhi:267145263;z
  3187:B11/25:47648297;z1573:J1:25834623;z1574:1:Hlip:7353289;z1449:1:H:3671334;z3
  188:D1:H:14603499;z3189:D1:Hlip:9729816;z21:JD1:27106146;z27:JD1:66017736;z3190:
  JD1:90079056;z3191:JD1:1679371;z40:P:133280.
Sum=988110262; test 988110262/1000000000+(1-z1498)^7 <= 9935260/10000000.
Leaf R011111000011 B=[z1424,z1567,z1580,z1415,z1426,z1416,z1498,z7,z9,z422,z8,z8]
  h=z10 horizon=29 mass=z1498.
Cells
  z1568:B1:90091407;z1569:0:Nlo:325303860;z14:0:Nhi:11713285;z35:0:Nhi:267145264;z
  3192:B11/25:77432380;z1449:J1:10300929;z21:JD1:55685322;z27:JD1:62965163;z3190:J
  D1:75521626;z40:JD1:1541821.
Sum=977701057; test 977701057/1000000000+(1-z1498)^7 <= 9831168/10000000.
Leaf R011111000100
  B=[z1424,z3193,z3194,z1769,z1426,z1629,z1443,z7,z422,z437,z8,z8] h=z10
  horizon=27 mass=z1426.
Cells
  z3195:B1:61303238;z3196:0:Nlo:341305931;z14:0:Nhi:14741195;z35:0:Nhi:267145264;z
  3197:B11/25:55907719;z1449:J1:30064101;z21:JD1:54032652;z3198:JD1:11343854;z27:J
  D1:57182050.
Sum=893026004; test 893026004/1000000000+(1-z1426)^7 <= 9989904/10000000.
Leaf R0111110001010
  B=[z2006,z3199,z3200,z3201,z1426,z1629,z1443,z7,z422,z437,z8,z8] h=z3202
  horizon=27 mass=z1426.
Cells
  z3203:B1:72210533;z3204:0:Nlo:335770289;z14:0:Nhi:13437637;z3205:0:Nhi:260746610
  ;z35:J1:5474633;z3206:B11/25:48295876;z1449:J1:36558537;z3207:1:Hlip:1816739;z21
  :JD1:50746567;z3208:JD1:13408204;z27:JD1:54517149.
Sum=892982774; test 892982774/1000000000+(1-z1426)^7 <= 9989472/10000000.
Leaf R0111110001011
  B=[z2016,z3209,z3210,z3211,z1426,z1629,z1443,z7,z422,z437,z8,z8] h=z3212
  horizon=27 mass=z1426.
Cells
  z3213:B1:83016174;z3214:0:Nlo:329616480;z14:0:Nhi:12345861;z3215:0:Nhi:223448053
  ;z35:J1:40283165;z3216:B11/25:26803556;z3217:J1:40177829;z3218:1:H:6857398;z1449
  :J1:6836075;z3219:JD1:15179874;z3220:D1:H:19481015;z3221:D1:Hlip:2985196;z21:JD1
  :11126562;z3222:JD1:18578506;z27:JD1:46371381.
Sum=883107125; test 883107125/1000000000+(1-z1426)^7 <= 9890715/10000000.
Leaf R011111000110 B=[z1768,z3223,z3224,z1415,z1629,z1416,z346,z7,z422,z437,z8,z8]
  h=z10 horizon=27 mass=z1629.
Cells
  z3225:B1:67349919;z3226:0:Nlo:338333239;z14:0:Nhi:13989507;z35:0:Nhi:266933744;z
  3227:B11/25:65254518;z1637:J1:13062395;z21:JD1:62722668;z3228:JD1:4671489;z27:JD
  1:62294080.
Sum=894611559; test 894611559/1000000000+(1-z1629)^7 <= 9937854/10000000.
Leaf R011111000111 B=[z3193,z1567,z3229,z3230,z1629,z1416,z346,z7,z422,z437,z8,z8]
  h=z3231 horizon=27 mass=z1629.
Cells
  z1568:B1:90091407;z1569:0:Nlo:325303860;z14:0:Nhi:11713285;z35:0:Nhi:265976074;z
  3232:B11/25:47704702;z1637:J1:28855588;z21:JD1:58403414;z3233:JD1:10868945;z27:J
  D1:54256379.
Sum=893173654; test 893173654/1000000000+(1-z1629)^7 <= 9923475/10000000.
Leaf R011111001000
  B=[z1424,z3209,z3210,z1779,z1426,z1629,z1443,z7,z437,z442,z8,z8] h=z10
  horizon=27 mass=z1426.
Cells
  z3213:B1:83016174;z3214:0:Nlo:329616480;z14:0:Nhi:12345862;z3234:0:Nhi:200568950
  ;z1781:J1:35899552;z35:J1:24077151;z3235:B11/25:17149160;z1449:J1:62235029;z3236
  :JD1:11991103;z3237:D1:Hlip:491936;z21:JD1:39085558;z3238:JD1:23058881;z27:JD1:5
  2507599.
Sum=892043435; test 892043435/1000000000+(1-z1426)^7 <= 9980078/10000000.
Leaf R0111110010010
  B=[z1424,z3193,z3239,z1769,z1426,z1629,z1443,z7,z437,z442,z8,z8] h=z10
  horizon=27 mass=z1426.
Cells
  z3195:B1:61303238;z3196:0:Nlo:341305931;z14:0:Nhi:14741195;z35:0:Nhi:267145264;z
  1773:B11/25:50312866;z1449:J1:34587479;z21:JD1:53826738;z3240:JD1:29710182;z27:J
  D1:39357507.
Sum=892290400; test 892290400/1000000000+(1-z1426)^7 <= 9982548/10000000.
Leaf R01111100100110
  B=[z2006,z3199,z3241,z3201,z1426,z1629,z1443,z7,z437,z442,z8,z8] h=z3202
  horizon=27 mass=z1426.
Cells
  z3203:B1:72210533;z3204:0:Nlo:335770289;z14:0:Nhi:13437637;z3242:0:Nhi:255296984
  ;z35:J1:10525866;z3243:B11/25:42611995;z1449:J1:40993327;z21:JD1:52465976;z3244:
  JD1:29884304;z27:JD1:39114922.
Sum=892311833; test 892311833/1000000000+(1-z1426)^7 <= 9982762/10000000.
Leaf R01111100100111
  B=[z2016,z3209,z3245,z3211,z1426,z1629,z1443,z7,z437,z442,z8,z8] h=z3212
  horizon=27 mass=z1426.
Cells
  z3213:B1:83016174;z3214:0:Nlo:329616480;z14:0:Nhi:12345861;z3215:0:Nhi:223448053
  ;z3246:J1:24018762;z35:J1:14470452;z3247:B11/25:20887517;z1449:J1:58230384;z3248
  :JD1:19262554;z3249:D1:H:4189134;z21:JD1:25695219;z3250:JD1:32594209;z27:JD1:339
  76175.
Sum=881750974; test 881750974/1000000000+(1-z1426)^7 <= 9877154/10000000.
Leaf R011111001010 B=[z1768,z3223,z3224,z1415,z1629,z1416,z346,z7,z437,z442,z8,z8]
  h=z10 horizon=27 mass=z1629.
Cells
  z3225:B1:67349919;z3226:0:Nlo:338333239;z14:0:Nhi:13989507;z35:0:Nhi:266933744;z
  1766:B11/25:60058934;z1637:J1:17711407;z21:JD1:62407669;z3251:JD1:19044512;z27:J
  D1:53210208.
Sum=899039139; test 899039139/1000000000+(1-z1629)^7 <= 9982130/10000000.
Leaf R011111001011 B=[z3193,z1567,z3229,z3230,z1629,z1416,z346,z7,z437,z442,z8,z8]
  h=z3231 horizon=27 mass=z1629.
Cells
  z1568:B1:90091407;z1569:0:Nlo:325303860;z14:0:Nhi:11713285;z3252:0:Nhi:250623971
  ;z35:J1:15098385;z3253:B11/25:42310016;z1637:J1:33220892;z21:JD1:58350370;z3254:
  JD1:22313972;z27:JD1:48074258.
Sum=897100416; test 897100416/1000000000+(1-z1629)^7 <= 9962742/10000000.
Leaf R011111001100
  B=[z1424,z3209,z3210,z1779,z1426,z1629,z1443,z7,z442,z407,z8,z8] h=z10
  horizon=27 mass=z1426.
Cells
  z3213:B1:83016174;z3214:0:Nlo:329616480;z14:0:Nhi:12345862;z3255:0:Nhi:185252805
  ;z35:J1:72730918;z3256:B11/25:8499312;z3257:J1:37607299;z1449:J1:31745973;z3258:
  JD1:28464067;z21:JD1:23355542;z3259:JD1:32785122;z27:JD1:47820690.
Sum=893240244; test 893240244/1000000000+(1-z1426)^7 <= 9992046/10000000.
Leaf R011111001101 B=[z1768,z1567,z3229,z1572,z1629,z1416,z346,z7,z442,z407,z8,z8]
  h=z10 horizon=27 mass=z1629.
Cells
  z1568:B1:90091407;z1569:0:Nlo:325303860;z14:0:Nhi:11713285;z3260:0:Nhi:206746397
  ;z35:J1:55131987;z3261:B11/25:16054229;z3262:J1:40128337;z1637:J1:16522970;z3263
  :JD1:19326234;z21:JD1:40025351;z3264:JD1:27590575;z27:JD1:51793828.
Sum=900428460; test 900428460/1000000000+(1-z1629)^7 <= 9996023/10000000.
Leaf R01111100111000
  B=[z1424,z3265,z3266,z1816,z1426,z1817,z1443,z7,z442,z407,z8,z8] h=z10
  horizon=27 mass=z1426.
Cells
  z3267:B1:58282583;z3268:0:Nlo:342688288;z14:0:Nhi:15148160;z3269:0:Nhi:235721366
  ;z35:J1:30113582;z3270:B11/25:32700550;z3271:J1:36481279;z1449:J1:13872881;z3272
  :JD1:21170687;z21:JD1:32330975;z3273:JD1:40396911;z27:JD1:33334546.
Sum=892241808; test 892241808/1000000000+(1-z1426)^7 <= 9982062/10000000.
Leaf R01111100111001
  B=[z1815,z3193,z3274,z1769,z1817,z1629,z1826,z7,z442,z407,z8,z8] h=z10
  horizon=27 mass=z1817.
Cells
  z3195:B1:61303238;z3196:0:Nlo:341305931;z14:0:Nhi:14741195;z1772:0:Nhi:246046020
  ;z35:J1:20523784;z1773:B11/25:50312866;z1774:J1:23548321;z3275:J1:6278608;z3276:
  JD1:11703861;z21:JD1:45854748;z3277:JD1:37870487;z27:JD1:35201447.
Sum=894690506; test 894690506/1000000000+(1-z1817)^7 <= 9972114/10000000.
Leaf R011111001110100
  B=[z2006,z3278,z3279,z3280,z1426,z1817,z1443,z7,z442,z407,z8,z8] h=z3202
  horizon=27 mass=z1426.
Cells
  z3281:B1:68892762;z3282:0:Nlo:337535269;z14:0:Nhi:13809671;z3283:0:Nhi:222990902
  ;z35:J1:40763543;z3284:B11/25:36540809;z3285:J1:24936100;z1449:J1:20066220;z3286
  :JD1:27422844;z21:JD1:24803198;z3287:JD1:39959231;z27:JD1:33672158.
Sum=891392707; test 891392707/1000000000+(1-z1426)^7 <= 9973571/10000000.
Leaf R011111001110101
  B=[z3265,z3199,z3288,z3289,z1817,z1629,z1826,z7,z442,z407,z8,z8] h=z3290
  horizon=27 mass=z1817.
Cells
  z3203:B1:72210533;z3204:0:Nlo:335770289;z14:0:Nhi:13437637;z3291:0:Nhi:235028549
  ;z35:J1:28811880;z3292:B11/25:36542243;z3293:J1:24242536;z3275:J1:16902462;z3294
  :JD1:25573365;z21:JD1:29549992;z3295:JD1:38625533;z27:JD1:33229519.
Sum=889924538; test 889924538/1000000000+(1-z1817)^7 <= 9924455/10000000.
Leaf R01111100111011
  B=[z2016,z3209,z3245,z3211,z1426,z1629,z1443,z7,z442,z407,z8,z8] h=z3212
  horizon=27 mass=z1426.
Cells
  z3213:B1:83016174;z3214:0:Nlo:329616480;z14:0:Nhi:12345861;z3296:0:Nhi:212780283
  ;z35:J1:47225109;z3297:B11/25:10332589;z3298:J1:35412941;z1449:J1:32003210;z3299
  :JD1:38285250;z21:JD1:11222034;z3300:JD1:40839951;z27:JD1:30800587.
Sum=883880469; test 883880469/1000000000+(1-z1426)^7 <= 9898448/10000000.
Leaf R0111110011110
  B=[z1768,z3223,z3301,z1415,z1629,z1416,z346,z7,z442,z407,z8,z8] h=z10 horizon=27
  mass=z1629.
Cells
  z3225:B1:67349919;z3226:0:Nlo:338333239;z14:0:Nhi:13989507;z35:0:Nhi:266933744;z
  3302:B11/25:52236419;z1637:J1:24945134;z21:JD1:62468266;z3303:JD1:34655701;z27:J
  D1:38166501.
Sum=899078430; test 899078430/1000000000+(1-z1629)^7 <= 9982523/10000000.
Leaf R0111110011111
  B=[z3193,z1567,z3304,z3230,z1629,z1416,z346,z7,z442,z407,z8,z8] h=z3231
  horizon=27 mass=z1629.
Cells
  z1568:B1:90091407;z1569:0:Nlo:325303860;z14:0:Nhi:11713285;z3305:0:Nhi:237566091
  ;z35:J1:27484170;z3253:B11/25:42310015;z3306:J1:22695704;z1637:J1:9716396;z3307:
  JD1:19241123;z21:JD1:39395485;z3308:JD1:34891204;z27:JD1:37171178.
Sum=897579918; test 897579918/1000000000+(1-z1629)^7 <= 9967537/10000000.
Leaf R011111010000
  B=[z1424,z3265,z3309,z3310,z1426,z1817,z1443,z7,z407,z402,z8,z8] h=z10
  horizon=27 mass=z1426.
Cells
  z3267:B1:58282583;z3268:0:Nlo:342688290;z14:0:Nhi:15148160;z3311:0:Nhi:164848862
  ;z3312:J1:57200015;z21:J1:160015235;z3313:J1:18501316;z3314:J1:42878757;z3315:J1
  :12571308;z27:P:19461463.
Sum=891595989; test 891595989/1000000000+(1-z1426)^7 <= 9975604/10000000.
Leaf R011111010001
  B=[z1815,z3193,z3316,z1779,z1817,z1629,z1826,z7,z407,z402,z8,z8] h=z10
  horizon=27 mass=z1817.
Cells
  z3195:B1:61303238;z3196:0:Nlo:341305931;z14:0:Nhi:14741197;z3317:0:Nhi:158846346
  ;z1781:J1:74611574;z21:J1:153726051;z3318:J1:15029737;z3319:J1:43798159;z3320:J1
  :12777623;z27:P:21072554.
Sum=897212410; test 897212410/1000000000+(1-z1817)^7 <= 9997333/10000000.
Leaf R011111010010
  B=[z2006,z3321,z3322,z3323,z1426,z1817,z1443,z7,z407,z402,z8,z8] h=z3202
  horizon=27 mass=z1426.
Cells
  z3324:B1:79443266;z3325:0:Nlo:331714009;z14:0:Nhi:12688477;z3326:0:Nhi:167344729
  ;z3327:J1:41058497;z21:J1:166665076;z3328:J1:19507676;z3329:J1:40191094;z3330:J1
  :12804641;z27:P:20871927.
Sum=892289392; test 892289392/1000000000+(1-z1426)^7 <= 9982538/10000000.
Leaf R011111010011
  B=[z3265,z3209,z3331,z3332,z1817,z1629,z1826,z7,z407,z402,z8,z8] h=z3290
  horizon=27 mass=z1817.
Cells
  z3213:B1:83016174;z3214:0:Nlo:329616481;z14:0:Nhi:12345861;z3333:0:Nhi:161755593
  ;z3334:J1:47775986;z21:J1:164847621;z3335:J1:17950269;z3336:J1:40296579;z3337:J1
  :12147957;z27:P:21383511.
Sum=891136032; test 891136032/1000000000+(1-z1817)^7 <= 9936570/10000000.
Leaf R0111110101000
  B=[z1768,z3338,z3339,z1858,z1629,z1846,z346,z7,z407,z573,z8,z8] h=z10 horizon=27
  mass=z1629.
Cells
  z3340:B1:64326828;z3341:0:Nlo:339851658;z14:0:Nhi:14355520;z3342:0:Nhi:198822450
  ;z3343:J1:44137529;z35:J1:14989610;z3344:B11/25:13247675;z1637:J1:57365549;z3345
  :JD1:55647752;z21:JD1:5475623;z3346:JD1:30881598;z3347:JD1:57451392;z27:P:110935
  0.
Sum=897662534; test 897662534/1000000000+(1-z1629)^7 <= 9968364/10000000.
Leaf R0111110101001
  B=[z1768,z3338,z3339,z1858,z1629,z1846,z346,z7,z573,z402,z8,z8] h=z10 horizon=27
  mass=z1629.
Cells
  z3340:B1:64326828;z3341:0:Nlo:339851658;z14:0:Nhi:14355520;z3348:0:Nhi:153260518
  ;z21:J1:231499139;z3349:J1:48282613;z3350:J1:15791325;z3351:J1:4869806;z27:P:227
  06879.
Sum=894944286; test 894944286/1000000000+(1-z1629)^7 <= 9941181/10000000.
Leaf R0111110101010
  B=[z1844,z3223,z3352,z1572,z1846,z1416,z1859,z7,z407,z573,z8,z8] h=z10
  horizon=27 mass=z1846.
Cells
  z3225:B1:67349919;z3226:0:Nlo:338333239;z14:0:Nhi:13989507;z1784:0:Nhi:207355972
  ;z1785:J1:44734143;z35:J1:7808221;z1786:B11/25:14348780;z3353:J1:53435332;z3354:
  JD1:54472754;z21:JD1:10890975;z3355:JD1:27860381;z3356:JD1:58431686;z27:P:246102
  4.
Sum=901471933; test 901471933/1000000000+(1-z1846)^7 <= 9973928/10000000.
Leaf R0111110101011
  B=[z1844,z3223,z3352,z1572,z1846,z1416,z1859,z7,z573,z402,z8,z8] h=z10
  horizon=27 mass=z1846.
Cells
  z3225:B1:67349919;z3226:0:Nlo:338333239;z14:0:Nhi:13989507;z3357:0:Nhi:201755979
  ;z21:J1:187279788;z3358:J1:45460416;z3359:J1:16065088;z3360:J1:4958508;z27:P:243
  67584.
Sum=899560028; test 899560028/1000000000+(1-z1846)^7 <= 9954809/10000000.
Leaf R01111101011 B=[z3193,z1567,z3229,z3361,z1629,z1416,z346,z7,z407,z402,z8,z8]
  h=z3231 horizon=27 mass=z1629.
Cells
  z1568:B1:90091407;z1569:0:Nlo:325303860;z14:0:Nhi:11713286;z3362:0:Nhi:163661112
  ;z3363:J1:58110045;z21:J1:156887575;z3364:J1:16193754;z3365:J1:40099309;z3366:J1
  :11714413;z27:P:22364852.
Sum=896139613; test 896139613/1000000000+(1-z1629)^7 <= 9953134/10000000.
Leaf R01111101100000
  B=[z1424,z3193,z3239,z1799,z1426,z1629,z1443,z7,z407,z570,z8,z8] h=z10
  horizon=27 mass=z1426.
Cells
  z3195:B1:61303238;z3196:0:Nlo:341305931;z14:0:Nhi:14741195;z3367:0:Nhi:219217145
  ;z35:J1:43035860;z3368:B11/25:20917876;z1449:J1:59495302;z21:JD1:53266611;z3369:
  JD1:10356253;z3370:JD1:37614841;z27:JD1:31252862.
Sum=892507114; test 892507114/1000000000+(1-z1426)^7 <= 9984715/10000000.
Leaf R011111011000010
  B=[z1424,z3265,z3266,z1825,z1426,z1817,z1443,z7,z570,z573,z8,z8] h=z10
  horizon=27 mass=z1426.
Cells
  z3267:B1:58282583;z3268:0:Nlo:342688288;z14:0:Nhi:15148160;z3371:0:Nhi:184545307
  ;z35:J1:73843240;z3372:B11/25:10347448;z1449:J1:67943654;z21:JD1:53444837;z3373:
  JD1:31152795;z3374:JD1:24397813;z27:JD1:28218260.
Sum=890012385; test 890012385/1000000000+(1-z1426)^7 <= 9959768/10000000.
Leaf R011111011000011
  B=[z1815,z3193,z3274,z1799,z1817,z1629,z1826,z7,z570,z573,z8,z8] h=z10
  horizon=27 mass=z1817.
Cells
  z3195:B1:61303238;z3196:0:Nlo:341305931;z14:0:Nhi:14741195;z3375:0:Nhi:196285862
  ;z35:J1:64277508;z3376:B11/25:11762356;z3275:J1:64163783;z21:JD1:57354496;z3377:
  JD1:28159795;z3378:JD1:25073835;z27:JD1:29988610.
Sum=894416609; test 894416609/1000000000+(1-z1817)^7 <= 9969375/10000000.
Leaf R011111011000100
  B=[z1424,z3379,z3380,z3381,z1426,z3382,z1443,z7,z573,z402,z8,z8] h=z10
  horizon=27 mass=z1426.
Cells
  z3383:B1:56774519;z3384:0:Nlo:343349870;z14:0:Nhi:15360185;z3311:0:Nhi:164848865
  ;z21:J1:221855067;z3385:J1:59810670;z3386:J1:16056232;z3387:J1:2755667;z27:P:112
  25962.
Sum=892037037; test 892037037/1000000000+(1-z1426)^7 <= 9980014/10000000.
Leaf R011111011000101
  B=[z3388,z3265,z3389,z1825,z3382,z1817,z291,z7,z573,z402,z8,z8] h=z10 horizon=27
  mass=z3382.
Cells
  z3267:B1:58282583;z3268:0:Nlo:342688288;z14:0:Nhi:15148160;z3390:0:Nhi:161792691
  ;z35:J1:95481076;z3391:B11/25:8055331;z21:J1:124102268;z3392:J1:58582865;z3393:J
  1:16236132;z3394:J1:2761474;z27:P:11954701.
Sum=895085569; test 895085569/1000000000+(1-z3382)^7 <= 9993160/10000000.
Leaf R0111110110001100
  B=[z1815,z3395,z3396,z3397,z1817,z3398,z1826,z7,z573,z612,z8,z8] h=z10
  horizon=27 mass=z1817.
Cells
  z3399:B1:59792316;z3400:0:Nlo:342006614;z14:0:Nhi:14941908;z3401:0:Nhi:210486602
  ;z35:J1:48193799;z3402:B11/25:11762354;z3275:J1:62812501;z21:JD1:57837680;z3403:
  JD1:44932449;z3404:JD1:14958430;z3405:JD1:26396470;z27:P:1321881.
Sum=895443004; test 895443004/1000000000+(1-z1817)^7 <= 9979639/10000000.
Leaf R0111110110001101
  B=[z1815,z3395,z3396,z3397,z1817,z3398,z1826,z7,z612,z402,z8,z8] h=z10
  horizon=27 mass=z1817.
Cells
  z3399:B1:59792316;z3400:0:Nlo:342006614;z14:0:Nhi:14941908;z3317:0:Nhi:158846349
  ;z35:J1:98257742;z3406:B11/25:5845541;z21:J1:126313886;z3407:J1:68239675;z3408:J
  1:6989446;z3409:J1:1210237;z27:P:12692032.
Sum=895135746; test 895135746/1000000000+(1-z1817)^7 <= 9976567/10000000.
Leaf R0111110110001110
  B=[z3410,z3193,z3411,z1799,z3398,z1629,z3412,z7,z573,z612,z8,z8] h=z10
  horizon=27 mass=z3398.
Cells
  z3195:B1:61303238;z3196:0:Nlo:341305931;z14:0:Nhi:14741195;z3413:0:Nhi:208904045
  ;z35:J1:50447193;z3414:B11/25:7456289;z3415:J1:65911935;z21:JD1:59882290;z3416:J
  D1:43564794;z3417:JD1:15138949;z3418:JD1:26656269;z27:P:1959045.
Sum=897271173; test 897271173/1000000000+(1-z3398)^7 <= 9981066/10000000.
Leaf R0111110110001111
  B=[z3410,z3193,z3411,z1799,z3398,z1629,z3412,z7,z612,z402,z8,z8] h=z10
  horizon=27 mass=z3398.
Cells
  z3195:B1:61303238;z3196:0:Nlo:341305931;z14:0:Nhi:14741195;z3413:0:Nhi:208904045
  ;z35:J1:49512062;z3414:B11/25:7456289;z21:J1:125535457;z3419:J1:67092730;z3420:J
  1:7060525;z3421:J1:1215175;z27:P:13438538.
Sum=897565185; test 897565185/1000000000+(1-z3398)^7 <= 9984007/10000000.
Leaf R011111011001000
  B=[z1424,z3265,z3422,z1816,z1426,z1817,z1443,z7,z407,z570,z8,z8] h=z10
  horizon=27 mass=z1426.
Cells
  z3267:B1:58282583;z3268:0:Nlo:342688288;z14:0:Nhi:15148160;z3423:0:Nhi:229103257
  ;z35:J1:35528355;z3270:B11/25:32700550;z1449:J1:49419214;z21:JD1:53873189;z3424:
  JD1:11509642;z3425:JD1:40158882;z27:JD1:24803833.
Sum=893215953; test 893215953/1000000000+(1-z1426)^7 <= 9991803/10000000.
Leaf R011111011001001
  B=[z1815,z3193,z3426,z1769,z1817,z1629,z1826,z7,z407,z570,z8,z8] h=z10
  horizon=27 mass=z1817.
Cells
  z3195:B1:61303238;z3196:0:Nlo:341305931;z14:0:Nhi:14741195;z1793:0:Nhi:235140283
  ;z35:J1:30631985;z1794:B11/25:34065728;z3275:J1:45208349;z21:JD1:57945189;z3427:
  JD1:7500015;z3428:JD1:41923318;z27:JD1:26428800.
Sum=896194031; test 896194031/1000000000+(1-z1817)^7 <= 9987150/10000000.
Leaf R0111110110010100
  B=[z1424,z3265,z3422,z1816,z1426,z1817,z1443,z7,z570,z598,z8,z8] h=z10
  horizon=27 mass=z1426.
Cells
  z3267:B1:58282583;z3268:0:Nlo:342688288;z14:0:Nhi:15148160;z3429:0:Nhi:213990909
  ;z35:J1:49488087;z3270:B11/25:32700550;z1449:J1:48730399;z21:JD1:53749302;z3430:
  JD1:37285702;z3431:JD1:24806739;z27:JD1:15520373.
Sum=892391092; test 892391092/1000000000+(1-z1426)^7 <= 9983555/10000000.
Leaf R01111101100101010
  B=[z1424,z3379,z3432,z3433,z1426,z3382,z1443,z7,z598,z573,z8,z8] h=z10
  horizon=27 mass=z1426.
Cells
  z3383:B1:56774519;z3384:0:Nlo:343349870;z14:0:Nhi:15360185;z3434:0:Nhi:220402918
  ;z35:J1:41667934;z3368:B11/25:20917876;z1449:J1:59512961;z21:JD1:53846393;z3435:
  JD1:46004655;z3436:JD1:19332396;z27:JD1:14539846.
Sum=891709553; test 891709553/1000000000+(1-z1426)^7 <= 9976739/10000000.
Leaf R01111101100101011
  B=[z3388,z3265,z3437,z1816,z3382,z1817,z291,z7,z598,z573,z8,z8] h=z10 horizon=27
  mass=z3382.
Cells
  z3267:B1:58282583;z3268:0:Nlo:342688288;z14:0:Nhi:15148160;z3438:0:Nhi:223733736
  ;z35:J1:39150373;z3439:B11/25:30304330;z3440:J1:48919562;z21:JD1:55829210;z3441:
  JD1:44748192;z3442:JD1:19614496;z27:JD1:15226787.
Sum=893645717; test 893645717/1000000000+(1-z3382)^7 <= 9978762/10000000.
Leaf R0111110110010110
  B=[z1815,z3193,z3426,z1769,z1817,z1629,z1826,z7,z570,z598,z8,z8] h=z10
  horizon=27 mass=z1817.
Cells
  z3195:B1:61303238;z3196:0:Nlo:341305931;z14:0:Nhi:14741195;z3443:0:Nhi:224951277
  ;z35:J1:39893981;z3444:B11/25:30676488;z3275:J1:47928947;z21:JD1:57773737;z3445:
  JD1:34491974;z3446:JD1:25636557;z27:JD1:16877808.
Sum=895581133; test 895581133/1000000000+(1-z1817)^7 <= 9981021/10000000.
Leaf R01111101100101110
  B=[z1815,z3395,z3447,z3448,z1817,z3398,z1826,z7,z598,z573,z8,z8] h=z10
  horizon=27 mass=z1817.
Cells
  z3399:B1:59792316;z3400:0:Nlo:342006614;z14:0:Nhi:14941908;z3449:0:Nhi:226915287
  ;z35:J1:36696508;z3450:B11/25:29367562;z3275:J1:48441499;z21:JD1:57865604;z3451:
  JD1:43457833;z3452:JD1:19912479;z27:JD1:15933089.
Sum=895330699; test 895330699/1000000000+(1-z1817)^7 <= 9978516/10000000.
Leaf R01111101100101111
  B=[z3410,z3193,z3453,z1769,z3398,z1629,z3412,z7,z598,z573,z8,z8] h=z10
  horizon=27 mass=z3398.
Cells
  z3195:B1:61303238;z3196:0:Nlo:341305931;z14:0:Nhi:14741195;z3454:0:Nhi:229957059
  ;z35:J1:34301643;z3455:B11/25:28169764;z3415:J1:48204527;z21:JD1:59958487;z3456:
  JD1:42131085;z3457:JD1:20227477;z27:JD1:16659986.
Sum=896960392; test 896960392/1000000000+(1-z3398)^7 <= 9977959/10000000.
Leaf R01111101100110000
  B=[z1424,z3458,z1740,z3433,z1426,z3382,z1443,z7,z573,z612,z8,z8] h=z10
  horizon=27 mass=z1426.
Cells
  z3459:B1:46426204;z3460:0:Nlo:347278584;z14:0:Nhi:17007827;z3461:0:Nhi:213813147
  ;z35:J1:47533453;z3462:B11/25:20917874;z1449:J1:59193744;z21:JD1:54780541;z3463:
  JD1:51088621;z3464:JD1:15020004;z27:JD1:19172100.
Sum=892232099; test 892232099/1000000000+(1-z1426)^7 <= 9981965/10000000.
Leaf R01111101100110001
  B=[z1424,z3458,z1740,z3433,z1426,z3382,z1443,z7,z612,z402,z8,z8] h=z10
  horizon=27 mass=z1426.
Cells
  z3459:B1:46426204;z3460:0:Nlo:347278584;z14:0:Nhi:17007827;z3461:0:Nhi:213813146
  ;z35:J1:46597636;z3462:B11/25:20917874;z21:J1:113775649;z3465:J1:74795767;z3466:
  J1:6918169;z1823:J1:426461;z27:P:5097961.
Sum=893055278; test 893055278/1000000000+(1-z1426)^7 <= 9990197/10000000.
Leaf R01111101100110010
  B=[z3388,z3467,z3381,z1816,z3382,z1817,z291,z7,z573,z612,z8,z8] h=z10 horizon=27
  mass=z3382.
Cells
  z3468:B1:47759184;z3469:0:Nlo:346840517;z14:0:Nhi:16773873;z3470:0:Nhi:212122064
  ;z35:J1:50059171;z3471:B11/25:16245904;z3440:J1:62706927;z21:JD1:56816585;z3472:
  JD1:50096159;z3473:JD1:15257557;z27:JD1:19449825.
Sum=894127766; test 894127766/1000000000+(1-z3382)^7 <= 9983582/10000000.
Leaf R01111101100110011
  B=[z3388,z3467,z3381,z1816,z3382,z1817,z291,z7,z612,z402,z8,z8] h=z10 horizon=27
  mass=z3382.
Cells
  z3468:B1:47759184;z3469:0:Nlo:346840517;z14:0:Nhi:16773873;z3470:0:Nhi:212122064
  ;z35:J1:49025197;z3471:B11/25:16245904;z21:J1:119247809;z3474:J1:74123355;z3475:
  J1:6999162;z3476:J1:348902;z27:P:5291302.
Sum=894777269; test 894777269/1000000000+(1-z3382)^7 <= 9990077/10000000.
Leaf R011111011001101000
  B=[z2654,z3379,z3432,z3477,z1426,z3382,z1443,z7,z573,z612,z8,z8] h=z10
  horizon=27 mass=z1426.
Cells
  z3383:B1:56774519;z3384:0:Nlo:343349870;z14:0:Nhi:15360185;z3478:0:Nhi:192889054
  ;z35:J1:65452014;z3479:B11/25:11500865;z1449:J1:67078087;z21:JD1:54336301;z3480:
  JD1:50090009;z3481:JD1:14917758;z27:JD1:21087679.
Sum=892836341; test 892836341/1000000000+(1-z1426)^7 <= 9988007/10000000.
Leaf R011111011001101001
  B=[z2654,z3379,z3432,z3477,z1426,z3382,z1443,z7,z612,z402,z8,z8] h=z10
  horizon=27 mass=z1426.
Cells
  z3383:B1:56774519;z3384:0:Nlo:343349870;z14:0:Nhi:15360185;z3478:0:Nhi:192889053
  ;z35:J1:64177314;z3479:B11/25:11500865;z21:J1:121168037;z3482:J1:73580068;z3483:
  J1:6906663;z3484:J1:653719;z27:P:6811793.
Sum=893172086; test 893172086/1000000000+(1-z1426)^7 <= 9991365/10000000.
Leaf R011111011001101010
  B=[z3458,z3265,z3437,z3485,z3382,z1817,z291,z7,z573,z612,z8,z8] h=z10 horizon=27
  mass=z3382.
Cells
  z3267:B1:58282583;z3268:0:Nlo:342688288;z14:0:Nhi:15148160;z3486:0:Nhi:189183352
  ;z35:J1:70408167;z3487:B11/25:18542128;z3440:J1:58899820;z21:JD1:56327294;z3488:
  JD1:48815732;z3489:JD1:15114596;z27:JD1:21897685.
Sum=895307805; test 895307805/1000000000+(1-z3382)^7 <= 9995383/10000000.
Leaf R011111011001101011
  B=[z3458,z3265,z3437,z3485,z3382,z1817,z291,z7,z612,z402,z8,z8] h=z10 horizon=27
  mass=z3382.
Cells
  z3267:B1:58282583;z3268:0:Nlo:342688288;z14:0:Nhi:15148160;z3486:0:Nhi:189183353
  ;z35:J1:68957248;z3490:B11/25:9183216;z21:J1:124330722;z3491:J1:72549840;z3492:J
  1:6981311;z3493:J1:643411;z27:P:7481890.
Sum=895430022; test 895430022/1000000000+(1-z3382)^7 <= 9996605/10000000.
Leaf R0111110110011011000
  B=[z2654,z3379,z3494,z3433,z1426,z3382,z1443,z7,z573,z609,z8,z8] h=z10
  horizon=27 mass=z1426.
Cells
  z3383:B1:56774519;z3384:0:Nlo:343349870;z14:0:Nhi:15360185;z3495:0:Nhi:196162854
  ;z35:J1:64961079;z3496:B11/25:23277079;z1449:J1:56857782;z21:JD1:54162339;z3497:
  JD1:55031266;z3498:JD1:14678455;z27:JD1:11490870.
Sum=892106298; test 892106298/1000000000+(1-z1426)^7 <= 9980707/10000000.
Leaf R01111101100110110010
  B=[z2654,z3379,z3494,z3433,z1426,z3382,z1443,z7,z609,z1280,z8,z8] h=z10
  horizon=27 mass=z1426.
Cells
  z3383:B1:56774519;z3384:0:Nlo:343349870;z14:0:Nhi:15360185;z3478:0:Nhi:192889053
  ;z35:J1:67595520;z3496:B11/25:23277079;z1449:J1:56589217;z21:JD1:54188889;z3499:
  JD1:63579570;z3500:JD1:10281577;z27:JD1:7901336.
Sum=891786815; test 891786815/1000000000+(1-z1426)^7 <= 9977512/10000000.
Leaf R01111101100110110011
  B=[z2654,z3379,z3494,z3433,z1426,z3382,z1443,z7,z1280,z612,z8,z8] h=z10
  horizon=27 mass=z1426.
Cells
  z3383:B1:56774519;z3384:0:Nlo:343349870;z14:0:Nhi:15360185;z3478:0:Nhi:192889054
  ;z35:J1:67239653;z3479:B11/25:11500865;z1449:J1:68225413;z21:JD1:54359276;z3501:
  JD1:66753716;z3502:JD1:8367615;z27:JD1:7848564.
Sum=892668730; test 892668730/1000000000+(1-z1426)^7 <= 9986331/10000000.
Leaf R0111110110011011010
  B=[z2654,z3503,z3504,z3433,z1426,z3382,z1443,z7,z612,z402,z8,z8] h=z10
  horizon=27 mass=z1426.
Cells
  z3505:B1:51575657;z3506:0:Nlo:345467876;z14:0:Nhi:16142082;z3478:0:Nhi:192889052
  ;z35:J1:66902642;z3479:B11/25:11500865;z21:J1:123192600;z3507:J1:76510059;z3508:
  J1:6926150;z3509:J1:95717;z27:P:2693375.
Sum=893896075; test 893896075/1000000000+(1-z1426)^7 <= 9998605/10000000.
Leaf R0111110110011011011000
  B=[z3510,z3511,z3512,z3513,z1426,z3514,z1443,z7,z612,z1290,z8,z8] h=z10
  horizon=27 mass=z1426.
Cells
  z3515:B1:53438344;z3516:0:Nlo:344739678;z14:0:Nhi:15852282;z3517:0:Nhi:179549206
  ;z35:J1:79927326;z3518:B11/25:6310120;z1449:J1:73017002;z21:JD1:54736849;z3519:J
  D1:69021721;z3520:JD1:6657709;z27:JD1:9780660.
Sum=893030897; test 893030897/1000000000+(1-z1426)^7 <= 9989953/10000000.
Leaf R0111110110011011011001
  B=[z3510,z3511,z3512,z3513,z1426,z3514,z1443,z7,z1290,z402,z8,z8] h=z10
  horizon=27 mass=z1426.
Cells
  z3515:B1:53438344;z3516:0:Nlo:344739678;z14:0:Nhi:15852282;z3517:0:Nhi:179549206
  ;z35:J1:79155937;z3518:B11/25:6310120;z21:J1:127643824;z3521:J1:79838468;z3522:J
  1:3198105;z3523:J1:87314;z27:P:3345690.
Sum=893158968; test 893158968/1000000000+(1-z1426)^7 <= 9991233/10000000.
Leaf R0111110110011011011010
  B=[z3524,z3525,z3526,z3433,z3514,z3382,z3527,z7,z612,z1290,z8,z8] h=z10
  horizon=27 mass=z3514.
Cells
  z3528:B1:54170439;z3529:0:Nlo:344443814;z14:0:Nhi:15741433;z3530:0:Nhi:177834263
  ;z35:J1:82510367;z3531:B11/25:22612776;z3532:J1:56083233;z21:JD1:55740554;z3533:
  JD1:68510796;z3534:JD1:6696847;z27:JD1:10117694.
Sum=894462216; test 894462216/1000000000+(1-z3514)^7 <= 9995566/10000000.
Leaf R0111110110011011011011
  B=[z3524,z3525,z3526,z3433,z3514,z3382,z3527,z7,z1290,z402,z8,z8] h=z10
  horizon=27 mass=z3514.
Cells
  z3528:B1:54170439;z3529:0:Nlo:344443814;z14:0:Nhi:15741433;z3530:0:Nhi:177834262
  ;z35:J1:81690468;z3531:B11/25:22612776;z21:J1:111806920;z3535:J1:79376194;z3536:
  J1:3215005;z3537:J1:82078;z27:P:3654518.
Sum=894627907; test 894627907/1000000000+(1-z3514)^7 <= 9997223/10000000.
Leaf R011111011001101101110
  B=[z3538,z3539,z3540,z3541,z1426,z3514,z1443,z7,z612,z402,z8,z8] h=z3542
  horizon=27 mass=z1426.
Cells
  z3543:B1:56021271;z3544:0:Nlo:343672771;z14:0:Nhi:15468438;z3545:0:Nhi:173538613
  ;z35:J1:85037454;z3546:B11/25:18256488;z21:J1:114972038;z3547:J1:75618083;z3548:
  J1:6864360;z3549:J1:232127;z27:P:3686850.
Sum=893368493; test 893368493/1000000000+(1-z1426)^7 <= 9993329/10000000.
Leaf R011111011001101101111
  B=[z3511,z3379,z3550,z3551,z3514,z3382,z3527,z7,z612,z402,z8,z8] h=z3552
  horizon=27 mass=z3514.
Cells
  z3383:B1:56774519;z3384:0:Nlo:343349870;z14:0:Nhi:15360185;z3553:0:Nhi:171892644
  ;z35:J1:86964673;z3554:B11/25:18273761;z21:J1:114831101;z3555:J1:75245187;z3556:
  J1:6873116;z3557:J1:182028;z27:P:3716573.
Sum=893463657; test 893463657/1000000000+(1-z3514)^7 <= 9985580/10000000.
Leaf R0111110110011011100
  B=[z3458,z3265,z3558,z1816,z3382,z1817,z291,z7,z573,z609,z8,z8] h=z10 horizon=27
  mass=z3382.
Cells
  z3267:B1:58282583;z3268:0:Nlo:342688288;z14:0:Nhi:15148160;z3559:0:Nhi:197399835
  ;z35:J1:64873526;z3487:B11/25:18542128;z3440:J1:60358113;z21:JD1:56159071;z3560:
  JD1:53887677;z3561:JD1:14884297;z27:JD1:12145690.
Sum=894369368; test 894369368/1000000000+(1-z3382)^7 <= 9985998/10000000.
Leaf R01111101100110111010
  B=[z3458,z3265,z3558,z1816,z3382,z1817,z291,z7,z609,z1280,z8,z8] h=z10
  horizon=27 mass=z3382.
Cells
  z3267:B1:58282583;z3268:0:Nlo:342688288;z14:0:Nhi:15148160;z3486:0:Nhi:189183351
  ;z35:J1:72782030;z3487:B11/25:18542128;z3440:J1:60050573;z21:JD1:56181354;z3562:
  JD1:62545801;z3563:JD1:10410436;z27:JD1:8523728.
Sum=894338432; test 894338432/1000000000+(1-z3382)^7 <= 9985689/10000000.
Leaf R01111101100110111011
  B=[z3458,z3265,z3558,z1816,z3382,z1817,z291,z7,z1280,z612,z8,z8] h=z10
  horizon=27 mass=z3382.
Cells
  z3267:B1:58282583;z3268:0:Nlo:342688288;z14:0:Nhi:15148160;z3486:0:Nhi:189183353
  ;z35:J1:72375981;z3487:B11/25:18542128;z3440:J1:59909175;z21:JD1:56359540;z3564:
  JD1:65739712;z3565:JD1:8467709;z27:JD1:8485308.
Sum=895181937; test 895181937/1000000000+(1-z3382)^7 <= 9994124/10000000.
Leaf R01111101100110111100
  B=[z3458,z3566,z3567,z3568,z3382,z3569,z291,z7,z612,z402,z8,z8] h=z10 horizon=27
  mass=z3382.
Cells
  z3570:B1:52286848;z3571:0:Nlo:345194103;z14:0:Nhi:16030085;z3486:0:Nhi:189183352
  ;z35:J1:71327507;z3487:B11/25:18542128;z21:J1:116524495;z3572:J1:75744613;z3573:
  J1:7009018;z3574:J1:34885;z27:P:3047440.
Sum=894924474; test 894924474/1000000000+(1-z3382)^7 <= 9991549/10000000.
Leaf R01111101100110111101
  B=[z3575,z3576,z3577,z1816,z3569,z1817,z3578,z7,z612,z402,z8,z8] h=z10
  horizon=27 mass=z3569.
Cells
  z3579:B1:52998901;z3580:0:Nlo:344914699;z14:0:Nhi:15919631;z3581:0:Nhi:187382539
  ;z35:J1:73879956;z3582:B11/25:16247147;z21:J1:119246546;z3583:J1:75265505;z3584:
  J1:7051965;z3585:J1:22600;z27:P:3353281.
Sum=896282770; test 896282770/1000000000+(1-z3569)^7 <= 9996554/10000000.
Leaf R0111110110011011111000
  B=[z3503,z3586,z3587,z3588,z3382,z3569,z291,z7,z612,z1290,z8,z8] h=z3589
  horizon=27 mass=z3382.
Cells
  z3590:B1:54903271;z3591:0:Nlo:344142407;z14:0:Nhi:15632123;z3592:0:Nhi:226064661
  ;z35:J1:34896186;z3593:B11/25:21949737;z3440:J1:55976388;z21:JD1:56671460;z3594:
  JD1:68037590;z3595:JD1:6725011;z27:JD1:10325934.
Sum=895324768; test 895324768/1000000000+(1-z3382)^7 <= 9995552/10000000.
Leaf R0111110110011011111001
  B=[z3503,z3586,z3587,z3588,z3382,z3569,z291,z7,z1290,z402,z8,z8] h=z3589
  horizon=27 mass=z3382.
Cells
  z3590:B1:54903271;z3591:0:Nlo:344142407;z14:0:Nhi:15632123;z3596:0:Nhi:176151289
  ;z35:J1:84006967;z3593:B11/25:21949737;z21:J1:112629577;z3597:J1:78940718;z3598:
  J1:3226825;z3599:J1:69443;z27:P:3852184.
Sum=895504541; test 895504541/1000000000+(1-z3382)^7 <= 9997350/10000000.
Leaf R011111011001101111101
  B=[z3566,z3600,z3601,z3602,z3569,z1817,z3578,z7,z612,z402,z8,z8] h=z3603
  horizon=27 mass=z3569.
Cells
  z3604:B1:55636776;z3605:0:Nlo:343835600;z14:0:Nhi:15524319;z3606:0:Nhi:223833556
  ;z35:J1:37001740;z3607:B11/25:20912151;z21:J1:113853517;z3608:J1:74753259;z3609:
  J1:7005387;z3610:J1:97874;z27:P:3884105.
Sum=896338284; test 896338284/1000000000+(1-z3569)^7 <= 9997109/10000000.
Leaf R01111101100110111111
  B=[z3525,z3265,z3558,z3611,z3382,z1817,z291,z7,z612,z402,z8,z8] h=z3612
  horizon=27 mass=z3382.
Cells
  z3267:B1:58282583;z3268:0:Nlo:342688288;z14:0:Nhi:15148160;z3613:0:Nhi:218139474
  ;z35:J1:41536572;z3614:B11/25:19046587;z21:J1:114351061;z3615:J1:74688323;z3616:
  J1:6881352;z3617:J1:167500;z27:P:4004744.
Sum=894934644; test 894934644/1000000000+(1-z3382)^7 <= 9991651/10000000.
Leaf R01111101100111000
  B=[z1815,z3618,z1825,z1769,z1817,z1629,z1826,z7,z573,z609,z8,z8] h=z10
  horizon=27 mass=z1817.
Cells
  z3619:B1:50438576;z3620:0:Nlo:345894255;z14:0:Nhi:16324752;z3621:0:Nhi:214995197
  ;z35:J1:48919216;z3444:B11/25:30676488;z3275:J1:47355352;z21:JD1:58435010;z3622:
  JD1:52899361;z3623:JD1:15114921;z27:JD1:12486627.
Sum=893539755; test 893539755/1000000000+(1-z1817)^7 <= 9960607/10000000.
Leaf R01111101100111001
  B=[z1815,z3618,z1825,z1769,z1817,z1629,z1826,z7,z609,z612,z8,z8] h=z10
  horizon=27 mass=z1817.
Cells
  z3619:B1:50438576;z3620:0:Nlo:345894255;z14:0:Nhi:16324752;z3401:0:Nhi:210486602
  ;z35:J1:52964404;z3444:B11/25:30676488;z3275:J1:47115944;z21:JD1:58791149;z3624:
  JD1:59918478;z3625:JD1:10725313;z27:JD1:12309304.
Sum=895645265; test 895645265/1000000000+(1-z1817)^7 <= 9981662/10000000.
Leaf R01111101100111010
  B=[z1815,z3626,z1825,z3448,z1817,z3398,z1826,z7,z612,z402,z8,z8] h=z10
  horizon=27 mass=z1817.
Cells
  z3627:B1:49096801;z3628:0:Nlo:346378708;z14:0:Nhi:16546266;z3401:0:Nhi:210486601
  ;z35:J1:51484240;z3450:B11/25:29367562;z21:J1:106966286;z3625:J1:73443082;z3629:
  J1:7085492;z1830:J1:270602;z27:P:5490244.
Sum=896615884; test 896615884/1000000000+(1-z1817)^7 <= 9991368/10000000.
Leaf R01111101100111011
  B=[z3410,z3618,z3397,z1769,z3398,z1629,z3412,z7,z612,z402,z8,z8] h=z10
  horizon=27 mass=z3398.
Cells
  z3619:B1:50438576;z3620:0:Nlo:345894255;z14:0:Nhi:16324752;z3413:0:Nhi:208904047
  ;z35:J1:53976484;z3455:B11/25:28169764;z21:J1:108837800;z3630:J1:72754106;z3631:
  J1:7177574;z3632:J1:191509;z27:P:5695224.
Sum=898364091; test 898364091/1000000000+(1-z3398)^7 <= 9991996/10000000.
Leaf R011111011001111000
  B=[z3467,z3633,z3634,z3635,z1817,z3398,z1826,z7,z573,z402,z8,z8] h=z10
  horizon=27 mass=z1817.
Cells
  z3636:B1:54425343;z3637:0:Nlo:344339562;z14:0:Nhi:15703226;z3638:0:Nhi:190186985
  ;z35:J1:70619618;z3639:B11/25:13998586;z21:J1:121157597;z3640:J1:62375081;z3641:
  J1:16949186;z3642:J1:950463;z27:P:6491085.
Sum=897196732; test 897196732/1000000000+(1-z1817)^7 <= 9997177/10000000.
Leaf R0111110110011110010
  B=[z3626,z3643,z3644,z3645,z3398,z1629,z3412,z7,z573,z612,z8,z8] h=z10
  horizon=27 mass=z3398.
Cells
  z3646:B1:55854500;z3647:0:Nlo:343743564;z14:0:Nhi:15492624;z3648:0:Nhi:191399440
  ;z35:J1:70587572;z3649:B11/25:26262606;z3415:J1:48605168;z21:JD1:60465922;z3650:
  JD1:47155836;z3651:JD1:15674881;z27:JD1:21690655.
Sum=896932768; test 896932768/1000000000+(1-z3398)^7 <= 9977682/10000000.
Leaf R0111110110011110011
  B=[z3626,z3643,z3644,z3645,z3398,z1629,z3412,z7,z612,z402,z8,z8] h=z10
  horizon=27 mass=z3398.
Cells
  z3646:B1:55854500;z3647:0:Nlo:343743564;z14:0:Nhi:15492624;z3652:0:Nhi:182177017
  ;z35:J1:78744110;z3649:B11/25:26262606;z21:J1:108974817;z3653:J1:71675032;z3654:
  J1:7163167;z3655:J1:397055;z27:P:7156730.
Sum=897641222; test 897641222/1000000000+(1-z3398)^7 <= 9984767/10000000.
Leaf R01111101100111101000
  B=[z3467,z3633,z3656,z3448,z1817,z3398,z1826,z7,z573,z609,z8,z8] h=z10
  horizon=27 mass=z1817.
Cells
  z3636:B1:54425343;z3637:0:Nlo:344339562;z14:0:Nhi:15703226;z3657:0:Nhi:198537062
  ;z35:J1:64861763;z3658:B11/25:30524234;z3275:J1:47034596;z21:JD1:58209082;z3659:
  JD1:53928189;z3660:JD1:15182070;z27:JD1:10650318.
Sum=893395445; test 893395445/1000000000+(1-z1817)^7 <= 9959164/10000000.
Leaf R01111101100111101001
  B=[z3467,z3633,z3656,z3448,z1817,z3398,z1826,z7,z609,z612,z8,z8] h=z10
  horizon=27 mass=z1817.
Cells
  z3636:B1:54425343;z3637:0:Nlo:344339562;z14:0:Nhi:15703226;z3661:0:Nhi:238883606
  ;z35:J1:24321786;z3658:B11/25:30524234;z3275:J1:46803865;z21:JD1:58568049;z3662:
  JD1:60932277;z3663:JD1:10755765;z27:JD1:10538992.
Sum=895796705; test 895796705/1000000000+(1-z1817)^7 <= 9983176/10000000.
Leaf R011111011001111010100
  B=[z3467,z3664,z3665,z3666,z1817,z3667,z1826,z7,z612,z1290,z8,z8] h=z10
  horizon=27 mass=z1817.
Cells
  z3668:B1:53711754;z3669:0:Nlo:344629805;z14:0:Nhi:15810688;z3670:0:Nhi:185615146
  ;z35:J1:76455914;z3639:B11/25:13998586;z3275:J1:62840287;z21:JD1:58829755;z3671:
  JD1:67532948;z3672:JD1:6826335;z27:JD1:10151091.
Sum=896402309; test 896402309/1000000000+(1-z1817)^7 <= 9989232/10000000.
Leaf R011111011001111010101
  B=[z3467,z3664,z3665,z3666,z1817,z3667,z1826,z7,z1290,z402,z8,z8] h=z10
  horizon=27 mass=z1817.
Cells
  z3668:B1:53711754;z3669:0:Nlo:344629805;z14:0:Nhi:15810688;z3670:0:Nhi:185615147
  ;z35:J1:75672999;z3639:B11/25:13998586;z21:J1:121596282;z3673:J1:78586088;z3674:
  J1:3266999;z3675:J1:4972;z27:P:3661503.
Sum=896554823; test 896554823/1000000000+(1-z1817)^7 <= 9990757/10000000.
Leaf R011111011001111010110
  B=[z3676,z3633,z3677,z3448,z3667,z3398,z3678,z7,z612,z1290,z8,z8] h=z10
  horizon=27 mass=z3667.
Cells
  z3636:B1:54425343;z3637:0:Nlo:344339562;z14:0:Nhi:15703226;z3679:0:Nhi:236529038
  ;z35:J1:26226852;z3680:B11/25:29384506;z3681:J1:46754322;z21:JD1:59886590;z3682:
  JD1:67009156;z3683:JD1:6870744;z27:JD1:10494311.
Sum=897623650; test 897623650/1000000000+(1-z3667)^7 <= 9992989/10000000.
Leaf R011111011001111010111
  B=[z3676,z3633,z3677,z3448,z3667,z3398,z3678,z7,z1290,z402,z8,z8] h=z10
  horizon=27 mass=z3667.
Cells
  z3636:B1:54425343;z3637:0:Nlo:344339562;z14:0:Nhi:15703226;z3684:0:Nhi:183880266
  ;z35:J1:78223328;z3680:B11/25:29384506;z21:J1:106654413;z3685:J1:78117767;z3686:
  J1:3267136;z3687:J1:18464;z27:P:3972200.
Sum=897986211; test 897986211/1000000000+(1-z3667)^7 <= 9996614/10000000.
Leaf R01111101100111101100
  B=[z3626,z3643,z3688,z1769,z3398,z1629,z3412,z7,z573,z609,z8,z8] h=z10
  horizon=27 mass=z3398.
Cells
  z3646:B1:55854500;z3647:0:Nlo:343743564;z14:0:Nhi:15492624;z3689:0:Nhi:234219427
  ;z35:J1:29399515;z3690:B11/25:29571021;z3415:J1:46520217;z21:JD1:60315183;z3691:
  JD1:52751515;z3692:JD1:15425341;z27:JD1:11297120.
Sum=894590027; test 894590027/1000000000+(1-z3398)^7 <= 9954255/10000000.
Leaf R01111101100111101101
  B=[z3626,z3643,z3688,z1769,z3398,z1629,z3412,z7,z609,z612,z8,z8] h=z10
  horizon=27 mass=z3398.
Cells
  z3646:B1:55854500;z3647:0:Nlo:343743564;z14:0:Nhi:15492624;z3689:0:Nhi:234219426
  ;z35:J1:29083760;z3690:B11/25:29571021;z3415:J1:46280373;z21:JD1:60688378;z3693:
  JD1:59828354;z3694:JD1:10910803;z27:JD1:11211871.
Sum=896884674; test 896884674/1000000000+(1-z3398)^7 <= 9977201/10000000.
Leaf R011111011001111011100
  B=[z3626,z3695,z3696,z3697,z3398,z3698,z3412,z7,z612,z1290,z8,z8] h=z10
  horizon=27 mass=z3398.
Cells
  z3699:B1:55139612;z3700:0:Nlo:344044105;z14:0:Nhi:15597214;z3689:0:Nhi:234219426
  ;z35:J1:28564935;z3701:B11/25:28925729;z3415:J1:46472744;z21:JD1:60957533;z3702:
  JD1:66479746;z3703:JD1:6916365;z27:JD1:10841456.
Sum=898158865; test 898158865/1000000000+(1-z3398)^7 <= 9989943/10000000.
Leaf R011111011001111011101
  B=[z3626,z3695,z3696,z3697,z3398,z3698,z3412,z7,z1290,z402,z8,z8] h=z10
  horizon=27 mass=z3398.
Cells
  z3699:B1:55139612;z3700:0:Nlo:344044105;z14:0:Nhi:15597214;z3689:0:Nhi:234219425
  ;z35:J1:28317923;z3701:B11/25:28925729;z21:J1:107439760;z3704:J1:77645367;z3705:
  J1:3060903;z3706:J1:239010;z27:P:4285463.
Sum=898914511; test 898914511/1000000000+(1-z3398)^7 <= 9997500/10000000.
Leaf R011111011001111011110
  B=[z3707,z3708,z3709,z1769,z3698,z1629,z3710,z7,z612,z402,z8,z8] h=z10
  horizon=27 mass=z3698.
Cells
  z3711:B1:53140844;z3712:0:Nlo:344858380;z14:0:Nhi:15897809;z3713:0:Nhi:231953514
  ;z35:J1:30918233;z3714:B11/25:28468223;z21:J1:108541995;z3715:J1:74026882;z3716:
  J1:3948357;z3717:J1:3126055;z27:P:3631787.
Sum=898512079; test 898512079/1000000000+(1-z3698)^7 <= 9985138/10000000.
Leaf R011111011001111011111
  B=[z3718,z3643,z3719,z3720,z3698,z1629,z3710,z7,z612,z402,z8,z8] h=z3721
  horizon=27 mass=z3698.
Cells
  z3646:B1:55854500;z3647:0:Nlo:343743564;z14:0:Nhi:15492624;z3722:0:Nhi:223336339
  ;z35:J1:38694930;z3723:B11/25:23480873;z21:J1:112723769;z3724:J1:73511184;z3725:
  J1:5310819;z3726:J1:1780133;z27:P:4132443.
Sum=898061178; test 898061178/1000000000+(1-z3698)^7 <= 9980629/10000000.
Leaf R0111110110011111000
  B=[z3576,z3727,z3728,z3729,z1817,z3398,z1826,z7,z573,z612,z8,z8] h=z3730
  horizon=27 mass=z1817.
Cells
  z3731:B1:57105557;z3732:0:Nlo:343206351;z14:0:Nhi:15313112;z3733:0:Nhi:221645168
  ;z35:J1:40225384;z3734:B11/25:21627429;z3275:J1:55225615;z21:JD1:58360524;z3735:
  JD1:48462736;z3736:JD1:15215709;z27:JD1:20880566.
Sum=897268151; test 897268151/1000000000+(1-z1817)^7 <= 9997891/10000000.
Leaf R01111101100111110010
  B=[z3576,z3737,z3738,z3739,z1817,z3667,z1826,z7,z612,z402,z8,z8] h=z3730
  horizon=27 mass=z1817.
Cells
  z3740:B1:56370891;z3741:0:Nlo:343523535;z14:0:Nhi:15417993;z3733:0:Nhi:221645168
  ;z35:J1:39091899;z3742:B11/25:20928703;z21:J1:113723965;z3743:J1:72558475;z3744:
  J1:7000683;z3745:J1:396105;z27:P:6425520.
Sum=897082937; test 897082937/1000000000+(1-z1817)^7 <= 9996039/10000000.
Leaf R01111101100111110011
  B=[z3664,z3727,z3746,z3747,z3667,z3398,z3678,z7,z612,z402,z8,z8] h=z3748
  horizon=27 mass=z3667.
Cells
  z3731:B1:57105557;z3732:0:Nlo:343206351;z14:0:Nhi:15313112;z3749:0:Nhi:219498300
  ;z35:J1:41167255;z3750:B11/25:20945024;z21:J1:113594825;z3751:J1:72164712;z3752:
  J1:7012163;z3753:J1:350019;z27:P:6478254.
Sum=896835572; test 896835572/1000000000+(1-z3667)^7 <= 9985108/10000000.
Leaf R011111011001111101
  B=[z3600,z3395,z3447,z3754,z1817,z3398,z1826,z7,z573,z402,z8,z8] h=z3755
  horizon=27 mass=z1817.
Cells
  z3399:B1:59792316;z3400:0:Nlo:342006614;z14:0:Nhi:14941908;z3756:0:Nhi:213909323
  ;z35:J1:46506930;z3757:B11/25:19069074;z21:J1:114811539;z3758:J1:62274357;z3759:
  J1:16385418;z3760:J1:911801;z27:P:6457629.
Sum=897066909; test 897066909/1000000000+(1-z1817)^7 <= 9995878/10000000.
Leaf R011111011001111110
  B=[z3633,z3193,z3453,z3761,z3398,z1629,z3412,z7,z573,z612,z8,z8] h=z3762
  horizon=27 mass=z3398.
Cells
  z3195:B1:61303238;z3196:0:Nlo:341305931;z14:0:Nhi:14741195;z3763:0:Nhi:217391806
  ;z35:J1:44509906;z3764:B11/25:21649929;z3415:J1:53295308;z21:JD1:60013458;z3765:
  JD1:47060606;z3766:JD1:15233127;z27:JD1:21876307.
Sum=898380811; test 898380811/1000000000+(1-z3398)^7 <= 9992163/10000000.
Leaf R0111110110011111110
  B=[z3633,z3767,z3768,z3761,z3398,z1629,z3412,z7,z612,z402,z8,z8] h=z3762
  horizon=27 mass=z3398.
Cells
  z3769:B1:58576296;z3770:0:Nlo:342557159;z14:0:Nhi:15107574;z3763:0:Nhi:217391806
  ;z35:J1:43602813;z3764:B11/25:21649929;z21:J1:113171000;z3771:J1:71603850;z3772:
  J1:7021860;z3773:J1:335373;z27:P:6760949.
Sum=897778609; test 897778609/1000000000+(1-z3398)^7 <= 9986141/10000000.
Leaf R0111110110011111111
  B=[z3727,z3193,z3453,z3774,z3398,z1629,z3412,z7,z612,z402,z8,z8] h=z3775
  horizon=27 mass=z3398.
Cells
  z3195:B1:61303238;z3196:0:Nlo:341305931;z14:0:Nhi:14741195;z3776:0:Nhi:209837075
  ;z35:J1:49622156;z3777:B11/25:19090947;z21:J1:113811632;z3778:J1:71440146;z3779:
  J1:6904514;z3780:J1:302546;z27:P:6557987.
Sum=894917367; test 894917367/1000000000+(1-z3398)^7 <= 9957528/10000000.
Leaf R0111110110100000
  B=[z2006,z3781,z3782,z3783,z1426,z1817,z1443,z7,z407,z573,z8,z8] h=z3202
  horizon=27 mass=z1426.
Cells
  z3784:B1:63587109;z3785:0:Nlo:340213619;z14:0:Nhi:14447989;z3786:0:Nhi:181021100
  ;z3787:J1:59006680;z35:J1:16999299;z3788:B11/25:10199754;z1449:J1:66957684;z21:J
  D1:53023853;z3789:JD1:5477789;z3790:JD1:35932061;z27:JD1:44426193.
Sum=891293130; test 891293130/1000000000+(1-z1426)^7 <= 9972575/10000000.
Leaf R0111110110100001
  B=[z2006,z3781,z3782,z3783,z1426,z1817,z1443,z7,z573,z402,z8,z8] h=z3202
  horizon=27 mass=z1426.
Cells
  z3784:B1:63587109;z3785:0:Nlo:340213619;z14:0:Nhi:14447989;z3791:0:Nhi:167912106
  ;z21:J1:214062722;z3792:J1:59601237;z3793:J1:15587519;z3794:J1:2719076;z27:P:113
  56288.
Sum=889487665; test 889487665/1000000000+(1-z1426)^7 <= 9954520/10000000.
Leaf R01111101101000100
  B=[z2006,z3781,z3795,z3280,z1426,z1817,z1443,z7,z407,z570,z8,z8] h=z3202
  horizon=27 mass=z1426.
Cells
  z3784:B1:63587109;z3785:0:Nlo:340213619;z14:0:Nhi:14447989;z3796:0:Nhi:214955462
  ;z35:J1:47288216;z3797:B11/25:19421842;z1449:J1:61027851;z21:JD1:52647298;z3798:
  JD1:13430479;z3799:JD1:38116029;z27:JD1:24244499.
Sum=889380393; test 889380393/1000000000+(1-z1426)^7 <= 9953448/10000000.
Leaf R01111101101000101
  B=[z2006,z3781,z3795,z3280,z1426,z1817,z1443,z7,z570,z573,z8,z8] h=z3202
  horizon=27 mass=z1426.
Cells
  z3784:B1:63587109;z3785:0:Nlo:340213619;z14:0:Nhi:14447989;z3800:0:Nhi:208020320
  ;z35:J1:52764469;z3801:B11/25:17936290;z1449:J1:61662947;z21:JD1:53192909;z3802:
  JD1:33947687;z3803:JD1:24254116;z27:JD1:22622736.
Sum=892650191; test 892650191/1000000000+(1-z1426)^7 <= 9986146/10000000.
Leaf R011111011010001100
  B=[z2006,z3804,z3805,z3806,z1426,z3382,z1443,z7,z573,z612,z8,z8] h=z3202
  horizon=27 mass=z1426.
Cells
  z3807:B1:61999674;z3808:0:Nlo:340976981;z14:0:Nhi:14650518;z3809:0:Nhi:173418602
  ;z35:J1:85538786;z3810:B11/25:16362979;z1449:J1:61888221;z21:JD1:53624376;z3811:
  JD1:50147469;z3812:JD1:14466388;z27:JD1:20795526.
Sum=893869520; test 893869520/1000000000+(1-z1426)^7 <= 9998339/10000000.
Leaf R0111110110100011010
  B=[z2006,z3813,z3814,z3815,z1426,z3514,z1443,z7,z612,z402,z8,z8] h=z3202
  horizon=27 mass=z1426.
Cells
  z3816:B1:61206141;z3817:0:Nlo:341351498;z14:0:Nhi:14753927;z3791:0:Nhi:167912106
  ;z21:J1:219793573;z3818:J1:73223591;z3819:J1:6744391;z3820:J1:615945;z27:P:66312
  03.
Sum=892232375; test 892232375/1000000000+(1-z1426)^7 <= 9981968/10000000.
Leaf R0111110110100011011
  B=[z3539,z3804,z3821,z3822,z3514,z3382,z3527,z7,z612,z402,z8,z8] h=z3823
  horizon=27 mass=z3514.
Cells
  z3807:B1:61999674;z3808:0:Nlo:340976981;z14:0:Nhi:14650518;z3824:0:Nhi:166330053
  ;z21:J1:221510517;z3825:J1:72826035;z3826:J1:6750292;z3827:J1:571571;z27:P:66827
  41.
Sum=892298382; test 892298382/1000000000+(1-z3514)^7 <= 9973927/10000000.
Leaf R011111011010001110
  B=[z3379,z3781,z3828,z3829,z3382,z1817,z291,z7,z573,z612,z8,z8] h=z3830
  horizon=27 mass=z3382.
Cells
  z3784:B1:63587109;z3785:0:Nlo:340213619;z14:0:Nhi:14447989;z3831:0:Nhi:210741038
  ;z35:J1:48103360;z3832:B11/25:16385366;z3440:J1:60030306;z21:JD1:55158815;z3833:
  JD1:49274800;z3834:JD1:14511530;z27:JD1:20827716.
Sum=893281648; test 893281648/1000000000+(1-z3382)^7 <= 9975121/10000000.
Leaf R011111011010001111
  B=[z3379,z3781,z3828,z3829,z3382,z1817,z291,z7,z612,z402,z8,z8] h=z3830
  horizon=27 mass=z3382.
Cells
  z3784:B1:63587109;z3785:0:Nlo:340213619;z14:0:Nhi:14447989;z3831:0:Nhi:210741039
  ;z21:J1:178658427;z3835:J1:72260937;z3836:J1:6754556;z3837:J1:557992;z27:P:69733
  45.
Sum=894195013; test 894195013/1000000000+(1-z3382)^7 <= 9984255/10000000.
Leaf R0111110110100100
  B=[z2905,z3278,z3279,z3838,z1426,z1817,z1443,z7,z407,z570,z8,z8] h=z3839
  horizon=27 mass=z1426.
Cells
  z3281:B1:68892762;z3282:0:Nlo:337535269;z14:0:Nhi:13809671;z3840:0:Nhi:201218402
  ;z3841:J1:48290657;z35:J1:9616338;z3842:B11/25:12493114;z1449:J1:65375864;z21:JD
  1:51115909;z3843:JD1:14604760;z3844:JD1:34426599;z27:JD1:27720805.
Sum=885100150; test 885100150/1000000000+(1-z1426)^7 <= 9910645/10000000.
Leaf R0111110110100101
  B=[z2905,z3278,z3279,z3838,z1426,z1817,z1443,z7,z570,z573,z8,z8] h=z3839
  horizon=27 mass=z1426.
Cells
  z3281:B1:68892762;z3282:0:Nlo:337535269;z14:0:Nhi:13809671;z3845:0:Nhi:192790444
  ;z35:J1:64586098;z3842:B11/25:12493114;z1449:J1:64532996;z21:JD1:51703283;z3846:
  JD1:33059516;z3847:JD1:22588182;z27:JD1:26085981.
Sum=888077316; test 888077316/1000000000+(1-z1426)^7 <= 9940417/10000000.
Leaf R011111011010011
  B=[z2905,z3278,z3279,z3838,z1426,z1817,z1443,z7,z573,z402,z8,z8] h=z3839
  horizon=27 mass=z1426.
Cells
  z3281:B1:68892762;z3282:0:Nlo:337535269;z14:0:Nhi:13809671;z3848:0:Nhi:201218400
  ;z21:J1:184268980;z3847:J1:59923514;z3849:J1:15082796;z3850:J1:2467156;z27:P:107
  05951.
Sum=893904499; test 893904499/1000000000+(1-z1426)^7 <= 9998689/10000000.
Leaf R0111110110101000
  B=[z3265,z3851,z3852,z3289,z1817,z1629,z1826,z7,z407,z570,z8,z8] h=z3290
  horizon=27 mass=z1817.
Cells
  z3853:B1:66761747;z3854:0:Nlo:338633442;z14:0:Nhi:14059272;z3855:0:Nhi:225583004
  ;z35:J1:36892982;z3856:B11/25:19871900;z3275:J1:56783859;z21:JD1:55608292;z3857:
  JD1:10548232;z3858:JD1:36628720;z27:JD1:29111535.
Sum=890482985; test 890482985/1000000000+(1-z1817)^7 <= 9930039/10000000.
Leaf R0111110110101001
  B=[z3265,z3851,z3852,z3289,z1817,z1629,z1826,z7,z570,z573,z8,z8] h=z3290
  horizon=27 mass=z1817.
Cells
  z3853:B1:66761747;z3854:0:Nlo:338633442;z14:0:Nhi:14059272;z3859:0:Nhi:206685700
  ;z35:J1:54404994;z3860:B11/25:17936981;z3275:J1:57916398;z21:JD1:56226002;z3861:
  JD1:30195148;z3862:JD1:23689735;z27:JD1:27440547.
Sum=893949966; test 893949966/1000000000+(1-z1817)^7 <= 9964709/10000000.
Leaf R0111110110101010
  B=[z3265,z3863,z3864,z3865,z1817,z3398,z1826,z7,z573,z402,z8,z8] h=z3290
  horizon=27 mass=z1817.
Cells
  z3866:B1:65174624;z3867:0:Nlo:339432081;z14:0:Nhi:14250980;z3868:0:Nhi:206685699
  ;z35:J1:52108979;z3869:B11/25:16407136;z21:J1:115491370;z3870:J1:58300787;z3871:
  J1:15695674;z3872:J1:2275351;z27:P:11296620.
Sum=897119301; test 897119301/1000000000+(1-z1817)^7 <= 9996402/10000000.
Leaf R0111110110101011
  B=[z3395,z3851,z3873,z3874,z3398,z1629,z3412,z7,z573,z402,z8,z8] h=z3875
  horizon=27 mass=z3398.
Cells
  z3853:B1:66761747;z3854:0:Nlo:338633442;z14:0:Nhi:14059272;z3876:0:Nhi:202780723
  ;z35:J1:56060044;z3877:B11/25:16428312;z21:J1:115197296;z3878:J1:57503091;z3879:
  J1:15740270;z3880:J1:2103678;z27:P:11459900.
Sum=896727775; test 896727775/1000000000+(1-z3398)^7 <= 9975632/10000000.
Leaf R011111011010110
  B=[z3781,z3199,z3288,z3881,z1817,z1629,z1826,z7,z407,z573,z8,z8] h=z3882
  horizon=27 mass=z1817.
Cells
  z3203:B1:72210533;z3204:0:Nlo:335770289;z14:0:Nhi:13437637;z3883:0:Nhi:211007908
  ;z3884:J1:39763295;z35:J1:8703430;z3885:B11/25:12484788;z3275:J1:61666714;z21:JD
  1:55321156;z3886:JD1:5991874;z3887:JD1:34506106;z27:JD1:42367941.
Sum=893231671; test 893231671/1000000000+(1-z1817)^7 <= 9957526/10000000.
Leaf R011111011010111
  B=[z3781,z3199,z3288,z3881,z1817,z1629,z1826,z7,z573,z402,z8,z8] h=z3882
  horizon=27 mass=z1817.
Cells
  z3203:B1:72210533;z3204:0:Nlo:335770289;z14:0:Nhi:13437637;z3888:0:Nhi:193586756
  ;z21:J1:191209437;z3889:J1:58383140;z3890:J1:15128448;z3891:J1:2119161;z27:P:109
  93032.
Sum=892838433; test 892838433/1000000000+(1-z1817)^7 <= 9953594/10000000.
Leaf R0111110110110
  B=[z2016,z3321,z3892,z3893,z1426,z1817,z1443,z7,z407,z402,z8,z8] h=z3212
  horizon=27 mass=z1426.
Cells
  z3324:B1:79443266;z3325:0:Nlo:331714007;z14:0:Nhi:12688477;z3894:0:Nhi:189105289
  ;z3895:J1:43530516;z21:J1:149403073;z3896:J1:28076171;z3897:J1:41594766;z3898:J1
  :6850292;z27:P:11301715.
Sum=893707572; test 893707572/1000000000+(1-z1426)^7 <= 9996720/10000000.
Leaf R0111110110111
  B=[z3278,z3209,z3899,z3900,z1817,z1629,z1826,z7,z407,z402,z8,z8] h=z3901
  horizon=27 mass=z1817.
Cells
  z3213:B1:83016174;z3214:0:Nlo:329616480;z14:0:Nhi:12345861;z3902:0:Nhi:182025501
  ;z3903:J1:51763096;z21:J1:147757774;z3904:J1:26809778;z3905:J1:41875202;z3906:J1
  :5962632;z27:P:11585772.
Sum=892758270; test 892758270/1000000000+(1-z1817)^7 <= 9952792/10000000.
Leaf R011111011100000
  B=[z1768,z3338,z3907,z1845,z1629,z1846,z346,z7,z407,z570,z8,z8] h=z10 horizon=27
  mass=z1629.
Cells
  z3340:B1:64326828;z3341:0:Nlo:339851658;z14:0:Nhi:14355520;z3908:0:Nhi:225206103
  ;z35:J1:38423243;z3909:B11/25:24118555;z1637:J1:49739725;z21:JD1:60841945;z3910:
  JD1:2801360;z3911:JD1:40829159;z27:JD1:34012834.
Sum=894506930; test 894506930/1000000000+(1-z1629)^7 <= 9936808/10000000.
Leaf R011111011100001
  B=[z1768,z3338,z3907,z1845,z1629,z1846,z346,z7,z570,z573,z8,z8] h=z10 horizon=27
  mass=z1629.
Cells
  z3340:B1:64326828;z3341:0:Nlo:339851658;z14:0:Nhi:14355520;z3912:0:Nhi:207152465
  ;z35:J1:55182500;z3913:B11/25:21977358;z1637:J1:51141248;z21:JD1:61469966;z3914:
  JD1:24997511;z3915:JD1:25820294;z27:JD1:31851540.
Sum=898126888; test 898126888/1000000000+(1-z1629)^7 <= 9973007/10000000.
Leaf R0111110111000100
  B=[z1768,z3916,z3917,z3918,z1629,z3919,z346,z7,z573,z612,z8,z8] h=z10 horizon=27
  mass=z1629.
Cells
  z3920:B1:62814889;z3921:0:Nlo:340587282;z14:0:Nhi:14545802;z3922:0:Nhi:207371863
  ;z35:J1:52727185;z3923:B11/25:20655581;z1637:J1:51365652;z21:JD1:61979532;z3924:
  JD1:42164575;z3925:JD1:15328009;z3926:JD1:26928183;z27:P:2602799.
Sum=899071352; test 899071352/1000000000+(1-z1629)^7 <= 9982452/10000000.
Leaf R0111110111000101
  B=[z1768,z3916,z3917,z3918,z1629,z3919,z346,z7,z612,z402,z8,z8] h=z10 horizon=27
  mass=z1629.
Cells
  z3920:B1:62814889;z3921:0:Nlo:340587282;z14:0:Nhi:14545802;z3922:0:Nhi:207371863
  ;z35:J1:51706088;z3923:B11/25:20655581;z21:J1:113243953;z3927:J1:65924232;z3928:
  J1:7134786;z3929:J1:1222206;z27:P:14194840.
Sum=899401522; test 899401522/1000000000+(1-z1629)^7 <= 9985753/10000000.
Leaf R0111110111000110
  B=[z3930,z3338,z3931,z1845,z3919,z1846,z3932,z7,z573,z612,z8,z8] h=z10
  horizon=27 mass=z3919.
Cells
  z3340:B1:64326828;z3341:0:Nlo:339851658;z14:0:Nhi:14355520;z3933:0:Nhi:205490052
  ;z35:J1:55432035;z3934:B11/25:19361738;z3935:J1:51195072;z21:JD1:64132036;z3936:
  JD1:40729878;z3937:JD1:15526109;z3938:JD1:27212874;z27:P:3253661.
Sum=900867461; test 900867461/1000000000+(1-z3919)^7 <= 9984032/10000000.
Leaf R0111110111000111
  B=[z3930,z3338,z3931,z1845,z3919,z1846,z3932,z7,z612,z402,z8,z8] h=z10
  horizon=27 mass=z3919.
Cells
  z3340:B1:64326828;z3341:0:Nlo:339851658;z14:0:Nhi:14355520;z3933:0:Nhi:205490051
  ;z35:J1:54309560;z3934:B11/25:19361738;z21:J1:115196848;z3939:J1:64733002;z3940:
  J1:7212401;z3941:J1:1231471;z27:P:14961592.
Sum=901030669; test 901030669/1000000000+(1-z3919)^7 <= 9985664/10000000.
Leaf R011111011100100
  B=[z1768,z3338,z3942,z1852,z1629,z1846,z346,z7,z407,z570,z8,z8] h=z10 horizon=27
  mass=z1629.
Cells
  z3340:B1:64326828;z3341:0:Nlo:339851658;z14:0:Nhi:14355520;z3943:0:Nhi:240663750
  ;z35:J1:25937323;z3944:B11/25:44525726;z1637:J1:31487702;z21:JD1:62263492;z3945:
  JD1:3120801;z3946:JD1:43932135;z27:JD1:28187298.
Sum=898652233; test 898652233/1000000000+(1-z1629)^7 <= 9978261/10000000.
Leaf R0111110111001010
  B=[z1768,z3338,z3942,z1852,z1629,z1846,z346,z7,z570,z598,z8,z8] h=z10 horizon=27
  mass=z1629.
Cells
  z3340:B1:64326828;z3341:0:Nlo:339851658;z14:0:Nhi:14355520;z3947:0:Nhi:235061091
  ;z35:J1:30754995;z3944:B11/25:44525726;z1637:J1:31008571;z21:JD1:62030039;z3948:
  JD1:31514229;z3949:JD1:26569142;z27:JD1:18324069.
Sum=898321868; test 898321868/1000000000+(1-z1629)^7 <= 9974957/10000000.
Leaf R0111110111001011
  B=[z1768,z3338,z3942,z1852,z1629,z1846,z346,z7,z598,z573,z8,z8] h=z10 horizon=27
  mass=z1629.
Cells
  z3340:B1:64326828;z3341:0:Nlo:339851658;z14:0:Nhi:14355520;z3950:0:Nhi:235697574
  ;z35:J1:29671883;z3944:B11/25:44525726;z1637:J1:30813453;z21:JD1:62373360;z3951:
  JD1:40481328;z3952:JD1:20503222;z27:JD1:17977511.
Sum=900578063; test 900578063/1000000000+(1-z1629)^7 <= 9997519/10000000.
Leaf R01111101110011000
  B=[z1768,z3953,z3954,z3955,z1629,z3919,z346,z7,z573,z612,z8,z8] h=z10 horizon=27
  mass=z1629.
Cells
  z3956:B1:51784049;z3957:0:Nlo:345388212;z14:0:Nhi:16109089;z3958:0:Nhi:218122550
  ;z35:J1:46472963;z3959:B11/25:23502219;z1637:J1:51234816;z21:JD1:63266518;z3960:
  JD1:46832759;z3961:JD1:16065837;z27:JD1:20567924.
Sum=899346936; test 899346936/1000000000+(1-z1629)^7 <= 9985208/10000000.
Leaf R01111101110011001
  B=[z1768,z3953,z3954,z3955,z1629,z3919,z346,z7,z612,z402,z8,z8] h=z10 horizon=27
  mass=z1629.
Cells
  z3956:B1:51784049;z3957:0:Nlo:345388212;z14:0:Nhi:16109089;z3922:0:Nhi:207371862
  ;z35:J1:56503605;z3959:B11/25:23502219;z21:J1:114275969;z3962:J1:71933901;z3963:
  J1:7274253;z3964:J1:135126;z27:P:6068883.
Sum=900347168; test 900347168/1000000000+(1-z1629)^7 <= 9995210/10000000.
Leaf R01111101110011010
  B=[z3930,z3965,z3966,z1852,z3919,z1846,z3932,z7,z573,z612,z8,z8] h=z10
  horizon=27 mass=z3919.
Cells
  z3967:B1:53132777;z3968:0:Nlo:344861586;z14:0:Nhi:15899047;z3969:0:Nhi:220747187
  ;z35:J1:44509809;z3970:B11/25:39501758;z3935:J1:33493732;z21:JD1:65540587;z3971:
  JD1:45439020;z3972:JD1:16341419;z27:JD1:21415814.
Sum=900882736; test 900882736/1000000000+(1-z3919)^7 <= 9984184/10000000.
Leaf R011111011100110110
  B=[z3930,z3965,z3966,z3973,z3919,z1846,z3932,z7,z612,z402,z8,z8] h=z10
  horizon=27 mass=z3919.
Cells
  z3967:B1:53132777;z3968:0:Nlo:344861586;z14:0:Nhi:15899047;z3933:0:Nhi:205490051
  ;z35:J1:56849584;z3934:B11/25:19361738;z21:J1:117266096;z3974:J1:70886468;z3975:
  J1:7373783;z3976:J1:120165;z27:P:6730691.
Sum=897971986; test 897971986/1000000000+(1-z3919)^7 <= 9955077/10000000.
Leaf R011111011100110111
  B=[z3930,z3965,z3977,z1852,z3919,z1846,z3932,z7,z612,z402,z8,z8] h=z10
  horizon=27 mass=z3919.
Cells
  z3967:B1:53132777;z3968:0:Nlo:344861586;z14:0:Nhi:15899047;z3933:0:Nhi:205490051
  ;z35:J1:59496340;z3970:B11/25:39501758;z21:J1:99006807;z3978:J1:73112327;z3979:J
  1:1513020;z3980:J1:5567606;z27:P:3811173.
Sum=901392492; test 901392492/1000000000+(1-z3919)^7 <= 9989282/10000000.
Leaf R0111110111001110000
  B=[z3618,z3981,z3982,z3983,z1629,z3919,z346,z7,z573,z612,z8,z8] h=z10 horizon=27
  mass=z1629.
Cells
  z3984:B1:57285906;z3985:0:Nlo:343127752;z14:0:Nhi:15287594;z3986:0:Nhi:229730093
  ;z35:J1:32832805;z3987:B11/25:25399817;z1637:J1:47994066;z21:JD1:62618932;z3988:
  JD1:45790059;z3989:JD1:15919671;z27:JD1:22540453.
Sum=898527148; test 898527148/1000000000+(1-z1629)^7 <= 9977010/10000000.
Leaf R0111110111001110001
  B=[z3618,z3981,z3982,z3983,z1629,z3919,z346,z7,z612,z402,z8,z8] h=z10 horizon=27
  mass=z1629.
Cells
  z3984:B1:57285906;z3985:0:Nlo:343127752;z14:0:Nhi:15287594;z3986:0:Nhi:229730095
  ;z35:J1:32191275;z3987:B11/25:25399817;z21:J1:110493956;z3990:J1:70615218;z3991:
  J1:7253584;z3992:J1:386772;z27:P:7833156.
Sum=899605125; test 899605125/1000000000+(1-z1629)^7 <= 9987789/10000000.
Leaf R0111110111001110010
  B=[z3618,z3981,z3993,z3955,z1629,z3919,z346,z7,z573,z612,z8,z8] h=z10 horizon=27
  mass=z1629.
Cells
  z3984:B1:57285906;z3985:0:Nlo:343127752;z14:0:Nhi:15287594;z3986:0:Nhi:229730094
  ;z35:J1:34304445;z3994:B11/25:28625404;z1637:J1:45972852;z21:JD1:63266518;z3995:
  JD1:47368633;z3996:JD1:16136709;z27:JD1:19563691.
Sum=900669598; test 900669598/1000000000+(1-z1629)^7 <= 9998434/10000000.
Leaf R01111101110011100110
  B=[z3618,z3997,z3998,z3955,z1629,z3919,z346,z7,z612,z402,z8,z8] h=z10 horizon=27
  mass=z1629.
Cells
  z3999:B1:54529996;z4000:0:Nlo:344296579;z14:0:Nhi:15687597;z3986:0:Nhi:229730095
  ;z35:J1:33565765;z3994:B11/25:28625404;z21:J1:109087031;z4001:J1:73344721;z4002:
  J1:4510748;z4003:J1:2637231;z27:P:4192489.
Sum=900207656; test 900207656/1000000000+(1-z1629)^7 <= 9993815/10000000.
Leaf R01111101110011100111
  B=[z3708,z3981,z3993,z4004,z1629,z3919,z346,z7,z612,z402,z8,z8] h=z4005
  horizon=27 mass=z1629.
Cells
  z3984:B1:57285906;z3985:0:Nlo:343127752;z14:0:Nhi:15287594;z4006:0:Nhi:221214225
  ;z35:J1:41158131;z4007:B11/25:24133596;z21:J1:112343203;z4008:J1:72950926;z4009:
  J1:5036355;z4010:J1:2054691;z27:P:4421272.
Sum=899013651; test 899013651/1000000000+(1-z1629)^7 <= 9981875/10000000.
Leaf R0111110111001110100
  B=[z3953,z4011,z4012,z4013,z3919,z1846,z3932,z7,z573,z612,z8,z8] h=z4014
  horizon=27 mass=z3919.
Cells
  z4015:B1:55921688;z4016:0:Nlo:343715074;z14:0:Nhi:15482870;z4017:0:Nhi:225406118
  ;z35:J1:39101230;z4018:B11/25:27268235;z3935:J1:45653548;z21:JD1:65358930;z4019:
  JD1:45066190;z4020:JD1:16205558;z27:JD1:22141094.
Sum=901320535; test 901320535/1000000000+(1-z3919)^7 <= 9988562/10000000.
Leaf R0111110111001110101
  B=[z3953,z4011,z4012,z4013,z3919,z1846,z3932,z7,z612,z402,z8,z8] h=z4014
  horizon=27 mass=z3919.
Cells
  z4015:B1:55921688;z4016:0:Nlo:343715074;z14:0:Nhi:15482870;z4017:0:Nhi:225406119
  ;z35:J1:38220207;z4018:B11/25:27268235;z21:J1:110837861;z4021:J1:70303873;z4022:
  J1:7339233;z4023:J1:221153;z27:P:7427940.
Sum=902144253; test 902144253/1000000000+(1-z3919)^7 <= 9996800/10000000.
Leaf R011111011100111011
  B=[z3997,z4024,z4025,z4026,z3919,z1846,z3932,z7,z573,z402,z8,z8] h=z4027
  horizon=27 mass=z3919.
Cells
  z4028:B1:58719117;z4029:0:Nlo:342493133;z14:0:Nhi:15087919;z4030:0:Nhi:217086372
  ;z35:J1:46410917;z4031:B11/25:24155443;z21:J1:112886299;z4032:J1:59824140;z4033:
  J1:17372255;z4034:J1:431669;z27:P:7200552.
Sum=901667816; test 901667816/1000000000+(1-z3919)^7 <= 9992035/10000000.
Leaf R01111101110011110
  B=[z3643,z3916,z4035,z4036,z1629,z3919,z346,z7,z573,z402,z8,z8] h=z4037
  horizon=27 mass=z1629.
Cells
  z3920:B1:62814889;z3921:0:Nlo:340587282;z14:0:Nhi:14545802;z4038:0:Nhi:213295524
  ;z35:J1:48743749;z4039:B11/25:21671824;z21:J1:113670562;z4040:J1:59990735;z4041:
  J1:16824329;z4042:J1:837628;z27:P:7724719.
Sum=900707043; test 900707043/1000000000+(1-z1629)^7 <= 9998809/10000000.
Leaf R01111101110011111
  B=[z3981,z3338,z4043,z4044,z3919,z1846,z3932,z7,z573,z402,z8,z8] h=z4045
  horizon=27 mass=z3919.
Cells
  z3340:B1:64326828;z3341:0:Nlo:339851658;z14:0:Nhi:14355520;z4046:0:Nhi:209347904
  ;z35:J1:52931244;z4047:B11/25:21693138;z21:J1:113419627;z4048:J1:59233330;z4049:
  J1:16921396;z4050:J1:631449;z27:P:7847643.
Sum=900559737; test 900559737/1000000000+(1-z3919)^7 <= 9980954/10000000.
Leaf R011111011101000
  B=[z1844,z4051,z4052,z1415,z1846,z1416,z1859,z7,z407,z570,z8,z8] h=z10
  horizon=27 mass=z1846.
Cells
  z4053:B1:55838307;z4054:0:Nlo:343750424;z14:0:Nhi:15494976;z4055:0:Nhi:260888523
  ;z35:J1:5837525;z4056:B11/25:47215515;z3353:J1:25173535;z4057:JD1:64336958;z21:J
  D1:2521408;z4058:JD1:43107455;z27:JD1:32469395.
Sum=896634021; test 896634021/1000000000+(1-z1846)^7 <= 9925549/10000000.
Leaf R011111011101001
  B=[z1844,z4051,z4052,z1415,z1846,z1416,z1859,z7,z570,z573,z8,z8] h=z10
  horizon=27 mass=z1846.
Cells
  z4053:B1:55838307;z4054:0:Nlo:343750424;z14:0:Nhi:15494976;z4059:0:Nhi:252597307
  ;z35:J1:13749322;z4056:B11/25:47215515;z3353:J1:24764646;z21:JD1:67452415;z4060:
  JD1:22778528;z4061:JD1:27498198;z27:JD1:30448109.
Sum=901587747; test 901587747/1000000000+(1-z1846)^7 <= 9975086/10000000.
Leaf R011111011101010
  B=[z1844,z4051,z4052,z4062,z1846,z1416,z1859,z7,z573,z402,z8,z8] h=z10
  horizon=27 mass=z1846.
Cells
  z4053:B1:55838307;z4054:0:Nlo:343750424;z14:0:Nhi:15494976;z4063:0:Nhi:207461251
  ;z35:J1:55203926;z4064:B11/25:17035509;z21:J1:119808431;z4061:J1:53986972;z4065:
  J1:17573912;z4066:J1:2155478;z27:P:13287926.
Sum=901597112; test 901597112/1000000000+(1-z1846)^7 <= 9975179/10000000.
Leaf R01111101110101100
  B=[z1844,z4067,z4068,z4069,z1846,z4070,z1859,z7,z573,z612,z8,z8] h=z10
  horizon=27 mass=z1846.
Cells
  z4071:B1:54484333;z4072:0:Nlo:344315347;z14:0:Nhi:15694412;z4073:0:Nhi:221281966
  ;z35:J1:44700746;z4074:B11/25:34674000;z3353:J1:36596002;z21:JD1:67882214;z4075:
  JD1:43999935;z4076:JD1:16633507;z27:JD1:22290959.
Sum=902553421; test 902553421/1000000000+(1-z1846)^7 <= 9984743/10000000.
Leaf R011111011101011010
  B=[z1844,z4067,z4068,z4077,z1846,z4070,z1859,z7,z612,z402,z8,z8] h=z10
  horizon=27 mass=z1846.
Cells
  z4071:B1:54484333;z4072:0:Nlo:344315347;z14:0:Nhi:15694412;z3357:0:Nhi:201755979
  ;z35:J1:61697503;z4074:B11/25:34674000;z21:J1:102701818;z4078:J1:69814987;z4079:
  J1:7478811;z4080:J1:107266;z27:P:7404929.
Sum=900129385; test 900129385/1000000000+(1-z1846)^7 <= 9960502/10000000.
Leaf R011111011101011011
  B=[z1844,z4067,z4081,z4069,z1846,z4070,z1859,z7,z612,z402,z8,z8] h=z10
  horizon=27 mass=z1846.
Cells
  z4071:B1:54484333;z4072:0:Nlo:344315347;z14:0:Nhi:15694412;z4055:0:Nhi:260888525
  ;z35:J1:5299984;z4074:B11/25:34674000;z21:J1:104372421;z4082:J1:72105390;z4083:J
  1:1336254;z4084:J1:5830072;z27:P:4436980.
Sum=903437718; test 903437718/1000000000+(1-z1846)^7 <= 9993585/10000000.
Leaf R01111101110101110
  B=[z4085,z4051,z4086,z1415,z4070,z1416,z1497,z7,z573,z612,z8,z8] h=z10
  horizon=27 mass=z4070.
Cells
  z4053:B1:55838307;z4054:0:Nlo:343750424;z14:0:Nhi:15494976;z4087:0:Nhi:255961057
  ;z35:J1:10105019;z4088:B11/25:44832876;z4089:J1:24652511;z21:JD1:70295003;z4090:
  JD1:42512004;z4091:JD1:16943386;z27:JD1:23195256.
Sum=903580819; test 903580819/1000000000+(1-z4070)^7 <= 9979098/10000000.
Leaf R01111101110101111
  B=[z4085,z4051,z4086,z1415,z4070,z1416,z1497,z7,z612,z402,z8,z8] h=z10
  horizon=27 mass=z4070.
Cells
  z4053:B1:55838307;z4054:0:Nlo:343750424;z14:0:Nhi:15494976;z4087:0:Nhi:255961058
  ;z35:J1:9887377;z4088:B11/25:44832876;z21:J1:94953492;z4092:J1:68717739;z4093:J1
  :7589726;z4094:J1:96631;z27:P:8092535.
Sum=905215141; test 905215141/1000000000+(1-z4070)^7 <= 9995441/10000000.
Leaf R0111110111011000
  B=[z3965,z4095,z4096,z4097,z1846,z1416,z1859,z7,z407,z570,z8,z8] h=z4098
  horizon=27 mass=z1846.
Cells
  z4099:B1:61589270;z4100:0:Nlo:341171277;z14:0:Nhi:14703816;z4101:0:Nhi:263080447
  ;z35:J1:3131648;z4102:B11/25:41697240;z3353:J1:30345640;z4103:JD1:65741364;z21:J
  D1:360371;z4104:JD1:42705271;z27:JD1:32921010.
Sum=897447354; test 897447354/1000000000+(1-z1846)^7 <= 9933682/10000000.
Leaf R0111110111011001
  B=[z3965,z4095,z4096,z4097,z1846,z1416,z1859,z7,z570,z573,z8,z8] h=z4098
  horizon=27 mass=z1846.
Cells
  z4099:B1:61589270;z4100:0:Nlo:341171277;z14:0:Nhi:14703816;z4105:0:Nhi:251079182
  ;z35:J1:14550178;z4106:B11/25:27671755;z3353:J1:44283743;z21:JD1:66724508;z4107:
  JD1:23063942;z4108:JD1:26719325;z27:JD1:30970336.
Sum=902527332; test 902527332/1000000000+(1-z1846)^7 <= 9984482/10000000.
Leaf R0111110111011010
  B=[z3965,z4095,z4096,z4109,z1846,z1416,z1859,z7,z573,z402,z8,z8] h=z4098
  horizon=27 mass=z1846.
Cells
  z4099:B1:61589270;z4100:0:Nlo:341171277;z14:0:Nhi:14703816;z4110:0:Nhi:221238670
  ;z35:J1:40335799;z4111:B11/25:21064045;z21:J1:114393984;z4108:J1:53473700;z4112:
  J1:17211888;z4113:J1:2319972;z27:P:13958240.
Sum=901460661; test 901460661/1000000000+(1-z1846)^7 <= 9973815/10000000.
Leaf R011111011101101100
  B=[z3965,z4114,z4115,z4116,z1846,z4070,z1859,z7,z573,z402,z8,z8] h=z4098
  horizon=27 mass=z1846.
Cells
  z4117:B1:57315493;z4118:0:Nlo:343114831;z14:0:Nhi:15283417;z4119:0:Nhi:241814849
  ;z35:J1:22786604;z4120:B11/25:26547078;z21:J1:112181937;z4121:J1:58869893;z4122:
  J1:17905772;z4123:J1:299863;z27:P:7554517.
Sum=903674254; test 903674254/1000000000+(1-z1846)^7 <= 9995951/10000000.
Leaf R011111011101101101
  B=[z4011,z4124,z4125,z4126,z1846,z4070,z1859,z7,z573,z402,z8,z8] h=z4127
  horizon=27 mass=z1846.
Cells
  z4128:B1:60153707;z4129:0:Nlo:341840668;z14:0:Nhi:14893393;z4130:0:Nhi:232739906
  ;z35:J1:30810858;z4131:B11/25:24176717;z21:J1:112656233;z4132:J1:59064059;z4133:
  J1:17495252;z4134:J1:214505;z27:P:7319877.
Sum=901365175; test 901365175/1000000000+(1-z1846)^7 <= 9972860/10000000.
Leaf R01111101110110111
  B=[z4067,z4095,z4135,z4136,z4070,z1416,z1497,z7,z573,z402,z8,z8] h=z4137
  horizon=27 mass=z4070.
Cells
  z4099:B1:61589270;z4100:0:Nlo:341171277;z14:0:Nhi:14703816;z4138:0:Nhi:237328014
  ;z35:J1:27244769;z4139:B11/25:26568255;z21:J1:111972331;z4140:J1:57279673;z4141:
  J1:17960207;z4142:J1:396271;z27:P:8600937.
Sum=904814820; test 904814820/1000000000+(1-z4070)^7 <= 9991438/10000000.
Leaf R011111011101110
  B=[z4024,z3223,z4143,z4144,z1846,z1416,z1859,z7,z407,z573,z8,z8] h=z4145
  horizon=27 mass=z1846.
Cells
  z3225:B1:67349919;z3226:0:Nlo:338333239;z14:0:Nhi:13989507;z4146:0:Nhi:243665401
  ;z35:J1:21185402;z4147:B11/25:31542419;z3353:J1:39117916;z4148:JD1:59099075;z21:
  JD1:6624981;z4149:JD1:34967969;z27:JD1:47332840.
Sum=903208668; test 903208668/1000000000+(1-z1846)^7 <= 9991295/10000000.
Leaf R0111110111011110
  B=[z4024,z4150,z4151,z4152,z1846,z4070,z1859,z7,z573,z402,z8,z8] h=z4145
  horizon=27 mass=z1846.
Cells
  z4153:B1:65838638;z4154:0:Nlo:339100008;z14:0:Nhi:14170150;z4155:0:Nhi:224308101
  ;z35:J1:38031180;z4156:B11/25:21713893;z21:J1:113170071;z4157:J1:54488802;z4158:
  J1:16549611;z4159:J1:1887829;z27:P:12763629.
Sum=902021912; test 902021912/1000000000+(1-z1846)^7 <= 9979427/10000000.
Leaf R0111110111011111
  B=[z4124,z3223,z4160,z4161,z4070,z1416,z1497,z7,z573,z402,z8,z8] h=z4162
  horizon=27 mass=z4070.
Cells
  z3225:B1:67349919;z3226:0:Nlo:338333239;z14:0:Nhi:13989507;z4163:0:Nhi:220218338
  ;z35:J1:42183087;z4164:B11/25:21734112;z21:J1:112921870;z4165:J1:53644012;z4166:
  J1:16631921;z4167:J1:1720826;z27:P:12956036.
Sum=901682867; test 901682867/1000000000+(1-z4070)^7 <= 9960118/10000000.
Leaf R011111011110000
  B=[z3193,z4168,z4169,z4170,z1629,z1846,z346,z7,z407,z570,z8,z8] h=z3231
  horizon=27 mass=z1629.
Cells
  z4171:B1:75518565;z4172:0:Nlo:333948569;z14:0:Nhi:13085120;z4173:0:Nhi:217047167
  ;z35:J1:45628297;z4174:B11/25:20298973;z1637:J1:52491924;z21:JD1:58635221;z4175:
  JD1:8424258;z4176:JD1:36345820;z27:JD1:30574926.
Sum=891998840; test 891998840/1000000000+(1-z1629)^7 <= 9911727/10000000.
Leaf R011111011110001
  B=[z3193,z4168,z4169,z4170,z1629,z1846,z346,z7,z570,z573,z8,z8] h=z3231
  horizon=27 mass=z1629.
Cells
  z4171:B1:75518565;z4172:0:Nlo:333948569;z14:0:Nhi:13085120;z4177:0:Nhi:220787782
  ;z35:J1:40600734;z4178:B11/25:17937637;z1637:J1:54100980;z21:JD1:59327675;z4179:
  JD1:27799666;z4180:JD1:23578577;z27:JD1:29033170.
Sum=895718475; test 895718475/1000000000+(1-z1629)^7 <= 9948923/10000000.
Leaf R011111011110010
  B=[z3193,z4181,z4182,z4183,z1629,z3919,z346,z7,z573,z402,z8,z8] h=z3231
  horizon=27 mass=z1629.
Cells
  z4184:B1:73865974;z4185:0:Nlo:334866040;z14:0:Nhi:13259037;z4186:0:Nhi:199018020
  ;z35:J1:59960768;z4187:B11/25:16448919;z21:J1:114904781;z4188:J1:55676053;z4189:
  J1:15668002;z4190:J1:2284893;z27:P:12931728.
Sum=898884215; test 898884215/1000000000+(1-z1629)^7 <= 9980580/10000000.
Leaf R011111011110011
  B=[z3916,z4168,z4191,z4192,z3919,z1846,z3932,z7,z573,z402,z8,z8] h=z4193
  horizon=27 mass=z3919.
Cells
  z4171:B1:75518565;z4172:0:Nlo:333948569;z14:0:Nhi:13085120;z4194:0:Nhi:195390057
  ;z35:J1:63815110;z4195:B11/25:16468980;z21:J1:114613798;z4196:J1:54858338;z4197:
  J1:15713763;z4198:J1:2121676;z27:P:13113730.
Sum=898647706; test 898647706/1000000000+(1-z3919)^7 <= 9961834/10000000.
Leaf R01111101111010
  B=[z3338,z4199,z4200,z4201,z1846,z1416,z1859,z7,z407,z573,z8,z8] h=z4202
  horizon=27 mass=z1846.
Cells
  z4203:B1:78813662;z4204:0:Nlo:332077543;z14:0:Nhi:12750622;z4205:0:Nhi:226865157
  ;z35:J1:35903039;z4206:B11/25:20704777;z3353:J1:48141380;z4207:JD1:61960289;z21:
  JD1:1559910;z4208:JD1:35393872;z27:JD1:46213631.
Sum=900383882; test 900383882/1000000000+(1-z1846)^7 <= 9963047/10000000.
Leaf R01111101111011
  B=[z3338,z4199,z4200,z4201,z1846,z1416,z1859,z7,z573,z402,z8,z8] h=z4202
  horizon=27 mass=z1846.
Cells
  z4203:B1:78813662;z4204:0:Nlo:332077543;z14:0:Nhi:12750622;z4209:0:Nhi:209122195
  ;z35:J1:51198222;z4210:B11/25:17938258;z21:J1:113722968;z4211:J1:53735111;z4212:
  J1:15723651;z4213:J1:2062715;z27:P:13682950.
Sum=900827897; test 900827897/1000000000+(1-z1846)^7 <= 9967487/10000000.
Leaf R011111011111 B=[z3199,z1567,z3304,z4214,z1629,z1416,z346,z7,z407,z402,z8,z8]
  h=z4215 horizon=27 mass=z1629.
Cells
  z1568:B1:90091407;z1569:0:Nlo:325303860;z14:0:Nhi:11713285;z4216:0:Nhi:206738064
  ;z4217:J1:39379160;z35:J1:12304694;z4218:B11/25:10111621;z21:J1:117322065;z4219:
  J1:25038655;z4220:J1:41678800;z4221:J1:5598857;z27:P:12683756.
Sum=897964224; test 897964224/1000000000+(1-z1629)^7 <= 9971380/10000000.
Leaf R01111110000 B=[z1479,z4222,z4223,z4224,z1426,z1629,z1443,z7,z9,z437,z8,z8]
  h=z1586 horizon=27 mass=z1426.
Cells
  z4225:B1:103953371;z4226:0:Nlo:316338823;z14:0:Nhi:10620084;z4227:0:Nhi:19854828
  9;z35:J1:61354673;z4228:B11/25:23526412;z4229:J1:22258500;z4230:1:H:16904549;z14
  49:J1:14271727;z4231:JD1:29835761;z21:D1:H:17042315;z4232:D1:H:2033770;z27:JD1:6
  3543995.
Sum=880232269; test 880232269/1000000000+(1-z1426)^7 <= 9861966/10000000.
Leaf R01111110001 B=[z1479,z4222,z4223,z4224,z1426,z1629,z1443,z7,z437,z407,z8,z8]
  h=z1586 horizon=27 mass=z1426.
Cells
  z4225:B1:103953371;z4226:0:Nlo:316338823;z14:0:Nhi:10620084;z4233:0:Nhi:18344555
  2;z4234:J1:29283000;z1449:J1:114320508;z4231:JD1:29370404;z4235:D1:H:1052501;z21
  :JD1:16896140;z4236:JD1:24112951;z27:JD1:51735453.
Sum=881128787; test 881128787/1000000000+(1-z1426)^7 <= 9870932/10000000.
Leaf R0111111001 B=[z1479,z4222,z4223,z4224,z1426,z1629,z1443,z7,z407,z402,z8,z8]
  h=z1586 horizon=27 mass=z1426.
Cells
  z4225:B1:103953371;z4226:0:Nlo:316338823;z14:0:Nhi:10620084;z4237:0:Nhi:16873180
  8;z4234:J1:41044443;z21:J1:159071015;z4236:J1:27566101;z4238:J1:34914441;z4239:J
  1:9266373;z27:P:16989059.
Sum=888495518; test 888495518/1000000000+(1-z1426)^7 <= 9944599/10000000.
Leaf R0111111010 B=[z3209,z1583,z4240,z4241,z1629,z1416,z346,z7,z9,z407,z8,z8]
  h=z4242 horizon=27 mass=z1629.
Cells
  z1587:B1:111752642;z1588:0:Nlo:311046127;z14:0:Nhi:10074062;z4243:0:Nhi:22032414
  2;z35:J1:39455727;z4244:B11/25:21881816;z4245:J1:20615085;z4246:1:H:10720577;z16
  37:J1:15873255;z4247:JD1:20479121;z4248:D1:H:10970639;z21:JD1:23303216;z27:JD1:7
  7623389.
Sum=894119798; test 894119798/1000000000+(1-z1629)^7 <= 9932936/10000000.
Leaf R0111111011 B=[z3209,z1583,z4240,z4241,z1629,z1416,z346,z7,z407,z402,z8,z8]
  h=z4242 horizon=27 mass=z1629.
Cells
  z1587:B1:111752642;z1588:0:Nlo:311046127;z14:0:Nhi:10074062;z4249:0:Nhi:17027202
  8;z4250:J1:40884073;z21:J1:156016590;z4251:J1:25381756;z4252:J1:34672168;z4253:J
  1:7772007;z27:P:17672286.
Sum=885543739; test 885543739/1000000000+(1-z1629)^7 <= 9847176/10000000.
Leaf R01111111 B=[z1529,z1414,z4254,z1593,z1426,z1416,z1443,z7,z9,z402,z8,z8]
  h=z1594 horizon=27 mass=z1426.
Cells
  z1418:B1:131940658;z1419:0:Nlo:296693618;z14:0:Nhi:8837284;z4255:0:Nhi:162198091
  ;z4256:J1:89304456;z1596:1:Hlip:4644567;z4257:1:H:11609878;z1449:J1:45116198;z21
  :J1:46157495;z4258:J1:42169982;z4259:J1:28617248;z27:P:14317030.
Sum=881606505; test 881606505/1000000000+(1-z1426)^7 <= 9875709/10000000.
Leaf R10000 B=[z0,z4260,z2,z4261,z1416,z4262,z4263,z7,z8,z402,z8,z8] h=z10
  horizon=27 mass=z1416.
Cells
  z4264:B1:10261725;z4265:0:Nlo:339068827;z14:0:Nhi:30546810;z35:0:Nhi:270715746;z
  4266:B11/25:113169088;z4267:1:H:20555651;z21:J1:21951950;z4268:J1:56880644;z27:P
  :39382739.
Sum=902533180; test 902533180/1000000000+(1-z1416)^7 <= 9952929/10000000.
Leaf R10001 B=[z0,z4269,z2,z4270,z4262,z4271,z182,z7,z8,z402,z8,z8] h=z10
  horizon=27 mass=z4262.
Cells
  z4272:B1:13326260;z4273:0:Nlo:343267641;z14:0:Nhi:28050076;z35:0:Nhi:270715746;z
  4274:B11/25:103444851;z4275:J1:16391611;z4276:1:H:12919982;z21:J1:23237648;z4277
  :J1:44523191;z27:P:45893068.
Sum=901770074; test 901770074/1000000000+(1-z4262)^7 <= 9827614/10000000.
Leaf R100100 B=[z1654,z4278,z2,z4279,z1416,z4271,z4263,z7,z8,z9,z8,z8] h=z10
  horizon=27 mass=z1416.
Cells
  z4280:B1:63657005;z4281:0:Nlo:340179584;z14:0:Nhi:14439200;z35:0:Nhi:268729668;z
  4282:B11/25:68988181;z4283:1:Hlip:6324097;z4284:1:H:13090024;z21:D1:Hlip:4936614
  7;z4285:D1:Hlip:11915652;z4286:D1:Nhi:11182713;z4268:D1:Nlo:21837870;z27:D1:S:31
  077307.
Sum=900787448; test 900787448/1000000000+(1-z1416)^7 <= 9935472/10000000.
Leaf R100101 B=[z1654,z4278,z4287,z4270,z1416,z4271,z4263,z7,z8,z9,z8,z8] h=z10
  horizon=29 mass=z4263.
Cells
  z4280:B1:63657005;z4281:0:Nlo:340179584;z14:0:Nhi:14439201;z35:0:Nhi:268729669;z
  4288:B11/25:113766994;z4289:D1:Nhi:3050622;z4275:1:Hlip:2783087;z4290:1:H:129199
  80;z4291:D1:Nhi:14269051;z21:D1:Hlip:7754605;z4292:D1:Hlip:27637550;z4293:D1:Nhi
  :18891037;z27:D1:Nlo:19214876;z40:D1:Nlo:61850353.
Sum=969143614; test 969143614/1000000000+(1-z4263)^7 <= 9818540/10000000.
Leaf R10011000 B=[z1654,z4294,z2,z4295,z1416,z4296,z4263,z7,z9,z402,z8,z8] h=z10
  horizon=27 mass=z1416.
Cells
  z4297:B1:49213662;z4298:0:Nlo:346337344;z14:0:Nhi:16526709;z4299:0:Nhi:251640509
  ;z4300:J1:65689900;z4282:1:H:10689056;z4301:D1:H:4412954;z4302:D1:Hlip:1984839;z
  4303:J1:23136571;z21:J1:41516701;z4268:J1:55768456;z27:P:39382739.
Sum=906299440; test 906299440/1000000000+(1-z1416)^7 <= 9990592/10000000.
Leaf R10011001 B=[z4304,z4305,z2,z4306,z4296,z4262,z62,z7,z9,z402,z8,z8] h=z10
  horizon=27 mass=z4296.
Cells
  z4307:B1:54001216;z4308:0:Nlo:344512674;z14:0:Nhi:15766907;z4309:0:Nhi:267046658
  ;z35:J1:1274366;z4310:B11/25:28308806;z4311:J1:27489906;z4312:1:Hlip:4345097;z43
  13:1:H:10499853;z21:J1:65548849;z4314:J1:49969581;z27:P:42664705.
Sum=911428618; test 911428618/1000000000+(1-z4296)^7 <= 9981332/10000000.
Leaf R100110100 B=[z1654,z4315,z1442,z4261,z1416,z4262,z4263,z7,z9,z407,z8,z8]
  h=z10 horizon=27 mass=z1416.
Cells
  z4316:B1:29684573;z4317:0:Nlo:350216849;z14:0:Nhi:20799689;z35:0:Nhi:268729668;z
  4318:B11/25:79650873;z4266:J1:31425023;z4319:1:H:7320447;z4320:J1:9950079;z21:JD
  1:22603310;z27:JD1:82921568.
Sum=903302079; test 903302079/1000000000+(1-z1416)^7 <= 9960618/10000000.
Leaf R100110101 B=[z1654,z4315,z1442,z4261,z1416,z4262,z4263,z7,z407,z402,z8,z8]
  h=z10 horizon=27 mass=z1416.
Cells
  z4316:B1:29684573;z4317:0:Nlo:350216849;z14:0:Nhi:20799689;z35:0:Nhi:268729669;z
  4282:B11/25:68988180;z21:J1:77071714;z4321:J1:3778648;z4322:J1:49720860;z4323:J1
  :12406088;z27:P:23515677.
Sum=904911947; test 904911947/1000000000+(1-z1416)^7 <= 9976717/10000000.
Leaf R1001101100 B=[z1831,z4305,z4324,z4261,z1416,z4262,z4263,z7,z9,z437,z8,z8]
  h=z10 horizon=29 mass=z4263.
Cells
  z4307:B1:54001216;z4308:0:Nlo:344512673;z14:0:Nhi:15766907;z35:0:Nhi:267728539;z
  4325:B11/25:82393441;z21:JD1:63712262;z27:JD1:66669596;z40:JD1:77880041.
Sum=972664675; test 972664675/1000000000+(1-z4263)^7 <= 9853750/10000000.
Leaf R1001101101 B=[z1831,z4305,z4324,z4261,z1416,z4262,z4263,z7,z437,z407,z8,z8]
  h=z10 horizon=27 mass=z1416.
Cells
  z4307:B1:54001216;z4308:0:Nlo:344512673;z14:0:Nhi:15766907;z35:0:Nhi:267728539;z
  4326:B11/25:75435567;z21:JD1:69923992;z4327:JD1:3395851;z27:JD1:74252422.
Sum=905017167; test 905017167/1000000000+(1-z1416)^7 <= 9977769/10000000.
Leaf R10011011100 B=[z1831,z4294,z1442,z4328,z1416,z4296,z4263,z7,z407,z402,z8,z8]
  h=z10 horizon=27 mass=z1416.
Cells
  z4297:B1:49213662;z4298:0:Nlo:346337343;z14:0:Nhi:16526709;z4329:0:Nhi:208151381
  ;z35:J1:55698825;z4330:B11/25:21909927;z21:J1:115004143;z4321:J1:3778648;z4322:J
  1:49720860;z4323:J1:12406088;z27:P:23515677.
Sum=902263263; test 902263263/1000000000+(1-z1416)^7 <= 9950230/10000000.
Leaf R1001101110100
  B=[z1831,z4331,z1572,z4332,z1416,z4333,z4263,z7,z407,z573,z8,z8] h=z10
  horizon=27 mass=z1416.
Cells
  z4334:B1:46838151;z4335:0:Nlo:347145635;z14:0:Nhi:16934739;z35:0:Nhi:267728540;z
  4336:B11/25:49730322;z4282:J1:18659957;z4337:JD1:49213831;z21:JD1:24723895;z4338
  :JD1:31289090;z27:JD1:50993788.
Sum=903257948; test 903257948/1000000000+(1-z1416)^7 <= 9960177/10000000.
Leaf R1001101110101
  B=[z1831,z4331,z1572,z4332,z1416,z4333,z4263,z7,z573,z402,z8,z8] h=z10
  horizon=27 mass=z1416.
Cells
  z4334:B1:46838151;z4335:0:Nlo:347145635;z14:0:Nhi:16934739;z4339:0:Nhi:237227698
  ;z35:J1:30424252;z4340:B11/25:31173803;z21:J1:110820245;z4341:J1:52711301;z4342:
  J1:18373673;z4343:J1:1631183;z27:P:12973989.
Sum=906254669; test 906254669/1000000000+(1-z1416)^7 <= 9990144/10000000.
Leaf R100110111011 B=[z4344,z4294,z4345,z4346,z4333,z4296,z66,z7,z407,z402,z8,z8]
  h=z10 horizon=27 mass=z4333.
Cells
  z4297:B1:49213662;z4298:0:Nlo:346337343;z14:0:Nhi:16526709;z35:0:Nhi:267649497;z
  4347:B11/25:52082676;z4348:J1:89793232;z21:J1:2424000;z4349:J1:66580929;z4350:J1
  :4523825;z27:P:13874206.
Sum=909006079; test 909006079/1000000000+(1-z4333)^7 <= 9986944/10000000.
Leaf R10011011110 B=[z4351,z4305,z4352,z4353,z4296,z4262,z62,z7,z407,z402,z8,z8]
  h=z10 horizon=27 mass=z4296.
Cells
  z4307:B1:54001216;z4308:0:Nlo:344512673;z14:0:Nhi:15766907;z4354:0:Nhi:233232621
  ;z35:J1:32515370;z4355:B11/25:31724026;z4356:J1:97316489;z21:J1:10128346;z4357:J
  1:47725958;z4358:J1:13187121;z27:P:26683666.
Sum=906794393; test 906794393/1000000000+(1-z4296)^7 <= 9934989/10000000.
Leaf R10011011111 B=[z4351,z4305,z4359,z4261,z4296,z4262,z62,z7,z407,z402,z8,z8]
  h=z10 horizon=27 mass=z4296.
Cells
  z4307:B1:54001216;z4308:0:Nlo:344512673;z14:0:Nhi:15766907;z35:0:Nhi:267570421;z
  4360:B11/25:63056744;z4361:J1:55663792;z21:J1:27305888;z4362:J1:63803812;z4363:J
  1:4928619;z27:P:15552342.
Sum=912162414; test 912162414/1000000000+(1-z4296)^7 <= 9988670/10000000.
Leaf R1001110 B=[z4260,z4278,z2,z4279,z4262,z4271,z182,z7,z9,z402,z8,z8] h=z10
  horizon=27 mass=z4262.
Cells
  z4280:B1:63657005;z4281:0:Nlo:340179584;z14:0:Nhi:14439200;z35:0:Nhi:268519947;z
  4364:B11/25:39847124;z4365:J1:8734564;z4366:J1:21275455;z4283:1:Hlip:3330585;z43
  67:1:H:11751760;z21:J1:54743080;z4277:J1:44005076;z27:P:45893071.
Sum=916376451; test 916376451/1000000000+(1-z4262)^7 <= 9973678/10000000.
Leaf R10011110 B=[z4260,z4278,z4368,z4270,z4262,z4271,z182,z7,z9,z407,z8,z8] h=z10
  horizon=27 mass=z4262.
Cells
  z4280:B1:63657005;z4281:0:Nlo:340179584;z14:0:Nhi:14439201;z35:0:Nhi:268519949;z
  4369:B11/25:87013480;z4275:J1:31025932;z4370:1:H:6418377;z4371:J1:10914480;z21:J
  D1:17190690;z27:JD1:79385434.
Sum=918744132; test 918744132/1000000000+(1-z4262)^7 <= 9997355/10000000.
Leaf R100111110 B=[z4260,z4372,z4373,z4374,z4262,z4375,z182,z7,z407,z402,z8,z8]
  h=z10 horizon=27 mass=z4262.
Cells
  z4376:B1:58821365;z4377:0:Nlo:342447191;z14:0:Nhi:15073881;z35:0:Nhi:268519949;z
  4378:B11/25:64989953;z21:J1:82705182;z4379:J1:40848915;z4380:J1:14494703;z27:P:3
  0349769.
Sum=918250908; test 918250908/1000000000+(1-z4262)^7 <= 9992423/10000000.
Leaf R100111111 B=[z4381,z4278,z4382,z4270,z4375,z4271,z1498,z7,z407,z402,z8,z8]
  h=z10 horizon=27 mass=z4375.
Cells
  z4280:B1:63657005;z4281:0:Nlo:340179584;z14:0:Nhi:14439201;z35:0:Nhi:268415000;z
  4369:B11/25:87013481;z21:J1:62152768;z4383:J1:33008132;z4384:J1:16302882;z27:P:3
  4280794.
Sum=919448847; test 919448847/1000000000+(1-z4375)^7 <= 9950528/10000000.
Leaf R101000 B=[z1441,z4385,z2,z4270,z1416,z4271,z4263,z7,z8,z31,z8,z8] h=z10
  horizon=29 mass=z4263.
Cells
  z4386:B1:117142698;z4387:0:Nlo:307299644;z14:0:Nhi:9720904;z35:0:Nhi:266721986;z
  4388:B11/25:105465556;z4389:D1:Hlip:18290396;z4390:D1:H:11330878;z21:D1:R:633163
  0;z4391:D1:R:30315661;z27:D1:H:8555629;z4392:D1:H:30550900;z40:D1:Hlip:3721859.
Sum=915447741; test 915447741/1000000000+(1-z4263)^7 <= 9281581/10000000.
Leaf R1010010 B=[z1441,z4385,z2,z4270,z1416,z4271,z4263,z7,z31,z44,z8,z8] h=z10
  horizon=29 mass=z4263.
Cells
  z4386:B1:117142698;z4387:0:Nlo:307299644;z14:0:Nhi:9720904;z35:0:Nhi:266721986;z
  4393:B11/25:98459738;z4290:JD1:31717025;z4394:D1:Hlip:6925458;z21:D1:H:8089022;z
  4395:D1:H:13518949;z4396:D1:Hlip:10166019;z27:JD1:27610958;z40:JD1:69679909.
Sum=967052310; test 967052310/1000000000+(1-z4263)^7 <= 9797627/10000000.
Leaf R10100110 B=[z1441,z4385,z2,z4279,z1416,z4271,z4263,z7,z44,z9,z8,z8] h=z10
  horizon=27 mass=z1416.
Cells
  z4386:B1:117142698;z4387:0:Nlo:307299644;z14:0:Nhi:9720906;z4397:0:Nhi:258920889
  ;z35:J1:7659021;z4282:B11/25:68988182;z4283:1:Hlip:6324097;z4367:1:H:11751760;z4
  398:D1:Hlip:11639401;z21:JD1:37808297;z27:JD1:66487198.
Sum=903742093; test 903742093/1000000000+(1-z1416)^7 <= 9965018/10000000.
Leaf R10100111 B=[z1441,z4385,z4399,z4270,z1416,z4271,z4263,z7,z44,z9,z8,z8] h=z10
  horizon=29 mass=z4263.
Cells
  z4386:B1:117142698;z4387:0:Nlo:307299644;z14:0:Nhi:9720904;z35:0:Nhi:266721986;z
  4400:B11/25:100239989;z21:JD1:48242828;z27:JD1:60868683;z40:JD1:72968787.
Sum=983205519; test 983205519/1000000000+(1-z4263)^7 <= 9959159/10000000.
Leaf R1010100000 B=[z1441,z4401,z2,z4295,z1416,z4296,z4263,z7,z9,z407,z8,z8] h=z10
  horizon=27 mass=z1416.
Cells
  z4402:B1:73382398;z4403:0:Nlo:335131743;z14:0:Nhi:13310746;z4404:0:Nhi:194056318
  ;z35:J1:63006921;z4405:B11/25:12616312;z4300:J1:39460325;z4282:1:H:10689056;z440
  6:D1:H:7574822;z4407:D1:Hlip:4868920;z21:JD1:57516459;z4408:JD1:90002718;z27:P:9
  67014.
Sum=902583752; test 902583752/1000000000+(1-z1416)^7 <= 9953435/10000000.
Leaf R1010100001 B=[z1441,z4401,z2,z4295,z1416,z4296,z4263,z7,z407,z402,z8,z8]
  h=z10 horizon=27 mass=z1416.
Cells
  z4402:B1:73382398;z4403:0:Nlo:335131743;z14:0:Nhi:13310746;z4409:0:Nhi:111604302
  ;z4410:J1:74007570;z21:J1:181050254;z4411:J1:2441017;z4412:J1:34989290;z4268:J1:
  17618081;z27:P:39382739.
Sum=882918140; test 882918140/1000000000+(1-z1416)^7 <= 9756779/10000000.
Leaf R1010100010 B=[z4294,z4413,z2,z4306,z4296,z4262,z62,z7,z9,z407,z8,z8] h=z10
  horizon=27 mass=z4296.
Cells
  z4414:B1:79379039;z4415:0:Nlo:331751179;z14:0:Nhi:12694791;z4416:0:Nhi:181883101
  ;z35:J1:78770578;z4417:B11/25:9262982;z4418:J1:47246274;z4312:1:Hlip:3686924;z44
  19:1:H:13223153;z21:JD1:62109998;z4420:JD1:84685235;z27:P:3913860.
Sum=908607114; test 908607114/1000000000+(1-z4296)^7 <= 9953117/10000000.
Leaf R1010100011 B=[z4294,z4413,z2,z4306,z4296,z4262,z62,z7,z407,z402,z8,z8] h=z10
  horizon=27 mass=z4296.
Cells
  z4414:B1:79379039;z4415:0:Nlo:331751179;z14:0:Nhi:12694791;z4421:0:Nhi:134328150
  ;z4422:J1:69352657;z4423:J1:164376490;z21:J1:6216539;z4424:J1:31662335;z4314:J1:
  17738516;z27:P:42664702.
Sum=890164398; test 890164398/1000000000+(1-z4296)^7 <= 9768689/10000000.
Leaf R10101001 B=[z3223,z4425,z4426,z4427,z1416,z4262,z4263,z7,z9,z402,z8,z8]
  h=z4428 horizon=27 mass=z1416.
Cells
  z4429:B1:103892710;z4430:0:Nlo:316379347;z14:0:Nhi:10624507;z4431:0:Nhi:14569998
  0;z4432:J1:125300960;z4433:1:H:13490052;z4282:J1:20187884;z4434:J1:8729013;z4435
  :D1:H:4554692;z21:J1:52409565;z4436:J1:4271337;z4437:J1:53530683;z27:P:33589220.
Sum=892659950; test 892659950/1000000000+(1-z1416)^7 <= 9854197/10000000.
Leaf R1010101000 B=[z1441,z4413,z4438,z4261,z1416,z4262,z4263,z7,z9,z437,z8,z8]
  h=z10 horizon=27 mass=z1416.
Cells
  z4414:B1:79379039;z4415:0:Nlo:331751178;z14:0:Nhi:12694791;z35:0:Nhi:266721985;z
  4326:B11/25:75435567;z21:JD1:70961614;z27:JD1:68756470.
Sum=905700644; test 905700644/1000000000+(1-z1416)^7 <= 9984604/10000000.
Leaf R10101010010 B=[z1441,z4413,z4438,z4261,z1416,z4262,z4263,z7,z437,z442,z8,z8]
  h=z10 horizon=27 mass=z1416.
Cells
  z4414:B1:79379039;z4415:0:Nlo:331751178;z14:0:Nhi:12694791;z35:0:Nhi:266721985;z
  4439:B11/25:72202640;z21:JD1:70723737;z4440:JD1:12490807;z27:JD1:58901774.
Sum=904865951; test 904865951/1000000000+(1-z1416)^7 <= 9976257/10000000.
Leaf R101010100110
  B=[z1441,z4441,z4442,z4261,z1416,z4262,z4263,z7,z442,z407,z8,z8] h=z10
  horizon=27 mass=z1416.
Cells
  z4443:B1:66712991;z4444:0:Nlo:338658226;z14:0:Nhi:14065085;z35:0:Nhi:266721985;z
  4282:B11/25:68988182;z21:JD1:73821022;z4445:JD1:24174764;z27:JD1:51540471.
Sum=904682726; test 904682726/1000000000+(1-z1416)^7 <= 9974425/10000000.
Leaf R101010100111
  B=[z4051,z4413,z4438,z4446,z1416,z4262,z4263,z7,z442,z407,z8,z8] h=z4447
  horizon=27 mass=z1416.
Cells
  z4414:B1:79379039;z4415:0:Nlo:331751178;z14:0:Nhi:12694791;z35:0:Nhi:266216666;z
  4282:B11/25:68988180;z21:JD1:71602100;z4448:JD1:25245214;z27:JD1:49793882.
Sum=905671050; test 905671050/1000000000+(1-z1416)^7 <= 9984308/10000000.
Leaf R101010101000
  B=[z1441,z4449,z4450,z4328,z1416,z4296,z4263,z7,z407,z402,z8,z8] h=z10
  horizon=27 mass=z1416.
Cells
  z4451:B1:61270731;z4452:0:Nlo:341321195;z14:0:Nhi:14745455;z4453:0:Nhi:215587175
  ;z35:J1:47376570;z4454:B11/25:25563848;z21:J1:111321919;z4455:J1:3635440;z4456:J
  1:48266403;z4457:J1:13094023;z27:P:24865109.
Sum=907047868; test 907047868/1000000000+(1-z1416)^7 <= 9998076/10000000.
Leaf R101010101001
  B=[z4051,z4401,z4458,z4459,z1416,z4296,z4263,z7,z407,z402,z8,z8] h=z4447
  horizon=27 mass=z1416.
Cells
  z4402:B1:73382398;z4403:0:Nlo:335131743;z14:0:Nhi:13310746;z4460:0:Nhi:213341044
  ;z4461:J1:42931686;z35:J1:4294180;z4462:B11/25:15100507;z21:J1:118612193;z4463:J
  1:6650691;z4464:J1:45521875;z4465:J1:12358492;z27:P:24649984.
Sum=905285539; test 905285539/1000000000+(1-z1416)^7 <= 9980453/10000000.
Leaf R101010101010000
  B=[z1441,z4466,z4467,z4332,z1416,z4333,z4263,z7,z407,z570,z8,z8] h=z10
  horizon=27 mass=z1416.
Cells
  z4468:B1:58551950;z4469:0:Nlo:342568056;z14:0:Nhi:15110929;z35:0:Nhi:266721987;z
  4336:B11/25:49730322;z4282:J1:18659957;z4470:JD1:60341881;z21:JD1:11422324;z4471
  :JD1:40371803;z27:JD1:34617761.
Sum=898096970; test 898096970/1000000000+(1-z1416)^7 <= 9908567/10000000.
Leaf R101010101010001
  B=[z1441,z4466,z4467,z4332,z1416,z4333,z4263,z7,z570,z573,z8,z8] h=z10
  horizon=27 mass=z1416.
Cells
  z4468:B1:58551950;z4469:0:Nlo:342568056;z14:0:Nhi:15110929;z4472:0:Nhi:259865804
  ;z35:J1:6759240;z4473:B11/25:44605962;z4282:J1:23501717;z21:JD1:72365904;z4474:J
  D1:19101457;z4475:JD1:28574759;z27:JD1:32490373.
Sum=903496151; test 903496151/1000000000+(1-z1416)^7 <= 9962559/10000000.
Leaf R101010101010010
  B=[z1441,z4466,z4467,z4476,z1416,z4333,z4263,z7,z573,z402,z8,z8] h=z10
  horizon=27 mass=z1416.
Cells
  z4468:B1:58551950;z4469:0:Nlo:342568056;z14:0:Nhi:15110929;z4477:0:Nhi:208748890
  ;z35:J1:55582535;z4454:B11/25:25563847;z21:J1:112479712;z4475:J1:51167819;z4478:
  J1:18118225;z4479:J1:2208434;z27:P:14823324.
Sum=904923721; test 904923721/1000000000+(1-z1416)^7 <= 9976835/10000000.
Leaf R1010101010100110
  B=[z1441,z4480,z4481,z4482,z1416,z4483,z4263,z7,z573,z402,z8,z8] h=z10
  horizon=27 mass=z1416.
Cells
  z4484:B1:57194306;z4485:0:Nlo:343167709;z14:0:Nhi:15300544;z4486:0:Nhi:251211920
  ;z35:J1:14870227;z4487:B11/25:43589717;z21:J1:97353850;z4488:J1:56343276;z4489:J
  1:18902303;z4490:J1:208992;z27:P:8794522.
Sum=906937366; test 906937366/1000000000+(1-z1416)^7 <= 9996971/10000000.
Leaf R1010101010100111
  B=[z4491,z4466,z4492,z4332,z4483,z4333,z4493,z7,z573,z402,z8,z8] h=z10
  horizon=27 mass=z4483.
Cells
  z4468:B1:58551950;z4469:0:Nlo:342568056;z14:0:Nhi:15110929;z4494:0:Nhi:256573223
  ;z35:J1:9739278;z4495:B11/25:42369797;z21:J1:99158840;z4496:J1:54944720;z4497:J1
  :19276240;z4498:J1:196722;z27:P:9511977.
Sum=908001732; test 908001732/1000000000+(1-z4483)^7 <= 9992147/10000000.
Leaf R10101010101010
  B=[z4331,z4449,z4499,z4346,z4333,z4296,z66,z7,z407,z573,z8,z8] h=z10 horizon=27
  mass=z4333.
Cells
  z4451:B1:61270731;z4452:0:Nlo:341321195;z14:0:Nhi:14745455;z35:0:Nhi:266616016;z
  4347:B11/25:52082677;z4500:J1:11906942;z4501:JD1:42150079;z21:JD1:37308212;z4502
  :JD1:26663296;z27:JD1:55863234.
Sum=909927837; test 909927837/1000000000+(1-z4333)^7 <= 9996162/10000000.
Leaf R101010101010110
  B=[z4331,z4449,z4499,z4503,z4333,z4296,z66,z7,z573,z402,z8,z8] h=z10 horizon=27
  mass=z4333.
Cells
  z4451:B1:61270731;z4452:0:Nlo:341321195;z14:0:Nhi:14745455;z4504:0:Nhi:242211912
  ;z35:J1:22689805;z4505:B11/25:36031896;z21:J1:103144932;z4506:J1:48174586;z4507:
  J1:18722714;z4508:J1:2290626;z27:P:16416619.
Sum=907020471; test 907020471/1000000000+(1-z4333)^7 <= 9967088/10000000.
Leaf R1010101010101110
  B=[z4331,z4509,z4510,z4346,z4333,z4296,z66,z7,z573,z402,z8,z8] h=z10 horizon=27
  mass=z4333.
Cells
  z4511:B1:55220088;z4512:0:Nlo:344010511;z14:0:Nhi:15585365;z35:0:Nhi:266616018;z
  4513:B11/25:40054628;z21:J1:102757147;z4514:J1:54912221;z4515:J1:16889862;z4516:
  J1:2598499;z27:P:8690106.
Sum=907334445; test 907334445/1000000000+(1-z4333)^7 <= 9970228/10000000.
Leaf R1010101010101111
  B=[z4517,z4449,z4518,z4519,z4333,z4296,z66,z7,z573,z402,z8,z8] h=z4520
  horizon=27 mass=z4333.
Cells
  z4451:B1:61270731;z4452:0:Nlo:341321195;z14:0:Nhi:14745455;z4521:0:Nhi:264843960
  ;z35:J1:1465840;z4500:B11/25:64040628;z21:J1:78371095;z4522:J1:53707763;z4523:J1
  :19418490;z4524:J1:129152;z27:P:10082921.
Sum=909397230; test 909397230/1000000000+(1-z4333)^7 <= 9990856/10000000.
Leaf R101010101011000
  B=[z4051,z4525,z4526,z4527,z1416,z4333,z4263,z7,z407,z573,z8,z8] h=z4447
  horizon=27 mass=z1416.
Cells
  z4528:B1:64461762;z4529:0:Nlo:339785214;z14:0:Nhi:14338780;z4530:0:Nhi:259726420
  ;z35:J1:6339908;z4531:B11/25:42095918;z4282:J1:25618590;z4532:JD1:53939649;z21:J
  D1:17912363;z4533:JD1:31505782;z27:JD1:50627665.
Sum=906352051; test 906352051/1000000000+(1-z1416)^7 <= 9991118/10000000.
Leaf R1010101010110010
  B=[z4051,z4525,z4526,z4534,z1416,z4333,z4263,z7,z573,z402,z8,z8] h=z4447
  horizon=27 mass=z1416.
Cells
  z4528:B1:64461762;z4529:0:Nlo:339785214;z14:0:Nhi:14338780;z4535:0:Nhi:213341047
  ;z35:J1:48308514;z4536:B11/25:21078349;z21:J1:113919601;z4537:J1:51676487;z4538:
  J1:17429970;z4539:J1:2000432;z27:P:14391814.
Sum=900731970; test 900731970/1000000000+(1-z1416)^7 <= 9934917/10000000.
Leaf R1010101010110011
  B=[z4051,z4525,z4540,z4527,z1416,z4333,z4263,z7,z573,z402,z8,z8] h=z4447
  horizon=27 mass=z1416.
Cells
  z4528:B1:64461762;z4529:0:Nlo:339785214;z14:0:Nhi:14338780;z4541:0:Nhi:233001108
  ;z35:J1:32212621;z4542:B11/25:27684544;z21:J1:111375111;z4543:J1:56073079;z4544:
  J1:18061743;z4545:J1:341206;z27:P:9200614.
Sum=906535782; test 906535782/1000000000+(1-z1416)^7 <= 9992955/10000000.
Leaf R101010101011010
  B=[z4095,z4546,z4547,z4548,z1416,z4333,z4263,z7,z407,z573,z8,z8] h=z4549
  horizon=27 mass=z1416.
Cells
  z4550:B1:70369386;z4551:0:Nlo:336757773;z14:0:Nhi:13641690;z4552:0:Nhi:250178809
  ;z35:J1:14826867;z4553:B11/25:31935680;z4282:J1:34552251;z4554:JD1:58520196;z21:
  JD1:10801669;z4555:JD1:33046215;z27:JD1:47693312.
Sum=902323848; test 902323848/1000000000+(1-z1416)^7 <= 9950836/10000000.
Leaf R101010101011011
  B=[z4095,z4546,z4547,z4548,z1416,z4333,z4263,z7,z573,z402,z8,z8] h=z4549
  horizon=27 mass=z1416.
Cells
  z4550:B1:70369386;z4551:0:Nlo:336757773;z14:0:Nhi:13641690;z4556:0:Nhi:234770391
  ;z35:J1:28556771;z4557:B11/25:22997690;z21:J1:112200211;z4558:J1:52498296;z4559:
  J1:16676737;z4560:J1:1660255;z27:P:13514923.
Sum=903644123; test 903644123/1000000000+(1-z1416)^7 <= 9964039/10000000.
Leaf R10101010101110
  B=[z4466,z4561,z4562,z4563,z4333,z4296,z66,z7,z407,z402,z8,z8] h=z4564
  horizon=27 mass=z4333.
Cells
  z4565:B1:67333670;z4566:0:Nlo:338341562;z14:0:Nhi:13991425;z4567:0:Nhi:255058725
  ;z35:J1:10986400;z4568:B11/25:42475576;z21:J1:97704785;z4569:J1:6213990;z4570:J1
  :58208461;z4571:J1:4956025;z27:P:14842103.
Sum=910112722; test 910112722/1000000000+(1-z4333)^7 <= 9998011/10000000.
Leaf R10101010101111
  B=[z4525,z4401,z4572,z4573,z4333,z4296,z66,z7,z407,z402,z8,z8] h=z4574
  horizon=27 mass=z4333.
Cells
  z4402:B1:73382398;z4403:0:Nlo:335131743;z14:0:Nhi:13310746;z4575:0:Nhi:245861670
  ;z35:J1:19077889;z4576:B11/25:32310231;z21:J1:104198412;z4577:J1:11177872;z4578:
  J1:54092572;z4579:J1:3860040;z27:P:13915041.
Sum=906318614; test 906318614/1000000000+(1-z4333)^7 <= 9960070/10000000.
Leaf R101010101100 B=[z4294,z4441,z4580,z4353,z4296,z4262,z62,z7,z407,z402,z8,z8]
  h=z10 horizon=27 mass=z4296.
Cells
  z4443:B1:66712991;z4444:0:Nlo:338658226;z14:0:Nhi:14065085;z4581:0:Nhi:233821082
  ;z35:J1:31079820;z4355:B11/25:31724027;z4356:J1:97316484;z21:J1:10128346;z4582:J
  1:45755155;z4583:J1:13986415;z27:P:28330489.
Sum=911578120; test 911578120/1000000000+(1-z4296)^7 <= 9982827/10000000.
Leaf R10101010110100
  B=[z4294,z4584,z4585,z4586,z4296,z4587,z62,z7,z407,z402,z8,z8] h=z10 horizon=27
  mass=z4296.
Cells
  z4588:B1:57781300;z4589:0:Nlo:342910392;z14:0:Nhi:15217956;z35:0:Nhi:266509986;z
  4418:B11/25:59036818;z4590:J1:64553282;z21:J1:21580313;z4591:J1:62171731;z4592:J
  1:5885021;z27:P:16524593.
Sum=912171392; test 912171392/1000000000+(1-z4296)^7 <= 9988759/10000000.
Leaf R10101010110101
  B=[z4593,z4594,z4595,z4596,z4587,z4262,z216,z7,z407,z402,z8,z8] h=z4597
  horizon=27 mass=z4587.
Cells
  z4598:B1:60347825;z4599:0:Nlo:341751100;z14:0:Nhi:14867465;z35:0:Nhi:266403896;z
  4600:B11/25:62841475;z4601:J1:27274816;z21:J1:55755675;z4602:J1:59398702;z4603:J
  1:6250090;z27:P:18089115.
Sum=912980159; test 912980159/1000000000+(1-z4587)^7 <= 9967864/10000000.
Leaf R10101010110110
  B=[z4509,z4604,z4605,z4606,z4296,z4587,z62,z7,z407,z402,z8,z8] h=z4607
  horizon=27 mass=z4296.
Cells
  z4608:B1:63991917;z4609:0:Nlo:340016019;z14:0:Nhi:14397238;z35:0:Nhi:266243936;z
  4418:B11/25:59036817;z4610:J1:76404706;z21:J1:7704216;z4611:J1:62209566;z4612:J1
  :5400872;z27:P:16352347.
Sum=911757634; test 911757634/1000000000+(1-z4296)^7 <= 9984622/10000000.
Leaf R10101010110111
  B=[z4584,z4441,z4613,z4614,z4587,z4262,z216,z7,z407,z402,z8,z8] h=z4615
  horizon=27 mass=z4587.
Cells
  z4443:B1:66712991;z4444:0:Nlo:338658226;z14:0:Nhi:14065085;z35:0:Nhi:266131053;z
  4616:B11/25:53976058;z4617:J1:68931540;z21:J1:19829967;z4618:J1:61054750;z4619:J
  1:4571218;z27:P:16908149.
Sum=910839037; test 910839037/1000000000+(1-z4587)^7 <= 9946453/10000000.
Leaf R101010101110 B=[z4449,z4413,z4620,z4621,z4296,z4262,z62,z7,z407,z402,z8,z8]
  h=z4622 horizon=27 mass=z4296.
Cells
  z4414:B1:79379039;z4415:0:Nlo:331751178;z14:0:Nhi:12694791;z4623:0:Nhi:217135593
  ;z4624:J1:40946502;z35:J1:2848422;z4625:B11/25:15009779;z21:J1:117540808;z4626:J
  1:2330464;z4627:J1:46597801;z4628:J1:11285892;z27:P:25897420.
Sum=903417689; test 903417689/1000000000+(1-z4296)^7 <= 9901222/10000000.
Leaf R1010101011110 B=[z4449,z4629,z4630,z4631,z4296,z4262,z62,z7,z407,z402,z8,z8]
  h=z4622 horizon=27 mass=z4296.
Cells
  z4632:B1:73065279;z4633:0:Nlo:335305292;z14:0:Nhi:13344861;z35:0:Nhi:265977505;z
  4634:B11/25:46399810;z21:J1:94474069;z4635:J1:3199023;z4636:J1:59114994;z4637:J1
  :4677728;z27:P:16003779.
Sum=911562340; test 911562340/1000000000+(1-z4296)^7 <= 9982669/10000000.
Leaf R1010101011111 B=[z4561,z4413,z4638,z4639,z4296,z4262,z62,z7,z407,z402,z8,z8]
  h=z4640 horizon=27 mass=z4296.
Cells
  z4414:B1:79379039;z4415:0:Nlo:331751178;z14:0:Nhi:12694791;z35:0:Nhi:265710699;z
  4641:B11/25:37792882;z21:J1:99514147;z4642:J1:8572436;z4643:J1:54669471;z4644:J1
  :3543710;z27:P:15044952.
Sum=908673305; test 908673305/1000000000+(1-z4296)^7 <= 9953779/10000000.
Leaf R10101011000 B=[z3223,z4645,z4646,z4647,z1416,z4296,z4263,z7,z9,z437,z8,z8]
  h=z4428 horizon=27 mass=z1416.
Cells
  z4648:B1:97055556;z4649:0:Nlo:320877290;z14:0:Nhi:11142364;z35:0:Nhi:265709979;z
  4650:B11/25:55345358;z4282:J1:13189062;z4651:JD1:14114937;z4652:1:H:6560025;z21:
  JD1:46440772;z27:JD1:64227228.
Sum=894662571; test 894662571/1000000000+(1-z1416)^7 <= 9874223/10000000.
Leaf R10101011001 B=[z3223,z4645,z4646,z4647,z1416,z4296,z4263,z7,z437,z407,z8,z8]
  h=z4428 horizon=27 mass=z1416.
Cells
  z4648:B1:97055556;z4649:0:Nlo:320877290;z14:0:Nhi:11142364;z35:0:Nhi:265709979;z
  4653:B11/25:42036895;z4282:J1:25050824;z21:JD1:66690117;z4654:JD1:11492710;z27:J
  D1:63574797.
Sum=903630532; test 903630532/1000000000+(1-z1416)^7 <= 9963903/10000000.
Leaf R1010101101000
  B=[z3223,z4655,z4656,z4657,z1416,z4333,z4263,z7,z407,z573,z8,z8] h=z4428
  horizon=27 mass=z1416.
Cells
  z4658:B1:82092974;z4659:0:Nlo:330163939;z14:0:Nhi:12432798;z4660:0:Nhi:218718501
  ;z35:J1:44339194;z4661:B11/25:21090862;z4282:J1:43720983;z4662:JD1:61926615;z21:
  JD1:4963090;z4663:JD1:29681664;z4664:JD1:53773698;z27:P:97455.
Sum=903001773; test 903001773/1000000000+(1-z1416)^7 <= 9957615/10000000.
Leaf R1010101101001
  B=[z3223,z4655,z4656,z4657,z1416,z4333,z4263,z7,z573,z402,z8,z8] h=z4428
  horizon=27 mass=z1416.
Cells
  z4658:B1:82092974;z4659:0:Nlo:330163939;z14:0:Nhi:12432798;z4660:0:Nhi:218718501
  ;z35:J1:41963168;z4665:B11/25:17938849;z21:J1:113180071;z4666:J1:46455029;z4667:
  J1:14931826;z4668:J1:3554136;z27:P:21423844.
Sum=902855135; test 902855135/1000000000+(1-z1416)^7 <= 9956149/10000000.
Leaf R101010110101 B=[z4546,z4669,z4670,z4671,z4333,z4296,z66,z7,z407,z402,z8,z8]
  h=z4672 horizon=27 mass=z4333.
Cells
  z4673:B1:85353960;z4674:0:Nlo:328213854;z14:0:Nhi:12130430;z4675:0:Nhi:237766936
  ;z35:J1:25395171;z4676:B11/25:21458631;z21:J1:111006028;z4677:J1:12001702;z4678:
  J1:42246454;z4679:J1:8830411;z27:P:21932199.
Sum=906335776; test 906335776/1000000000+(1-z4333)^7 <= 9960241/10000000.
Leaf R10101011011 B=[z4199,z4645,z4646,z4680,z1416,z4296,z4263,z7,z407,z402,z8,z8]
  h=z4681 horizon=27 mass=z1416.
Cells
  z4648:B1:97055556;z4649:0:Nlo:320877290;z14:0:Nhi:11142364;z4682:0:Nhi:192315631
  ;z4683:J1:55520469;z35:J1:11187376;z4684:B11/25:9911541;z21:J1:115988345;z4685:J
  1:19265215;z4686:J1:38241362;z4687:J1:7445187;z27:P:19259670.
Sum=898210006; test 898210006/1000000000+(1-z1416)^7 <= 9909697/10000000.
Leaf R1010101110 B=[z4401,z4425,z4688,z4689,z4296,z4262,z62,z7,z9,z407,z8,z8]
  h=z4690 horizon=27 mass=z4296.
Cells
  z4429:B1:103892710;z4430:0:Nlo:316379346;z14:0:Nhi:10624507;z35:0:Nhi:265443508;
  z4418:B11/25:59036817;z4691:J1:19559854;z4692:1:Hlip:1923865;z4693:1:H:8007832;z
  21:JD1:50135988;z27:JD1:76797897.
Sum=911802324; test 911802324/1000000000+(1-z4296)^7 <= 9985069/10000000.
Leaf R1010101111 B=[z4401,z4425,z4688,z4689,z4296,z4262,z62,z7,z407,z402,z8,z8]
  h=z4690 horizon=27 mass=z4296.
Cells
  z4429:B1:103892710;z4430:0:Nlo:316379346;z14:0:Nhi:10624507;z4694:0:Nhi:23550423
  0;z35:J1:28738488;z4695:B11/25:27520153;z21:J1:105889448;z4696:J1:9716255;z4697:
  J1:40806371;z4698:J1:9205444;z27:P:24421665.
Sum=912698617; test 912698617/1000000000+(1-z4296)^7 <= 9994032/10000000.
Leaf R10101100 B=[z4305,z4699,z4700,z4701,z4262,z4271,z182,z7,z9,z402,z8,z8]
  h=z4702 horizon=27 mass=z4262.
Cells
  z4703:B1:91197528;z4704:0:Nlo:324612135;z14:0:Nhi:11619395;z4705:0:Nhi:218638759
  ;z35:J1:44903012;z4706:B11/25:30518291;z4365:J1:17741351;z4707:J1:19902388;z4708
  :1:H:11867756;z21:J1:57936740;z4709:J1:44540224;z27:P:44874573.
Sum=918352152; test 918352152/1000000000+(1-z4262)^7 <= 9993435/10000000.
Leaf R10101101000 B=[z4305,z4710,z4711,z4712,z4262,z4375,z182,z7,z9,z407,z8,z8]
  h=z4702 horizon=27 mass=z4262.
Cells
  z4713:B1:72145742;z4714:0:Nlo:335805369;z14:0:Nhi:13444720;z35:0:Nhi:266297746;z
  4715:B11/25:78181287;z4716:J1:33473299;z4717:1:H:6909921;z4718:J1:11802953;z21:J
  D1:20154681;z27:JD1:79024347.
Sum=917240065; test 917240065/1000000000+(1-z4262)^7 <= 9982314/10000000.
Leaf R101011010010 B=[z4305,z4719,z4720,z4712,z4262,z4375,z182,z7,z407,z402,z8,z8]
  h=z4702 horizon=27 mass=z4262.
Cells
  z4721:B1:65487534;z4722:0:Nlo:339275968;z14:0:Nhi:14212777;z35:0:Nhi:266297746;z
  4723:B11/25:63324914;z21:J1:83082003;z4724:J1:41544220;z4725:J1:13749082;z27:P:2
  9998460.
Sum=916972704; test 916972704/1000000000+(1-z4262)^7 <= 9979641/10000000.
Leaf R101011010011 B=[z4594,z4710,z4711,z4726,z4262,z4375,z182,z7,z407,z402,z8,z8]
  h=z4727 horizon=27 mass=z4262.
Cells
  z4713:B1:72145742;z4714:0:Nlo:335805369;z14:0:Nhi:13444720;z35:0:Nhi:266018101;z
  4728:B11/25:57043106;z4729:J1:32445142;z21:J1:53823087;z4730:J1:44241267;z4731:J
  1:11685908;z27:P:28146220.
Sum=914798662; test 914798662/1000000000+(1-z4262)^7 <= 9957900/10000000.
Leaf R10101101010 B=[z4441,z4732,z4733,z4734,z4262,z4375,z182,z7,z9,z407,z8,z8]
  h=z4735 horizon=27 mass=z4262.
Cells
  z4736:B1:85322175;z4737:0:Nlo:328233078;z14:0:Nhi:12133315;z35:0:Nhi:265738038;z
  4738:B11/25:79388070;z4739:J1:16903975;z4740:1:H:4730054;z4741:J1:15027136;z21:J
  D1:28616684;z27:JD1:75789140.
Sum=911881665; test 911881665/1000000000+(1-z4262)^7 <= 9928730/10000000.
Leaf R10101101011 B=[z4441,z4732,z4733,z4734,z4262,z4375,z182,z7,z407,z402,z8,z8]
  h=z4735 horizon=27 mass=z4262.
Cells
  z4736:B1:85322175;z4737:0:Nlo:328233078;z14:0:Nhi:12133315;z35:0:Nhi:265738038;z
  4365:B11/25:48857674;z4742:J1:79723983;z21:J1:11373161;z4743:J1:45610242;z4744:J
  1:10269827;z27:P:27197656.
Sum=914459149; test 914459149/1000000000+(1-z4262)^7 <= 9954505/10000000.
Leaf R1010110110 B=[z4372,z4745,z4746,z4747,z4375,z4271,z1498,z7,z9,z402,z8,z8]
  h=z4748 horizon=27 mass=z4375.
Cells
  z4749:B1:77552733;z4750:0:Nlo:332799884;z14:0:Nhi:12876758;z35:0:Nhi:266085264;z
  4751:B11/25:78118521;z4752:J1:31746286;z4753:1:H:6591893;z21:J1:33188589;z4754:J
  1:50241062;z27:P:32530767.
Sum=921731757; test 921731757/1000000000+(1-z4375)^7 <= 9973357/10000000.
Leaf R1010110111 B=[z4710,z4699,z4755,z4756,z4375,z4271,z1498,z7,z9,z402,z8,z8]
  h=z4757 horizon=27 mass=z4375.
Cells
  z4703:B1:91197528;z4704:0:Nlo:324612135;z14:0:Nhi:11619394;z35:0:Nhi:265498266;z
  4758:B11/25:71640264;z4759:J1:22627611;z4760:1:H:6916255;z21:J1:42568312;z4761:J
  1:51826579;z27:P:28564624.
Sum=917070968; test 917070968/1000000000+(1-z4375)^7 <= 9926749/10000000.
Leaf R10101110 B=[z4413,z4385,z4762,z4763,z4262,z4271,z182,z7,z9,z407,z8,z8]
  h=z4764 horizon=27 mass=z4262.
Cells
  z4386:B1:117142698;z4387:0:Nlo:307299644;z14:0:Nhi:9720904;z35:0:Nhi:265176657;z
  4765:B11/25:57816269;z4766:J1:27235659;z4767:1:H:7103894;z4768:J1:9683064;z21:JD
  1:37475877;z27:JD1:78812401.
Sum=917467067; test 917467067/1000000000+(1-z4262)^7 <= 9984584/10000000.
Leaf R10101111 B=[z4413,z4385,z4762,z4763,z4262,z4271,z182,z7,z407,z402,z8,z8]
  h=z4764 horizon=27 mass=z4262.
Cells
  z4386:B1:117142698;z4387:0:Nlo:307299644;z14:0:Nhi:9720904;z35:0:Nhi:265176657;z
  4769:B11/25:36850386;z21:J1:98087205;z4770:J1:4597117;z4771:J1:32068135;z4772:J1
  :11753196;z27:P:35773822.
Sum=918469764; test 918469764/1000000000+(1-z4262)^7 <= 9994611/10000000.
Leaf R101100 B=[z1567,z4773,z4774,z4775,z1416,z4262,z4263,z7,z8,z9,z8,z8] h=z4776
  horizon=27 mass=z1416.
Cells
  z4777:B1:147673083;z4778:0:Nlo:284986491;z14:0:Nhi:8011359;z35:0:Nhi:264692497;z
  4779:B11/25:40354877;z4780:1:Hlip:12240407;z4282:1:H:12433658;z21:D1:H:56452671;
  z4781:D1:H:15001282;z4782:D1:Hlip:10301552;z4783:D1:Nhi:11116960;z4784:D1:Nlo:11
  000392;z27:D1:S:8616606.
Sum=882881835; test 882881835/1000000000+(1-z1416)^7 <= 9756416/10000000.
Leaf R10110100 B=[z1567,z4773,z4774,z4775,z1416,z4262,z4263,z7,z9,z437,z8,z8]
  h=z4776 horizon=27 mass=z1416.
Cells
  z4777:B1:147673083;z4778:0:Nlo:284986491;z14:0:Nhi:8011359;z4785:0:Nhi:216341382
  ;z35:J1:47337879;z4786:B11/25:27616967;z4780:J1:23612528;z4282:1:H:12433658;z478
  7:JD1:8005540;z21:D1:H:48410696;z4788:D1:H:388267;z27:JD1:62712751.
Sum=887530601; test 887530601/1000000000+(1-z1416)^7 <= 9802903/10000000.
Leaf R10110101 B=[z1567,z4773,z4774,z4775,z1416,z4262,z4263,z7,z437,z407,z8,z8]
  h=z4776 horizon=27 mass=z1416.
Cells
  z4777:B1:147673083;z4778:0:Nlo:284986491;z14:0:Nhi:8011359;z4789:0:Nhi:204290247
  ;z4790:J1:33614837;z35:J1:21895364;z4791:B11/25:9861348;z4282:J1:51076061;z21:JD
  1:58252407;z4792:JD1:16748440;z27:JD1:56847651.
Sum=893257288; test 893257288/1000000000+(1-z1416)^7 <= 9860170/10000000.
Leaf R1011011 B=[z1567,z4773,z4774,z4775,z1416,z4262,z4263,z7,z407,z402,z8,z8]
  h=z4776 horizon=27 mass=z1416.
Cells
  z4777:B1:147673083;z4778:0:Nlo:284986491;z14:0:Nhi:8011359;z4789:0:Nhi:204290248
  ;z4790:J1:31060979;z21:J1:140795207;z4792:J1:19535950;z4793:J1:30482561;z4794:J1
  :9455082;z27:P:25764948.
Sum=902055908; test 902055908/1000000000+(1-z1416)^7 <= 9948156/10000000.
Leaf R10111 B=[z4425,z4795,z4796,z4797,z4262,z4271,z182,z7,z8,z402,z8,z8] h=z4798
  horizon=27 mass=z4262.
Cells
  z4799:B1:162307438;z4800:0:Nlo:273771591;z14:0:Nhi:7326613;z35:0:Nhi:264048871;z
  4801:B11/25:47529097;z4365:1:H:1060344;z4802:D1:H:1217736;z4803:1:H:19729188;z48
  04:1:R:26747845;z21:J1:34812564;z4805:J1:52543192;z27:P:27328501.
Sum=918422980; test 918422980/1000000000+(1-z4262)^7 <= 9994144/10000000.
Leaf R1100 B=[z0,z4806,z2,z4807,z4271,z4808,z3185,z7,z8,z402,z8,z8] h=z10
  horizon=29 mass=z3185.
Cells
  z4809:B1:73317679;z4810:0:Nlo:335167207;z14:0:Nhi:13317695;z35:0:Nhi:270715746;z
  4811:B11/25:110776666;z4812:J1:13531376;z4813:1:H:5713584;z21:J1:25452866;z4814:
  J1:31742668;z27:P:52195616;z40:P:63698130.
Sum=995629233; test 995629233/1000000000+(1-z3185)^7 <= 9996048/10000000.
Leaf R1101 B=[z0,z4815,z2,z4816,z4808,z4817,z4818,z7,z8,z402,z8,z8] h=z10
  horizon=29 mass=z4818.
Cells
  z4819:B1:82888468;z4820:0:Nlo:329692432;z14:0:Nhi:12357823;z35:0:Nhi:270715746;z
  4821:B11/25:103281779;z21:J1:51035718;z4822:J1:18435868;z27:P:58301364;z40:P:514
  39793.
Sum=978148991; test 978148991/1000000000+(1-z4818)^7 <= 9801986/10000000.
Leaf R111000 B=[z4278,z4823,z4824,z4825,z4271,z4808,z3185,z7,z8,z402,z8,z8]
  h=z4826 horizon=29 mass=z3185.
Cells
  z4827:B1:102701667;z4828:0:Nlo:317172877;z14:0:Nhi:10711944;z35:0:Nhi:265872544;
  z4829:B11/25:98592826;z4830:J1:14507130;z4831:1:H:7418796;z21:J1:31534054;z4832:
  J1:34797735;z27:P:47575311;z40:P:63698129.
Sum=994583013; test 994583013/1000000000+(1-z3185)^7 <= 9985586/10000000.
Leaf R111001 B=[z4806,z4833,z4834,z4835,z4808,z4817,z4818,z7,z8,z402,z8,z8]
  h=z4836 horizon=29 mass=z4818.
Cells
  z4837:B1:113826990;z4838:0:Nlo:309612411;z14:0:Nhi:9935952;z35:0:Nhi:265446374;z
  4839:B11/25:82850730;z4840:J1:26652292;z4841:1:H:5487231;z21:J1:33744140;z4842:J
  1:24847906;z27:P:50082656;z40:P:51439794.
Sum=973926476; test 973926476/1000000000+(1-z4818)^7 <= 9759760/10000000.
Leaf R11101 B=[z4699,z4843,z4844,z4845,z4271,z4817,z3185,z7,z8,z402,z8,z8] h=z4846
  horizon=29 mass=z3185.
Cells
  z4847:B1:141799253;z4848:0:Nlo:289403610;z14:0:Nhi:8307743;z35:0:Nhi:264641825;z
  4849:B11/25:78143900;z4850:J1:15064468;z4851:1:H:13939435;z21:J1:37708316;z4852:
  J1:40445614;z27:P:37775015;z40:P:63698131.
Sum=990927310; test 990927310/1000000000+(1-z3185)^7 <= 9949029/10000000.
Leaf R1111 B=[z4385,z4853,z4854,z4855,z4271,z4817,z3185,z7,z8,z402,z8,z8] h=z4856
  horizon=29 mass=z3185.
Cells
  z4857:B1:188509404;z4858:0:Nlo:253068006;z14:0:Nhi:6257001;z35:0:Nhi:263403054;z
  4859:B11/25:59643735;z4860:1:H:17723143;z4861:1:R:10899154;z21:J1:43346491;z4862
  :J1:44588513;z27:P:28739944;z40:P:63698129.
Sum=979876574; test 979876574/1000000000+(1-z3185)^7 <= 9838521/10000000.


